user_id,week_number,is_active,events_count
1,0,1,4
1,1,1,6
1,2,1,2
1,3,1,4
1,4,1,6
1,5,1,6
1,6,1,1
1,7,1,4
1,8,1,1
1,9,0,0
1,10,0,0
1,11,0,0
1,12,0,0
2,0,1,5
2,1,1,2
2,2,1,7
2,3,1,4
2,4,1,3
2,5,1,9
2,6,1,4
2,7,1,6
2,8,0,0
2,9,0,0
2,10,0,0
2,11,0,0
2,12,0,0
3,0,1,1
3,1,1,1
3,2,0,0
3,3,0,0
3,4,0,0
3,5,0,0
3,6,0,0
3,7,0,0
3,8,0,0
3,9,0,0
3,10,0,0
3,11,0,0
3,12,0,0
4,0,1,3
4,1,1,5
4,2,1,1
4,3,1,4
4,4,1,6
4,5,1,4
4,6,1,3
4,7,1,1
4,8,1,3
4,9,1,3
4,10,1,4
4,11,1,4
4,12,1,4
5,0,1,6
5,1,1,2
5,2,1,0
5,3,1,3
5,4,0,0
5,5,0,0
5,6,0,0
5,7,0,0
5,8,0,0
5,9,0,0
5,10,0,0
5,11,0,0
5,12,0,0
6,0,1,2
6,1,1,5
6,2,1,5
6,3,1,5
6,4,1,2
6,5,1,2
6,6,1,2
6,7,1,3
6,8,1,4
6,9,1,0
6,10,1,8
6,11,1,4
6,12,1,7
7,0,1,7
7,1,1,1
7,2,1,6
7,3,1,4
7,4,1,5
7,5,1,9
7,6,0,0
7,7,0,0
7,8,0,0
7,9,0,0
7,10,0,0
7,11,0,0
7,12,0,0
8,0,1,7
8,1,1,3
8,2,1,3
8,3,1,5
8,4,1,4
8,5,1,1
8,6,0,0
8,7,0,0
8,8,0,0
8,9,0,0
8,10,0,0
8,11,0,0
8,12,0,0
9,0,1,4
9,1,1,4
9,2,1,3
9,3,1,5
9,4,1,2
9,5,1,4
9,6,1,3
9,7,1,6
9,8,1,6
9,9,1,2
9,10,1,2
9,11,1,9
9,12,1,0
10,0,1,5
10,1,1,3
10,2,1,3
10,3,1,4
10,4,1,5
10,5,1,6
10,6,1,3
10,7,1,3
10,8,1,3
10,9,1,3
10,10,1,3
10,11,1,6
10,12,1,2
11,0,1,5
11,1,0,0
11,2,0,0
11,3,0,0
11,4,0,0
11,5,0,0
11,6,0,0
11,7,0,0
11,8,0,0
11,9,0,0
11,10,0,0
11,11,0,0
11,12,0,0
12,0,1,2
12,1,1,2
12,2,1,4
12,3,1,4
12,4,1,2
12,5,1,5
12,6,1,3
12,7,1,5
12,8,1,3
12,9,1,1
12,10,1,1
12,11,1,1
12,12,1,3
13,0,1,3
13,1,1,4
13,2,1,5
13,3,1,3
13,4,1,6
13,5,1,2
13,6,1,2
13,7,1,3
13,8,1,3
13,9,1,3
13,10,1,3
13,11,1,1
13,12,1,2
14,0,1,4
14,1,1,7
14,2,1,5
14,3,0,0
14,4,0,0
14,5,0,0
14,6,0,0
14,7,0,0
14,8,0,0
14,9,0,0
14,10,0,0
14,11,0,0
14,12,0,0
15,0,1,3
15,1,1,5
15,2,1,3
15,3,1,5
15,4,1,1
15,5,1,4
15,6,1,4
15,7,1,2
15,8,1,1
15,9,0,0
15,10,0,0
15,11,0,0
15,12,0,0
16,0,1,5
16,1,1,0
16,2,1,2
16,3,1,2
16,4,1,2
16,5,1,4
16,6,1,3
16,7,1,2
16,8,0,0
16,9,0,0
16,10,0,0
16,11,0,0
16,12,0,0
17,0,1,6
17,1,0,0
17,2,0,0
17,3,0,0
17,4,0,0
17,5,0,0
17,6,0,0
17,7,0,0
17,8,0,0
17,9,0,0
17,10,0,0
17,11,0,0
17,12,0,0
18,0,1,2
18,1,1,6
18,2,1,3
18,3,1,4
18,4,1,8
18,5,1,0
18,6,1,8
18,7,1,4
18,8,1,1
18,9,1,8
18,10,1,5
18,11,1,5
18,12,1,6
19,0,1,5
19,1,1,2
19,2,1,3
19,3,1,4
19,4,1,1
19,5,1,1
19,6,1,5
19,7,1,4
19,8,0,0
19,9,0,0
19,10,0,0
19,11,0,0
19,12,0,0
20,0,1,9
20,1,0,0
20,2,0,0
20,3,0,0
20,4,0,0
20,5,0,0
20,6,0,0
20,7,0,0
20,8,0,0
20,9,0,0
20,10,0,0
20,11,0,0
20,12,0,0
21,0,1,2
21,1,1,4
21,2,1,5
21,3,1,5
21,4,1,4
21,5,0,0
21,6,0,0
21,7,0,0
21,8,0,0
21,9,0,0
21,10,0,0
21,11,0,0
21,12,0,0
22,0,1,13
22,1,1,3
22,2,1,2
22,3,1,1
22,4,1,1
22,5,1,2
22,6,1,0
22,7,1,4
22,8,1,1
22,9,1,2
22,10,0,0
22,11,0,0
22,12,0,0
23,0,1,2
23,1,1,3
23,2,1,3
23,3,1,2
23,4,1,7
23,5,1,5
23,6,1,4
23,7,1,4
23,8,1,7
23,9,1,2
23,10,1,6
23,11,1,4
23,12,0,0
24,0,1,3
24,1,1,6
24,2,0,0
24,3,0,0
24,4,0,0
24,5,0,0
24,6,0,0
24,7,0,0
24,8,0,0
24,9,0,0
24,10,0,0
24,11,0,0
24,12,0,0
25,0,1,4
25,1,1,2
25,2,1,1
25,3,1,3
25,4,1,4
25,5,1,7
25,6,1,6
25,7,0,0
25,8,0,0
25,9,0,0
25,10,0,0
25,11,0,0
25,12,0,0
26,0,1,6
26,1,1,4
26,2,1,0
26,3,1,1
26,4,1,6
26,5,1,3
26,6,1,1
26,7,1,4
26,8,1,2
26,9,1,0
26,10,1,3
26,11,1,2
26,12,1,2
27,0,1,7
27,1,1,0
27,2,1,0
27,3,1,1
27,4,1,4
27,5,1,1
27,6,1,1
27,7,1,3
27,8,1,1
27,9,1,1
27,10,1,0
27,11,1,3
27,12,1,5
28,0,1,11
28,1,1,4
28,2,1,3
28,3,1,4
28,4,1,3
28,5,1,7
28,6,1,3
28,7,1,3
28,8,1,4
28,9,1,2
28,10,1,4
28,11,1,4
28,12,1,4
29,0,1,2
29,1,1,4
29,2,0,0
29,3,0,0
29,4,0,0
29,5,0,0
29,6,0,0
29,7,0,0
29,8,0,0
29,9,0,0
29,10,0,0
29,11,0,0
29,12,0,0
30,0,1,6
30,1,0,0
30,2,0,0
30,3,0,0
30,4,0,0
30,5,0,0
30,6,0,0
30,7,0,0
30,8,0,0
30,9,0,0
30,10,0,0
30,11,0,0
30,12,0,0
31,0,1,11
31,1,1,2
31,2,1,1
31,3,1,0
31,4,1,1
31,5,1,3
31,6,1,2
31,7,1,3
31,8,1,3
31,9,1,2
31,10,1,1
31,11,1,1
31,12,1,2
32,0,1,3
32,1,1,1
32,2,1,2
32,3,1,4
32,4,1,2
32,5,1,2
32,6,1,1
32,7,1,2
32,8,1,3
32,9,1,1
32,10,1,1
32,11,1,4
32,12,1,5
33,0,1,3
33,1,1,3
33,2,1,2
33,3,1,4
33,4,1,4
33,5,1,2
33,6,1,4
33,7,1,4
33,8,0,0
33,9,0,0
33,10,0,0
33,11,0,0
33,12,0,0
34,0,1,3
34,1,1,3
34,2,1,2
34,3,1,2
34,4,1,4
34,5,1,5
34,6,1,3
34,7,1,6
34,8,1,1
34,9,1,4
34,10,1,2
34,11,1,1
34,12,1,0
35,0,1,3
35,1,0,0
35,2,0,0
35,3,0,0
35,4,0,0
35,5,0,0
35,6,0,0
35,7,0,0
35,8,0,0
35,9,0,0
35,10,0,0
35,11,0,0
35,12,0,0
36,0,1,4
36,1,1,3
36,2,1,2
36,3,1,5
36,4,1,2
36,5,1,4
36,6,1,2
36,7,1,3
36,8,1,2
36,9,1,5
36,10,1,6
36,11,1,3
36,12,1,2
37,0,1,2
37,1,1,2
37,2,1,2
37,3,1,1
37,4,1,1
37,5,1,1
37,6,0,0
37,7,0,0
37,8,0,0
37,9,0,0
37,10,0,0
37,11,0,0
37,12,0,0
38,0,1,5
38,1,1,4
38,2,1,3
38,3,1,4
38,4,1,1
38,5,1,3
38,6,1,1
38,7,1,0
38,8,1,0
38,9,1,2
38,10,1,2
38,11,1,1
38,12,1,2
39,0,1,9
39,1,1,2
39,2,1,5
39,3,1,4
39,4,0,0
39,5,0,0
39,6,0,0
39,7,0,0
39,8,0,0
39,9,0,0
39,10,0,0
39,11,0,0
39,12,0,0
40,0,1,2
40,1,0,0
40,2,0,0
40,3,0,0
40,4,0,0
40,5,0,0
40,6,0,0
40,7,0,0
40,8,0,0
40,9,0,0
40,10,0,0
40,11,0,0
40,12,0,0
41,0,1,4
41,1,1,3
41,2,0,0
41,3,0,0
41,4,0,0
41,5,0,0
41,6,0,0
41,7,0,0
41,8,0,0
41,9,0,0
41,10,0,0
41,11,0,0
41,12,0,0
42,0,1,2
42,1,0,0
42,2,0,0
42,3,0,0
42,4,0,0
42,5,0,0
42,6,0,0
42,7,0,0
42,8,0,0
42,9,0,0
42,10,0,0
42,11,0,0
42,12,0,0
43,0,1,5
43,1,1,2
43,2,1,4
43,3,1,3
43,4,1,4
43,5,1,1
43,6,1,4
43,7,1,3
43,8,1,7
43,9,1,0
43,10,1,3
43,11,1,0
43,12,1,3
44,0,1,4
44,1,0,0
44,2,0,0
44,3,0,0
44,4,0,0
44,5,0,0
44,6,0,0
44,7,0,0
44,8,0,0
44,9,0,0
44,10,0,0
44,11,0,0
44,12,0,0
45,0,1,11
45,1,0,0
45,2,0,0
45,3,0,0
45,4,0,0
45,5,0,0
45,6,0,0
45,7,0,0
45,8,0,0
45,9,0,0
45,10,0,0
45,11,0,0
45,12,0,0
46,0,1,2
46,1,1,4
46,2,1,2
46,3,1,1
46,4,1,2
46,5,1,3
46,6,1,1
46,7,1,1
46,8,1,3
46,9,1,4
46,10,1,2
46,11,1,6
46,12,1,3
47,0,1,2
47,1,1,1
47,2,1,2
47,3,1,4
47,4,0,0
47,5,0,0
47,6,0,0
47,7,0,0
47,8,0,0
47,9,0,0
47,10,0,0
47,11,0,0
47,12,0,0
48,0,1,6
48,1,1,2
48,2,1,2
48,3,1,5
48,4,1,4
48,5,1,1
48,6,1,2
48,7,1,4
48,8,1,3
48,9,1,5
48,10,1,2
48,11,1,3
48,12,1,4
49,0,1,3
49,1,1,0
49,2,0,0
49,3,0,0
49,4,0,0
49,5,0,0
49,6,0,0
49,7,0,0
49,8,0,0
49,9,0,0
49,10,0,0
49,11,0,0
49,12,0,0
50,0,1,4
50,1,1,2
50,2,1,3
50,3,1,1
50,4,1,2
50,5,1,4
50,6,1,5
50,7,1,3
50,8,1,2
50,9,1,1
50,10,1,3
50,11,1,2
50,12,1,3
51,0,1,5
51,1,1,5
51,2,1,6
51,3,1,4
51,4,1,2
51,5,1,2
51,6,1,7
51,7,1,5
51,8,1,1
51,9,1,7
51,10,0,0
51,11,0,0
51,12,0,0
52,0,1,5
52,1,1,1
52,2,1,5
52,3,1,6
52,4,1,1
52,5,1,7
52,6,1,1
52,7,1,1
52,8,1,5
52,9,1,2
52,10,1,4
52,11,1,5
52,12,1,3
53,0,1,5
53,1,1,3
53,2,1,2
53,3,1,2
53,4,1,1
53,5,1,2
53,6,1,1
53,7,1,5
53,8,1,5
53,9,1,0
53,10,1,3
53,11,1,1
53,12,1,2
54,0,1,6
54,1,1,5
54,2,1,0
54,3,1,3
54,4,0,0
54,5,0,0
54,6,0,0
54,7,0,0
54,8,0,0
54,9,0,0
54,10,0,0
54,11,0,0
54,12,0,0
55,0,1,3
55,1,1,7
55,2,1,4
55,3,1,2
55,4,1,4
55,5,1,6
55,6,0,0
55,7,0,0
55,8,0,0
55,9,0,0
55,10,0,0
55,11,0,0
55,12,0,0
56,0,1,4
56,1,1,3
56,2,1,1
56,3,1,2
56,4,1,0
56,5,1,3
56,6,1,0
56,7,1,0
56,8,1,0
56,9,1,0
56,10,1,2
56,11,1,3
56,12,0,0
57,0,1,10
57,1,1,2
57,2,1,2
57,3,1,2
57,4,0,0
57,5,0,0
57,6,0,0
57,7,0,0
57,8,0,0
57,9,0,0
57,10,0,0
57,11,0,0
57,12,0,0
58,0,1,6
58,1,1,5
58,2,1,4
58,3,1,2
58,4,1,2
58,5,1,3
58,6,1,1
58,7,1,5
58,8,1,1
58,9,1,3
58,10,1,2
58,11,1,4
58,12,1,3
59,0,1,3
59,1,1,0
59,2,1,4
59,3,1,1
59,4,1,2
59,5,1,1
59,6,1,2
59,7,1,0
59,8,1,3
59,9,1,1
59,10,1,2
59,11,1,0
59,12,1,0
60,0,1,4
60,1,1,1
60,2,1,1
60,3,0,0
60,4,0,0
60,5,0,0
60,6,0,0
60,7,0,0
60,8,0,0
60,9,0,0
60,10,0,0
60,11,0,0
60,12,0,0
61,0,1,5
61,1,1,6
61,2,1,1
61,3,1,4
61,4,1,4
61,5,1,4
61,6,1,4
61,7,0,0
61,8,0,0
61,9,0,0
61,10,0,0
61,11,0,0
61,12,0,0
62,0,1,5
62,1,1,1
62,2,1,5
62,3,1,1
62,4,1,0
62,5,1,0
62,6,1,1
62,7,1,3
62,8,1,4
62,9,1,0
62,10,1,5
62,11,1,6
62,12,1,1
63,0,1,3
63,1,1,5
63,2,1,3
63,3,1,5
63,4,1,2
63,5,1,6
63,6,1,6
63,7,1,2
63,8,1,2
63,9,1,7
63,10,1,4
63,11,1,7
63,12,1,2
64,0,1,7
64,1,1,2
64,2,1,3
64,3,1,1
64,4,1,2
64,5,1,3
64,6,1,3
64,7,1,7
64,8,1,1
64,9,1,5
64,10,1,2
64,11,0,0
64,12,0,0
65,0,1,5
65,1,1,3
65,2,1,4
65,3,1,5
65,4,1,4
65,5,1,2
65,6,1,1
65,7,1,6
65,8,1,1
65,9,0,0
65,10,0,0
65,11,0,0
65,12,0,0
66,0,1,2
66,1,1,2
66,2,1,4
66,3,1,5
66,4,1,7
66,5,0,0
66,6,0,0
66,7,0,0
66,8,0,0
66,9,0,0
66,10,0,0
66,11,0,0
66,12,0,0
67,0,1,3
67,1,1,2
67,2,1,7
67,3,1,6
67,4,1,5
67,5,1,4
67,6,1,1
67,7,1,1
67,8,1,1
67,9,1,1
67,10,1,2
67,11,1,3
67,12,1,0
68,0,1,3
68,1,1,3
68,2,1,2
68,3,1,4
68,4,1,4
68,5,1,1
68,6,1,4
68,7,1,1
68,8,0,0
68,9,0,0
68,10,0,0
68,11,0,0
68,12,0,0
69,0,1,4
69,1,1,2
69,2,1,3
69,3,1,4
69,4,1,2
69,5,1,8
69,6,1,0
69,7,1,5
69,8,1,2
69,9,1,2
69,10,1,2
69,11,1,1
69,12,0,0
70,0,1,5
70,1,1,5
70,2,1,5
70,3,0,0
70,4,0,0
70,5,0,0
70,6,0,0
70,7,0,0
70,8,0,0
70,9,0,0
70,10,0,0
70,11,0,0
70,12,0,0
71,0,1,6
71,1,1,0
71,2,1,1
71,3,1,3
71,4,1,4
71,5,1,2
71,6,1,1
71,7,1,4
71,8,1,4
71,9,1,3
71,10,1,2
71,11,1,2
71,12,1,1
72,0,1,2
72,1,1,3
72,2,1,4
72,3,1,5
72,4,1,1
72,5,1,3
72,6,1,2
72,7,1,7
72,8,1,0
72,9,1,4
72,10,1,6
72,11,1,6
72,12,0,0
73,0,1,6
73,1,1,9
73,2,1,3
73,3,1,2
73,4,1,4
73,5,1,4
73,6,1,2
73,7,1,4
73,8,1,3
73,9,1,5
73,10,1,2
73,11,1,3
73,12,1,4
74,0,1,3
74,1,1,1
74,2,1,4
74,3,1,2
74,4,1,3
74,5,1,2
74,6,1,5
74,7,1,5
74,8,1,1
74,9,1,3
74,10,1,2
74,11,1,0
74,12,1,2
75,0,1,4
75,1,0,0
75,2,0,0
75,3,0,0
75,4,0,0
75,5,0,0
75,6,0,0
75,7,0,0
75,8,0,0
75,9,0,0
75,10,0,0
75,11,0,0
75,12,0,0
76,0,1,7
76,1,1,5
76,2,1,1
76,3,0,0
76,4,0,0
76,5,0,0
76,6,0,0
76,7,0,0
76,8,0,0
76,9,0,0
76,10,0,0
76,11,0,0
76,12,0,0
77,0,1,7
77,1,1,0
77,2,1,1
77,3,1,2
77,4,1,4
77,5,1,0
77,6,1,0
77,7,1,1
77,8,1,0
77,9,1,1
77,10,1,1
77,11,1,0
77,12,1,3
78,0,1,4
78,1,1,1
78,2,1,2
78,3,1,4
78,4,1,1
78,5,1,7
78,6,1,1
78,7,1,3
78,8,1,3
78,9,1,3
78,10,1,3
78,11,1,2
78,12,1,2
79,0,1,7
79,1,0,0
79,2,0,0
79,3,0,0
79,4,0,0
79,5,0,0
79,6,0,0
79,7,0,0
79,8,0,0
79,9,0,0
79,10,0,0
79,11,0,0
79,12,0,0
80,0,1,6
80,1,1,2
80,2,0,0
80,3,0,0
80,4,0,0
80,5,0,0
80,6,0,0
80,7,0,0
80,8,0,0
80,9,0,0
80,10,0,0
80,11,0,0
80,12,0,0
81,0,1,4
81,1,0,0
81,2,0,0
81,3,0,0
81,4,0,0
81,5,0,0
81,6,0,0
81,7,0,0
81,8,0,0
81,9,0,0
81,10,0,0
81,11,0,0
81,12,0,0
82,0,1,6
82,1,1,7
82,2,1,1
82,3,1,5
82,4,1,2
82,5,1,2
82,6,1,2
82,7,0,0
82,8,0,0
82,9,0,0
82,10,0,0
82,11,0,0
82,12,0,0
83,0,1,6
83,1,1,4
83,2,1,1
83,3,1,6
83,4,1,4
83,5,0,0
83,6,0,0
83,7,0,0
83,8,0,0
83,9,0,0
83,10,0,0
83,11,0,0
83,12,0,0
84,0,1,2
84,1,1,5
84,2,1,2
84,3,1,1
84,4,1,4
84,5,1,3
84,6,1,4
84,7,1,10
84,8,1,3
84,9,1,6
84,10,0,0
84,11,0,0
84,12,0,0
85,0,1,6
85,1,1,3
85,2,1,0
85,3,1,6
85,4,1,3
85,5,1,4
85,6,1,4
85,7,1,1
85,8,1,3
85,9,1,8
85,10,1,3
85,11,1,3
85,12,1,1
86,0,1,11
86,1,1,3
86,2,1,3
86,3,1,1
86,4,1,4
86,5,1,1
86,6,1,3
86,7,0,0
86,8,0,0
86,9,0,0
86,10,0,0
86,11,0,0
86,12,0,0
87,0,1,3
87,1,1,3
87,2,1,5
87,3,1,3
87,4,1,4
87,5,1,3
87,6,1,0
87,7,1,2
87,8,1,4
87,9,1,2
87,10,1,2
87,11,1,1
87,12,1,1
88,0,1,6
88,1,1,4
88,2,1,2
88,3,1,4
88,4,1,3
88,5,1,3
88,6,1,3
88,7,1,5
88,8,1,2
88,9,1,2
88,10,1,4
88,11,0,0
88,12,0,0
89,0,1,3
89,1,1,5
89,2,1,5
89,3,1,3
89,4,1,4
89,5,0,0
89,6,0,0
89,7,0,0
89,8,0,0
89,9,0,0
89,10,0,0
89,11,0,0
89,12,0,0
90,0,1,5
90,1,1,9
90,2,1,4
90,3,1,1
90,4,1,4
90,5,1,3
90,6,1,6
90,7,1,2
90,8,1,4
90,9,1,4
90,10,1,5
90,11,1,1
90,12,0,0
91,0,1,4
91,1,1,2
91,2,1,1
91,3,1,2
91,4,1,4
91,5,1,4
91,6,0,0
91,7,0,0
91,8,0,0
91,9,0,0
91,10,0,0
91,11,0,0
91,12,0,0
92,0,1,6
92,1,1,3
92,2,1,2
92,3,1,3
92,4,0,0
92,5,0,0
92,6,0,0
92,7,0,0
92,8,0,0
92,9,0,0
92,10,0,0
92,11,0,0
92,12,0,0
93,0,1,3
93,1,1,1
93,2,1,4
93,3,1,3
93,4,1,6
93,5,1,4
93,6,1,5
93,7,1,5
93,8,1,2
93,9,1,3
93,10,1,2
93,11,1,7
93,12,1,4
94,0,1,5
94,1,1,2
94,2,1,1
94,3,1,1
94,4,1,2
94,5,1,2
94,6,1,0
94,7,1,1
94,8,1,1
94,9,1,1
94,10,1,1
94,11,1,0
94,12,1,5
95,0,1,4
95,1,1,6
95,2,1,3
95,3,0,0
95,4,0,0
95,5,0,0
95,6,0,0
95,7,0,0
95,8,0,0
95,9,0,0
95,10,0,0
95,11,0,0
95,12,0,0
96,0,1,3
96,1,0,0
96,2,0,0
96,3,0,0
96,4,0,0
96,5,0,0
96,6,0,0
96,7,0,0
96,8,0,0
96,9,0,0
96,10,0,0
96,11,0,0
96,12,0,0
97,0,1,7
97,1,1,5
97,2,1,5
97,3,1,1
97,4,1,6
97,5,1,6
97,6,0,0
97,7,0,0
97,8,0,0
97,9,0,0
97,10,0,0
97,11,0,0
97,12,0,0
98,0,1,3
98,1,1,4
98,2,1,2
98,3,1,4
98,4,1,3
98,5,1,3
98,6,0,0
98,7,0,0
98,8,0,0
98,9,0,0
98,10,0,0
98,11,0,0
98,12,0,0
99,0,1,7
99,1,1,4
99,2,1,4
99,3,1,2
99,4,1,3
99,5,1,2
99,6,1,3
99,7,1,1
99,8,1,4
99,9,1,4
99,10,1,1
99,11,1,4
99,12,1,4
100,0,1,7
100,1,1,2
100,2,1,2
100,3,1,3
100,4,1,4
100,5,0,0
100,6,0,0
100,7,0,0
100,8,0,0
100,9,0,0
100,10,0,0
100,11,0,0
100,12,0,0
101,0,1,2
101,1,1,1
101,2,1,2
101,3,1,2
101,4,1,1
101,5,1,4
101,6,1,2
101,7,1,3
101,8,1,2
101,9,1,2
101,10,1,0
101,11,1,2
101,12,1,2
102,0,1,4
102,1,1,6
102,2,1,2
102,3,1,3
102,4,1,5
102,5,1,0
102,6,1,2
102,7,1,7
102,8,1,6
102,9,1,3
102,10,1,5
102,11,1,2
102,12,1,3
103,0,1,6
103,1,1,1
103,2,1,8
103,3,0,0
103,4,0,0
103,5,0,0
103,6,0,0
103,7,0,0
103,8,0,0
103,9,0,0
103,10,0,0
103,11,0,0
103,12,0,0
104,0,1,4
104,1,1,3
104,2,1,4
104,3,1,8
104,4,1,3
104,5,1,4
104,6,1,3
104,7,1,2
104,8,1,3
104,9,1,7
104,10,1,5
104,11,1,3
104,12,1,4
105,0,1,4
105,1,1,0
105,2,1,0
105,3,0,0
105,4,0,0
105,5,0,0
105,6,0,0
105,7,0,0
105,8,0,0
105,9,0,0
105,10,0,0
105,11,0,0
105,12,0,0
106,0,1,6
106,1,1,4
106,2,0,0
106,3,0,0
106,4,0,0
106,5,0,0
106,6,0,0
106,7,0,0
106,8,0,0
106,9,0,0
106,10,0,0
106,11,0,0
106,12,0,0
107,0,1,2
107,1,1,4
107,2,1,2
107,3,1,1
107,4,1,2
107,5,1,5
107,6,1,0
107,7,1,2
107,8,1,1
107,9,1,8
107,10,1,4
107,11,1,2
107,12,1,2
108,0,1,3
108,1,1,3
108,2,1,7
108,3,1,4
108,4,1,0
108,5,1,6
108,6,1,2
108,7,1,4
108,8,1,1
108,9,1,4
108,10,1,4
108,11,1,4
108,12,1,2
109,0,1,4
109,1,1,2
109,2,1,5
109,3,1,4
109,4,1,4
109,5,1,5
109,6,1,4
109,7,1,6
109,8,1,3
109,9,1,4
109,10,1,3
109,11,1,3
109,12,1,5
110,0,1,6
110,1,1,3
110,2,1,2
110,3,1,1
110,4,0,0
110,5,0,0
110,6,0,0
110,7,0,0
110,8,0,0
110,9,0,0
110,10,0,0
110,11,0,0
110,12,0,0
111,0,1,4
111,1,1,1
111,2,1,4
111,3,1,6
111,4,1,3
111,5,0,0
111,6,0,0
111,7,0,0
111,8,0,0
111,9,0,0
111,10,0,0
111,11,0,0
111,12,0,0
112,0,1,4
112,1,1,4
112,2,1,2
112,3,1,2
112,4,1,3
112,5,1,1
112,6,1,3
112,7,1,1
112,8,1,3
112,9,1,5
112,10,1,2
112,11,1,2
112,12,1,2
113,0,1,4
113,1,1,3
113,2,1,3
113,3,1,1
113,4,1,1
113,5,1,4
113,6,0,0
113,7,0,0
113,8,0,0
113,9,0,0
113,10,0,0
113,11,0,0
113,12,0,0
114,0,1,2
114,1,1,4
114,2,1,4
114,3,1,2
114,4,1,4
114,5,1,3
114,6,1,2
114,7,1,5
114,8,1,5
114,9,1,6
114,10,1,1
114,11,1,3
114,12,1,4
115,0,1,5
115,1,1,1
115,2,1,6
115,3,1,5
115,4,1,3
115,5,1,2
115,6,1,2
115,7,1,2
115,8,1,5
115,9,1,7
115,10,1,4
115,11,1,3
115,12,1,3
116,0,1,8
116,1,1,3
116,2,1,2
116,3,1,4
116,4,1,1
116,5,0,0
116,6,0,0
116,7,0,0
116,8,0,0
116,9,0,0
116,10,0,0
116,11,0,0
116,12,0,0
117,0,1,6
117,1,1,3
117,2,1,6
117,3,1,5
117,4,1,0
117,5,0,0
117,6,0,0
117,7,0,0
117,8,0,0
117,9,0,0
117,10,0,0
117,11,0,0
117,12,0,0
118,0,1,5
118,1,1,4
118,2,1,4
118,3,1,5
118,4,1,3
118,5,1,5
118,6,1,3
118,7,1,5
118,8,1,4
118,9,1,2
118,10,1,2
118,11,1,2
118,12,1,2
119,0,1,5
119,1,0,0
119,2,0,0
119,3,0,0
119,4,0,0
119,5,0,0
119,6,0,0
119,7,0,0
119,8,0,0
119,9,0,0
119,10,0,0
119,11,0,0
119,12,0,0
120,0,1,4
120,1,1,2
120,2,1,5
120,3,1,6
120,4,1,5
120,5,1,3
120,6,1,4
120,7,0,0
120,8,0,0
120,9,0,0
120,10,0,0
120,11,0,0
120,12,0,0
121,0,1,5
121,1,0,0
121,2,0,0
121,3,0,0
121,4,0,0
121,5,0,0
121,6,0,0
121,7,0,0
121,8,0,0
121,9,0,0
121,10,0,0
121,11,0,0
121,12,0,0
122,0,1,4
122,1,1,7
122,2,0,0
122,3,0,0
122,4,0,0
122,5,0,0
122,6,0,0
122,7,0,0
122,8,0,0
122,9,0,0
122,10,0,0
122,11,0,0
122,12,0,0
123,0,1,3
123,1,0,0
123,2,0,0
123,3,0,0
123,4,0,0
123,5,0,0
123,6,0,0
123,7,0,0
123,8,0,0
123,9,0,0
123,10,0,0
123,11,0,0
123,12,0,0
124,0,1,2
124,1,0,0
124,2,0,0
124,3,0,0
124,4,0,0
124,5,0,0
124,6,0,0
124,7,0,0
124,8,0,0
124,9,0,0
124,10,0,0
124,11,0,0
124,12,0,0
125,0,1,3
125,1,1,1
125,2,1,1
125,3,1,4
125,4,1,1
125,5,1,4
125,6,1,4
125,7,1,4
125,8,1,4
125,9,0,0
125,10,0,0
125,11,0,0
125,12,0,0
126,0,1,7
126,1,0,0
126,2,0,0
126,3,0,0
126,4,0,0
126,5,0,0
126,6,0,0
126,7,0,0
126,8,0,0
126,9,0,0
126,10,0,0
126,11,0,0
126,12,0,0
127,0,1,5
127,1,1,7
127,2,1,1
127,3,1,6
127,4,1,5
127,5,1,1
127,6,1,3
127,7,1,3
127,8,1,3
127,9,1,6
127,10,0,0
127,11,0,0
127,12,0,0
128,0,1,5
128,1,1,0
128,2,1,0
128,3,1,2
128,4,1,0
128,5,1,0
128,6,1,2
128,7,1,4
128,8,1,3
128,9,1,1
128,10,1,0
128,11,1,2
128,12,1,2
129,0,1,5
129,1,1,3
129,2,1,3
129,3,1,4
129,4,1,4
129,5,1,1
129,6,1,4
129,7,1,3
129,8,1,2
129,9,1,3
129,10,1,7
129,11,1,3
129,12,1,4
130,0,1,4
130,1,1,2
130,2,1,0
130,3,0,0
130,4,0,0
130,5,0,0
130,6,0,0
130,7,0,0
130,8,0,0
130,9,0,0
130,10,0,0
130,11,0,0
130,12,0,0
131,0,1,7
131,1,0,0
131,2,0,0
131,3,0,0
131,4,0,0
131,5,0,0
131,6,0,0
131,7,0,0
131,8,0,0
131,9,0,0
131,10,0,0
131,11,0,0
131,12,0,0
132,0,1,4
132,1,0,0
132,2,0,0
132,3,0,0
132,4,0,0
132,5,0,0
132,6,0,0
132,7,0,0
132,8,0,0
132,9,0,0
132,10,0,0
132,11,0,0
132,12,0,0
133,0,1,2
133,1,0,0
133,2,0,0
133,3,0,0
133,4,0,0
133,5,0,0
133,6,0,0
133,7,0,0
133,8,0,0
133,9,0,0
133,10,0,0
133,11,0,0
133,12,0,0
134,0,1,5
134,1,1,5
134,2,1,4
134,3,1,6
134,4,1,2
134,5,1,2
134,6,1,1
134,7,1,2
134,8,1,5
134,9,0,0
134,10,0,0
134,11,0,0
134,12,0,0
135,0,1,4
135,1,1,5
135,2,1,6
135,3,1,4
135,4,1,5
135,5,1,3
135,6,1,3
135,7,1,3
135,8,1,3
135,9,1,2
135,10,1,4
135,11,1,4
135,12,1,5
136,0,1,3
136,1,1,5
136,2,1,2
136,3,1,5
136,4,1,3
136,5,1,5
136,6,1,12
136,7,1,4
136,8,1,5
136,9,1,5
136,10,1,7
136,11,0,0
136,12,0,0
137,0,1,5
137,1,1,2
137,2,1,1
137,3,1,4
137,4,1,1
137,5,1,4
137,6,1,2
137,7,1,0
137,8,1,3
137,9,1,2
137,10,1,2
137,11,1,2
137,12,1,1
138,0,1,6
138,1,0,0
138,2,0,0
138,3,0,0
138,4,0,0
138,5,0,0
138,6,0,0
138,7,0,0
138,8,0,0
138,9,0,0
138,10,0,0
138,11,0,0
138,12,0,0
139,0,1,6
139,1,1,4
139,2,0,0
139,3,0,0
139,4,0,0
139,5,0,0
139,6,0,0
139,7,0,0
139,8,0,0
139,9,0,0
139,10,0,0
139,11,0,0
139,12,0,0
140,0,1,1
140,1,1,0
140,2,1,1
140,3,1,0
140,4,1,3
140,5,1,1
140,6,1,0
140,7,1,1
140,8,1,1
140,9,1,0
140,10,1,0
140,11,1,2
140,12,0,0
141,0,1,4
141,1,1,3
141,2,1,1
141,3,1,2
141,4,1,1
141,5,1,3
141,6,1,1
141,7,1,3
141,8,1,8
141,9,0,0
141,10,0,0
141,11,0,0
141,12,0,0
142,0,1,11
142,1,1,1
142,2,0,0
142,3,0,0
142,4,0,0
142,5,0,0
142,6,0,0
142,7,0,0
142,8,0,0
142,9,0,0
142,10,0,0
142,11,0,0
142,12,0,0
143,0,1,6
143,1,1,4
143,2,1,5
143,3,1,2
143,4,1,4
143,5,1,2
143,6,1,4
143,7,1,1
143,8,0,0
143,9,0,0
143,10,0,0
143,11,0,0
143,12,0,0
144,0,1,4
144,1,1,7
144,2,1,1
144,3,1,1
144,4,1,4
144,5,1,2
144,6,1,5
144,7,1,0
144,8,1,5
144,9,1,3
144,10,1,1
144,11,1,2
144,12,1,3
145,0,1,5
145,1,1,3
145,2,1,2
145,3,1,9
145,4,1,1
145,5,1,2
145,6,1,4
145,7,1,1
145,8,1,3
145,9,1,5
145,10,0,0
145,11,0,0
145,12,0,0
146,0,1,6
146,1,0,0
146,2,0,0
146,3,0,0
146,4,0,0
146,5,0,0
146,6,0,0
146,7,0,0
146,8,0,0
146,9,0,0
146,10,0,0
146,11,0,0
146,12,0,0
147,0,1,8
147,1,1,2
147,2,1,4
147,3,1,2
147,4,0,0
147,5,0,0
147,6,0,0
147,7,0,0
147,8,0,0
147,9,0,0
147,10,0,0
147,11,0,0
147,12,0,0
148,0,1,4
148,1,1,2
148,2,1,0
148,3,1,2
148,4,1,2
148,5,1,2
148,6,1,2
148,7,1,3
148,8,1,2
148,9,1,3
148,10,1,2
148,11,1,3
148,12,1,0
149,0,1,5
149,1,1,4
149,2,1,3
149,3,1,4
149,4,1,0
149,5,1,5
149,6,1,5
149,7,1,4
149,8,1,0
149,9,1,4
149,10,1,6
149,11,1,1
149,12,1,3
150,0,1,5
150,1,1,1
150,2,1,3
150,3,1,5
150,4,1,2
150,5,1,2
150,6,1,2
150,7,1,4
150,8,1,2
150,9,0,0
150,10,0,0
150,11,0,0
150,12,0,0
151,0,1,3
151,1,1,4
151,2,1,3
151,3,1,3
151,4,1,2
151,5,1,4
151,6,1,1
151,7,1,5
151,8,1,2
151,9,1,3
151,10,0,0
151,11,0,0
151,12,0,0
152,0,1,3
152,1,1,3
152,2,1,0
152,3,1,0
152,4,0,0
152,5,0,0
152,6,0,0
152,7,0,0
152,8,0,0
152,9,0,0
152,10,0,0
152,11,0,0
152,12,0,0
153,0,1,4
153,1,1,5
153,2,1,4
153,3,1,4
153,4,1,2
153,5,1,1
153,6,1,3
153,7,1,3
153,8,1,5
153,9,1,3
153,10,1,4
153,11,1,5
153,12,1,5
154,0,1,4
154,1,1,2
154,2,0,0
154,3,0,0
154,4,0,0
154,5,0,0
154,6,0,0
154,7,0,0
154,8,0,0
154,9,0,0
154,10,0,0
154,11,0,0
154,12,0,0
155,0,1,8
155,1,1,3
155,2,1,4
155,3,1,0
155,4,1,4
155,5,1,1
155,6,1,3
155,7,1,0
155,8,1,4
155,9,1,5
155,10,1,4
155,11,1,3
155,12,1,5
156,0,1,4
156,1,1,3
156,2,1,3
156,3,0,0
156,4,0,0
156,5,0,0
156,6,0,0
156,7,0,0
156,8,0,0
156,9,0,0
156,10,0,0
156,11,0,0
156,12,0,0
157,0,1,3
157,1,1,5
157,2,1,1
157,3,0,0
157,4,0,0
157,5,0,0
157,6,0,0
157,7,0,0
157,8,0,0
157,9,0,0
157,10,0,0
157,11,0,0
157,12,0,0
158,0,1,7
158,1,1,4
158,2,1,4
158,3,1,2
158,4,1,1
158,5,1,3
158,6,1,1
158,7,1,2
158,8,1,2
158,9,0,0
158,10,0,0
158,11,0,0
158,12,0,0
159,0,1,5
159,1,1,2
159,2,1,2
159,3,0,0
159,4,0,0
159,5,0,0
159,6,0,0
159,7,0,0
159,8,0,0
159,9,0,0
159,10,0,0
159,11,0,0
159,12,0,0
160,0,1,5
160,1,1,7
160,2,1,5
160,3,1,6
160,4,1,4
160,5,1,5
160,6,1,3
160,7,1,7
160,8,1,5
160,9,1,5
160,10,1,5
160,11,1,3
160,12,1,2
161,0,1,4
161,1,1,3
161,2,1,1
161,3,1,2
161,4,0,0
161,5,0,0
161,6,0,0
161,7,0,0
161,8,0,0
161,9,0,0
161,10,0,0
161,11,0,0
161,12,0,0
162,0,1,8
162,1,1,1
162,2,1,4
162,3,1,5
162,4,1,2
162,5,1,3
162,6,1,3
162,7,1,3
162,8,1,5
162,9,1,6
162,10,1,0
162,11,1,2
162,12,1,4
163,0,1,3
163,1,0,0
163,2,0,0
163,3,0,0
163,4,0,0
163,5,0,0
163,6,0,0
163,7,0,0
163,8,0,0
163,9,0,0
163,10,0,0
163,11,0,0
163,12,0,0
164,0,1,5
164,1,1,1
164,2,1,3
164,3,1,1
164,4,1,2
164,5,1,3
164,6,1,3
164,7,0,0
164,8,0,0
164,9,0,0
164,10,0,0
164,11,0,0
164,12,0,0
165,0,1,7
165,1,0,0
165,2,0,0
165,3,0,0
165,4,0,0
165,5,0,0
165,6,0,0
165,7,0,0
165,8,0,0
165,9,0,0
165,10,0,0
165,11,0,0
165,12,0,0
166,0,1,5
166,1,1,4
166,2,1,1
166,3,1,2
166,4,1,3
166,5,1,2
166,6,0,0
166,7,0,0
166,8,0,0
166,9,0,0
166,10,0,0
166,11,0,0
166,12,0,0
167,0,1,4
167,1,0,0
167,2,0,0
167,3,0,0
167,4,0,0
167,5,0,0
167,6,0,0
167,7,0,0
167,8,0,0
167,9,0,0
167,10,0,0
167,11,0,0
167,12,0,0
168,0,1,2
168,1,1,2
168,2,1,1
168,3,1,1
168,4,1,2
168,5,1,2
168,6,1,1
168,7,1,1
168,8,1,1
168,9,1,3
168,10,1,1
168,11,1,2
168,12,1,2
169,0,1,4
169,1,1,3
169,2,1,4
169,3,1,3
169,4,0,0
169,5,0,0
169,6,0,0
169,7,0,0
169,8,0,0
169,9,0,0
169,10,0,0
169,11,0,0
169,12,0,0
170,0,1,5
170,1,1,4
170,2,1,4
170,3,1,2
170,4,1,5
170,5,0,0
170,6,0,0
170,7,0,0
170,8,0,0
170,9,0,0
170,10,0,0
170,11,0,0
170,12,0,0
171,0,1,3
171,1,1,5
171,2,1,4
171,3,1,3
171,4,1,4
171,5,1,4
171,6,1,4
171,7,1,0
171,8,1,5
171,9,1,2
171,10,1,3
171,11,1,2
171,12,1,2
172,0,1,9
172,1,1,3
172,2,1,1
172,3,1,0
172,4,1,1
172,5,1,2
172,6,1,2
172,7,1,3
172,8,1,2
172,9,1,2
172,10,1,1
172,11,1,2
172,12,1,3
173,0,1,4
173,1,1,3
173,2,1,5
173,3,1,4
173,4,1,1
173,5,1,2
173,6,0,0
173,7,0,0
173,8,0,0
173,9,0,0
173,10,0,0
173,11,0,0
173,12,0,0
174,0,1,5
174,1,0,0
174,2,0,0
174,3,0,0
174,4,0,0
174,5,0,0
174,6,0,0
174,7,0,0
174,8,0,0
174,9,0,0
174,10,0,0
174,11,0,0
174,12,0,0
175,0,1,6
175,1,1,4
175,2,1,2
175,3,1,2
175,4,1,1
175,5,1,3
175,6,1,1
175,7,1,2
175,8,1,2
175,9,1,1
175,10,1,1
175,11,1,3
175,12,1,1
176,0,1,7
176,1,1,1
176,2,1,3
176,3,1,1
176,4,1,3
176,5,1,2
176,6,1,2
176,7,1,3
176,8,1,3
176,9,1,0
176,10,0,0
176,11,0,0
176,12,0,0
177,0,1,7
177,1,1,1
177,2,1,2
177,3,1,3
177,4,0,0
177,5,0,0
177,6,0,0
177,7,0,0
177,8,0,0
177,9,0,0
177,10,0,0
177,11,0,0
177,12,0,0
178,0,1,7
178,1,1,3
178,2,1,1
178,3,0,0
178,4,0,0
178,5,0,0
178,6,0,0
178,7,0,0
178,8,0,0
178,9,0,0
178,10,0,0
178,11,0,0
178,12,0,0
179,0,1,6
179,1,1,5
179,2,1,4
179,3,1,6
179,4,1,4
179,5,1,2
179,6,1,4
179,7,1,7
179,8,0,0
179,9,0,0
179,10,0,0
179,11,0,0
179,12,0,0
180,0,1,8
180,1,1,5
180,2,1,4
180,3,1,5
180,4,1,3
180,5,1,4
180,6,1,2
180,7,1,2
180,8,1,3
180,9,1,1
180,10,1,5
180,11,1,2
180,12,1,2
181,0,1,3
181,1,1,4
181,2,1,1
181,3,1,2
181,4,1,4
181,5,1,2
181,6,1,2
181,7,1,3
181,8,1,3
181,9,1,4
181,10,1,2
181,11,1,1
181,12,0,0
182,0,1,7
182,1,1,3
182,2,1,8
182,3,1,2
182,4,1,9
182,5,1,0
182,6,1,5
182,7,1,4
182,8,1,2
182,9,1,3
182,10,0,0
182,11,0,0
182,12,0,0
183,0,1,4
183,1,1,6
183,2,1,4
183,3,1,4
183,4,1,1
183,5,1,9
183,6,1,5
183,7,1,3
183,8,1,3
183,9,1,4
183,10,1,2
183,11,1,6
183,12,1,1
184,0,1,5
184,1,1,0
184,2,1,4
184,3,1,3
184,4,1,2
184,5,1,3
184,6,1,0
184,7,1,4
184,8,1,0
184,9,1,4
184,10,0,0
184,11,0,0
184,12,0,0
185,0,1,4
185,1,1,4
185,2,1,3
185,3,1,2
185,4,1,0
185,5,1,3
185,6,1,0
185,7,1,3
185,8,1,2
185,9,1,3
185,10,1,2
185,11,1,1
185,12,1,3
186,0,1,5
186,1,1,2
186,2,1,2
186,3,1,4
186,4,1,2
186,5,1,3
186,6,1,5
186,7,1,1
186,8,1,0
186,9,1,4
186,10,1,0
186,11,1,2
186,12,1,1
187,0,1,9
187,1,1,2
187,2,1,5
187,3,1,3
187,4,1,4
187,5,1,4
187,6,1,6
187,7,1,2
187,8,1,1
187,9,1,3
187,10,1,4
187,11,1,7
187,12,1,8
188,0,1,8
188,1,1,2
188,2,1,6
188,3,1,4
188,4,1,2
188,5,1,2
188,6,1,2
188,7,1,3
188,8,1,4
188,9,1,3
188,10,1,2
188,11,1,2
188,12,0,0
189,0,1,6
189,1,1,2
189,2,0,0
189,3,0,0
189,4,0,0
189,5,0,0
189,6,0,0
189,7,0,0
189,8,0,0
189,9,0,0
189,10,0,0
189,11,0,0
189,12,0,0
190,0,1,3
190,1,1,3
190,2,1,0
190,3,1,4
190,4,1,3
190,5,1,3
190,6,1,1
190,7,1,2
190,8,1,1
190,9,1,3
190,10,1,0
190,11,0,0
190,12,0,0
191,0,1,3
191,1,1,3
191,2,1,2
191,3,1,3
191,4,1,0
191,5,1,5
191,6,1,2
191,7,1,1
191,8,1,2
191,9,1,3
191,10,1,5
191,11,1,0
191,12,1,1
192,0,1,6
192,1,1,5
192,2,1,3
192,3,1,4
192,4,0,0
192,5,0,0
192,6,0,0
192,7,0,0
192,8,0,0
192,9,0,0
192,10,0,0
192,11,0,0
192,12,0,0
193,0,1,2
193,1,0,0
193,2,0,0
193,3,0,0
193,4,0,0
193,5,0,0
193,6,0,0
193,7,0,0
193,8,0,0
193,9,0,0
193,10,0,0
193,11,0,0
193,12,0,0
194,0,1,7
194,1,1,2
194,2,1,3
194,3,1,1
194,4,0,0
194,5,0,0
194,6,0,0
194,7,0,0
194,8,0,0
194,9,0,0
194,10,0,0
194,11,0,0
194,12,0,0
195,0,1,5
195,1,1,0
195,2,1,1
195,3,1,2
195,4,1,4
195,5,1,3
195,6,1,1
195,7,1,1
195,8,1,1
195,9,1,4
195,10,1,2
195,11,1,0
195,12,1,2
196,0,1,2
196,1,1,6
196,2,1,1
196,3,0,0
196,4,0,0
196,5,0,0
196,6,0,0
196,7,0,0
196,8,0,0
196,9,0,0
196,10,0,0
196,11,0,0
196,12,0,0
197,0,1,7
197,1,1,3
197,2,1,4
197,3,0,0
197,4,0,0
197,5,0,0
197,6,0,0
197,7,0,0
197,8,0,0
197,9,0,0
197,10,0,0
197,11,0,0
197,12,0,0
198,0,1,4
198,1,1,4
198,2,1,2
198,3,0,0
198,4,0,0
198,5,0,0
198,6,0,0
198,7,0,0
198,8,0,0
198,9,0,0
198,10,0,0
198,11,0,0
198,12,0,0
199,0,1,5
199,1,0,0
199,2,0,0
199,3,0,0
199,4,0,0
199,5,0,0
199,6,0,0
199,7,0,0
199,8,0,0
199,9,0,0
199,10,0,0
199,11,0,0
199,12,0,0
200,0,1,2
200,1,1,6
200,2,1,2
200,3,0,0
200,4,0,0
200,5,0,0
200,6,0,0
200,7,0,0
200,8,0,0
200,9,0,0
200,10,0,0
200,11,0,0
200,12,0,0
201,0,1,9
201,1,1,3
201,2,1,3
201,3,1,5
201,4,1,7
201,5,1,7
201,6,1,3
201,7,1,4
201,8,1,4
201,9,1,2
201,10,1,5
201,11,1,2
201,12,1,4
202,0,1,2
202,1,1,4
202,2,1,1
202,3,1,3
202,4,1,2
202,5,1,1
202,6,1,3
202,7,1,1
202,8,1,1
202,9,1,0
202,10,1,4
202,11,1,3
202,12,1,2
203,0,1,4
203,1,1,4
203,2,1,7
203,3,1,5
203,4,1,1
203,5,1,4
203,6,1,3
203,7,1,4
203,8,1,7
203,9,1,3
203,10,1,2
203,11,1,4
203,12,1,7
204,0,1,9
204,1,1,2
204,2,0,0
204,3,0,0
204,4,0,0
204,5,0,0
204,6,0,0
204,7,0,0
204,8,0,0
204,9,0,0
204,10,0,0
204,11,0,0
204,12,0,0
205,0,1,6
205,1,1,2
205,2,1,3
205,3,0,0
205,4,0,0
205,5,0,0
205,6,0,0
205,7,0,0
205,8,0,0
205,9,0,0
205,10,0,0
205,11,0,0
205,12,0,0
206,0,1,4
206,1,1,3
206,2,1,8
206,3,1,3
206,4,1,5
206,5,0,0
206,6,0,0
206,7,0,0
206,8,0,0
206,9,0,0
206,10,0,0
206,11,0,0
206,12,0,0
207,0,1,10
207,1,0,0
207,2,0,0
207,3,0,0
207,4,0,0
207,5,0,0
207,6,0,0
207,7,0,0
207,8,0,0
207,9,0,0
207,10,0,0
207,11,0,0
207,12,0,0
208,0,1,3
208,1,1,4
208,2,1,3
208,3,1,7
208,4,1,6
208,5,0,0
208,6,0,0
208,7,0,0
208,8,0,0
208,9,0,0
208,10,0,0
208,11,0,0
208,12,0,0
209,0,1,5
209,1,1,2
209,2,1,4
209,3,1,4
209,4,0,0
209,5,0,0
209,6,0,0
209,7,0,0
209,8,0,0
209,9,0,0
209,10,0,0
209,11,0,0
209,12,0,0
210,0,1,5
210,1,1,4
210,2,1,6
210,3,0,0
210,4,0,0
210,5,0,0
210,6,0,0
210,7,0,0
210,8,0,0
210,9,0,0
210,10,0,0
210,11,0,0
210,12,0,0
211,0,1,3
211,1,0,0
211,2,0,0
211,3,0,0
211,4,0,0
211,5,0,0
211,6,0,0
211,7,0,0
211,8,0,0
211,9,0,0
211,10,0,0
211,11,0,0
211,12,0,0
212,0,1,4
212,1,1,1
212,2,1,2
212,3,1,1
212,4,1,2
212,5,1,1
212,6,1,3
212,7,1,3
212,8,1,4
212,9,1,5
212,10,1,2
212,11,1,7
212,12,1,2
213,0,1,5
213,1,1,3
213,2,1,4
213,3,1,7
213,4,1,5
213,5,1,3
213,6,1,2
213,7,1,4
213,8,1,2
213,9,1,0
213,10,1,2
213,11,1,1
213,12,1,4
214,0,1,4
214,1,1,3
214,2,1,1
214,3,1,2
214,4,1,1
214,5,1,1
214,6,1,2
214,7,1,2
214,8,1,2
214,9,1,5
214,10,1,3
214,11,1,3
214,12,1,1
215,0,1,6
215,1,1,1
215,2,0,0
215,3,0,0
215,4,0,0
215,5,0,0
215,6,0,0
215,7,0,0
215,8,0,0
215,9,0,0
215,10,0,0
215,11,0,0
215,12,0,0
216,0,1,4
216,1,1,5
216,2,1,2
216,3,1,2
216,4,1,2
216,5,1,2
216,6,1,3
216,7,1,4
216,8,1,6
216,9,1,5
216,10,1,3
216,11,1,3
216,12,0,0
217,0,1,3
217,1,1,2
217,2,1,3
217,3,1,2
217,4,1,2
217,5,1,4
217,6,0,0
217,7,0,0
217,8,0,0
217,9,0,0
217,10,0,0
217,11,0,0
217,12,0,0
218,0,1,3
218,1,1,4
218,2,1,3
218,3,1,1
218,4,1,1
218,5,1,3
218,6,1,1
218,7,1,0
218,8,1,2
218,9,1,6
218,10,1,2
218,11,1,2
218,12,1,1
219,0,1,3
219,1,1,4
219,2,1,9
219,3,1,1
219,4,1,3
219,5,1,2
219,6,0,0
219,7,0,0
219,8,0,0
219,9,0,0
219,10,0,0
219,11,0,0
219,12,0,0
220,0,1,3
220,1,1,3
220,2,1,3
220,3,1,4
220,4,1,1
220,5,1,8
220,6,1,3
220,7,1,5
220,8,1,3
220,9,1,4
220,10,1,5
220,11,1,1
220,12,1,3
221,0,1,6
221,1,1,7
221,2,1,5
221,3,1,3
221,4,0,0
221,5,0,0
221,6,0,0
221,7,0,0
221,8,0,0
221,9,0,0
221,10,0,0
221,11,0,0
221,12,0,0
222,0,1,5
222,1,1,2
222,2,1,4
222,3,1,3
222,4,1,2
222,5,1,6
222,6,1,5
222,7,1,4
222,8,1,1
222,9,1,2
222,10,1,8
222,11,1,2
222,12,1,4
223,0,1,10
223,1,1,4
223,2,1,1
223,3,1,2
223,4,1,3
223,5,1,5
223,6,1,6
223,7,1,2
223,8,1,3
223,9,1,2
223,10,1,3
223,11,1,3
223,12,1,2
224,0,1,6
224,1,1,3
224,2,1,3
224,3,1,4
224,4,1,1
224,5,1,4
224,6,0,0
224,7,0,0
224,8,0,0
224,9,0,0
224,10,0,0
224,11,0,0
224,12,0,0
225,0,1,3
225,1,1,5
225,2,1,2
225,3,1,2
225,4,1,4
225,5,0,0
225,6,0,0
225,7,0,0
225,8,0,0
225,9,0,0
225,10,0,0
225,11,0,0
225,12,0,0
226,0,1,5
226,1,0,0
226,2,0,0
226,3,0,0
226,4,0,0
226,5,0,0
226,6,0,0
226,7,0,0
226,8,0,0
226,9,0,0
226,10,0,0
226,11,0,0
226,12,0,0
227,0,1,4
227,1,1,1
227,2,1,1
227,3,1,2
227,4,1,0
227,5,1,2
227,6,1,4
227,7,1,1
227,8,1,4
227,9,1,2
227,10,1,1
227,11,1,2
227,12,1,0
228,0,1,6
228,1,1,2
228,2,1,10
228,3,1,4
228,4,1,2
228,5,1,3
228,6,1,3
228,7,1,5
228,8,1,0
228,9,1,3
228,10,1,5
228,11,1,5
228,12,0,0
229,0,1,3
229,1,1,2
229,2,1,1
229,3,0,0
229,4,0,0
229,5,0,0
229,6,0,0
229,7,0,0
229,8,0,0
229,9,0,0
229,10,0,0
229,11,0,0
229,12,0,0
230,0,1,4
230,1,1,1
230,2,1,1
230,3,1,0
230,4,1,3
230,5,1,1
230,6,1,1
230,7,1,3
230,8,1,2
230,9,1,4
230,10,0,0
230,11,0,0
230,12,0,0
231,0,1,4
231,1,1,4
231,2,1,6
231,3,1,3
231,4,1,3
231,5,1,6
231,6,1,2
231,7,1,1
231,8,1,5
231,9,1,3
231,10,1,2
231,11,1,1
231,12,1,7
232,0,1,2
232,1,1,0
232,2,1,2
232,3,1,1
232,4,1,2
232,5,1,1
232,6,1,1
232,7,1,1
232,8,1,1
232,9,1,2
232,10,1,1
232,11,1,2
232,12,1,2
233,0,1,5
233,1,0,0
233,2,0,0
233,3,0,0
233,4,0,0
233,5,0,0
233,6,0,0
233,7,0,0
233,8,0,0
233,9,0,0
233,10,0,0
233,11,0,0
233,12,0,0
234,0,1,6
234,1,1,2
234,2,1,1
234,3,1,2
234,4,1,3
234,5,1,2
234,6,1,3
234,7,1,1
234,8,1,0
234,9,1,2
234,10,1,2
234,11,1,0
234,12,1,2
235,0,1,4
235,1,0,0
235,2,0,0
235,3,0,0
235,4,0,0
235,5,0,0
235,6,0,0
235,7,0,0
235,8,0,0
235,9,0,0
235,10,0,0
235,11,0,0
235,12,0,0
236,0,1,2
236,1,1,3
236,2,1,4
236,3,1,6
236,4,1,7
236,5,1,3
236,6,1,7
236,7,1,2
236,8,1,3
236,9,1,5
236,10,1,7
236,11,1,1
236,12,1,0
237,0,1,5
237,1,1,3
237,2,0,0
237,3,0,0
237,4,0,0
237,5,0,0
237,6,0,0
237,7,0,0
237,8,0,0
237,9,0,0
237,10,0,0
237,11,0,0
237,12,0,0
238,0,1,2
238,1,1,2
238,2,1,1
238,3,1,5
238,4,1,2
238,5,1,2
238,6,1,1
238,7,1,2
238,8,1,3
238,9,1,1
238,10,1,2
238,11,1,6
238,12,1,1
239,0,1,5
239,1,1,3
239,2,0,0
239,3,0,0
239,4,0,0
239,5,0,0
239,6,0,0
239,7,0,0
239,8,0,0
239,9,0,0
239,10,0,0
239,11,0,0
239,12,0,0
240,0,1,4
240,1,1,2
240,2,1,4
240,3,1,6
240,4,1,5
240,5,1,3
240,6,0,0
240,7,0,0
240,8,0,0
240,9,0,0
240,10,0,0
240,11,0,0
240,12,0,0
241,0,1,5
241,1,1,4
241,2,1,6
241,3,1,4
241,4,1,5
241,5,1,3
241,6,1,4
241,7,1,3
241,8,1,2
241,9,1,9
241,10,1,3
241,11,1,6
241,12,1,2
242,0,1,7
242,1,1,4
242,2,1,3
242,3,1,3
242,4,0,0
242,5,0,0
242,6,0,0
242,7,0,0
242,8,0,0
242,9,0,0
242,10,0,0
242,11,0,0
242,12,0,0
243,0,1,4
243,1,0,0
243,2,0,0
243,3,0,0
243,4,0,0
243,5,0,0
243,6,0,0
243,7,0,0
243,8,0,0
243,9,0,0
243,10,0,0
243,11,0,0
243,12,0,0
244,0,1,1
244,1,1,4
244,2,1,1
244,3,1,5
244,4,0,0
244,5,0,0
244,6,0,0
244,7,0,0
244,8,0,0
244,9,0,0
244,10,0,0
244,11,0,0
244,12,0,0
245,0,1,6
245,1,1,0
245,2,1,5
245,3,1,0
245,4,1,8
245,5,1,5
245,6,1,3
245,7,0,0
245,8,0,0
245,9,0,0
245,10,0,0
245,11,0,0
245,12,0,0
246,0,1,4
246,1,1,3
246,2,1,2
246,3,1,3
246,4,1,1
246,5,1,2
246,6,1,1
246,7,1,3
246,8,0,0
246,9,0,0
246,10,0,0
246,11,0,0
246,12,0,0
247,0,1,3
247,1,1,2
247,2,1,2
247,3,0,0
247,4,0,0
247,5,0,0
247,6,0,0
247,7,0,0
247,8,0,0
247,9,0,0
247,10,0,0
247,11,0,0
247,12,0,0
248,0,1,8
248,1,0,0
248,2,0,0
248,3,0,0
248,4,0,0
248,5,0,0
248,6,0,0
248,7,0,0
248,8,0,0
248,9,0,0
248,10,0,0
248,11,0,0
248,12,0,0
249,0,1,5
249,1,1,6
249,2,1,5
249,3,1,3
249,4,0,0
249,5,0,0
249,6,0,0
249,7,0,0
249,8,0,0
249,9,0,0
249,10,0,0
249,11,0,0
249,12,0,0
250,0,1,2
250,1,1,1
250,2,1,3
250,3,1,3
250,4,1,2
250,5,1,2
250,6,0,0
250,7,0,0
250,8,0,0
250,9,0,0
250,10,0,0
250,11,0,0
250,12,0,0
251,0,1,3
251,1,1,3
251,2,1,4
251,3,1,3
251,4,1,2
251,5,1,2
251,6,1,8
251,7,1,4
251,8,1,4
251,9,1,3
251,10,0,0
251,11,0,0
251,12,0,0
252,0,1,4
252,1,1,3
252,2,1,6
252,3,1,4
252,4,1,2
252,5,1,3
252,6,1,1
252,7,1,1
252,8,1,4
252,9,0,0
252,10,0,0
252,11,0,0
252,12,0,0
253,0,1,2
253,1,1,2
253,2,1,2
253,3,1,1
253,4,0,0
253,5,0,0
253,6,0,0
253,7,0,0
253,8,0,0
253,9,0,0
253,10,0,0
253,11,0,0
253,12,0,0
254,0,1,3
254,1,1,2
254,2,1,3
254,3,1,2
254,4,0,0
254,5,0,0
254,6,0,0
254,7,0,0
254,8,0,0
254,9,0,0
254,10,0,0
254,11,0,0
254,12,0,0
255,0,1,6
255,1,1,2
255,2,1,6
255,3,1,4
255,4,1,2
255,5,1,5
255,6,1,2
255,7,1,2
255,8,1,2
255,9,1,1
255,10,1,1
255,11,1,2
255,12,1,2
256,0,1,4
256,1,1,1
256,2,1,3
256,3,1,4
256,4,1,1
256,5,1,1
256,6,1,2
256,7,1,3
256,8,1,3
256,9,1,1
256,10,1,3
256,11,1,2
256,12,1,3
257,0,1,7
257,1,1,7
257,2,1,1
257,3,1,9
257,4,1,3
257,5,1,6
257,6,1,1
257,7,1,1
257,8,1,2
257,9,1,5
257,10,1,2
257,11,1,5
257,12,1,3
258,0,1,2
258,1,1,5
258,2,1,3
258,3,0,0
258,4,0,0
258,5,0,0
258,6,0,0
258,7,0,0
258,8,0,0
258,9,0,0
258,10,0,0
258,11,0,0
258,12,0,0
259,0,1,3
259,1,1,3
259,2,1,3
259,3,1,1
259,4,1,3
259,5,1,1
259,6,1,1
259,7,1,2
259,8,1,1
259,9,1,1
259,10,1,2
259,11,1,1
259,12,1,0
260,0,1,3
260,1,1,4
260,2,1,3
260,3,1,2
260,4,1,4
260,5,1,3
260,6,1,5
260,7,1,3
260,8,1,4
260,9,1,2
260,10,1,6
260,11,1,3
260,12,1,4
261,0,1,4
261,1,1,2
261,2,1,1
261,3,1,1
261,4,1,2
261,5,1,1
261,6,1,2
261,7,1,2
261,8,1,4
261,9,1,2
261,10,1,2
261,11,1,1
261,12,1,4
262,0,1,5
262,1,1,7
262,2,1,4
262,3,1,5
262,4,1,4
262,5,1,2
262,6,1,4
262,7,1,4
262,8,1,3
262,9,0,0
262,10,0,0
262,11,0,0
262,12,0,0
263,0,1,6
263,1,1,2
263,2,1,5
263,3,1,3
263,4,1,1
263,5,1,2
263,6,1,2
263,7,1,1
263,8,1,0
263,9,1,0
263,10,1,2
263,11,1,3
263,12,0,0
264,0,1,10
264,1,1,3
264,2,1,4
264,3,1,6
264,4,1,8
264,5,1,1
264,6,1,3
264,7,1,10
264,8,1,5
264,9,1,1
264,10,0,0
264,11,0,0
264,12,0,0
265,0,1,1
265,1,1,7
265,2,1,2
265,3,1,3
265,4,0,0
265,5,0,0
265,6,0,0
265,7,0,0
265,8,0,0
265,9,0,0
265,10,0,0
265,11,0,0
265,12,0,0
266,0,1,2
266,1,1,2
266,2,1,7
266,3,1,3
266,4,1,7
266,5,1,3
266,6,1,1
266,7,1,0
266,8,1,3
266,9,1,1
266,10,1,2
266,11,1,5
266,12,1,6
267,0,1,10
267,1,1,1
267,2,1,2
267,3,0,0
267,4,0,0
267,5,0,0
267,6,0,0
267,7,0,0
267,8,0,0
267,9,0,0
267,10,0,0
267,11,0,0
267,12,0,0
268,0,1,2
268,1,1,1
268,2,0,0
268,3,0,0
268,4,0,0
268,5,0,0
268,6,0,0
268,7,0,0
268,8,0,0
268,9,0,0
268,10,0,0
268,11,0,0
268,12,0,0
269,0,1,6
269,1,1,3
269,2,1,4
269,3,1,1
269,4,1,2
269,5,0,0
269,6,0,0
269,7,0,0
269,8,0,0
269,9,0,0
269,10,0,0
269,11,0,0
269,12,0,0
270,0,1,2
270,1,1,3
270,2,1,3
270,3,1,2
270,4,1,4
270,5,1,3
270,6,1,3
270,7,1,1
270,8,1,0
270,9,1,4
270,10,1,3
270,11,1,3
270,12,1,1
271,0,1,6
271,1,1,5
271,2,1,2
271,3,1,4
271,4,1,3
271,5,1,1
271,6,1,4
271,7,1,3
271,8,1,1
271,9,1,4
271,10,1,4
271,11,1,1
271,12,1,1
272,0,1,6
272,1,1,2
272,2,1,7
272,3,1,2
272,4,1,2
272,5,1,1
272,6,1,0
272,7,1,6
272,8,1,3
272,9,1,0
272,10,1,7
272,11,1,2
272,12,1,2
273,0,1,5
273,1,1,2
273,2,1,10
273,3,1,4
273,4,0,0
273,5,0,0
273,6,0,0
273,7,0,0
273,8,0,0
273,9,0,0
273,10,0,0
273,11,0,0
273,12,0,0
274,0,1,4
274,1,1,2
274,2,1,5
274,3,0,0
274,4,0,0
274,5,0,0
274,6,0,0
274,7,0,0
274,8,0,0
274,9,0,0
274,10,0,0
274,11,0,0
274,12,0,0
275,0,1,3
275,1,1,4
275,2,1,4
275,3,1,2
275,4,1,6
275,5,1,4
275,6,1,1
275,7,1,3
275,8,1,10
275,9,1,5
275,10,1,7
275,11,1,2
275,12,1,4
276,0,1,6
276,1,1,5
276,2,0,0
276,3,0,0
276,4,0,0
276,5,0,0
276,6,0,0
276,7,0,0
276,8,0,0
276,9,0,0
276,10,0,0
276,11,0,0
276,12,0,0
277,0,1,6
277,1,1,4
277,2,1,1
277,3,1,3
277,4,1,3
277,5,1,0
277,6,1,0
277,7,1,2
277,8,1,4
277,9,1,1
277,10,1,1
277,11,1,1
277,12,1,1
278,0,1,5
278,1,1,3
278,2,1,2
278,3,1,4
278,4,1,0
278,5,1,1
278,6,1,4
278,7,1,2
278,8,1,1
278,9,1,2
278,10,1,2
278,11,1,0
278,12,1,2
279,0,1,7
279,1,1,1
279,2,1,3
279,3,0,0
279,4,0,0
279,5,0,0
279,6,0,0
279,7,0,0
279,8,0,0
279,9,0,0
279,10,0,0
279,11,0,0
279,12,0,0
280,0,1,1
280,1,1,5
280,2,1,5
280,3,1,2
280,4,1,5
280,5,1,1
280,6,1,5
280,7,1,1
280,8,1,3
280,9,1,5
280,10,1,2
280,11,1,3
280,12,1,5
281,0,1,6
281,1,1,3
281,2,1,0
281,3,1,3
281,4,1,2
281,5,1,5
281,6,1,4
281,7,1,5
281,8,1,2
281,9,1,7
281,10,1,5
281,11,1,4
281,12,1,2
282,0,1,4
282,1,0,0
282,2,0,0
282,3,0,0
282,4,0,0
282,5,0,0
282,6,0,0
282,7,0,0
282,8,0,0
282,9,0,0
282,10,0,0
282,11,0,0
282,12,0,0
283,0,1,4
283,1,1,4
283,2,0,0
283,3,0,0
283,4,0,0
283,5,0,0
283,6,0,0
283,7,0,0
283,8,0,0
283,9,0,0
283,10,0,0
283,11,0,0
283,12,0,0
284,0,1,7
284,1,1,3
284,2,1,3
284,3,1,7
284,4,1,5
284,5,1,6
284,6,1,6
284,7,1,6
284,8,1,2
284,9,1,5
284,10,1,2
284,11,1,1
284,12,1,3
285,0,1,5
285,1,1,1
285,2,1,1
285,3,1,1
285,4,1,3
285,5,1,4
285,6,1,2
285,7,1,0
285,8,0,0
285,9,0,0
285,10,0,0
285,11,0,0
285,12,0,0
286,0,1,8
286,1,1,1
286,2,1,4
286,3,1,3
286,4,1,3
286,5,1,0
286,6,1,2
286,7,1,2
286,8,1,1
286,9,1,3
286,10,0,0
286,11,0,0
286,12,0,0
287,0,1,6
287,1,1,5
287,2,1,3
287,3,1,5
287,4,0,0
287,5,0,0
287,6,0,0
287,7,0,0
287,8,0,0
287,9,0,0
287,10,0,0
287,11,0,0
287,12,0,0
288,0,1,3
288,1,1,2
288,2,1,2
288,3,1,5
288,4,1,9
288,5,1,0
288,6,1,3
288,7,1,7
288,8,1,11
288,9,1,3
288,10,1,3
288,11,1,5
288,12,1,4
289,0,1,5
289,1,1,3
289,2,1,3
289,3,1,6
289,4,1,4
289,5,1,5
289,6,1,6
289,7,0,0
289,8,0,0
289,9,0,0
289,10,0,0
289,11,0,0
289,12,0,0
290,0,1,6
290,1,1,2
290,2,1,1
290,3,1,3
290,4,1,3
290,5,1,3
290,6,1,2
290,7,1,1
290,8,1,1
290,9,1,3
290,10,1,0
290,11,1,5
290,12,1,1
291,0,1,5
291,1,1,5
291,2,1,2
291,3,1,4
291,4,1,4
291,5,1,3
291,6,1,3
291,7,1,6
291,8,1,3
291,9,1,3
291,10,1,4
291,11,1,5
291,12,1,1
292,0,1,3
292,1,1,2
292,2,1,2
292,3,1,0
292,4,1,2
292,5,1,4
292,6,1,5
292,7,0,0
292,8,0,0
292,9,0,0
292,10,0,0
292,11,0,0
292,12,0,0
293,0,1,5
293,1,1,0
293,2,1,4
293,3,1,5
293,4,1,3
293,5,0,0
293,6,0,0
293,7,0,0
293,8,0,0
293,9,0,0
293,10,0,0
293,11,0,0
293,12,0,0
294,0,1,6
294,1,0,0
294,2,0,0
294,3,0,0
294,4,0,0
294,5,0,0
294,6,0,0
294,7,0,0
294,8,0,0
294,9,0,0
294,10,0,0
294,11,0,0
294,12,0,0
295,0,1,6
295,1,1,4
295,2,1,5
295,3,1,3
295,4,1,5
295,5,1,5
295,6,0,0
295,7,0,0
295,8,0,0
295,9,0,0
295,10,0,0
295,11,0,0
295,12,0,0
296,0,1,3
296,1,1,8
296,2,1,1
296,3,1,1
296,4,1,6
296,5,1,3
296,6,1,8
296,7,1,3
296,8,0,0
296,9,0,0
296,10,0,0
296,11,0,0
296,12,0,0
297,0,1,5
297,1,1,7
297,2,1,0
297,3,1,3
297,4,0,0
297,5,0,0
297,6,0,0
297,7,0,0
297,8,0,0
297,9,0,0
297,10,0,0
297,11,0,0
297,12,0,0
298,0,1,3
298,1,1,2
298,2,1,3
298,3,1,3
298,4,1,1
298,5,1,4
298,6,1,4
298,7,1,4
298,8,1,2
298,9,1,5
298,10,1,4
298,11,1,2
298,12,1,3
299,0,1,3
299,1,1,5
299,2,1,5
299,3,1,6
299,4,1,6
299,5,1,4
299,6,1,4
299,7,1,4
299,8,1,2
299,9,1,4
299,10,1,2
299,11,1,3
299,12,0,0
300,0,1,6
300,1,0,0
300,2,0,0
300,3,0,0
300,4,0,0
300,5,0,0
300,6,0,0
300,7,0,0
300,8,0,0
300,9,0,0
300,10,0,0
300,11,0,0
300,12,0,0
301,0,1,1
301,1,1,4
301,2,1,0
301,3,1,2
301,4,1,3
301,5,1,6
301,6,1,2
301,7,1,4
301,8,1,3
301,9,1,7
301,10,1,3
301,11,1,3
301,12,0,0
302,0,1,6
302,1,1,0
302,2,1,2
302,3,1,3
302,4,1,4
302,5,1,0
302,6,1,2
302,7,1,1
302,8,1,2
302,9,1,3
302,10,1,3
302,11,1,0
302,12,1,1
303,0,1,2
303,1,1,6
303,2,0,0
303,3,0,0
303,4,0,0
303,5,0,0
303,6,0,0
303,7,0,0
303,8,0,0
303,9,0,0
303,10,0,0
303,11,0,0
303,12,0,0
304,0,1,6
304,1,1,4
304,2,1,2
304,3,1,0
304,4,1,2
304,5,0,0
304,6,0,0
304,7,0,0
304,8,0,0
304,9,0,0
304,10,0,0
304,11,0,0
304,12,0,0
305,0,1,3
305,1,1,4
305,2,1,0
305,3,1,1
305,4,1,5
305,5,1,1
305,6,1,3
305,7,1,3
305,8,1,3
305,9,1,2
305,10,1,1
305,11,1,3
305,12,1,1
306,0,1,5
306,1,1,6
306,2,1,3
306,3,1,0
306,4,1,1
306,5,1,4
306,6,1,1
306,7,1,2
306,8,0,0
306,9,0,0
306,10,0,0
306,11,0,0
306,12,0,0
307,0,1,6
307,1,1,0
307,2,1,1
307,3,0,0
307,4,0,0
307,5,0,0
307,6,0,0
307,7,0,0
307,8,0,0
307,9,0,0
307,10,0,0
307,11,0,0
307,12,0,0
308,0,1,5
308,1,1,0
308,2,0,0
308,3,0,0
308,4,0,0
308,5,0,0
308,6,0,0
308,7,0,0
308,8,0,0
308,9,0,0
308,10,0,0
308,11,0,0
308,12,0,0
309,0,1,4
309,1,1,4
309,2,1,4
309,3,1,5
309,4,1,2
309,5,1,3
309,6,1,2
309,7,1,5
309,8,1,2
309,9,1,2
309,10,1,2
309,11,0,0
309,12,0,0
310,0,1,5
310,1,1,2
310,2,1,3
310,3,1,6
310,4,1,3
310,5,1,1
310,6,1,3
310,7,1,2
310,8,1,0
310,9,0,0
310,10,0,0
310,11,0,0
310,12,0,0
311,0,1,4
311,1,0,0
311,2,0,0
311,3,0,0
311,4,0,0
311,5,0,0
311,6,0,0
311,7,0,0
311,8,0,0
311,9,0,0
311,10,0,0
311,11,0,0
311,12,0,0
312,0,1,5
312,1,1,7
312,2,1,3
312,3,1,4
312,4,1,2
312,5,1,5
312,6,1,2
312,7,1,2
312,8,1,3
312,9,1,7
312,10,0,0
312,11,0,0
312,12,0,0
313,0,1,11
313,1,0,0
313,2,0,0
313,3,0,0
313,4,0,0
313,5,0,0
313,6,0,0
313,7,0,0
313,8,0,0
313,9,0,0
313,10,0,0
313,11,0,0
313,12,0,0
314,0,1,7
314,1,1,3
314,2,1,7
314,3,1,5
314,4,1,4
314,5,1,3
314,6,1,3
314,7,1,2
314,8,1,5
314,9,1,3
314,10,0,0
314,11,0,0
314,12,0,0
315,0,1,5
315,1,1,2
315,2,1,4
315,3,1,2
315,4,1,4
315,5,1,4
315,6,1,3
315,7,1,2
315,8,1,6
315,9,1,2
315,10,1,3
315,11,1,1
315,12,1,1
316,0,1,3
316,1,1,6
316,2,0,0
316,3,0,0
316,4,0,0
316,5,0,0
316,6,0,0
316,7,0,0
316,8,0,0
316,9,0,0
316,10,0,0
316,11,0,0
316,12,0,0
317,0,1,9
317,1,1,3
317,2,0,0
317,3,0,0
317,4,0,0
317,5,0,0
317,6,0,0
317,7,0,0
317,8,0,0
317,9,0,0
317,10,0,0
317,11,0,0
317,12,0,0
318,0,1,5
318,1,1,3
318,2,1,1
318,3,1,3
318,4,1,4
318,5,1,2
318,6,1,2
318,7,1,4
318,8,1,1
318,9,1,2
318,10,1,3
318,11,1,3
318,12,1,1
319,0,1,6
319,1,1,2
319,2,1,3
319,3,1,0
319,4,1,1
319,5,1,2
319,6,1,4
319,7,1,1
319,8,1,2
319,9,1,4
319,10,1,2
319,11,1,1
319,12,1,2
320,0,1,3
320,1,1,2
320,2,1,5
320,3,1,2
320,4,1,4
320,5,1,5
320,6,1,1
320,7,1,3
320,8,1,1
320,9,1,4
320,10,1,4
320,11,1,4
320,12,1,3
321,0,1,5
321,1,1,5
321,2,1,3
321,3,1,2
321,4,1,1
321,5,1,3
321,6,0,0
321,7,0,0
321,8,0,0
321,9,0,0
321,10,0,0
321,11,0,0
321,12,0,0
322,0,1,5
322,1,1,3
322,2,1,5
322,3,1,6
322,4,1,5
322,5,1,4
322,6,1,2
322,7,1,3
322,8,1,2
322,9,1,6
322,10,1,2
322,11,1,5
322,12,1,4
323,0,1,6
323,1,0,0
323,2,0,0
323,3,0,0
323,4,0,0
323,5,0,0
323,6,0,0
323,7,0,0
323,8,0,0
323,9,0,0
323,10,0,0
323,11,0,0
323,12,0,0
324,0,1,7
324,1,1,0
324,2,1,2
324,3,0,0
324,4,0,0
324,5,0,0
324,6,0,0
324,7,0,0
324,8,0,0
324,9,0,0
324,10,0,0
324,11,0,0
324,12,0,0
325,0,1,6
325,1,0,0
325,2,0,0
325,3,0,0
325,4,0,0
325,5,0,0
325,6,0,0
325,7,0,0
325,8,0,0
325,9,0,0
325,10,0,0
325,11,0,0
325,12,0,0
326,0,1,3
326,1,1,4
326,2,1,2
326,3,1,4
326,4,1,3
326,5,1,0
326,6,0,0
326,7,0,0
326,8,0,0
326,9,0,0
326,10,0,0
326,11,0,0
326,12,0,0
327,0,1,3
327,1,1,3
327,2,1,3
327,3,1,3
327,4,1,4
327,5,1,2
327,6,0,0
327,7,0,0
327,8,0,0
327,9,0,0
327,10,0,0
327,11,0,0
327,12,0,0
328,0,1,7
328,1,1,1
328,2,1,5
328,3,1,2
328,4,1,1
328,5,1,3
328,6,0,0
328,7,0,0
328,8,0,0
328,9,0,0
328,10,0,0
328,11,0,0
328,12,0,0
329,0,1,8
329,1,1,5
329,2,1,1
329,3,1,2
329,4,1,3
329,5,1,3
329,6,0,0
329,7,0,0
329,8,0,0
329,9,0,0
329,10,0,0
329,11,0,0
329,12,0,0
330,0,1,7
330,1,1,8
330,2,1,7
330,3,1,7
330,4,1,2
330,5,1,2
330,6,1,5
330,7,1,3
330,8,0,0
330,9,0,0
330,10,0,0
330,11,0,0
330,12,0,0
331,0,1,4
331,1,1,2
331,2,1,7
331,3,1,3
331,4,1,5
331,5,1,4
331,6,1,2
331,7,1,4
331,8,1,6
331,9,1,2
331,10,1,6
331,11,1,5
331,12,1,3
332,0,1,4
332,1,1,5
332,2,1,6
332,3,1,2
332,4,1,2
332,5,1,4
332,6,1,0
332,7,1,1
332,8,1,4
332,9,1,1
332,10,1,2
332,11,1,1
332,12,1,1
333,0,1,4
333,1,1,1
333,2,1,4
333,3,1,2
333,4,1,3
333,5,1,2
333,6,1,3
333,7,1,5
333,8,1,3
333,9,1,3
333,10,1,3
333,11,1,5
333,12,1,5
334,0,1,4
334,1,1,4
334,2,1,0
334,3,0,0
334,4,0,0
334,5,0,0
334,6,0,0
334,7,0,0
334,8,0,0
334,9,0,0
334,10,0,0
334,11,0,0
334,12,0,0
335,0,1,3
335,1,1,2
335,2,1,2
335,3,1,4
335,4,1,1
335,5,1,2
335,6,1,1
335,7,1,1
335,8,1,0
335,9,1,3
335,10,1,7
335,11,1,5
335,12,1,3
336,0,1,6
336,1,1,5
336,2,1,7
336,3,1,5
336,4,1,3
336,5,1,6
336,6,1,1
336,7,1,3
336,8,1,3
336,9,0,0
336,10,0,0
336,11,0,0
336,12,0,0
337,0,1,8
337,1,1,1
337,2,1,3
337,3,1,0
337,4,1,4
337,5,1,4
337,6,1,0
337,7,1,4
337,8,1,3
337,9,1,1
337,10,1,2
337,11,1,5
337,12,1,5
338,0,1,6
338,1,1,2
338,2,1,4
338,3,1,7
338,4,1,7
338,5,1,4
338,6,1,2
338,7,1,3
338,8,1,2
338,9,1,5
338,10,1,2
338,11,1,4
338,12,1,3
339,0,1,6
339,1,1,2
339,2,1,5
339,3,1,1
339,4,1,4
339,5,1,2
339,6,0,0
339,7,0,0
339,8,0,0
339,9,0,0
339,10,0,0
339,11,0,0
339,12,0,0
340,0,1,5
340,1,1,2
340,2,1,6
340,3,1,4
340,4,1,3
340,5,1,3
340,6,1,5
340,7,1,2
340,8,1,5
340,9,1,3
340,10,1,4
340,11,1,3
340,12,1,3
341,0,1,5
341,1,1,3
341,2,1,6
341,3,0,0
341,4,0,0
341,5,0,0
341,6,0,0
341,7,0,0
341,8,0,0
341,9,0,0
341,10,0,0
341,11,0,0
341,12,0,0
342,0,1,2
342,1,1,2
342,2,1,6
342,3,1,5
342,4,1,6
342,5,1,1
342,6,1,2
342,7,1,5
342,8,1,5
342,9,1,3
342,10,1,4
342,11,1,3
342,12,1,4
343,0,1,3
343,1,1,9
343,2,1,5
343,3,1,1
343,4,1,2
343,5,1,4
343,6,1,5
343,7,0,0
343,8,0,0
343,9,0,0
343,10,0,0
343,11,0,0
343,12,0,0
344,0,1,2
344,1,1,2
344,2,0,0
344,3,0,0
344,4,0,0
344,5,0,0
344,6,0,0
344,7,0,0
344,8,0,0
344,9,0,0
344,10,0,0
344,11,0,0
344,12,0,0
345,0,1,6
345,1,1,5
345,2,1,1
345,3,1,2
345,4,0,0
345,5,0,0
345,6,0,0
345,7,0,0
345,8,0,0
345,9,0,0
345,10,0,0
345,11,0,0
345,12,0,0
346,0,1,7
346,1,0,0
346,2,0,0
346,3,0,0
346,4,0,0
346,5,0,0
346,6,0,0
346,7,0,0
346,8,0,0
346,9,0,0
346,10,0,0
346,11,0,0
346,12,0,0
347,0,1,3
347,1,1,0
347,2,1,3
347,3,1,1
347,4,1,4
347,5,1,1
347,6,0,0
347,7,0,0
347,8,0,0
347,9,0,0
347,10,0,0
347,11,0,0
347,12,0,0
348,0,1,6
348,1,0,0
348,2,0,0
348,3,0,0
348,4,0,0
348,5,0,0
348,6,0,0
348,7,0,0
348,8,0,0
348,9,0,0
348,10,0,0
348,11,0,0
348,12,0,0
349,0,1,2
349,1,1,3
349,2,1,4
349,3,0,0
349,4,0,0
349,5,0,0
349,6,0,0
349,7,0,0
349,8,0,0
349,9,0,0
349,10,0,0
349,11,0,0
349,12,0,0
350,0,1,6
350,1,1,2
350,2,0,0
350,3,0,0
350,4,0,0
350,5,0,0
350,6,0,0
350,7,0,0
350,8,0,0
350,9,0,0
350,10,0,0
350,11,0,0
350,12,0,0
351,0,1,5
351,1,0,0
351,2,0,0
351,3,0,0
351,4,0,0
351,5,0,0
351,6,0,0
351,7,0,0
351,8,0,0
351,9,0,0
351,10,0,0
351,11,0,0
351,12,0,0
352,0,1,6
352,1,1,5
352,2,1,2
352,3,0,0
352,4,0,0
352,5,0,0
352,6,0,0
352,7,0,0
352,8,0,0
352,9,0,0
352,10,0,0
352,11,0,0
352,12,0,0
353,0,1,7
353,1,1,6
353,2,1,2
353,3,1,5
353,4,1,3
353,5,1,2
353,6,1,5
353,7,1,4
353,8,1,5
353,9,1,4
353,10,1,4
353,11,1,6
353,12,1,6
354,0,1,5
354,1,1,3
354,2,1,6
354,3,1,3
354,4,1,4
354,5,1,4
354,6,1,2
354,7,1,2
354,8,1,3
354,9,1,1
354,10,1,2
354,11,1,1
354,12,1,2
355,0,1,9
355,1,1,4
355,2,1,4
355,3,1,3
355,4,1,2
355,5,1,5
355,6,1,4
355,7,1,0
355,8,1,2
355,9,1,3
355,10,1,3
355,11,0,0
355,12,0,0
356,0,1,5
356,1,1,3
356,2,1,6
356,3,1,2
356,4,1,4
356,5,1,4
356,6,1,3
356,7,1,3
356,8,1,1
356,9,1,2
356,10,1,1
356,11,1,5
356,12,1,2
357,0,1,8
357,1,1,1
357,2,1,2
357,3,1,3
357,4,0,0
357,5,0,0
357,6,0,0
357,7,0,0
357,8,0,0
357,9,0,0
357,10,0,0
357,11,0,0
357,12,0,0
358,0,1,5
358,1,0,0
358,2,0,0
358,3,0,0
358,4,0,0
358,5,0,0
358,6,0,0
358,7,0,0
358,8,0,0
358,9,0,0
358,10,0,0
358,11,0,0
358,12,0,0
359,0,1,6
359,1,1,2
359,2,1,1
359,3,0,0
359,4,0,0
359,5,0,0
359,6,0,0
359,7,0,0
359,8,0,0
359,9,0,0
359,10,0,0
359,11,0,0
359,12,0,0
360,0,1,5
360,1,1,2
360,2,1,2
360,3,1,2
360,4,1,3
360,5,1,2
360,6,1,1
360,7,1,1
360,8,1,2
360,9,1,3
360,10,1,2
360,11,1,2
360,12,0,0
361,0,1,7
361,1,1,3
361,2,1,2
361,3,1,2
361,4,1,5
361,5,1,4
361,6,1,4
361,7,0,0
361,8,0,0
361,9,0,0
361,10,0,0
361,11,0,0
361,12,0,0
362,0,1,5
362,1,1,2
362,2,1,4
362,3,1,3
362,4,1,4
362,5,1,5
362,6,1,3
362,7,1,2
362,8,1,6
362,9,1,3
362,10,1,3
362,11,0,0
362,12,0,0
363,0,1,4
363,1,1,3
363,2,1,1
363,3,1,0
363,4,1,5
363,5,1,9
363,6,1,4
363,7,1,5
363,8,1,6
363,9,1,5
363,10,1,2
363,11,1,1
363,12,1,3
364,0,1,2
364,1,1,0
364,2,0,0
364,3,0,0
364,4,0,0
364,5,0,0
364,6,0,0
364,7,0,0
364,8,0,0
364,9,0,0
364,10,0,0
364,11,0,0
364,12,0,0
365,0,1,6
365,1,1,2
365,2,0,0
365,3,0,0
365,4,0,0
365,5,0,0
365,6,0,0
365,7,0,0
365,8,0,0
365,9,0,0
365,10,0,0
365,11,0,0
365,12,0,0
366,0,1,3
366,1,1,1
366,2,1,1
366,3,1,2
366,4,0,0
366,5,0,0
366,6,0,0
366,7,0,0
366,8,0,0
366,9,0,0
366,10,0,0
366,11,0,0
366,12,0,0
367,0,1,6
367,1,1,2
367,2,1,2
367,3,1,1
367,4,1,3
367,5,1,0
367,6,0,0
367,7,0,0
367,8,0,0
367,9,0,0
367,10,0,0
367,11,0,0
367,12,0,0
368,0,1,6
368,1,1,1
368,2,1,3
368,3,1,3
368,4,0,0
368,5,0,0
368,6,0,0
368,7,0,0
368,8,0,0
368,9,0,0
368,10,0,0
368,11,0,0
368,12,0,0
369,0,1,4
369,1,1,3
369,2,1,6
369,3,1,1
369,4,1,4
369,5,1,5
369,6,1,4
369,7,1,2
369,8,1,1
369,9,1,4
369,10,1,2
369,11,1,2
369,12,1,4
370,0,1,2
370,1,1,1
370,2,1,4
370,3,1,5
370,4,1,1
370,5,1,2
370,6,1,2
370,7,1,2
370,8,1,2
370,9,1,2
370,10,0,0
370,11,0,0
370,12,0,0
371,0,1,3
371,1,1,4
371,2,0,0
371,3,0,0
371,4,0,0
371,5,0,0
371,6,0,0
371,7,0,0
371,8,0,0
371,9,0,0
371,10,0,0
371,11,0,0
371,12,0,0
372,0,1,6
372,1,1,4
372,2,1,2
372,3,1,2
372,4,1,4
372,5,1,4
372,6,1,3
372,7,1,1
372,8,1,3
372,9,1,2
372,10,1,2
372,11,1,2
372,12,1,3
373,0,1,8
373,1,1,2
373,2,1,4
373,3,1,5
373,4,1,8
373,5,1,2
373,6,1,2
373,7,1,5
373,8,1,2
373,9,1,5
373,10,1,4
373,11,1,4
373,12,1,2
374,0,1,5
374,1,1,6
374,2,1,8
374,3,1,5
374,4,1,2
374,5,1,7
374,6,0,0
374,7,0,0
374,8,0,0
374,9,0,0
374,10,0,0
374,11,0,0
374,12,0,0
375,0,1,5
375,1,0,0
375,2,0,0
375,3,0,0
375,4,0,0
375,5,0,0
375,6,0,0
375,7,0,0
375,8,0,0
375,9,0,0
375,10,0,0
375,11,0,0
375,12,0,0
376,0,1,5
376,1,1,2
376,2,1,5
376,3,1,4
376,4,1,2
376,5,1,4
376,6,1,2
376,7,1,5
376,8,1,5
376,9,1,0
376,10,1,3
376,11,1,0
376,12,1,1
377,0,1,5
377,1,1,4
377,2,1,1
377,3,1,2
377,4,1,3
377,5,1,0
377,6,1,5
377,7,1,2
377,8,1,1
377,9,1,2
377,10,1,3
377,11,1,2
377,12,1,2
378,0,1,1
378,1,1,2
378,2,1,4
378,3,1,2
378,4,1,0
378,5,1,5
378,6,1,1
378,7,1,7
378,8,1,1
378,9,0,0
378,10,0,0
378,11,0,0
378,12,0,0
379,0,1,6
379,1,1,3
379,2,1,4
379,3,1,2
379,4,1,2
379,5,1,6
379,6,1,5
379,7,1,2
379,8,1,3
379,9,1,4
379,10,1,5
379,11,1,3
379,12,1,2
380,0,1,6
380,1,1,1
380,2,1,3
380,3,0,0
380,4,0,0
380,5,0,0
380,6,0,0
380,7,0,0
380,8,0,0
380,9,0,0
380,10,0,0
380,11,0,0
380,12,0,0
381,0,1,5
381,1,1,4
381,2,0,0
381,3,0,0
381,4,0,0
381,5,0,0
381,6,0,0
381,7,0,0
381,8,0,0
381,9,0,0
381,10,0,0
381,11,0,0
381,12,0,0
382,0,1,4
382,1,0,0
382,2,0,0
382,3,0,0
382,4,0,0
382,5,0,0
382,6,0,0
382,7,0,0
382,8,0,0
382,9,0,0
382,10,0,0
382,11,0,0
382,12,0,0
383,0,1,7
383,1,1,4
383,2,1,3
383,3,1,2
383,4,1,6
383,5,1,4
383,6,1,3
383,7,1,3
383,8,1,4
383,9,1,5
383,10,1,3
383,11,1,1
383,12,1,6
384,0,1,6
384,1,1,2
384,2,0,0
384,3,0,0
384,4,0,0
384,5,0,0
384,6,0,0
384,7,0,0
384,8,0,0
384,9,0,0
384,10,0,0
384,11,0,0
384,12,0,0
385,0,1,9
385,1,1,2
385,2,1,1
385,3,1,1
385,4,1,5
385,5,1,1
385,6,1,5
385,7,1,2
385,8,1,4
385,9,1,3
385,10,1,2
385,11,1,3
385,12,1,3
386,0,1,3
386,1,1,3
386,2,1,2
386,3,1,4
386,4,1,6
386,5,1,2
386,6,1,5
386,7,1,2
386,8,1,4
386,9,1,3
386,10,1,3
386,11,1,2
386,12,1,1
387,0,1,4
387,1,1,1
387,2,1,4
387,3,1,6
387,4,1,2
387,5,1,4
387,6,1,4
387,7,1,0
387,8,0,0
387,9,0,0
387,10,0,0
387,11,0,0
387,12,0,0
388,0,1,4
388,1,1,3
388,2,1,5
388,3,1,1
388,4,1,1
388,5,1,3
388,6,0,0
388,7,0,0
388,8,0,0
388,9,0,0
388,10,0,0
388,11,0,0
388,12,0,0
389,0,1,5
389,1,1,9
389,2,0,0
389,3,0,0
389,4,0,0
389,5,0,0
389,6,0,0
389,7,0,0
389,8,0,0
389,9,0,0
389,10,0,0
389,11,0,0
389,12,0,0
390,0,1,3
390,1,1,4
390,2,1,3
390,3,1,1
390,4,1,0
390,5,1,0
390,6,1,1
390,7,1,4
390,8,1,2
390,9,1,0
390,10,1,5
390,11,1,2
390,12,1,0
391,0,1,8
391,1,1,4
391,2,1,4
391,3,1,1
391,4,1,0
391,5,1,2
391,6,1,4
391,7,0,0
391,8,0,0
391,9,0,0
391,10,0,0
391,11,0,0
391,12,0,0
392,0,1,8
392,1,1,3
392,2,0,0
392,3,0,0
392,4,0,0
392,5,0,0
392,6,0,0
392,7,0,0
392,8,0,0
392,9,0,0
392,10,0,0
392,11,0,0
392,12,0,0
393,0,1,2
393,1,1,3
393,2,1,2
393,3,1,2
393,4,1,5
393,5,1,5
393,6,1,3
393,7,1,3
393,8,1,4
393,9,1,4
393,10,1,3
393,11,1,4
393,12,1,5
394,0,1,4
394,1,1,4
394,2,1,2
394,3,1,1
394,4,1,4
394,5,1,1
394,6,1,4
394,7,1,1
394,8,1,1
394,9,1,7
394,10,1,5
394,11,1,0
394,12,1,2
395,0,1,5
395,1,1,2
395,2,1,3
395,3,0,0
395,4,0,0
395,5,0,0
395,6,0,0
395,7,0,0
395,8,0,0
395,9,0,0
395,10,0,0
395,11,0,0
395,12,0,0
396,0,1,2
396,1,0,0
396,2,0,0
396,3,0,0
396,4,0,0
396,5,0,0
396,6,0,0
396,7,0,0
396,8,0,0
396,9,0,0
396,10,0,0
396,11,0,0
396,12,0,0
397,0,1,7
397,1,1,2
397,2,1,2
397,3,1,4
397,4,1,2
397,5,1,1
397,6,1,6
397,7,1,5
397,8,0,0
397,9,0,0
397,10,0,0
397,11,0,0
397,12,0,0
398,0,1,6
398,1,1,4
398,2,1,3
398,3,1,3
398,4,0,0
398,5,0,0
398,6,0,0
398,7,0,0
398,8,0,0
398,9,0,0
398,10,0,0
398,11,0,0
398,12,0,0
399,0,1,2
399,1,1,3
399,2,1,4
399,3,1,6
399,4,1,1
399,5,1,0
399,6,1,3
399,7,1,1
399,8,1,2
399,9,1,4
399,10,1,6
399,11,1,5
399,12,1,2
400,0,1,6
400,1,1,4
400,2,1,2
400,3,1,3
400,4,1,2
400,5,1,6
400,6,1,1
400,7,1,2
400,8,1,2
400,9,1,1
400,10,1,1
400,11,1,3
400,12,1,0
401,0,1,10
401,1,1,0
401,2,1,0
401,3,1,4
401,4,1,2
401,5,1,2
401,6,1,5
401,7,1,1
401,8,1,1
401,9,1,5
401,10,1,1
401,11,1,3
401,12,1,1
402,0,1,4
402,1,1,7
402,2,1,6
402,3,0,0
402,4,0,0
402,5,0,0
402,6,0,0
402,7,0,0
402,8,0,0
402,9,0,0
402,10,0,0
402,11,0,0
402,12,0,0
403,0,1,5
403,1,1,0
403,2,1,1
403,3,1,4
403,4,1,2
403,5,1,0
403,6,1,3
403,7,1,2
403,8,1,1
403,9,1,4
403,10,1,1
403,11,1,1
403,12,1,3
404,0,1,6
404,1,1,3
404,2,1,2
404,3,1,2
404,4,1,2
404,5,1,3
404,6,1,1
404,7,1,1
404,8,1,3
404,9,1,6
404,10,1,5
404,11,1,1
404,12,1,6
405,0,1,9
405,1,1,3
405,2,1,4
405,3,1,4
405,4,1,3
405,5,1,1
405,6,1,6
405,7,1,3
405,8,1,3
405,9,1,1
405,10,0,0
405,11,0,0
405,12,0,0
406,0,1,5
406,1,1,5
406,2,1,0
406,3,1,5
406,4,1,2
406,5,1,1
406,6,1,3
406,7,1,8
406,8,1,3
406,9,1,4
406,10,1,6
406,11,1,4
406,12,1,4
407,0,1,6
407,1,1,3
407,2,1,5
407,3,1,2
407,4,1,2
407,5,1,2
407,6,1,3
407,7,1,5
407,8,1,2
407,9,0,0
407,10,0,0
407,11,0,0
407,12,0,0
408,0,1,2
408,1,1,4
408,2,1,5
408,3,0,0
408,4,0,0
408,5,0,0
408,6,0,0
408,7,0,0
408,8,0,0
408,9,0,0
408,10,0,0
408,11,0,0
408,12,0,0
409,0,1,7
409,1,0,0
409,2,0,0
409,3,0,0
409,4,0,0
409,5,0,0
409,6,0,0
409,7,0,0
409,8,0,0
409,9,0,0
409,10,0,0
409,11,0,0
409,12,0,0
410,0,1,9
410,1,1,4
410,2,1,6
410,3,1,0
410,4,1,8
410,5,1,1
410,6,1,2
410,7,0,0
410,8,0,0
410,9,0,0
410,10,0,0
410,11,0,0
410,12,0,0
411,0,1,4
411,1,1,0
411,2,1,5
411,3,1,3
411,4,1,6
411,5,1,4
411,6,0,0
411,7,0,0
411,8,0,0
411,9,0,0
411,10,0,0
411,11,0,0
411,12,0,0
412,0,1,4
412,1,1,2
412,2,1,2
412,3,1,2
412,4,1,1
412,5,1,2
412,6,1,3
412,7,0,0
412,8,0,0
412,9,0,0
412,10,0,0
412,11,0,0
412,12,0,0
413,0,1,4
413,1,0,0
413,2,0,0
413,3,0,0
413,4,0,0
413,5,0,0
413,6,0,0
413,7,0,0
413,8,0,0
413,9,0,0
413,10,0,0
413,11,0,0
413,12,0,0
414,0,1,5
414,1,1,5
414,2,1,2
414,3,1,2
414,4,1,4
414,5,1,4
414,6,1,1
414,7,1,3
414,8,1,1
414,9,1,2
414,10,1,4
414,11,1,2
414,12,1,1
415,0,1,6
415,1,1,5
415,2,1,2
415,3,1,2
415,4,1,6
415,5,1,0
415,6,1,4
415,7,1,1
415,8,1,0
415,9,1,2
415,10,1,2
415,11,1,2
415,12,1,3
416,0,1,3
416,1,1,2
416,2,1,5
416,3,1,3
416,4,1,2
416,5,1,6
416,6,1,3
416,7,1,4
416,8,1,3
416,9,1,1
416,10,1,1
416,11,1,5
416,12,1,5
417,0,1,9
417,1,1,2
417,2,1,0
417,3,1,3
417,4,1,4
417,5,1,4
417,6,1,6
417,7,1,3
417,8,1,0
417,9,1,3
417,10,1,3
417,11,1,3
417,12,1,3
418,0,1,4
418,1,1,6
418,2,1,1
418,3,1,1
418,4,0,0
418,5,0,0
418,6,0,0
418,7,0,0
418,8,0,0
418,9,0,0
418,10,0,0
418,11,0,0
418,12,0,0
419,0,1,6
419,1,1,1
419,2,1,3
419,3,1,1
419,4,1,2
419,5,1,7
419,6,1,6
419,7,1,5
419,8,1,0
419,9,1,2
419,10,1,3
419,11,1,5
419,12,0,0
420,0,1,4
420,1,1,2
420,2,1,4
420,3,1,4
420,4,1,1
420,5,1,5
420,6,1,1
420,7,1,2
420,8,1,1
420,9,1,3
420,10,1,1
420,11,1,1
420,12,1,5
421,0,1,3
421,1,1,2
421,2,1,3
421,3,1,2
421,4,1,4
421,5,1,2
421,6,1,2
421,7,1,3
421,8,1,4
421,9,1,3
421,10,1,2
421,11,0,0
421,12,0,0
422,0,1,5
422,1,1,3
422,2,1,3
422,3,1,6
422,4,1,8
422,5,1,7
422,6,1,1
422,7,1,2
422,8,1,2
422,9,1,5
422,10,1,4
422,11,1,4
422,12,1,6
423,0,1,3
423,1,1,0
423,2,1,1
423,3,1,4
423,4,1,2
423,5,1,8
423,6,1,0
423,7,1,2
423,8,1,3
423,9,0,0
423,10,0,0
423,11,0,0
423,12,0,0
424,0,1,5
424,1,1,1
424,2,0,0
424,3,0,0
424,4,0,0
424,5,0,0
424,6,0,0
424,7,0,0
424,8,0,0
424,9,0,0
424,10,0,0
424,11,0,0
424,12,0,0
425,0,1,2
425,1,1,4
425,2,1,1
425,3,1,2
425,4,1,2
425,5,1,4
425,6,1,0
425,7,1,1
425,8,0,0
425,9,0,0
425,10,0,0
425,11,0,0
425,12,0,0
426,0,1,2
426,1,1,0
426,2,0,0
426,3,0,0
426,4,0,0
426,5,0,0
426,6,0,0
426,7,0,0
426,8,0,0
426,9,0,0
426,10,0,0
426,11,0,0
426,12,0,0
427,0,1,5
427,1,1,0
427,2,1,4
427,3,1,1
427,4,1,1
427,5,1,1
427,6,1,4
427,7,0,0
427,8,0,0
427,9,0,0
427,10,0,0
427,11,0,0
427,12,0,0
428,0,1,6
428,1,1,7
428,2,1,2
428,3,1,4
428,4,1,5
428,5,1,5
428,6,1,7
428,7,1,4
428,8,1,3
428,9,1,6
428,10,1,8
428,11,1,5
428,12,1,5
429,0,1,3
429,1,1,2
429,2,1,5
429,3,1,1
429,4,1,4
429,5,1,1
429,6,1,2
429,7,1,4
429,8,1,2
429,9,1,3
429,10,1,5
429,11,0,0
429,12,0,0
430,0,1,3
430,1,1,2
430,2,1,5
430,3,1,3
430,4,1,0
430,5,1,1
430,6,1,0
430,7,1,6
430,8,1,4
430,9,0,0
430,10,0,0
430,11,0,0
430,12,0,0
431,0,1,2
431,1,1,4
431,2,1,2
431,3,1,1
431,4,1,4
431,5,1,3
431,6,1,1
431,7,1,1
431,8,1,6
431,9,1,7
431,10,1,4
431,11,1,4
431,12,1,3
432,0,1,2
432,1,1,5
432,2,1,0
432,3,1,2
432,4,1,2
432,5,1,0
432,6,1,3
432,7,1,2
432,8,1,3
432,9,1,4
432,10,1,4
432,11,1,2
432,12,0,0
433,0,1,7
433,1,1,3
433,2,1,1
433,3,1,4
433,4,1,7
433,5,1,3
433,6,1,6
433,7,1,3
433,8,1,3
433,9,1,2
433,10,1,4
433,11,1,6
433,12,1,8
434,0,1,6
434,1,1,3
434,2,1,2
434,3,1,3
434,4,1,2
434,5,1,3
434,6,1,2
434,7,1,1
434,8,1,1
434,9,1,1
434,10,1,5
434,11,1,0
434,12,1,2
435,0,1,8
435,1,1,0
435,2,0,0
435,3,0,0
435,4,0,0
435,5,0,0
435,6,0,0
435,7,0,0
435,8,0,0
435,9,0,0
435,10,0,0
435,11,0,0
435,12,0,0
436,0,1,3
436,1,1,4
436,2,0,0
436,3,0,0
436,4,0,0
436,5,0,0
436,6,0,0
436,7,0,0
436,8,0,0
436,9,0,0
436,10,0,0
436,11,0,0
436,12,0,0
437,0,1,7
437,1,1,1
437,2,1,0
437,3,1,3
437,4,1,5
437,5,1,3
437,6,0,0
437,7,0,0
437,8,0,0
437,9,0,0
437,10,0,0
437,11,0,0
437,12,0,0
438,0,1,5
438,1,1,5
438,2,1,1
438,3,1,5
438,4,1,4
438,5,1,2
438,6,1,2
438,7,1,4
438,8,1,5
438,9,1,3
438,10,1,5
438,11,1,5
438,12,1,2
439,0,1,5
439,1,1,5
439,2,1,1
439,3,1,1
439,4,1,4
439,5,1,2
439,6,1,8
439,7,1,4
439,8,1,5
439,9,1,8
439,10,1,5
439,11,1,4
439,12,1,2
440,0,1,5
440,1,1,0
440,2,1,2
440,3,1,3
440,4,1,1
440,5,1,2
440,6,1,2
440,7,1,2
440,8,1,0
440,9,1,1
440,10,1,1
440,11,1,2
440,12,1,4
441,0,1,4
441,1,1,2
441,2,0,0
441,3,0,0
441,4,0,0
441,5,0,0
441,6,0,0
441,7,0,0
441,8,0,0
441,9,0,0
441,10,0,0
441,11,0,0
441,12,0,0
442,0,1,3
442,1,0,0
442,2,0,0
442,3,0,0
442,4,0,0
442,5,0,0
442,6,0,0
442,7,0,0
442,8,0,0
442,9,0,0
442,10,0,0
442,11,0,0
442,12,0,0
443,0,1,7
443,1,0,0
443,2,0,0
443,3,0,0
443,4,0,0
443,5,0,0
443,6,0,0
443,7,0,0
443,8,0,0
443,9,0,0
443,10,0,0
443,11,0,0
443,12,0,0
444,0,1,4
444,1,1,3
444,2,1,3
444,3,1,0
444,4,1,2
444,5,1,0
444,6,1,2
444,7,1,1
444,8,0,0
444,9,0,0
444,10,0,0
444,11,0,0
444,12,0,0
445,0,1,5
445,1,1,6
445,2,1,2
445,3,1,2
445,4,1,6
445,5,1,1
445,6,1,5
445,7,1,1
445,8,1,3
445,9,1,2
445,10,1,2
445,11,1,4
445,12,0,0
446,0,1,4
446,1,1,2
446,2,1,1
446,3,1,1
446,4,1,2
446,5,1,2
446,6,1,2
446,7,1,1
446,8,1,0
446,9,1,5
446,10,1,2
446,11,0,0
446,12,0,0
447,0,1,5
447,1,1,4
447,2,0,0
447,3,0,0
447,4,0,0
447,5,0,0
447,6,0,0
447,7,0,0
447,8,0,0
447,9,0,0
447,10,0,0
447,11,0,0
447,12,0,0
448,0,1,5
448,1,1,5
448,2,1,5
448,3,1,5
448,4,1,3
448,5,1,2
448,6,1,4
448,7,1,6
448,8,1,5
448,9,1,1
448,10,1,2
448,11,1,4
448,12,1,5
449,0,1,6
449,1,1,8
449,2,1,4
449,3,1,7
449,4,1,4
449,5,1,5
449,6,1,2
449,7,1,2
449,8,0,0
449,9,0,0
449,10,0,0
449,11,0,0
449,12,0,0
450,0,1,6
450,1,0,0
450,2,0,0
450,3,0,0
450,4,0,0
450,5,0,0
450,6,0,0
450,7,0,0
450,8,0,0
450,9,0,0
450,10,0,0
450,11,0,0
450,12,0,0
451,0,1,2
451,1,1,0
451,2,1,2
451,3,1,2
451,4,1,0
451,5,1,2
451,6,1,7
451,7,1,4
451,8,1,3
451,9,1,4
451,10,1,5
451,11,1,3
451,12,1,1
452,0,1,5
452,1,0,0
452,2,0,0
452,3,0,0
452,4,0,0
452,5,0,0
452,6,0,0
452,7,0,0
452,8,0,0
452,9,0,0
452,10,0,0
452,11,0,0
452,12,0,0
453,0,1,2
453,1,1,6
453,2,1,2
453,3,1,0
453,4,1,0
453,5,1,6
453,6,0,0
453,7,0,0
453,8,0,0
453,9,0,0
453,10,0,0
453,11,0,0
453,12,0,0
454,0,1,2
454,1,1,2
454,2,1,8
454,3,1,1
454,4,1,3
454,5,1,2
454,6,1,0
454,7,0,0
454,8,0,0
454,9,0,0
454,10,0,0
454,11,0,0
454,12,0,0
455,0,1,3
455,1,1,2
455,2,1,6
455,3,1,5
455,4,1,3
455,5,1,6
455,6,1,1
455,7,1,2
455,8,0,0
455,9,0,0
455,10,0,0
455,11,0,0
455,12,0,0
456,0,1,9
456,1,1,8
456,2,1,6
456,3,1,4
456,4,1,3
456,5,1,5
456,6,0,0
456,7,0,0
456,8,0,0
456,9,0,0
456,10,0,0
456,11,0,0
456,12,0,0
457,0,1,5
457,1,1,3
457,2,1,0
457,3,1,5
457,4,1,4
457,5,1,3
457,6,1,3
457,7,1,5
457,8,1,1
457,9,1,4
457,10,1,5
457,11,1,5
457,12,1,1
458,0,1,6
458,1,1,1
458,2,1,1
458,3,1,4
458,4,1,1
458,5,1,0
458,6,1,1
458,7,1,3
458,8,1,5
458,9,0,0
458,10,0,0
458,11,0,0
458,12,0,0
459,0,1,5
459,1,1,2
459,2,1,4
459,3,1,2
459,4,1,3
459,5,1,1
459,6,1,3
459,7,1,2
459,8,1,1
459,9,1,3
459,10,1,3
459,11,1,2
459,12,1,1
460,0,1,3
460,1,1,7
460,2,1,2
460,3,1,8
460,4,1,2
460,5,1,0
460,6,1,1
460,7,1,4
460,8,1,2
460,9,1,4
460,10,0,0
460,11,0,0
460,12,0,0
461,0,1,5
461,1,1,2
461,2,1,3
461,3,1,1
461,4,1,2
461,5,1,1
461,6,1,1
461,7,1,1
461,8,1,0
461,9,1,3
461,10,0,0
461,11,0,0
461,12,0,0
462,0,1,5
462,1,1,2
462,2,1,8
462,3,1,6
462,4,1,2
462,5,1,2
462,6,1,4
462,7,1,2
462,8,1,4
462,9,1,3
462,10,1,5
462,11,1,6
462,12,1,5
463,0,1,5
463,1,1,1
463,2,1,1
463,3,1,2
463,4,1,2
463,5,1,0
463,6,1,0
463,7,0,0
463,8,0,0
463,9,0,0
463,10,0,0
463,11,0,0
463,12,0,0
464,0,1,3
464,1,1,2
464,2,1,4
464,3,1,2
464,4,1,1
464,5,1,2
464,6,1,4
464,7,1,2
464,8,1,2
464,9,1,1
464,10,1,2
464,11,1,1
464,12,1,4
465,0,1,6
465,1,1,3
465,2,1,0
465,3,1,0
465,4,1,2
465,5,1,1
465,6,1,0
465,7,1,4
465,8,1,8
465,9,1,3
465,10,1,2
465,11,1,2
465,12,1,1
466,0,1,3
466,1,1,7
466,2,1,4
466,3,1,4
466,4,1,2
466,5,1,2
466,6,1,8
466,7,1,2
466,8,1,2
466,9,1,5
466,10,1,5
466,11,1,6
466,12,1,1
467,0,1,3
467,1,1,2
467,2,1,1
467,3,1,1
467,4,1,2
467,5,1,2
467,6,1,4
467,7,1,1
467,8,1,4
467,9,1,6
467,10,1,2
467,11,1,1
467,12,1,3
468,0,1,4
468,1,1,0
468,2,0,0
468,3,0,0
468,4,0,0
468,5,0,0
468,6,0,0
468,7,0,0
468,8,0,0
468,9,0,0
468,10,0,0
468,11,0,0
468,12,0,0
469,0,1,9
469,1,0,0
469,2,0,0
469,3,0,0
469,4,0,0
469,5,0,0
469,6,0,0
469,7,0,0
469,8,0,0
469,9,0,0
469,10,0,0
469,11,0,0
469,12,0,0
470,0,1,9
470,1,1,3
470,2,1,5
470,3,1,3
470,4,1,2
470,5,1,5
470,6,0,0
470,7,0,0
470,8,0,0
470,9,0,0
470,10,0,0
470,11,0,0
470,12,0,0
471,0,1,3
471,1,1,3
471,2,1,3
471,3,1,0
471,4,1,2
471,5,1,3
471,6,1,6
471,7,1,2
471,8,1,2
471,9,0,0
471,10,0,0
471,11,0,0
471,12,0,0
472,0,1,9
472,1,1,5
472,2,1,2
472,3,1,5
472,4,0,0
472,5,0,0
472,6,0,0
472,7,0,0
472,8,0,0
472,9,0,0
472,10,0,0
472,11,0,0
472,12,0,0
473,0,1,6
473,1,1,4
473,2,1,6
473,3,1,3
473,4,1,3
473,5,1,5
473,6,1,2
473,7,1,5
473,8,1,2
473,9,1,8
473,10,1,6
473,11,1,3
473,12,1,1
474,0,1,5
474,1,0,0
474,2,0,0
474,3,0,0
474,4,0,0
474,5,0,0
474,6,0,0
474,7,0,0
474,8,0,0
474,9,0,0
474,10,0,0
474,11,0,0
474,12,0,0
475,0,1,3
475,1,1,6
475,2,1,1
475,3,1,3
475,4,0,0
475,5,0,0
475,6,0,0
475,7,0,0
475,8,0,0
475,9,0,0
475,10,0,0
475,11,0,0
475,12,0,0
476,0,1,4
476,1,1,3
476,2,1,9
476,3,1,5
476,4,1,4
476,5,1,1
476,6,1,2
476,7,1,8
476,8,1,4
476,9,1,4
476,10,1,6
476,11,1,4
476,12,1,1
477,0,1,4
477,1,0,0
477,2,0,0
477,3,0,0
477,4,0,0
477,5,0,0
477,6,0,0
477,7,0,0
477,8,0,0
477,9,0,0
477,10,0,0
477,11,0,0
477,12,0,0
478,0,1,4
478,1,1,2
478,2,1,3
478,3,1,2
478,4,1,1
478,5,1,1
478,6,1,3
478,7,1,0
478,8,1,1
478,9,1,0
478,10,1,1
478,11,1,2
478,12,1,3
479,0,1,3
479,1,1,2
479,2,1,2
479,3,1,3
479,4,1,3
479,5,1,2
479,6,1,1
479,7,1,4
479,8,0,0
479,9,0,0
479,10,0,0
479,11,0,0
479,12,0,0
480,0,1,1
480,1,1,1
480,2,1,6
480,3,1,1
480,4,1,4
480,5,1,4
480,6,1,5
480,7,1,4
480,8,1,2
480,9,1,3
480,10,1,8
480,11,0,0
480,12,0,0
481,0,1,4
481,1,1,3
481,2,1,1
481,3,1,3
481,4,1,6
481,5,1,4
481,6,1,2
481,7,1,2
481,8,1,3
481,9,1,3
481,10,1,3
481,11,1,3
481,12,1,1
482,0,1,2
482,1,1,4
482,2,1,6
482,3,1,7
482,4,1,3
482,5,1,3
482,6,1,2
482,7,1,3
482,8,1,0
482,9,1,4
482,10,1,3
482,11,1,2
482,12,0,0
483,0,1,4
483,1,1,1
483,2,1,1
483,3,1,1
483,4,1,2
483,5,1,3
483,6,1,2
483,7,1,2
483,8,1,3
483,9,1,1
483,10,1,1
483,11,1,4
483,12,1,2
484,0,1,6
484,1,1,1
484,2,1,3
484,3,1,3
484,4,1,1
484,5,1,1
484,6,1,2
484,7,1,1
484,8,1,2
484,9,1,1
484,10,1,5
484,11,1,0
484,12,1,0
485,0,1,4
485,1,1,4
485,2,1,4
485,3,1,1
485,4,1,4
485,5,1,6
485,6,1,4
485,7,1,3
485,8,1,5
485,9,0,0
485,10,0,0
485,11,0,0
485,12,0,0
486,0,1,4
486,1,1,1
486,2,1,2
486,3,1,0
486,4,1,1
486,5,1,3
486,6,0,0
486,7,0,0
486,8,0,0
486,9,0,0
486,10,0,0
486,11,0,0
486,12,0,0
487,0,1,3
487,1,1,1
487,2,1,3
487,3,1,5
487,4,1,1
487,5,1,5
487,6,1,6
487,7,1,3
487,8,1,5
487,9,1,3
487,10,1,6
487,11,1,5
487,12,1,6
488,0,1,6
488,1,1,2
488,2,1,5
488,3,1,3
488,4,0,0
488,5,0,0
488,6,0,0
488,7,0,0
488,8,0,0
488,9,0,0
488,10,0,0
488,11,0,0
488,12,0,0
489,0,1,4
489,1,1,1
489,2,1,1
489,3,1,4
489,4,1,7
489,5,1,3
489,6,1,2
489,7,1,3
489,8,1,5
489,9,1,3
489,10,1,5
489,11,1,3
489,12,1,2
490,0,1,8
490,1,1,4
490,2,0,0
490,3,0,0
490,4,0,0
490,5,0,0
490,6,0,0
490,7,0,0
490,8,0,0
490,9,0,0
490,10,0,0
490,11,0,0
490,12,0,0
491,0,1,6
491,1,1,3
491,2,0,0
491,3,0,0
491,4,0,0
491,5,0,0
491,6,0,0
491,7,0,0
491,8,0,0
491,9,0,0
491,10,0,0
491,11,0,0
491,12,0,0
492,0,1,3
492,1,1,4
492,2,1,2
492,3,1,1
492,4,1,2
492,5,1,4
492,6,1,4
492,7,1,4
492,8,1,3
492,9,1,0
492,10,1,3
492,11,1,6
492,12,1,1
493,0,1,6
493,1,1,6
493,2,1,4
493,3,1,8
493,4,1,2
493,5,1,1
493,6,1,6
493,7,1,3
493,8,1,8
493,9,1,4
493,10,1,5
493,11,1,3
493,12,0,0
494,0,1,8
494,1,1,6
494,2,1,2
494,3,1,4
494,4,1,4
494,5,1,9
494,6,1,2
494,7,1,3
494,8,0,0
494,9,0,0
494,10,0,0
494,11,0,0
494,12,0,0
495,0,1,4
495,1,0,0
495,2,0,0
495,3,0,0
495,4,0,0
495,5,0,0
495,6,0,0
495,7,0,0
495,8,0,0
495,9,0,0
495,10,0,0
495,11,0,0
495,12,0,0
496,0,1,5
496,1,1,3
496,2,1,2
496,3,1,1
496,4,1,2
496,5,1,0
496,6,1,2
496,7,1,1
496,8,1,5
496,9,1,3
496,10,1,4
496,11,0,0
496,12,0,0
497,0,1,3
497,1,1,2
497,2,1,1
497,3,1,4
497,4,1,1
497,5,0,0
497,6,0,0
497,7,0,0
497,8,0,0
497,9,0,0
497,10,0,0
497,11,0,0
497,12,0,0
498,0,1,4
498,1,1,0
498,2,1,4
498,3,1,5
498,4,1,4
498,5,1,3
498,6,1,0
498,7,1,3
498,8,1,2
498,9,1,1
498,10,1,2
498,11,1,0
498,12,1,1
499,0,1,6
499,1,1,2
499,2,1,4
499,3,1,2
499,4,1,3
499,5,1,5
499,6,1,2
499,7,1,3
499,8,1,4
499,9,1,3
499,10,1,2
499,11,1,4
499,12,1,5
500,0,1,12
500,1,1,2
500,2,1,0
500,3,1,3
500,4,1,2
500,5,1,1
500,6,1,4
500,7,1,4
500,8,1,4
500,9,1,1
500,10,1,1
500,11,1,5
500,12,1,1
501,0,1,3
501,1,1,3
501,2,1,1
501,3,1,3
501,4,1,3
501,5,0,0
501,6,0,0
501,7,0,0
501,8,0,0
501,9,0,0
501,10,0,0
501,11,0,0
501,12,0,0
502,0,1,3
502,1,1,6
502,2,1,6
502,3,1,6
502,4,1,3
502,5,1,3
502,6,1,4
502,7,1,4
502,8,1,3
502,9,1,2
502,10,1,5
502,11,1,3
502,12,1,4
503,0,1,2
503,1,1,3
503,2,1,0
503,3,0,0
503,4,0,0
503,5,0,0
503,6,0,0
503,7,0,0
503,8,0,0
503,9,0,0
503,10,0,0
503,11,0,0
503,12,0,0
504,0,1,5
504,1,0,0
504,2,0,0
504,3,0,0
504,4,0,0
504,5,0,0
504,6,0,0
504,7,0,0
504,8,0,0
504,9,0,0
504,10,0,0
504,11,0,0
504,12,0,0
505,0,1,6
505,1,1,2
505,2,1,0
505,3,1,2
505,4,1,4
505,5,1,5
505,6,1,0
505,7,1,4
505,8,1,2
505,9,1,4
505,10,1,2
505,11,1,1
505,12,1,4
506,0,1,4
506,1,1,3
506,2,1,3
506,3,1,0
506,4,1,2
506,5,1,2
506,6,1,5
506,7,1,7
506,8,1,3
506,9,1,6
506,10,1,3
506,11,1,2
506,12,1,2
507,0,1,3
507,1,1,3
507,2,1,0
507,3,1,1
507,4,0,0
507,5,0,0
507,6,0,0
507,7,0,0
507,8,0,0
507,9,0,0
507,10,0,0
507,11,0,0
507,12,0,0
508,0,1,4
508,1,1,4
508,2,1,3
508,3,1,3
508,4,1,3
508,5,1,2
508,6,1,2
508,7,1,4
508,8,1,1
508,9,1,2
508,10,1,0
508,11,1,1
508,12,1,3
509,0,1,4
509,1,1,4
509,2,1,3
509,3,1,2
509,4,1,3
509,5,1,1
509,6,1,6
509,7,0,0
509,8,0,0
509,9,0,0
509,10,0,0
509,11,0,0
509,12,0,0
510,0,1,4
510,1,1,3
510,2,1,4
510,3,0,0
510,4,0,0
510,5,0,0
510,6,0,0
510,7,0,0
510,8,0,0
510,9,0,0
510,10,0,0
510,11,0,0
510,12,0,0
511,0,1,5
511,1,1,6
511,2,1,4
511,3,1,2
511,4,1,4
511,5,1,1
511,6,1,2
511,7,1,3
511,8,1,4
511,9,1,2
511,10,1,4
511,11,1,9
511,12,1,2
512,0,1,6
512,1,1,4
512,2,1,2
512,3,1,3
512,4,1,4
512,5,1,8
512,6,1,3
512,7,1,2
512,8,1,2
512,9,1,3
512,10,1,2
512,11,1,0
512,12,1,1
513,0,1,2
513,1,1,1
513,2,1,1
513,3,1,2
513,4,1,1
513,5,1,5
513,6,1,2
513,7,1,2
513,8,1,5
513,9,1,2
513,10,0,0
513,11,0,0
513,12,0,0
514,0,1,6
514,1,1,1
514,2,1,1
514,3,1,3
514,4,1,1
514,5,1,1
514,6,1,3
514,7,1,3
514,8,1,4
514,9,1,1
514,10,1,3
514,11,1,2
514,12,1,3
515,0,1,5
515,1,1,3
515,2,1,2
515,3,1,4
515,4,1,3
515,5,1,2
515,6,1,3
515,7,1,4
515,8,1,3
515,9,1,2
515,10,1,4
515,11,1,4
515,12,1,0
516,0,1,7
516,1,0,0
516,2,0,0
516,3,0,0
516,4,0,0
516,5,0,0
516,6,0,0
516,7,0,0
516,8,0,0
516,9,0,0
516,10,0,0
516,11,0,0
516,12,0,0
517,0,1,6
517,1,1,5
517,2,1,4
517,3,0,0
517,4,0,0
517,5,0,0
517,6,0,0
517,7,0,0
517,8,0,0
517,9,0,0
517,10,0,0
517,11,0,0
517,12,0,0
518,0,1,6
518,1,1,4
518,2,1,2
518,3,1,6
518,4,1,2
518,5,1,4
518,6,1,2
518,7,1,3
518,8,1,4
518,9,1,2
518,10,1,5
518,11,1,2
518,12,1,2
519,0,1,4
519,1,1,3
519,2,0,0
519,3,0,0
519,4,0,0
519,5,0,0
519,6,0,0
519,7,0,0
519,8,0,0
519,9,0,0
519,10,0,0
519,11,0,0
519,12,0,0
520,0,1,8
520,1,1,4
520,2,1,4
520,3,1,5
520,4,1,4
520,5,1,7
520,6,1,2
520,7,1,1
520,8,1,1
520,9,1,3
520,10,1,2
520,11,1,1
520,12,1,7
521,0,1,7
521,1,1,0
521,2,1,1
521,3,1,0
521,4,1,0
521,5,1,7
521,6,1,1
521,7,1,2
521,8,1,1
521,9,1,1
521,10,1,3
521,11,1,2
521,12,1,1
522,0,1,5
522,1,1,3
522,2,1,1
522,3,1,2
522,4,0,0
522,5,0,0
522,6,0,0
522,7,0,0
522,8,0,0
522,9,0,0
522,10,0,0
522,11,0,0
522,12,0,0
523,0,1,9
523,1,1,4
523,2,1,2
523,3,1,3
523,4,1,4
523,5,0,0
523,6,0,0
523,7,0,0
523,8,0,0
523,9,0,0
523,10,0,0
523,11,0,0
523,12,0,0
524,0,1,3
524,1,1,7
524,2,1,10
524,3,1,3
524,4,1,7
524,5,1,3
524,6,1,5
524,7,1,3
524,8,1,5
524,9,1,2
524,10,1,2
524,11,1,6
524,12,1,3
525,0,1,8
525,1,1,1
525,2,1,1
525,3,1,3
525,4,1,5
525,5,1,4
525,6,1,3
525,7,1,4
525,8,1,2
525,9,1,2
525,10,1,2
525,11,1,2
525,12,1,3
526,0,1,6
526,1,1,3
526,2,1,4
526,3,0,0
526,4,0,0
526,5,0,0
526,6,0,0
526,7,0,0
526,8,0,0
526,9,0,0
526,10,0,0
526,11,0,0
526,12,0,0
527,0,1,3
527,1,0,0
527,2,0,0
527,3,0,0
527,4,0,0
527,5,0,0
527,6,0,0
527,7,0,0
527,8,0,0
527,9,0,0
527,10,0,0
527,11,0,0
527,12,0,0
528,0,1,3
528,1,1,6
528,2,1,3
528,3,1,6
528,4,1,3
528,5,1,2
528,6,1,6
528,7,1,3
528,8,1,3
528,9,1,5
528,10,1,3
528,11,1,6
528,12,1,1
529,0,1,7
529,1,1,3
529,2,1,1
529,3,1,3
529,4,1,2
529,5,1,3
529,6,1,2
529,7,1,1
529,8,1,5
529,9,1,1
529,10,1,2
529,11,1,2
529,12,1,2
530,0,1,9
530,1,1,2
530,2,1,2
530,3,1,2
530,4,1,3
530,5,1,2
530,6,1,2
530,7,1,0
530,8,1,2
530,9,1,1
530,10,1,1
530,11,1,4
530,12,1,1
531,0,1,2
531,1,1,3
531,2,1,5
531,3,1,2
531,4,0,0
531,5,0,0
531,6,0,0
531,7,0,0
531,8,0,0
531,9,0,0
531,10,0,0
531,11,0,0
531,12,0,0
532,0,1,5
532,1,1,5
532,2,1,1
532,3,1,2
532,4,1,1
532,5,1,3
532,6,1,2
532,7,1,1
532,8,0,0
532,9,0,0
532,10,0,0
532,11,0,0
532,12,0,0
533,0,1,3
533,1,1,4
533,2,1,1
533,3,1,0
533,4,1,4
533,5,1,4
533,6,1,1
533,7,1,5
533,8,1,8
533,9,0,0
533,10,0,0
533,11,0,0
533,12,0,0
534,0,1,1
534,1,1,0
534,2,1,0
534,3,1,1
534,4,0,0
534,5,0,0
534,6,0,0
534,7,0,0
534,8,0,0
534,9,0,0
534,10,0,0
534,11,0,0
534,12,0,0
535,0,1,8
535,1,1,3
535,2,1,1
535,3,1,4
535,4,1,2
535,5,1,4
535,6,1,1
535,7,1,1
535,8,1,3
535,9,1,5
535,10,1,3
535,11,1,5
535,12,1,4
536,0,1,6
536,1,1,4
536,2,1,6
536,3,1,4
536,4,1,4
536,5,1,2
536,6,1,4
536,7,0,0
536,8,0,0
536,9,0,0
536,10,0,0
536,11,0,0
536,12,0,0
537,0,1,5
537,1,1,1
537,2,1,3
537,3,1,6
537,4,1,1
537,5,1,4
537,6,1,5
537,7,1,1
537,8,1,2
537,9,1,0
537,10,1,4
537,11,1,1
537,12,1,2
538,0,1,7
538,1,1,5
538,2,1,3
538,3,1,4
538,4,1,2
538,5,1,1
538,6,1,3
538,7,1,4
538,8,1,2
538,9,1,2
538,10,1,6
538,11,1,3
538,12,1,1
539,0,1,4
539,1,1,3
539,2,1,2
539,3,1,1
539,4,1,4
539,5,1,1
539,6,1,1
539,7,0,0
539,8,0,0
539,9,0,0
539,10,0,0
539,11,0,0
539,12,0,0
540,0,1,5
540,1,1,5
540,2,1,0
540,3,1,2
540,4,0,0
540,5,0,0
540,6,0,0
540,7,0,0
540,8,0,0
540,9,0,0
540,10,0,0
540,11,0,0
540,12,0,0
541,0,1,5
541,1,1,2
541,2,1,0
541,3,1,0
541,4,1,5
541,5,1,3
541,6,0,0
541,7,0,0
541,8,0,0
541,9,0,0
541,10,0,0
541,11,0,0
541,12,0,0
542,0,1,3
542,1,1,1
542,2,1,1
542,3,1,2
542,4,1,3
542,5,0,0
542,6,0,0
542,7,0,0
542,8,0,0
542,9,0,0
542,10,0,0
542,11,0,0
542,12,0,0
543,0,1,6
543,1,1,6
543,2,1,2
543,3,1,1
543,4,1,0
543,5,1,2
543,6,1,5
543,7,1,3
543,8,1,3
543,9,1,6
543,10,0,0
543,11,0,0
543,12,0,0
544,0,1,9
544,1,1,2
544,2,1,5
544,3,1,6
544,4,1,1
544,5,1,3
544,6,1,1
544,7,1,4
544,8,1,3
544,9,1,5
544,10,1,1
544,11,1,2
544,12,1,2
545,0,1,8
545,1,1,5
545,2,1,1
545,3,1,3
545,4,1,3
545,5,1,3
545,6,1,1
545,7,1,4
545,8,1,5
545,9,1,3
545,10,1,4
545,11,1,3
545,12,1,1
546,0,1,4
546,1,1,2
546,2,1,4
546,3,0,0
546,4,0,0
546,5,0,0
546,6,0,0
546,7,0,0
546,8,0,0
546,9,0,0
546,10,0,0
546,11,0,0
546,12,0,0
547,0,1,6
547,1,1,3
547,2,1,4
547,3,1,2
547,4,0,0
547,5,0,0
547,6,0,0
547,7,0,0
547,8,0,0
547,9,0,0
547,10,0,0
547,11,0,0
547,12,0,0
548,0,1,3
548,1,0,0
548,2,0,0
548,3,0,0
548,4,0,0
548,5,0,0
548,6,0,0
548,7,0,0
548,8,0,0
548,9,0,0
548,10,0,0
548,11,0,0
548,12,0,0
549,0,1,3
549,1,1,3
549,2,1,5
549,3,0,0
549,4,0,0
549,5,0,0
549,6,0,0
549,7,0,0
549,8,0,0
549,9,0,0
549,10,0,0
549,11,0,0
549,12,0,0
550,0,1,4
550,1,1,2
550,2,1,0
550,3,1,2
550,4,0,0
550,5,0,0
550,6,0,0
550,7,0,0
550,8,0,0
550,9,0,0
550,10,0,0
550,11,0,0
550,12,0,0
551,0,1,6
551,1,1,2
551,2,1,2
551,3,1,5
551,4,1,1
551,5,1,1
551,6,1,3
551,7,1,0
551,8,1,1
551,9,1,0
551,10,1,2
551,11,1,3
551,12,0,0
552,0,1,5
552,1,1,4
552,2,1,2
552,3,1,3
552,4,0,0
552,5,0,0
552,6,0,0
552,7,0,0
552,8,0,0
552,9,0,0
552,10,0,0
552,11,0,0
552,12,0,0
553,0,1,6
553,1,1,4
553,2,1,2
553,3,1,0
553,4,1,7
553,5,0,0
553,6,0,0
553,7,0,0
553,8,0,0
553,9,0,0
553,10,0,0
553,11,0,0
553,12,0,0
554,0,1,3
554,1,1,2
554,2,1,4
554,3,1,4
554,4,1,0
554,5,1,0
554,6,1,2
554,7,1,8
554,8,1,2
554,9,1,3
554,10,1,3
554,11,0,0
554,12,0,0
555,0,1,5
555,1,1,2
555,2,1,4
555,3,1,3
555,4,1,3
555,5,1,1
555,6,0,0
555,7,0,0
555,8,0,0
555,9,0,0
555,10,0,0
555,11,0,0
555,12,0,0
556,0,1,4
556,1,1,2
556,2,1,1
556,3,1,2
556,4,1,7
556,5,1,3
556,6,1,3
556,7,1,0
556,8,1,4
556,9,1,6
556,10,1,2
556,11,1,4
556,12,1,2
557,0,1,5
557,1,1,2
557,2,1,3
557,3,0,0
557,4,0,0
557,5,0,0
557,6,0,0
557,7,0,0
557,8,0,0
557,9,0,0
557,10,0,0
557,11,0,0
557,12,0,0
558,0,1,4
558,1,1,4
558,2,1,4
558,3,1,3
558,4,1,2
558,5,1,1
558,6,1,4
558,7,1,2
558,8,1,4
558,9,1,6
558,10,1,2
558,11,1,3
558,12,1,1
559,0,1,4
559,1,1,7
559,2,0,0
559,3,0,0
559,4,0,0
559,5,0,0
559,6,0,0
559,7,0,0
559,8,0,0
559,9,0,0
559,10,0,0
559,11,0,0
559,12,0,0
560,0,1,9
560,1,1,5
560,2,1,3
560,3,1,0
560,4,1,4
560,5,1,3
560,6,1,5
560,7,1,1
560,8,1,4
560,9,1,4
560,10,1,2
560,11,1,0
560,12,1,1
561,0,1,7
561,1,1,4
561,2,1,0
561,3,1,1
561,4,1,1
561,5,1,1
561,6,1,2
561,7,1,1
561,8,1,1
561,9,1,2
561,10,1,2
561,11,1,2
561,12,0,0
562,0,1,6
562,1,1,5
562,2,1,4
562,3,1,6
562,4,1,4
562,5,1,4
562,6,1,4
562,7,1,2
562,8,1,6
562,9,1,7
562,10,1,5
562,11,1,2
562,12,1,6
563,0,1,8
563,1,1,2
563,2,1,2
563,3,1,2
563,4,1,0
563,5,1,3
563,6,1,1
563,7,1,0
563,8,0,0
563,9,0,0
563,10,0,0
563,11,0,0
563,12,0,0
564,0,1,1
564,1,1,1
564,2,1,1
564,3,1,3
564,4,1,2
564,5,1,0
564,6,1,2
564,7,1,4
564,8,1,3
564,9,1,1
564,10,1,2
564,11,1,4
564,12,1,5
565,0,1,3
565,1,1,3
565,2,1,1
565,3,1,1
565,4,1,5
565,5,1,3
565,6,0,0
565,7,0,0
565,8,0,0
565,9,0,0
565,10,0,0
565,11,0,0
565,12,0,0
566,0,1,6
566,1,1,4
566,2,1,1
566,3,1,1
566,4,1,5
566,5,1,4
566,6,1,4
566,7,0,0
566,8,0,0
566,9,0,0
566,10,0,0
566,11,0,0
566,12,0,0
567,0,1,5
567,1,1,5
567,2,0,0
567,3,0,0
567,4,0,0
567,5,0,0
567,6,0,0
567,7,0,0
567,8,0,0
567,9,0,0
567,10,0,0
567,11,0,0
567,12,0,0
568,0,1,7
568,1,0,0
568,2,0,0
568,3,0,0
568,4,0,0
568,5,0,0
568,6,0,0
568,7,0,0
568,8,0,0
568,9,0,0
568,10,0,0
568,11,0,0
568,12,0,0
569,0,1,4
569,1,0,0
569,2,0,0
569,3,0,0
569,4,0,0
569,5,0,0
569,6,0,0
569,7,0,0
569,8,0,0
569,9,0,0
569,10,0,0
569,11,0,0
569,12,0,0
570,0,1,5
570,1,1,1
570,2,1,3
570,3,1,4
570,4,0,0
570,5,0,0
570,6,0,0
570,7,0,0
570,8,0,0
570,9,0,0
570,10,0,0
570,11,0,0
570,12,0,0
571,0,1,6
571,1,0,0
571,2,0,0
571,3,0,0
571,4,0,0
571,5,0,0
571,6,0,0
571,7,0,0
571,8,0,0
571,9,0,0
571,10,0,0
571,11,0,0
571,12,0,0
572,0,1,8
572,1,1,5
572,2,1,3
572,3,0,0
572,4,0,0
572,5,0,0
572,6,0,0
572,7,0,0
572,8,0,0
572,9,0,0
572,10,0,0
572,11,0,0
572,12,0,0
573,0,1,4
573,1,1,3
573,2,1,4
573,3,1,4
573,4,1,3
573,5,1,4
573,6,1,1
573,7,1,5
573,8,1,4
573,9,1,2
573,10,1,1
573,11,1,1
573,12,1,5
574,0,1,4
574,1,1,5
574,2,1,5
574,3,1,3
574,4,1,6
574,5,1,3
574,6,1,3
574,7,1,0
574,8,1,5
574,9,1,1
574,10,1,3
574,11,1,6
574,12,1,4
575,0,1,3
575,1,1,4
575,2,1,3
575,3,1,2
575,4,1,5
575,5,1,4
575,6,1,2
575,7,1,4
575,8,1,3
575,9,1,3
575,10,1,1
575,11,1,5
575,12,1,6
576,0,1,4
576,1,1,2
576,2,1,4
576,3,1,5
576,4,1,5
576,5,1,1
576,6,0,0
576,7,0,0
576,8,0,0
576,9,0,0
576,10,0,0
576,11,0,0
576,12,0,0
577,0,1,5
577,1,1,4
577,2,0,0
577,3,0,0
577,4,0,0
577,5,0,0
577,6,0,0
577,7,0,0
577,8,0,0
577,9,0,0
577,10,0,0
577,11,0,0
577,12,0,0
578,0,1,7
578,1,1,7
578,2,1,3
578,3,1,5
578,4,1,2
578,5,1,4
578,6,1,4
578,7,1,4
578,8,1,5
578,9,1,2
578,10,1,10
578,11,1,6
578,12,1,2
579,0,1,2
579,1,1,4
579,2,1,2
579,3,1,0
579,4,1,2
579,5,1,1
579,6,1,2
579,7,0,0
579,8,0,0
579,9,0,0
579,10,0,0
579,11,0,0
579,12,0,0
580,0,1,4
580,1,1,4
580,2,1,4
580,3,1,3
580,4,1,5
580,5,1,3
580,6,1,4
580,7,1,3
580,8,1,6
580,9,1,4
580,10,0,0
580,11,0,0
580,12,0,0
581,0,1,9
581,1,1,5
581,2,1,3
581,3,1,5
581,4,1,5
581,5,1,2
581,6,0,0
581,7,0,0
581,8,0,0
581,9,0,0
581,10,0,0
581,11,0,0
581,12,0,0
582,0,1,5
582,1,0,0
582,2,0,0
582,3,0,0
582,4,0,0
582,5,0,0
582,6,0,0
582,7,0,0
582,8,0,0
582,9,0,0
582,10,0,0
582,11,0,0
582,12,0,0
583,0,1,7
583,1,1,5
583,2,1,4
583,3,1,5
583,4,1,3
583,5,1,3
583,6,1,5
583,7,1,2
583,8,1,8
583,9,1,2
583,10,1,3
583,11,1,4
583,12,1,3
584,0,1,6
584,1,1,1
584,2,1,3
584,3,1,2
584,4,1,4
584,5,1,2
584,6,1,2
584,7,1,1
584,8,1,3
584,9,0,0
584,10,0,0
584,11,0,0
584,12,0,0
585,0,1,3
585,1,1,3
585,2,1,2
585,3,1,2
585,4,1,2
585,5,1,5
585,6,1,5
585,7,1,3
585,8,1,6
585,9,1,4
585,10,1,2
585,11,1,2
585,12,1,2
586,0,1,6
586,1,1,1
586,2,1,5
586,3,1,6
586,4,1,1
586,5,1,1
586,6,1,1
586,7,1,1
586,8,1,4
586,9,1,4
586,10,1,2
586,11,1,1
586,12,0,0
587,0,1,8
587,1,1,2
587,2,0,0
587,3,0,0
587,4,0,0
587,5,0,0
587,6,0,0
587,7,0,0
587,8,0,0
587,9,0,0
587,10,0,0
587,11,0,0
587,12,0,0
588,0,1,7
588,1,1,2
588,2,0,0
588,3,0,0
588,4,0,0
588,5,0,0
588,6,0,0
588,7,0,0
588,8,0,0
588,9,0,0
588,10,0,0
588,11,0,0
588,12,0,0
589,0,1,4
589,1,1,8
589,2,1,3
589,3,1,5
589,4,1,1
589,5,1,4
589,6,1,0
589,7,1,7
589,8,1,4
589,9,0,0
589,10,0,0
589,11,0,0
589,12,0,0
590,0,1,5
590,1,1,5
590,2,1,6
590,3,1,4
590,4,1,4
590,5,1,4
590,6,1,3
590,7,1,5
590,8,1,4
590,9,1,2
590,10,1,3
590,11,1,2
590,12,1,3
591,0,1,4
591,1,1,1
591,2,1,3
591,3,1,2
591,4,1,1
591,5,1,3
591,6,0,0
591,7,0,0
591,8,0,0
591,9,0,0
591,10,0,0
591,11,0,0
591,12,0,0
592,0,1,4
592,1,1,9
592,2,1,4
592,3,1,5
592,4,1,3
592,5,1,6
592,6,1,3
592,7,1,3
592,8,1,5
592,9,1,3
592,10,1,4
592,11,1,6
592,12,1,3
593,0,1,4
593,1,1,2
593,2,1,4
593,3,0,0
593,4,0,0
593,5,0,0
593,6,0,0
593,7,0,0
593,8,0,0
593,9,0,0
593,10,0,0
593,11,0,0
593,12,0,0
594,0,1,4
594,1,1,3
594,2,1,3
594,3,1,1
594,4,1,1
594,5,1,2
594,6,1,1
594,7,1,2
594,8,1,2
594,9,1,1
594,10,1,4
594,11,1,1
594,12,1,2
595,0,1,2
595,1,1,4
595,2,1,3
595,3,1,0
595,4,1,1
595,5,0,0
595,6,0,0
595,7,0,0
595,8,0,0
595,9,0,0
595,10,0,0
595,11,0,0
595,12,0,0
596,0,1,2
596,1,1,3
596,2,1,2
596,3,1,3
596,4,1,3
596,5,1,0
596,6,0,0
596,7,0,0
596,8,0,0
596,9,0,0
596,10,0,0
596,11,0,0
596,12,0,0
597,0,1,7
597,1,1,2
597,2,0,0
597,3,0,0
597,4,0,0
597,5,0,0
597,6,0,0
597,7,0,0
597,8,0,0
597,9,0,0
597,10,0,0
597,11,0,0
597,12,0,0
598,0,1,2
598,1,1,1
598,2,1,3
598,3,1,0
598,4,1,5
598,5,0,0
598,6,0,0
598,7,0,0
598,8,0,0
598,9,0,0
598,10,0,0
598,11,0,0
598,12,0,0
599,0,1,5
599,1,1,7
599,2,0,0
599,3,0,0
599,4,0,0
599,5,0,0
599,6,0,0
599,7,0,0
599,8,0,0
599,9,0,0
599,10,0,0
599,11,0,0
599,12,0,0
600,0,1,8
600,1,1,3
600,2,1,3
600,3,1,1
600,4,1,2
600,5,1,1
600,6,0,0
600,7,0,0
600,8,0,0
600,9,0,0
600,10,0,0
600,11,0,0
600,12,0,0
601,0,1,3
601,1,0,0
601,2,0,0
601,3,0,0
601,4,0,0
601,5,0,0
601,6,0,0
601,7,0,0
601,8,0,0
601,9,0,0
601,10,0,0
601,11,0,0
601,12,0,0
602,0,1,5
602,1,1,4
602,2,1,2
602,3,1,3
602,4,1,1
602,5,1,4
602,6,1,2
602,7,1,2
602,8,1,0
602,9,1,4
602,10,1,2
602,11,1,4
602,12,1,7
603,0,1,7
603,1,1,2
603,2,1,1
603,3,1,3
603,4,1,4
603,5,1,7
603,6,1,4
603,7,1,2
603,8,1,4
603,9,1,1
603,10,1,9
603,11,1,3
603,12,1,6
604,0,1,7
604,1,1,4
604,2,1,2
604,3,1,5
604,4,1,1
604,5,1,2
604,6,0,0
604,7,0,0
604,8,0,0
604,9,0,0
604,10,0,0
604,11,0,0
604,12,0,0
605,0,1,6
605,1,1,2
605,2,1,5
605,3,1,3
605,4,1,1
605,5,1,2
605,6,0,0
605,7,0,0
605,8,0,0
605,9,0,0
605,10,0,0
605,11,0,0
605,12,0,0
606,0,1,3
606,1,1,6
606,2,1,5
606,3,0,0
606,4,0,0
606,5,0,0
606,6,0,0
606,7,0,0
606,8,0,0
606,9,0,0
606,10,0,0
606,11,0,0
606,12,0,0
607,0,1,4
607,1,1,4
607,2,0,0
607,3,0,0
607,4,0,0
607,5,0,0
607,6,0,0
607,7,0,0
607,8,0,0
607,9,0,0
607,10,0,0
607,11,0,0
607,12,0,0
608,0,1,8
608,1,1,3
608,2,1,2
608,3,1,2
608,4,1,3
608,5,1,8
608,6,1,1
608,7,1,4
608,8,1,6
608,9,1,5
608,10,1,3
608,11,0,0
608,12,0,0
609,0,1,7
609,1,1,5
609,2,1,1
609,3,1,8
609,4,1,5
609,5,1,2
609,6,1,3
609,7,1,3
609,8,1,1
609,9,0,0
609,10,0,0
609,11,0,0
609,12,0,0
610,0,1,3
610,1,1,2
610,2,1,3
610,3,1,2
610,4,1,3
610,5,1,7
610,6,1,1
610,7,1,3
610,8,1,3
610,9,1,1
610,10,1,4
610,11,1,4
610,12,1,2
611,0,1,4
611,1,1,4
611,2,0,0
611,3,0,0
611,4,0,0
611,5,0,0
611,6,0,0
611,7,0,0
611,8,0,0
611,9,0,0
611,10,0,0
611,11,0,0
611,12,0,0
612,0,1,4
612,1,1,4
612,2,1,2
612,3,1,2
612,4,1,2
612,5,1,1
612,6,1,1
612,7,1,6
612,8,1,2
612,9,1,1
612,10,1,3
612,11,0,0
612,12,0,0
613,0,1,4
613,1,1,3
613,2,1,6
613,3,1,2
613,4,1,3
613,5,1,7
613,6,1,1
613,7,1,2
613,8,1,2
613,9,1,3
613,10,1,6
613,11,1,2
613,12,1,2
614,0,1,3
614,1,1,4
614,2,1,3
614,3,0,0
614,4,0,0
614,5,0,0
614,6,0,0
614,7,0,0
614,8,0,0
614,9,0,0
614,10,0,0
614,11,0,0
614,12,0,0
615,0,1,6
615,1,1,6
615,2,1,3
615,3,1,3
615,4,0,0
615,5,0,0
615,6,0,0
615,7,0,0
615,8,0,0
615,9,0,0
615,10,0,0
615,11,0,0
615,12,0,0
616,0,1,5
616,1,1,3
616,2,0,0
616,3,0,0
616,4,0,0
616,5,0,0
616,6,0,0
616,7,0,0
616,8,0,0
616,9,0,0
616,10,0,0
616,11,0,0
616,12,0,0
617,0,1,5
617,1,1,2
617,2,1,3
617,3,1,3
617,4,1,4
617,5,1,3
617,6,1,3
617,7,1,3
617,8,1,3
617,9,1,2
617,10,1,5
617,11,1,5
617,12,1,6
618,0,1,2
618,1,1,5
618,2,1,5
618,3,1,2
618,4,1,2
618,5,1,4
618,6,0,0
618,7,0,0
618,8,0,0
618,9,0,0
618,10,0,0
618,11,0,0
618,12,0,0
619,0,1,5
619,1,1,8
619,2,1,2
619,3,1,5
619,4,1,4
619,5,1,4
619,6,1,0
619,7,1,4
619,8,1,4
619,9,1,4
619,10,1,4
619,11,1,1
619,12,1,7
620,0,1,3
620,1,1,2
620,2,1,1
620,3,1,3
620,4,1,2
620,5,1,2
620,6,1,3
620,7,1,3
620,8,1,5
620,9,1,3
620,10,1,4
620,11,1,5
620,12,1,6
621,0,1,7
621,1,1,7
621,2,1,6
621,3,1,5
621,4,1,4
621,5,1,2
621,6,1,2
621,7,1,4
621,8,1,2
621,9,1,5
621,10,0,0
621,11,0,0
621,12,0,0
622,0,1,3
622,1,1,3
622,2,1,4
622,3,0,0
622,4,0,0
622,5,0,0
622,6,0,0
622,7,0,0
622,8,0,0
622,9,0,0
622,10,0,0
622,11,0,0
622,12,0,0
623,0,1,7
623,1,0,0
623,2,0,0
623,3,0,0
623,4,0,0
623,5,0,0
623,6,0,0
623,7,0,0
623,8,0,0
623,9,0,0
623,10,0,0
623,11,0,0
623,12,0,0
624,0,1,5
624,1,0,0
624,2,0,0
624,3,0,0
624,4,0,0
624,5,0,0
624,6,0,0
624,7,0,0
624,8,0,0
624,9,0,0
624,10,0,0
624,11,0,0
624,12,0,0
625,0,1,5
625,1,1,5
625,2,1,5
625,3,1,4
625,4,1,2
625,5,1,3
625,6,1,5
625,7,1,3
625,8,1,0
625,9,1,3
625,10,1,1
625,11,1,7
625,12,1,2
626,0,1,5
626,1,0,0
626,2,0,0
626,3,0,0
626,4,0,0
626,5,0,0
626,6,0,0
626,7,0,0
626,8,0,0
626,9,0,0
626,10,0,0
626,11,0,0
626,12,0,0
627,0,1,6
627,1,1,1
627,2,1,7
627,3,1,0
627,4,1,1
627,5,1,5
627,6,0,0
627,7,0,0
627,8,0,0
627,9,0,0
627,10,0,0
627,11,0,0
627,12,0,0
628,0,1,5
628,1,0,0
628,2,0,0
628,3,0,0
628,4,0,0
628,5,0,0
628,6,0,0
628,7,0,0
628,8,0,0
628,9,0,0
628,10,0,0
628,11,0,0
628,12,0,0
629,0,1,4
629,1,1,3
629,2,1,4
629,3,1,5
629,4,1,1
629,5,1,1
629,6,1,4
629,7,1,3
629,8,1,3
629,9,1,2
629,10,0,0
629,11,0,0
629,12,0,0
630,0,1,2
630,1,1,4
630,2,1,1
630,3,1,0
630,4,1,3
630,5,1,3
630,6,1,0
630,7,1,0
630,8,1,3
630,9,0,0
630,10,0,0
630,11,0,0
630,12,0,0
631,0,1,9
631,1,1,3
631,2,1,0
631,3,1,2
631,4,0,0
631,5,0,0
631,6,0,0
631,7,0,0
631,8,0,0
631,9,0,0
631,10,0,0
631,11,0,0
631,12,0,0
632,0,1,4
632,1,1,2
632,2,1,2
632,3,1,7
632,4,1,4
632,5,0,0
632,6,0,0
632,7,0,0
632,8,0,0
632,9,0,0
632,10,0,0
632,11,0,0
632,12,0,0
633,0,1,3
633,1,1,2
633,2,0,0
633,3,0,0
633,4,0,0
633,5,0,0
633,6,0,0
633,7,0,0
633,8,0,0
633,9,0,0
633,10,0,0
633,11,0,0
633,12,0,0
634,0,1,7
634,1,1,3
634,2,1,10
634,3,0,0
634,4,0,0
634,5,0,0
634,6,0,0
634,7,0,0
634,8,0,0
634,9,0,0
634,10,0,0
634,11,0,0
634,12,0,0
635,0,1,3
635,1,1,2
635,2,1,3
635,3,1,2
635,4,1,7
635,5,1,2
635,6,1,1
635,7,1,4
635,8,1,3
635,9,0,0
635,10,0,0
635,11,0,0
635,12,0,0
636,0,1,8
636,1,1,2
636,2,1,4
636,3,1,2
636,4,1,2
636,5,1,4
636,6,1,0
636,7,0,0
636,8,0,0
636,9,0,0
636,10,0,0
636,11,0,0
636,12,0,0
637,0,1,6
637,1,1,6
637,2,1,2
637,3,1,4
637,4,1,3
637,5,1,1
637,6,1,6
637,7,1,2
637,8,1,3
637,9,1,5
637,10,0,0
637,11,0,0
637,12,0,0
638,0,1,5
638,1,1,2
638,2,1,2
638,3,1,3
638,4,1,1
638,5,1,1
638,6,1,4
638,7,1,4
638,8,1,3
638,9,1,4
638,10,1,2
638,11,1,3
638,12,1,1
639,0,1,5
639,1,1,2
639,2,1,2
639,3,1,1
639,4,1,3
639,5,1,2
639,6,1,0
639,7,1,3
639,8,1,3
639,9,1,2
639,10,1,1
639,11,1,0
639,12,1,3
640,0,1,7
640,1,1,1
640,2,1,2
640,3,1,4
640,4,1,2
640,5,1,2
640,6,1,2
640,7,0,0
640,8,0,0
640,9,0,0
640,10,0,0
640,11,0,0
640,12,0,0
641,0,1,6
641,1,1,0
641,2,0,0
641,3,0,0
641,4,0,0
641,5,0,0
641,6,0,0
641,7,0,0
641,8,0,0
641,9,0,0
641,10,0,0
641,11,0,0
641,12,0,0
642,0,1,2
642,1,1,5
642,2,1,2
642,3,1,3
642,4,0,0
642,5,0,0
642,6,0,0
642,7,0,0
642,8,0,0
642,9,0,0
642,10,0,0
642,11,0,0
642,12,0,0
643,0,1,7
643,1,1,5
643,2,1,4
643,3,1,5
643,4,0,0
643,5,0,0
643,6,0,0
643,7,0,0
643,8,0,0
643,9,0,0
643,10,0,0
643,11,0,0
643,12,0,0
644,0,1,2
644,1,1,1
644,2,1,6
644,3,1,2
644,4,1,2
644,5,1,2
644,6,1,1
644,7,1,3
644,8,1,3
644,9,0,0
644,10,0,0
644,11,0,0
644,12,0,0
645,0,1,3
645,1,1,5
645,2,1,1
645,3,1,2
645,4,1,2
645,5,1,3
645,6,1,4
645,7,0,0
645,8,0,0
645,9,0,0
645,10,0,0
645,11,0,0
645,12,0,0
646,0,1,4
646,1,1,3
646,2,1,4
646,3,1,2
646,4,1,3
646,5,1,5
646,6,0,0
646,7,0,0
646,8,0,0
646,9,0,0
646,10,0,0
646,11,0,0
646,12,0,0
647,0,1,6
647,1,1,4
647,2,1,4
647,3,1,4
647,4,0,0
647,5,0,0
647,6,0,0
647,7,0,0
647,8,0,0
647,9,0,0
647,10,0,0
647,11,0,0
647,12,0,0
648,0,1,4
648,1,0,0
648,2,0,0
648,3,0,0
648,4,0,0
648,5,0,0
648,6,0,0
648,7,0,0
648,8,0,0
648,9,0,0
648,10,0,0
648,11,0,0
648,12,0,0
649,0,1,4
649,1,1,6
649,2,1,3
649,3,1,4
649,4,1,0
649,5,1,2
649,6,1,4
649,7,1,1
649,8,1,5
649,9,1,3
649,10,1,4
649,11,1,4
649,12,0,0
650,0,1,2
650,1,1,7
650,2,1,5
650,3,1,3
650,4,1,4
650,5,1,8
650,6,1,4
650,7,1,1
650,8,1,5
650,9,1,6
650,10,1,5
650,11,1,2
650,12,1,2
651,0,1,4
651,1,1,3
651,2,1,5
651,3,1,4
651,4,1,4
651,5,1,2
651,6,1,1
651,7,1,2
651,8,1,5
651,9,1,3
651,10,1,2
651,11,1,4
651,12,1,1
652,0,1,6
652,1,1,3
652,2,1,5
652,3,0,0
652,4,0,0
652,5,0,0
652,6,0,0
652,7,0,0
652,8,0,0
652,9,0,0
652,10,0,0
652,11,0,0
652,12,0,0
653,0,1,6
653,1,1,3
653,2,0,0
653,3,0,0
653,4,0,0
653,5,0,0
653,6,0,0
653,7,0,0
653,8,0,0
653,9,0,0
653,10,0,0
653,11,0,0
653,12,0,0
654,0,1,7
654,1,1,5
654,2,1,3
654,3,1,5
654,4,1,3
654,5,1,2
654,6,1,2
654,7,1,1
654,8,1,2
654,9,1,1
654,10,1,1
654,11,1,1
654,12,1,3
655,0,1,2
655,1,1,5
655,2,1,5
655,3,1,7
655,4,1,2
655,5,1,4
655,6,0,0
655,7,0,0
655,8,0,0
655,9,0,0
655,10,0,0
655,11,0,0
655,12,0,0
656,0,1,5
656,1,1,3
656,2,1,2
656,3,1,4
656,4,1,4
656,5,1,5
656,6,1,2
656,7,1,2
656,8,1,3
656,9,1,4
656,10,1,0
656,11,1,7
656,12,1,4
657,0,1,6
657,1,1,2
657,2,1,0
657,3,1,5
657,4,1,2
657,5,1,0
657,6,1,5
657,7,1,0
657,8,1,2
657,9,1,1
657,10,1,0
657,11,1,2
657,12,1,2
658,0,1,5
658,1,1,4
658,2,0,0
658,3,0,0
658,4,0,0
658,5,0,0
658,6,0,0
658,7,0,0
658,8,0,0
658,9,0,0
658,10,0,0
658,11,0,0
658,12,0,0
659,0,1,3
659,1,1,0
659,2,1,1
659,3,1,2
659,4,1,2
659,5,1,3
659,6,1,3
659,7,1,1
659,8,1,4
659,9,1,4
659,10,1,3
659,11,1,1
659,12,1,6
660,0,1,6
660,1,1,2
660,2,1,5
660,3,1,3
660,4,1,7
660,5,1,3
660,6,1,4
660,7,1,5
660,8,1,10
660,9,1,3
660,10,1,3
660,11,1,3
660,12,1,4
661,0,1,1
661,1,1,3
661,2,0,0
661,3,0,0
661,4,0,0
661,5,0,0
661,6,0,0
661,7,0,0
661,8,0,0
661,9,0,0
661,10,0,0
661,11,0,0
661,12,0,0
662,0,1,5
662,1,1,9
662,2,1,2
662,3,1,4
662,4,1,6
662,5,1,3
662,6,1,2
662,7,1,2
662,8,1,3
662,9,1,4
662,10,0,0
662,11,0,0
662,12,0,0
663,0,1,5
663,1,1,4
663,2,1,2
663,3,1,6
663,4,1,6
663,5,0,0
663,6,0,0
663,7,0,0
663,8,0,0
663,9,0,0
663,10,0,0
663,11,0,0
663,12,0,0
664,0,1,3
664,1,1,4
664,2,0,0
664,3,0,0
664,4,0,0
664,5,0,0
664,6,0,0
664,7,0,0
664,8,0,0
664,9,0,0
664,10,0,0
664,11,0,0
664,12,0,0
665,0,1,3
665,1,1,3
665,2,1,2
665,3,1,3
665,4,0,0
665,5,0,0
665,6,0,0
665,7,0,0
665,8,0,0
665,9,0,0
665,10,0,0
665,11,0,0
665,12,0,0
666,0,1,4
666,1,1,4
666,2,1,4
666,3,1,9
666,4,1,2
666,5,1,3
666,6,0,0
666,7,0,0
666,8,0,0
666,9,0,0
666,10,0,0
666,11,0,0
666,12,0,0
667,0,1,3
667,1,1,3
667,2,1,2
667,3,1,1
667,4,1,3
667,5,1,2
667,6,1,2
667,7,1,0
667,8,1,2
667,9,1,2
667,10,1,4
667,11,1,1
667,12,1,1
668,0,1,5
668,1,1,5
668,2,1,6
668,3,1,2
668,4,1,5
668,5,1,2
668,6,1,2
668,7,1,2
668,8,1,5
668,9,1,1
668,10,1,4
668,11,1,3
668,12,1,2
669,0,1,6
669,1,1,3
669,2,1,6
669,3,1,1
669,4,0,0
669,5,0,0
669,6,0,0
669,7,0,0
669,8,0,0
669,9,0,0
669,10,0,0
669,11,0,0
669,12,0,0
670,0,1,4
670,1,1,2
670,2,1,2
670,3,1,2
670,4,0,0
670,5,0,0
670,6,0,0
670,7,0,0
670,8,0,0
670,9,0,0
670,10,0,0
670,11,0,0
670,12,0,0
671,0,1,3
671,1,1,3
671,2,0,0
671,3,0,0
671,4,0,0
671,5,0,0
671,6,0,0
671,7,0,0
671,8,0,0
671,9,0,0
671,10,0,0
671,11,0,0
671,12,0,0
672,0,1,2
672,1,1,2
672,2,1,0
672,3,1,1
672,4,1,2
672,5,1,1
672,6,0,0
672,7,0,0
672,8,0,0
672,9,0,0
672,10,0,0
672,11,0,0
672,12,0,0
673,0,1,5
673,1,1,1
673,2,1,0
673,3,1,0
673,4,1,1
673,5,1,0
673,6,1,0
673,7,1,3
673,8,1,4
673,9,1,3
673,10,1,3
673,11,0,0
673,12,0,0
674,0,1,6
674,1,1,0
674,2,1,6
674,3,1,3
674,4,1,4
674,5,1,3
674,6,1,3
674,7,1,4
674,8,1,2
674,9,1,3
674,10,1,3
674,11,0,0
674,12,0,0
675,0,1,4
675,1,1,1
675,2,1,4
675,3,1,0
675,4,1,4
675,5,1,5
675,6,1,3
675,7,1,3
675,8,1,2
675,9,1,3
675,10,1,3
675,11,1,4
675,12,0,0
676,0,1,5
676,1,1,2
676,2,1,2
676,3,1,5
676,4,1,2
676,5,1,5
676,6,1,4
676,7,1,2
676,8,1,3
676,9,0,0
676,10,0,0
676,11,0,0
676,12,0,0
677,0,1,1
677,1,1,5
677,2,1,1
677,3,0,0
677,4,0,0
677,5,0,0
677,6,0,0
677,7,0,0
677,8,0,0
677,9,0,0
677,10,0,0
677,11,0,0
677,12,0,0
678,0,1,3
678,1,1,1
678,2,1,1
678,3,1,1
678,4,1,1
678,5,1,2
678,6,1,5
678,7,1,0
678,8,1,2
678,9,1,3
678,10,1,4
678,11,1,0
678,12,1,1
679,0,1,3
679,1,1,0
679,2,1,0
679,3,1,2
679,4,0,0
679,5,0,0
679,6,0,0
679,7,0,0
679,8,0,0
679,9,0,0
679,10,0,0
679,11,0,0
679,12,0,0
680,0,1,13
680,1,1,3
680,2,1,1
680,3,1,2
680,4,1,1
680,5,1,3
680,6,1,0
680,7,1,3
680,8,1,1
680,9,1,3
680,10,1,3
680,11,1,2
680,12,0,0
681,0,1,3
681,1,1,5
681,2,1,5
681,3,1,4
681,4,1,7
681,5,1,3
681,6,1,2
681,7,1,3
681,8,1,2
681,9,1,8
681,10,1,1
681,11,1,1
681,12,1,4
682,0,1,2
682,1,1,3
682,2,1,4
682,3,1,3
682,4,1,1
682,5,1,7
682,6,0,0
682,7,0,0
682,8,0,0
682,9,0,0
682,10,0,0
682,11,0,0
682,12,0,0
683,0,1,4
683,1,1,3
683,2,1,3
683,3,1,2
683,4,1,8
683,5,1,3
683,6,1,3
683,7,1,8
683,8,1,2
683,9,1,3
683,10,1,4
683,11,1,3
683,12,1,2
684,0,1,3
684,1,1,4
684,2,1,1
684,3,1,1
684,4,1,0
684,5,1,4
684,6,1,1
684,7,1,4
684,8,1,4
684,9,1,1
684,10,1,2
684,11,1,3
684,12,1,1
685,0,1,3
685,1,1,5
685,2,1,3
685,3,1,5
685,4,1,1
685,5,1,0
685,6,0,0
685,7,0,0
685,8,0,0
685,9,0,0
685,10,0,0
685,11,0,0
685,12,0,0
686,0,1,3
686,1,1,6
686,2,1,4
686,3,1,6
686,4,1,6
686,5,1,2
686,6,1,1
686,7,1,2
686,8,1,7
686,9,1,4
686,10,1,1
686,11,1,5
686,12,1,2
687,0,1,5
687,1,1,2
687,2,1,7
687,3,1,4
687,4,1,2
687,5,1,5
687,6,1,4
687,7,1,1
687,8,1,4
687,9,1,2
687,10,0,0
687,11,0,0
687,12,0,0
688,0,1,5
688,1,1,3
688,2,1,2
688,3,1,2
688,4,1,1
688,5,1,4
688,6,1,3
688,7,1,2
688,8,1,3
688,9,1,3
688,10,1,4
688,11,1,3
688,12,1,0
689,0,1,4
689,1,1,4
689,2,1,6
689,3,1,3
689,4,0,0
689,5,0,0
689,6,0,0
689,7,0,0
689,8,0,0
689,9,0,0
689,10,0,0
689,11,0,0
689,12,0,0
690,0,1,6
690,1,1,1
690,2,1,1
690,3,1,4
690,4,1,1
690,5,1,3
690,6,1,3
690,7,1,0
690,8,1,1
690,9,1,4
690,10,1,5
690,11,1,1
690,12,1,3
691,0,1,5
691,1,1,4
691,2,0,0
691,3,0,0
691,4,0,0
691,5,0,0
691,6,0,0
691,7,0,0
691,8,0,0
691,9,0,0
691,10,0,0
691,11,0,0
691,12,0,0
692,0,1,8
692,1,1,1
692,2,0,0
692,3,0,0
692,4,0,0
692,5,0,0
692,6,0,0
692,7,0,0
692,8,0,0
692,9,0,0
692,10,0,0
692,11,0,0
692,12,0,0
693,0,1,5
693,1,1,4
693,2,1,2
693,3,1,5
693,4,1,4
693,5,1,3
693,6,1,2
693,7,1,3
693,8,1,3
693,9,1,4
693,10,1,4
693,11,1,1
693,12,1,5
694,0,1,11
694,1,1,0
694,2,1,1
694,3,1,1
694,4,1,1
694,5,1,1
694,6,1,3
694,7,1,2
694,8,1,6
694,9,1,2
694,10,1,5
694,11,0,0
694,12,0,0
695,0,1,7
695,1,1,4
695,2,1,4
695,3,1,3
695,4,1,3
695,5,1,4
695,6,1,2
695,7,1,4
695,8,1,0
695,9,1,2
695,10,1,8
695,11,1,4
695,12,1,6
696,0,1,6
696,1,1,4
696,2,1,1
696,3,1,2
696,4,1,5
696,5,1,1
696,6,1,4
696,7,1,1
696,8,1,2
696,9,1,1
696,10,1,0
696,11,1,3
696,12,1,2
697,0,1,5
697,1,1,1
697,2,1,3
697,3,1,2
697,4,1,3
697,5,1,3
697,6,1,1
697,7,1,5
697,8,1,3
697,9,1,1
697,10,1,3
697,11,1,3
697,12,1,2
698,0,1,3
698,1,1,0
698,2,1,2
698,3,1,2
698,4,1,3
698,5,1,1
698,6,0,0
698,7,0,0
698,8,0,0
698,9,0,0
698,10,0,0
698,11,0,0
698,12,0,0
699,0,1,8
699,1,1,1
699,2,1,7
699,3,1,4
699,4,1,4
699,5,0,0
699,6,0,0
699,7,0,0
699,8,0,0
699,9,0,0
699,10,0,0
699,11,0,0
699,12,0,0
700,0,1,4
700,1,0,0
700,2,0,0
700,3,0,0
700,4,0,0
700,5,0,0
700,6,0,0
700,7,0,0
700,8,0,0
700,9,0,0
700,10,0,0
700,11,0,0
700,12,0,0
701,0,1,6
701,1,1,2
701,2,1,3
701,3,1,5
701,4,1,2
701,5,1,3
701,6,1,3
701,7,1,5
701,8,1,4
701,9,1,2
701,10,1,5
701,11,1,3
701,12,1,4
702,0,1,7
702,1,1,8
702,2,1,5
702,3,1,4
702,4,1,7
702,5,1,5
702,6,1,3
702,7,1,0
702,8,1,2
702,9,1,3
702,10,1,1
702,11,1,3
702,12,1,3
703,0,1,2
703,1,1,5
703,2,1,3
703,3,1,4
703,4,0,0
703,5,0,0
703,6,0,0
703,7,0,0
703,8,0,0
703,9,0,0
703,10,0,0
703,11,0,0
703,12,0,0
704,0,1,4
704,1,0,0
704,2,0,0
704,3,0,0
704,4,0,0
704,5,0,0
704,6,0,0
704,7,0,0
704,8,0,0
704,9,0,0
704,10,0,0
704,11,0,0
704,12,0,0
705,0,1,8
705,1,1,6
705,2,1,3
705,3,0,0
705,4,0,0
705,5,0,0
705,6,0,0
705,7,0,0
705,8,0,0
705,9,0,0
705,10,0,0
705,11,0,0
705,12,0,0
706,0,1,5
706,1,1,2
706,2,1,3
706,3,0,0
706,4,0,0
706,5,0,0
706,6,0,0
706,7,0,0
706,8,0,0
706,9,0,0
706,10,0,0
706,11,0,0
706,12,0,0
707,0,1,5
707,1,1,2
707,2,1,2
707,3,1,4
707,4,1,2
707,5,1,1
707,6,1,4
707,7,1,5
707,8,1,5
707,9,0,0
707,10,0,0
707,11,0,0
707,12,0,0
708,0,1,6
708,1,1,1
708,2,1,2
708,3,1,2
708,4,1,3
708,5,1,1
708,6,0,0
708,7,0,0
708,8,0,0
708,9,0,0
708,10,0,0
708,11,0,0
708,12,0,0
709,0,1,7
709,1,1,1
709,2,1,3
709,3,0,0
709,4,0,0
709,5,0,0
709,6,0,0
709,7,0,0
709,8,0,0
709,9,0,0
709,10,0,0
709,11,0,0
709,12,0,0
710,0,1,4
710,1,1,3
710,2,1,2
710,3,1,3
710,4,1,2
710,5,1,3
710,6,0,0
710,7,0,0
710,8,0,0
710,9,0,0
710,10,0,0
710,11,0,0
710,12,0,0
711,0,1,4
711,1,1,2
711,2,1,2
711,3,1,1
711,4,1,3
711,5,1,5
711,6,1,3
711,7,1,1
711,8,1,3
711,9,1,5
711,10,1,3
711,11,1,3
711,12,1,3
712,0,1,3
712,1,0,0
712,2,0,0
712,3,0,0
712,4,0,0
712,5,0,0
712,6,0,0
712,7,0,0
712,8,0,0
712,9,0,0
712,10,0,0
712,11,0,0
712,12,0,0
713,0,1,6
713,1,1,2
713,2,1,2
713,3,1,1
713,4,1,0
713,5,1,3
713,6,1,3
713,7,1,3
713,8,1,1
713,9,1,2
713,10,1,1
713,11,1,4
713,12,1,2
714,0,1,5
714,1,0,0
714,2,0,0
714,3,0,0
714,4,0,0
714,5,0,0
714,6,0,0
714,7,0,0
714,8,0,0
714,9,0,0
714,10,0,0
714,11,0,0
714,12,0,0
715,0,1,8
715,1,1,3
715,2,1,5
715,3,0,0
715,4,0,0
715,5,0,0
715,6,0,0
715,7,0,0
715,8,0,0
715,9,0,0
715,10,0,0
715,11,0,0
715,12,0,0
716,0,1,2
716,1,1,2
716,2,1,5
716,3,1,6
716,4,1,2
716,5,1,5
716,6,1,4
716,7,0,0
716,8,0,0
716,9,0,0
716,10,0,0
716,11,0,0
716,12,0,0
717,0,1,3
717,1,1,2
717,2,1,5
717,3,1,6
717,4,0,0
717,5,0,0
717,6,0,0
717,7,0,0
717,8,0,0
717,9,0,0
717,10,0,0
717,11,0,0
717,12,0,0
718,0,1,5
718,1,1,2
718,2,1,4
718,3,0,0
718,4,0,0
718,5,0,0
718,6,0,0
718,7,0,0
718,8,0,0
718,9,0,0
718,10,0,0
718,11,0,0
718,12,0,0
719,0,1,7
719,1,1,3
719,2,1,5
719,3,1,6
719,4,1,3
719,5,1,6
719,6,1,3
719,7,1,5
719,8,1,5
719,9,1,4
719,10,1,2
719,11,1,4
719,12,1,4
720,0,1,7
720,1,1,6
720,2,1,2
720,3,1,2
720,4,1,4
720,5,1,1
720,6,1,1
720,7,1,6
720,8,1,8
720,9,1,3
720,10,1,2
720,11,1,4
720,12,1,3
721,0,1,4
721,1,1,2
721,2,1,6
721,3,1,1
721,4,1,2
721,5,1,5
721,6,1,2
721,7,0,0
721,8,0,0
721,9,0,0
721,10,0,0
721,11,0,0
721,12,0,0
722,0,1,4
722,1,1,2
722,2,0,0
722,3,0,0
722,4,0,0
722,5,0,0
722,6,0,0
722,7,0,0
722,8,0,0
722,9,0,0
722,10,0,0
722,11,0,0
722,12,0,0
723,0,1,4
723,1,1,5
723,2,1,1
723,3,1,2
723,4,1,4
723,5,0,0
723,6,0,0
723,7,0,0
723,8,0,0
723,9,0,0
723,10,0,0
723,11,0,0
723,12,0,0
724,0,1,6
724,1,1,3
724,2,0,0
724,3,0,0
724,4,0,0
724,5,0,0
724,6,0,0
724,7,0,0
724,8,0,0
724,9,0,0
724,10,0,0
724,11,0,0
724,12,0,0
725,0,1,4
725,1,1,0
725,2,1,1
725,3,1,2
725,4,1,0
725,5,1,3
725,6,1,3
725,7,1,3
725,8,1,2
725,9,1,2
725,10,1,1
725,11,1,0
725,12,1,6
726,0,1,6
726,1,1,2
726,2,1,2
726,3,1,3
726,4,1,5
726,5,1,5
726,6,1,7
726,7,1,8
726,8,1,3
726,9,1,4
726,10,1,4
726,11,1,2
726,12,1,1
727,0,1,5
727,1,1,4
727,2,1,1
727,3,1,3
727,4,1,1
727,5,1,0
727,6,1,0
727,7,1,1
727,8,1,3
727,9,0,0
727,10,0,0
727,11,0,0
727,12,0,0
728,0,1,7
728,1,1,3
728,2,1,3
728,3,0,0
728,4,0,0
728,5,0,0
728,6,0,0
728,7,0,0
728,8,0,0
728,9,0,0
728,10,0,0
728,11,0,0
728,12,0,0
729,0,1,3
729,1,1,2
729,2,0,0
729,3,0,0
729,4,0,0
729,5,0,0
729,6,0,0
729,7,0,0
729,8,0,0
729,9,0,0
729,10,0,0
729,11,0,0
729,12,0,0
730,0,1,2
730,1,1,0
730,2,1,2
730,3,1,2
730,4,1,2
730,5,1,2
730,6,1,2
730,7,1,2
730,8,0,0
730,9,0,0
730,10,0,0
730,11,0,0
730,12,0,0
731,0,1,5
731,1,1,5
731,2,1,6
731,3,0,0
731,4,0,0
731,5,0,0
731,6,0,0
731,7,0,0
731,8,0,0
731,9,0,0
731,10,0,0
731,11,0,0
731,12,0,0
732,0,1,2
732,1,1,4
732,2,1,1
732,3,1,1
732,4,1,3
732,5,1,0
732,6,1,1
732,7,1,2
732,8,1,5
732,9,1,4
732,10,1,1
732,11,1,1
732,12,1,2
733,0,1,3
733,1,1,1
733,2,1,3
733,3,1,4
733,4,1,4
733,5,1,4
733,6,1,4
733,7,1,3
733,8,1,6
733,9,1,1
733,10,1,1
733,11,1,6
733,12,1,2
734,0,1,5
734,1,1,4
734,2,1,6
734,3,1,3
734,4,1,2
734,5,1,2
734,6,1,4
734,7,1,2
734,8,1,2
734,9,1,4
734,10,1,0
734,11,1,3
734,12,1,4
735,0,1,3
735,1,1,3
735,2,0,0
735,3,0,0
735,4,0,0
735,5,0,0
735,6,0,0
735,7,0,0
735,8,0,0
735,9,0,0
735,10,0,0
735,11,0,0
735,12,0,0
736,0,1,5
736,1,1,3
736,2,0,0
736,3,0,0
736,4,0,0
736,5,0,0
736,6,0,0
736,7,0,0
736,8,0,0
736,9,0,0
736,10,0,0
736,11,0,0
736,12,0,0
737,0,1,7
737,1,1,5
737,2,1,1
737,3,1,2
737,4,1,2
737,5,1,1
737,6,1,1
737,7,1,2
737,8,1,1
737,9,1,2
737,10,1,1
737,11,1,0
737,12,1,5
738,0,1,2
738,1,1,4
738,2,1,7
738,3,1,2
738,4,0,0
738,5,0,0
738,6,0,0
738,7,0,0
738,8,0,0
738,9,0,0
738,10,0,0
738,11,0,0
738,12,0,0
739,0,1,5
739,1,1,7
739,2,0,0
739,3,0,0
739,4,0,0
739,5,0,0
739,6,0,0
739,7,0,0
739,8,0,0
739,9,0,0
739,10,0,0
739,11,0,0
739,12,0,0
740,0,1,2
740,1,0,0
740,2,0,0
740,3,0,0
740,4,0,0
740,5,0,0
740,6,0,0
740,7,0,0
740,8,0,0
740,9,0,0
740,10,0,0
740,11,0,0
740,12,0,0
741,0,1,14
741,1,1,4
741,2,1,1
741,3,1,1
741,4,0,0
741,5,0,0
741,6,0,0
741,7,0,0
741,8,0,0
741,9,0,0
741,10,0,0
741,11,0,0
741,12,0,0
742,0,1,7
742,1,1,7
742,2,1,4
742,3,1,5
742,4,1,1
742,5,0,0
742,6,0,0
742,7,0,0
742,8,0,0
742,9,0,0
742,10,0,0
742,11,0,0
742,12,0,0
743,0,1,3
743,1,1,2
743,2,1,9
743,3,1,4
743,4,1,5
743,5,1,4
743,6,1,0
743,7,1,0
743,8,1,6
743,9,1,6
743,10,1,1
743,11,1,2
743,12,1,5
744,0,1,3
744,1,1,3
744,2,1,1
744,3,1,3
744,4,0,0
744,5,0,0
744,6,0,0
744,7,0,0
744,8,0,0
744,9,0,0
744,10,0,0
744,11,0,0
744,12,0,0
745,0,1,6
745,1,1,3
745,2,0,0
745,3,0,0
745,4,0,0
745,5,0,0
745,6,0,0
745,7,0,0
745,8,0,0
745,9,0,0
745,10,0,0
745,11,0,0
745,12,0,0
746,0,1,6
746,1,1,5
746,2,1,2
746,3,1,4
746,4,1,6
746,5,1,2
746,6,1,6
746,7,1,5
746,8,1,2
746,9,0,0
746,10,0,0
746,11,0,0
746,12,0,0
747,0,1,3
747,1,0,0
747,2,0,0
747,3,0,0
747,4,0,0
747,5,0,0
747,6,0,0
747,7,0,0
747,8,0,0
747,9,0,0
747,10,0,0
747,11,0,0
747,12,0,0
748,0,1,6
748,1,1,4
748,2,1,0
748,3,1,5
748,4,1,2
748,5,1,6
748,6,1,3
748,7,1,0
748,8,1,4
748,9,1,3
748,10,1,5
748,11,1,3
748,12,1,5
749,0,1,6
749,1,1,1
749,2,1,1
749,3,1,3
749,4,0,0
749,5,0,0
749,6,0,0
749,7,0,0
749,8,0,0
749,9,0,0
749,10,0,0
749,11,0,0
749,12,0,0
750,0,1,4
750,1,1,1
750,2,1,3
750,3,1,6
750,4,1,0
750,5,1,1
750,6,1,1
750,7,1,1
750,8,1,2
750,9,1,4
750,10,1,6
750,11,1,2
750,12,1,0
751,0,1,7
751,1,1,2
751,2,0,0
751,3,0,0
751,4,0,0
751,5,0,0
751,6,0,0
751,7,0,0
751,8,0,0
751,9,0,0
751,10,0,0
751,11,0,0
751,12,0,0
752,0,1,2
752,1,1,4
752,2,0,0
752,3,0,0
752,4,0,0
752,5,0,0
752,6,0,0
752,7,0,0
752,8,0,0
752,9,0,0
752,10,0,0
752,11,0,0
752,12,0,0
753,0,1,4
753,1,1,3
753,2,1,2
753,3,1,0
753,4,1,3
753,5,1,3
753,6,1,6
753,7,1,5
753,8,1,4
753,9,1,3
753,10,1,1
753,11,1,1
753,12,1,2
754,0,1,9
754,1,1,4
754,2,1,5
754,3,1,1
754,4,1,3
754,5,1,4
754,6,1,5
754,7,1,2
754,8,1,2
754,9,1,2
754,10,1,5
754,11,1,1
754,12,1,2
755,0,1,6
755,1,1,4
755,2,0,0
755,3,0,0
755,4,0,0
755,5,0,0
755,6,0,0
755,7,0,0
755,8,0,0
755,9,0,0
755,10,0,0
755,11,0,0
755,12,0,0
756,0,1,4
756,1,1,3
756,2,1,6
756,3,1,11
756,4,1,1
756,5,1,5
756,6,1,6
756,7,1,2
756,8,1,2
756,9,1,4
756,10,0,0
756,11,0,0
756,12,0,0
757,0,1,1
757,1,1,4
757,2,1,4
757,3,1,2
757,4,1,1
757,5,1,3
757,6,1,3
757,7,1,6
757,8,1,4
757,9,1,4
757,10,1,3
757,11,1,2
757,12,1,2
758,0,1,9
758,1,1,1
758,2,1,4
758,3,1,2
758,4,1,6
758,5,0,0
758,6,0,0
758,7,0,0
758,8,0,0
758,9,0,0
758,10,0,0
758,11,0,0
758,12,0,0
759,0,1,8
759,1,1,5
759,2,1,3
759,3,1,0
759,4,1,0
759,5,0,0
759,6,0,0
759,7,0,0
759,8,0,0
759,9,0,0
759,10,0,0
759,11,0,0
759,12,0,0
760,0,1,6
760,1,1,7
760,2,1,5
760,3,1,5
760,4,1,1
760,5,1,2
760,6,1,9
760,7,1,5
760,8,1,3
760,9,1,3
760,10,1,3
760,11,1,6
760,12,1,4
761,0,1,5
761,1,1,6
761,2,1,2
761,3,1,0
761,4,1,3
761,5,1,5
761,6,1,6
761,7,1,2
761,8,1,7
761,9,1,1
761,10,1,4
761,11,1,4
761,12,1,3
762,0,1,5
762,1,1,3
762,2,1,1
762,3,0,0
762,4,0,0
762,5,0,0
762,6,0,0
762,7,0,0
762,8,0,0
762,9,0,0
762,10,0,0
762,11,0,0
762,12,0,0
763,0,1,4
763,1,1,3
763,2,1,2
763,3,1,5
763,4,1,3
763,5,1,1
763,6,1,2
763,7,1,4
763,8,1,8
763,9,1,4
763,10,1,5
763,11,1,2
763,12,1,5
764,0,1,7
764,1,1,4
764,2,1,4
764,3,1,7
764,4,1,0
764,5,1,5
764,6,1,1
764,7,1,2
764,8,1,4
764,9,0,0
764,10,0,0
764,11,0,0
764,12,0,0
765,0,1,3
765,1,0,0
765,2,0,0
765,3,0,0
765,4,0,0
765,5,0,0
765,6,0,0
765,7,0,0
765,8,0,0
765,9,0,0
765,10,0,0
765,11,0,0
765,12,0,0
766,0,1,3
766,1,1,1
766,2,1,2
766,3,1,2
766,4,1,3
766,5,1,4
766,6,1,5
766,7,1,0
766,8,1,2
766,9,1,0
766,10,1,2
766,11,0,0
766,12,0,0
767,0,1,6
767,1,1,2
767,2,1,2
767,3,1,0
767,4,1,1
767,5,1,0
767,6,1,4
767,7,1,1
767,8,1,3
767,9,1,1
767,10,1,3
767,11,1,2
767,12,1,5
768,0,1,7
768,1,1,4
768,2,1,1
768,3,1,2
768,4,1,1
768,5,0,0
768,6,0,0
768,7,0,0
768,8,0,0
768,9,0,0
768,10,0,0
768,11,0,0
768,12,0,0
769,0,1,3
769,1,1,2
769,2,1,2
769,3,1,4
769,4,1,3
769,5,1,1
769,6,1,3
769,7,1,5
769,8,1,5
769,9,1,2
769,10,1,4
769,11,1,3
769,12,1,7
770,0,1,6
770,1,1,6
770,2,1,1
770,3,1,4
770,4,1,4
770,5,1,0
770,6,1,3
770,7,1,1
770,8,1,2
770,9,1,2
770,10,1,4
770,11,0,0
770,12,0,0
771,0,1,2
771,1,1,4
771,2,1,2
771,3,1,1
771,4,1,3
771,5,0,0
771,6,0,0
771,7,0,0
771,8,0,0
771,9,0,0
771,10,0,0
771,11,0,0
771,12,0,0
772,0,1,6
772,1,1,1
772,2,1,1
772,3,1,4
772,4,1,4
772,5,1,2
772,6,1,2
772,7,1,0
772,8,1,1
772,9,1,4
772,10,1,2
772,11,1,1
772,12,1,5
773,0,1,7
773,1,1,3
773,2,1,5
773,3,1,4
773,4,1,4
773,5,1,1
773,6,1,3
773,7,1,2
773,8,1,2
773,9,1,2
773,10,1,1
773,11,1,1
773,12,1,2
774,0,1,7
774,1,0,0
774,2,0,0
774,3,0,0
774,4,0,0
774,5,0,0
774,6,0,0
774,7,0,0
774,8,0,0
774,9,0,0
774,10,0,0
774,11,0,0
774,12,0,0
775,0,1,6
775,1,1,4
775,2,1,1
775,3,1,0
775,4,1,0
775,5,1,2
775,6,1,3
775,7,1,1
775,8,1,3
775,9,1,2
775,10,1,1
775,11,1,0
775,12,1,3
776,0,1,5
776,1,1,2
776,2,1,3
776,3,1,5
776,4,1,6
776,5,1,3
776,6,1,2
776,7,1,6
776,8,1,5
776,9,1,3
776,10,1,2
776,11,0,0
776,12,0,0
777,0,1,4
777,1,1,0
777,2,1,3
777,3,1,1
777,4,1,3
777,5,1,3
777,6,1,8
777,7,1,7
777,8,1,3
777,9,1,3
777,10,1,2
777,11,1,1
777,12,1,5
778,0,1,4
778,1,1,5
778,2,1,7
778,3,1,1
778,4,1,4
778,5,1,7
778,6,1,0
778,7,1,4
778,8,1,6
778,9,1,6
778,10,1,5
778,11,1,2
778,12,1,1
779,0,1,6
779,1,1,3
779,2,1,3
779,3,1,7
779,4,1,3
779,5,1,3
779,6,1,4
779,7,1,2
779,8,1,2
779,9,1,2
779,10,1,4
779,11,1,4
779,12,1,5
780,0,1,5
780,1,1,2
780,2,1,2
780,3,1,1
780,4,1,2
780,5,1,3
780,6,1,1
780,7,1,0
780,8,1,6
780,9,1,2
780,10,0,0
780,11,0,0
780,12,0,0
781,0,1,7
781,1,1,1
781,2,1,2
781,3,1,0
781,4,1,2
781,5,1,1
781,6,1,6
781,7,0,0
781,8,0,0
781,9,0,0
781,10,0,0
781,11,0,0
781,12,0,0
782,0,1,6
782,1,1,6
782,2,1,5
782,3,1,4
782,4,1,1
782,5,0,0
782,6,0,0
782,7,0,0
782,8,0,0
782,9,0,0
782,10,0,0
782,11,0,0
782,12,0,0
783,0,1,5
783,1,1,0
783,2,1,1
783,3,1,2
783,4,1,3
783,5,1,1
783,6,1,5
783,7,1,1
783,8,1,1
783,9,1,4
783,10,1,1
783,11,1,1
783,12,1,2
784,0,1,6
784,1,1,3
784,2,1,6
784,3,1,5
784,4,1,1
784,5,1,1
784,6,0,0
784,7,0,0
784,8,0,0
784,9,0,0
784,10,0,0
784,11,0,0
784,12,0,0
785,0,1,5
785,1,0,0
785,2,0,0
785,3,0,0
785,4,0,0
785,5,0,0
785,6,0,0
785,7,0,0
785,8,0,0
785,9,0,0
785,10,0,0
785,11,0,0
785,12,0,0
786,0,1,6
786,1,1,2
786,2,1,8
786,3,1,10
786,4,0,0
786,5,0,0
786,6,0,0
786,7,0,0
786,8,0,0
786,9,0,0
786,10,0,0
786,11,0,0
786,12,0,0
787,0,1,5
787,1,1,3
787,2,1,3
787,3,1,4
787,4,1,1
787,5,1,3
787,6,1,3
787,7,1,5
787,8,1,3
787,9,1,1
787,10,1,3
787,11,1,5
787,12,1,3
788,0,1,6
788,1,1,2
788,2,1,4
788,3,1,2
788,4,0,0
788,5,0,0
788,6,0,0
788,7,0,0
788,8,0,0
788,9,0,0
788,10,0,0
788,11,0,0
788,12,0,0
789,0,1,5
789,1,1,2
789,2,1,2
789,3,1,2
789,4,0,0
789,5,0,0
789,6,0,0
789,7,0,0
789,8,0,0
789,9,0,0
789,10,0,0
789,11,0,0
789,12,0,0
790,0,1,3
790,1,0,0
790,2,0,0
790,3,0,0
790,4,0,0
790,5,0,0
790,6,0,0
790,7,0,0
790,8,0,0
790,9,0,0
790,10,0,0
790,11,0,0
790,12,0,0
791,0,1,6
791,1,1,7
791,2,1,1
791,3,1,1
791,4,1,4
791,5,1,4
791,6,1,5
791,7,1,4
791,8,1,3
791,9,1,1
791,10,1,3
791,11,1,3
791,12,0,0
792,0,1,8
792,1,1,4
792,2,1,2
792,3,1,2
792,4,0,0
792,5,0,0
792,6,0,0
792,7,0,0
792,8,0,0
792,9,0,0
792,10,0,0
792,11,0,0
792,12,0,0
793,0,1,5
793,1,1,5
793,2,1,4
793,3,1,4
793,4,1,1
793,5,1,2
793,6,1,3
793,7,1,3
793,8,1,6
793,9,1,3
793,10,0,0
793,11,0,0
793,12,0,0
794,0,1,5
794,1,1,1
794,2,0,0
794,3,0,0
794,4,0,0
794,5,0,0
794,6,0,0
794,7,0,0
794,8,0,0
794,9,0,0
794,10,0,0
794,11,0,0
794,12,0,0
795,0,1,5
795,1,1,3
795,2,1,4
795,3,1,2
795,4,1,4
795,5,1,1
795,6,1,4
795,7,1,1
795,8,1,0
795,9,1,1
795,10,1,2
795,11,0,0
795,12,0,0
796,0,1,6
796,1,1,6
796,2,0,0
796,3,0,0
796,4,0,0
796,5,0,0
796,6,0,0
796,7,0,0
796,8,0,0
796,9,0,0
796,10,0,0
796,11,0,0
796,12,0,0
797,0,1,1
797,1,0,0
797,2,0,0
797,3,0,0
797,4,0,0
797,5,0,0
797,6,0,0
797,7,0,0
797,8,0,0
797,9,0,0
797,10,0,0
797,11,0,0
797,12,0,0
798,0,1,5
798,1,1,0
798,2,1,3
798,3,1,3
798,4,1,2
798,5,1,2
798,6,1,4
798,7,1,2
798,8,1,4
798,9,1,2
798,10,1,3
798,11,1,1
798,12,1,3
799,0,1,3
799,1,1,4
799,2,1,3
799,3,1,4
799,4,1,2
799,5,1,2
799,6,1,2
799,7,1,9
799,8,1,3
799,9,1,3
799,10,1,5
799,11,1,4
799,12,1,1
800,0,1,5
800,1,1,6
800,2,1,6
800,3,0,0
800,4,0,0
800,5,0,0
800,6,0,0
800,7,0,0
800,8,0,0
800,9,0,0
800,10,0,0
800,11,0,0
800,12,0,0
801,0,1,8
801,1,1,3
801,2,1,4
801,3,1,2
801,4,1,0
801,5,1,2
801,6,1,4
801,7,1,2
801,8,1,3
801,9,1,3
801,10,1,4
801,11,1,2
801,12,1,1
802,0,1,6
802,1,1,2
802,2,1,5
802,3,1,1
802,4,0,0
802,5,0,0
802,6,0,0
802,7,0,0
802,8,0,0
802,9,0,0
802,10,0,0
802,11,0,0
802,12,0,0
803,0,1,4
803,1,1,4
803,2,0,0
803,3,0,0
803,4,0,0
803,5,0,0
803,6,0,0
803,7,0,0
803,8,0,0
803,9,0,0
803,10,0,0
803,11,0,0
803,12,0,0
804,0,1,6
804,1,1,4
804,2,1,3
804,3,1,4
804,4,1,5
804,5,1,2
804,6,1,3
804,7,1,3
804,8,1,5
804,9,1,5
804,10,1,4
804,11,1,5
804,12,1,2
805,0,1,3
805,1,1,3
805,2,1,3
805,3,1,1
805,4,1,4
805,5,1,1
805,6,1,1
805,7,1,2
805,8,1,1
805,9,1,2
805,10,0,0
805,11,0,0
805,12,0,0
806,0,1,6
806,1,0,0
806,2,0,0
806,3,0,0
806,4,0,0
806,5,0,0
806,6,0,0
806,7,0,0
806,8,0,0
806,9,0,0
806,10,0,0
806,11,0,0
806,12,0,0
807,0,1,1
807,1,1,1
807,2,1,5
807,3,1,3
807,4,1,6
807,5,1,4
807,6,1,4
807,7,0,0
807,8,0,0
807,9,0,0
807,10,0,0
807,11,0,0
807,12,0,0
808,0,1,7
808,1,1,7
808,2,1,1
808,3,0,0
808,4,0,0
808,5,0,0
808,6,0,0
808,7,0,0
808,8,0,0
808,9,0,0
808,10,0,0
808,11,0,0
808,12,0,0
809,0,1,7
809,1,1,4
809,2,1,3
809,3,1,3
809,4,1,1
809,5,1,4
809,6,1,4
809,7,1,6
809,8,1,3
809,9,1,2
809,10,1,5
809,11,1,3
809,12,1,3
810,0,1,8
810,1,1,3
810,2,0,0
810,3,0,0
810,4,0,0
810,5,0,0
810,6,0,0
810,7,0,0
810,8,0,0
810,9,0,0
810,10,0,0
810,11,0,0
810,12,0,0
811,0,1,3
811,1,1,6
811,2,1,1
811,3,1,3
811,4,1,2
811,5,1,6
811,6,1,1
811,7,0,0
811,8,0,0
811,9,0,0
811,10,0,0
811,11,0,0
811,12,0,0
812,0,1,5
812,1,1,2
812,2,1,3
812,3,1,5
812,4,1,7
812,5,1,0
812,6,1,1
812,7,1,1
812,8,1,1
812,9,1,2
812,10,1,5
812,11,1,3
812,12,1,1
813,0,1,6
813,1,1,2
813,2,1,3
813,3,1,1
813,4,1,3
813,5,1,3
813,6,1,3
813,7,1,3
813,8,1,1
813,9,1,4
813,10,1,2
813,11,1,0
813,12,1,3
814,0,1,3
814,1,1,0
814,2,1,2
814,3,1,5
814,4,1,2
814,5,1,0
814,6,1,5
814,7,1,3
814,8,1,3
814,9,1,5
814,10,1,2
814,11,1,4
814,12,1,5
815,0,1,6
815,1,1,4
815,2,1,4
815,3,1,3
815,4,1,6
815,5,0,0
815,6,0,0
815,7,0,0
815,8,0,0
815,9,0,0
815,10,0,0
815,11,0,0
815,12,0,0
816,0,1,8
816,1,0,0
816,2,0,0
816,3,0,0
816,4,0,0
816,5,0,0
816,6,0,0
816,7,0,0
816,8,0,0
816,9,0,0
816,10,0,0
816,11,0,0
816,12,0,0
817,0,1,5
817,1,1,4
817,2,1,2
817,3,1,3
817,4,1,5
817,5,1,4
817,6,1,3
817,7,0,0
817,8,0,0
817,9,0,0
817,10,0,0
817,11,0,0
817,12,0,0
818,0,1,6
818,1,1,2
818,2,1,3
818,3,1,1
818,4,0,0
818,5,0,0
818,6,0,0
818,7,0,0
818,8,0,0
818,9,0,0
818,10,0,0
818,11,0,0
818,12,0,0
819,0,1,3
819,1,1,0
819,2,1,3
819,3,1,3
819,4,1,4
819,5,1,9
819,6,1,4
819,7,1,5
819,8,1,2
819,9,1,2
819,10,1,1
819,11,1,5
819,12,1,6
820,0,1,4
820,1,1,5
820,2,1,3
820,3,0,0
820,4,0,0
820,5,0,0
820,6,0,0
820,7,0,0
820,8,0,0
820,9,0,0
820,10,0,0
820,11,0,0
820,12,0,0
821,0,1,5
821,1,1,1
821,2,1,5
821,3,1,3
821,4,1,3
821,5,1,4
821,6,1,3
821,7,1,1
821,8,1,3
821,9,1,3
821,10,1,6
821,11,1,7
821,12,1,3
822,0,1,2
822,1,0,0
822,2,0,0
822,3,0,0
822,4,0,0
822,5,0,0
822,6,0,0
822,7,0,0
822,8,0,0
822,9,0,0
822,10,0,0
822,11,0,0
822,12,0,0
823,0,1,6
823,1,1,2
823,2,1,2
823,3,1,3
823,4,1,2
823,5,1,4
823,6,1,3
823,7,1,3
823,8,1,2
823,9,1,4
823,10,1,2
823,11,1,4
823,12,1,4
824,0,1,3
824,1,0,0
824,2,0,0
824,3,0,0
824,4,0,0
824,5,0,0
824,6,0,0
824,7,0,0
824,8,0,0
824,9,0,0
824,10,0,0
824,11,0,0
824,12,0,0
825,0,1,4
825,1,1,5
825,2,1,4
825,3,1,4
825,4,1,9
825,5,1,6
825,6,0,0
825,7,0,0
825,8,0,0
825,9,0,0
825,10,0,0
825,11,0,0
825,12,0,0
826,0,1,8
826,1,1,3
826,2,1,3
826,3,1,2
826,4,0,0
826,5,0,0
826,6,0,0
826,7,0,0
826,8,0,0
826,9,0,0
826,10,0,0
826,11,0,0
826,12,0,0
827,0,1,5
827,1,1,4
827,2,1,3
827,3,1,4
827,4,1,5
827,5,1,6
827,6,1,1
827,7,0,0
827,8,0,0
827,9,0,0
827,10,0,0
827,11,0,0
827,12,0,0
828,0,1,3
828,1,1,1
828,2,0,0
828,3,0,0
828,4,0,0
828,5,0,0
828,6,0,0
828,7,0,0
828,8,0,0
828,9,0,0
828,10,0,0
828,11,0,0
828,12,0,0
829,0,1,5
829,1,0,0
829,2,0,0
829,3,0,0
829,4,0,0
829,5,0,0
829,6,0,0
829,7,0,0
829,8,0,0
829,9,0,0
829,10,0,0
829,11,0,0
829,12,0,0
830,0,1,4
830,1,0,0
830,2,0,0
830,3,0,0
830,4,0,0
830,5,0,0
830,6,0,0
830,7,0,0
830,8,0,0
830,9,0,0
830,10,0,0
830,11,0,0
830,12,0,0
831,0,1,5
831,1,1,1
831,2,0,0
831,3,0,0
831,4,0,0
831,5,0,0
831,6,0,0
831,7,0,0
831,8,0,0
831,9,0,0
831,10,0,0
831,11,0,0
831,12,0,0
832,0,1,8
832,1,1,2
832,2,1,3
832,3,1,7
832,4,0,0
832,5,0,0
832,6,0,0
832,7,0,0
832,8,0,0
832,9,0,0
832,10,0,0
832,11,0,0
832,12,0,0
833,0,1,4
833,1,1,1
833,2,1,1
833,3,1,6
833,4,1,3
833,5,1,4
833,6,1,2
833,7,1,3
833,8,1,1
833,9,1,4
833,10,1,3
833,11,1,2
833,12,1,1
834,0,1,3
834,1,1,5
834,2,1,4
834,3,1,1
834,4,1,3
834,5,1,2
834,6,1,2
834,7,1,3
834,8,1,3
834,9,1,1
834,10,1,0
834,11,1,4
834,12,1,5
835,0,1,4
835,1,1,5
835,2,1,4
835,3,1,3
835,4,1,4
835,5,1,6
835,6,1,7
835,7,1,4
835,8,0,0
835,9,0,0
835,10,0,0
835,11,0,0
835,12,0,0
836,0,1,5
836,1,1,6
836,2,1,4
836,3,1,2
836,4,1,6
836,5,1,7
836,6,1,3
836,7,1,5
836,8,1,3
836,9,1,5
836,10,0,0
836,11,0,0
836,12,0,0
837,0,1,4
837,1,1,4
837,2,1,4
837,3,1,4
837,4,1,4
837,5,1,4
837,6,1,4
837,7,1,4
837,8,1,0
837,9,1,3
837,10,1,4
837,11,0,0
837,12,0,0
838,0,1,7
838,1,1,4
838,2,0,0
838,3,0,0
838,4,0,0
838,5,0,0
838,6,0,0
838,7,0,0
838,8,0,0
838,9,0,0
838,10,0,0
838,11,0,0
838,12,0,0
839,0,1,3
839,1,1,0
839,2,1,8
839,3,1,3
839,4,1,5
839,5,1,3
839,6,1,2
839,7,1,4
839,8,1,4
839,9,1,3
839,10,1,3
839,11,1,5
839,12,1,5
840,0,1,6
840,1,1,3
840,2,1,3
840,3,1,2
840,4,1,3
840,5,0,0
840,6,0,0
840,7,0,0
840,8,0,0
840,9,0,0
840,10,0,0
840,11,0,0
840,12,0,0
841,0,1,4
841,1,1,4
841,2,1,4
841,3,1,2
841,4,1,2
841,5,1,3
841,6,1,5
841,7,1,4
841,8,1,5
841,9,1,4
841,10,1,2
841,11,1,3
841,12,1,3
842,0,1,6
842,1,1,2
842,2,1,4
842,3,1,3
842,4,1,3
842,5,1,4
842,6,1,1
842,7,1,3
842,8,1,3
842,9,1,3
842,10,1,2
842,11,1,3
842,12,1,4
843,0,1,7
843,1,1,4
843,2,1,0
843,3,1,2
843,4,1,2
843,5,1,5
843,6,1,2
843,7,1,5
843,8,1,2
843,9,1,2
843,10,1,1
843,11,1,4
843,12,0,0
844,0,1,2
844,1,1,3
844,2,1,6
844,3,1,5
844,4,1,2
844,5,1,3
844,6,1,1
844,7,1,2
844,8,0,0
844,9,0,0
844,10,0,0
844,11,0,0
844,12,0,0
845,0,1,5
845,1,1,2
845,2,0,0
845,3,0,0
845,4,0,0
845,5,0,0
845,6,0,0
845,7,0,0
845,8,0,0
845,9,0,0
845,10,0,0
845,11,0,0
845,12,0,0
846,0,1,9
846,1,1,2
846,2,1,2
846,3,1,4
846,4,1,1
846,5,1,4
846,6,0,0
846,7,0,0
846,8,0,0
846,9,0,0
846,10,0,0
846,11,0,0
846,12,0,0
847,0,1,6
847,1,1,1
847,2,1,2
847,3,1,4
847,4,1,2
847,5,1,6
847,6,1,2
847,7,1,1
847,8,1,2
847,9,1,7
847,10,0,0
847,11,0,0
847,12,0,0
848,0,1,3
848,1,1,6
848,2,1,2
848,3,1,4
848,4,1,1
848,5,1,2
848,6,1,4
848,7,1,5
848,8,0,0
848,9,0,0
848,10,0,0
848,11,0,0
848,12,0,0
849,0,1,8
849,1,1,5
849,2,1,2
849,3,0,0
849,4,0,0
849,5,0,0
849,6,0,0
849,7,0,0
849,8,0,0
849,9,0,0
849,10,0,0
849,11,0,0
849,12,0,0
850,0,1,5
850,1,1,6
850,2,1,1
850,3,1,2
850,4,1,5
850,5,1,5
850,6,1,3
850,7,1,1
850,8,1,7
850,9,1,4
850,10,1,4
850,11,1,6
850,12,1,6
851,0,1,8
851,1,1,3
851,2,1,1
851,3,1,2
851,4,1,1
851,5,1,2
851,6,0,0
851,7,0,0
851,8,0,0
851,9,0,0
851,10,0,0
851,11,0,0
851,12,0,0
852,0,1,5
852,1,1,2
852,2,1,5
852,3,1,4
852,4,1,4
852,5,1,4
852,6,1,7
852,7,1,5
852,8,1,3
852,9,1,6
852,10,1,0
852,11,1,2
852,12,1,3
853,0,1,5
853,1,1,5
853,2,1,3
853,3,0,0
853,4,0,0
853,5,0,0
853,6,0,0
853,7,0,0
853,8,0,0
853,9,0,0
853,10,0,0
853,11,0,0
853,12,0,0
854,0,1,3
854,1,1,3
854,2,1,5
854,3,1,4
854,4,1,4
854,5,0,0
854,6,0,0
854,7,0,0
854,8,0,0
854,9,0,0
854,10,0,0
854,11,0,0
854,12,0,0
855,0,1,8
855,1,1,5
855,2,1,2
855,3,1,3
855,4,1,4
855,5,1,0
855,6,1,3
855,7,1,0
855,8,1,2
855,9,0,0
855,10,0,0
855,11,0,0
855,12,0,0
856,0,1,9
856,1,1,3
856,2,1,6
856,3,1,2
856,4,1,3
856,5,1,6
856,6,1,3
856,7,1,2
856,8,1,4
856,9,1,5
856,10,1,2
856,11,1,1
856,12,1,5
857,0,1,5
857,1,1,7
857,2,1,6
857,3,1,5
857,4,1,2
857,5,1,4
857,6,1,2
857,7,0,0
857,8,0,0
857,9,0,0
857,10,0,0
857,11,0,0
857,12,0,0
858,0,1,3
858,1,1,6
858,2,1,5
858,3,1,3
858,4,1,7
858,5,1,1
858,6,1,3
858,7,1,6
858,8,1,2
858,9,1,1
858,10,1,4
858,11,1,2
858,12,1,3
859,0,1,4
859,1,1,3
859,2,1,3
859,3,1,1
859,4,1,2
859,5,1,2
859,6,1,3
859,7,1,2
859,8,1,3
859,9,1,3
859,10,1,1
859,11,1,0
859,12,1,2
860,0,1,2
860,1,1,0
860,2,1,2
860,3,1,1
860,4,1,0
860,5,1,4
860,6,1,4
860,7,1,2
860,8,1,3
860,9,1,2
860,10,1,6
860,11,1,4
860,12,1,1
861,0,1,2
861,1,1,3
861,2,1,1
861,3,1,7
861,4,1,3
861,5,1,2
861,6,1,3
861,7,0,0
861,8,0,0
861,9,0,0
861,10,0,0
861,11,0,0
861,12,0,0
862,0,1,4
862,1,0,0
862,2,0,0
862,3,0,0
862,4,0,0
862,5,0,0
862,6,0,0
862,7,0,0
862,8,0,0
862,9,0,0
862,10,0,0
862,11,0,0
862,12,0,0
863,0,1,8
863,1,1,4
863,2,1,5
863,3,1,3
863,4,1,1
863,5,1,4
863,6,1,3
863,7,0,0
863,8,0,0
863,9,0,0
863,10,0,0
863,11,0,0
863,12,0,0
864,0,1,7
864,1,1,0
864,2,1,2
864,3,1,3
864,4,1,6
864,5,1,1
864,6,1,1
864,7,1,4
864,8,1,2
864,9,1,4
864,10,1,7
864,11,1,0
864,12,1,2
865,0,1,5
865,1,1,2
865,2,1,2
865,3,1,2
865,4,1,3
865,5,1,3
865,6,1,3
865,7,0,0
865,8,0,0
865,9,0,0
865,10,0,0
865,11,0,0
865,12,0,0
866,0,1,2
866,1,1,1
866,2,1,7
866,3,1,2
866,4,1,2
866,5,1,4
866,6,1,5
866,7,1,1
866,8,1,4
866,9,1,1
866,10,1,2
866,11,0,0
866,12,0,0
867,0,1,6
867,1,1,2
867,2,0,0
867,3,0,0
867,4,0,0
867,5,0,0
867,6,0,0
867,7,0,0
867,8,0,0
867,9,0,0
867,10,0,0
867,11,0,0
867,12,0,0
868,0,1,6
868,1,1,3
868,2,1,3
868,3,1,3
868,4,1,1
868,5,1,2
868,6,1,4
868,7,1,3
868,8,1,4
868,9,1,3
868,10,1,6
868,11,1,6
868,12,1,6
869,0,1,4
869,1,1,1
869,2,1,5
869,3,1,8
869,4,1,6
869,5,0,0
869,6,0,0
869,7,0,0
869,8,0,0
869,9,0,0
869,10,0,0
869,11,0,0
869,12,0,0
870,0,1,2
870,1,1,2
870,2,1,5
870,3,1,3
870,4,1,3
870,5,1,4
870,6,1,3
870,7,1,5
870,8,1,4
870,9,1,5
870,10,1,3
870,11,1,8
870,12,1,3
871,0,1,4
871,1,1,7
871,2,1,4
871,3,1,7
871,4,1,7
871,5,1,5
871,6,1,6
871,7,1,3
871,8,1,3
871,9,1,2
871,10,1,3
871,11,1,4
871,12,1,6
872,0,1,4
872,1,1,2
872,2,1,1
872,3,1,4
872,4,1,4
872,5,1,2
872,6,1,6
872,7,1,2
872,8,1,4
872,9,1,2
872,10,1,5
872,11,1,3
872,12,1,1
873,0,1,6
873,1,1,1
873,2,1,4
873,3,1,2
873,4,1,5
873,5,1,4
873,6,1,2
873,7,1,2
873,8,1,5
873,9,1,2
873,10,0,0
873,11,0,0
873,12,0,0
874,0,1,6
874,1,1,3
874,2,0,0
874,3,0,0
874,4,0,0
874,5,0,0
874,6,0,0
874,7,0,0
874,8,0,0
874,9,0,0
874,10,0,0
874,11,0,0
874,12,0,0
875,0,1,3
875,1,1,3
875,2,1,4
875,3,1,4
875,4,1,3
875,5,1,3
875,6,1,4
875,7,1,1
875,8,1,1
875,9,1,6
875,10,1,3
875,11,0,0
875,12,0,0
876,0,1,4
876,1,1,9
876,2,1,5
876,3,1,1
876,4,1,2
876,5,1,2
876,6,1,6
876,7,1,3
876,8,1,1
876,9,1,5
876,10,1,4
876,11,1,1
876,12,1,2
877,0,1,6
877,1,1,4
877,2,1,3
877,3,1,2
877,4,1,3
877,5,1,3
877,6,1,0
877,7,1,1
877,8,1,2
877,9,1,3
877,10,1,4
877,11,0,0
877,12,0,0
878,0,1,8
878,1,1,7
878,2,0,0
878,3,0,0
878,4,0,0
878,5,0,0
878,6,0,0
878,7,0,0
878,8,0,0
878,9,0,0
878,10,0,0
878,11,0,0
878,12,0,0
879,0,1,4
879,1,1,2
879,2,1,2
879,3,1,2
879,4,1,5
879,5,1,2
879,6,1,0
879,7,1,5
879,8,1,3
879,9,1,2
879,10,1,3
879,11,1,1
879,12,0,0
880,0,1,4
880,1,1,2
880,2,1,0
880,3,1,3
880,4,1,5
880,5,1,1
880,6,1,1
880,7,1,3
880,8,1,3
880,9,1,3
880,10,1,2
880,11,1,0
880,12,1,0
881,0,1,5
881,1,1,1
881,2,1,2
881,3,1,1
881,4,1,2
881,5,1,2
881,6,1,2
881,7,1,3
881,8,1,0
881,9,1,2
881,10,1,1
881,11,1,4
881,12,1,1
882,0,1,3
882,1,1,3
882,2,1,4
882,3,1,2
882,4,1,2
882,5,1,1
882,6,0,0
882,7,0,0
882,8,0,0
882,9,0,0
882,10,0,0
882,11,0,0
882,12,0,0
883,0,1,10
883,1,0,0
883,2,0,0
883,3,0,0
883,4,0,0
883,5,0,0
883,6,0,0
883,7,0,0
883,8,0,0
883,9,0,0
883,10,0,0
883,11,0,0
883,12,0,0
884,0,1,3
884,1,1,3
884,2,0,0
884,3,0,0
884,4,0,0
884,5,0,0
884,6,0,0
884,7,0,0
884,8,0,0
884,9,0,0
884,10,0,0
884,11,0,0
884,12,0,0
885,0,1,9
885,1,1,3
885,2,1,1
885,3,1,0
885,4,1,4
885,5,1,0
885,6,1,2
885,7,1,4
885,8,1,3
885,9,1,0
885,10,1,1
885,11,1,5
885,12,1,2
886,0,1,4
886,1,1,4
886,2,1,5
886,3,1,2
886,4,1,4
886,5,1,4
886,6,1,1
886,7,1,5
886,8,1,4
886,9,1,1
886,10,1,4
886,11,1,4
886,12,1,4
887,0,1,7
887,1,1,7
887,2,1,1
887,3,1,5
887,4,0,0
887,5,0,0
887,6,0,0
887,7,0,0
887,8,0,0
887,9,0,0
887,10,0,0
887,11,0,0
887,12,0,0
888,0,1,4
888,1,1,2
888,2,1,3
888,3,1,6
888,4,1,0
888,5,1,3
888,6,0,0
888,7,0,0
888,8,0,0
888,9,0,0
888,10,0,0
888,11,0,0
888,12,0,0
889,0,1,8
889,1,1,2
889,2,1,4
889,3,1,6
889,4,1,2
889,5,0,0
889,6,0,0
889,7,0,0
889,8,0,0
889,9,0,0
889,10,0,0
889,11,0,0
889,12,0,0
890,0,1,3
890,1,1,5
890,2,1,8
890,3,1,7
890,4,0,0
890,5,0,0
890,6,0,0
890,7,0,0
890,8,0,0
890,9,0,0
890,10,0,0
890,11,0,0
890,12,0,0
891,0,1,5
891,1,1,1
891,2,1,4
891,3,1,2
891,4,1,2
891,5,1,1
891,6,1,0
891,7,1,5
891,8,0,0
891,9,0,0
891,10,0,0
891,11,0,0
891,12,0,0
892,0,1,4
892,1,1,3
892,2,1,3
892,3,1,2
892,4,1,6
892,5,0,0
892,6,0,0
892,7,0,0
892,8,0,0
892,9,0,0
892,10,0,0
892,11,0,0
892,12,0,0
893,0,1,3
893,1,1,1
893,2,0,0
893,3,0,0
893,4,0,0
893,5,0,0
893,6,0,0
893,7,0,0
893,8,0,0
893,9,0,0
893,10,0,0
893,11,0,0
893,12,0,0
894,0,1,9
894,1,1,1
894,2,0,0
894,3,0,0
894,4,0,0
894,5,0,0
894,6,0,0
894,7,0,0
894,8,0,0
894,9,0,0
894,10,0,0
894,11,0,0
894,12,0,0
895,0,1,5
895,1,1,5
895,2,0,0
895,3,0,0
895,4,0,0
895,5,0,0
895,6,0,0
895,7,0,0
895,8,0,0
895,9,0,0
895,10,0,0
895,11,0,0
895,12,0,0
896,0,1,7
896,1,1,4
896,2,1,2
896,3,1,0
896,4,1,3
896,5,1,1
896,6,1,5
896,7,1,3
896,8,1,1
896,9,1,1
896,10,1,2
896,11,1,1
896,12,1,0
897,0,1,9
897,1,0,0
897,2,0,0
897,3,0,0
897,4,0,0
897,5,0,0
897,6,0,0
897,7,0,0
897,8,0,0
897,9,0,0
897,10,0,0
897,11,0,0
897,12,0,0
898,0,1,6
898,1,1,1
898,2,1,3
898,3,1,2
898,4,1,2
898,5,0,0
898,6,0,0
898,7,0,0
898,8,0,0
898,9,0,0
898,10,0,0
898,11,0,0
898,12,0,0
899,0,1,6
899,1,1,5
899,2,1,5
899,3,1,2
899,4,0,0
899,5,0,0
899,6,0,0
899,7,0,0
899,8,0,0
899,9,0,0
899,10,0,0
899,11,0,0
899,12,0,0
900,0,1,3
900,1,1,4
900,2,1,4
900,3,1,5
900,4,1,2
900,5,1,4
900,6,1,5
900,7,1,4
900,8,1,6
900,9,1,4
900,10,1,3
900,11,1,2
900,12,1,4
901,0,1,7
901,1,0,0
901,2,0,0
901,3,0,0
901,4,0,0
901,5,0,0
901,6,0,0
901,7,0,0
901,8,0,0
901,9,0,0
901,10,0,0
901,11,0,0
901,12,0,0
902,0,1,11
902,1,1,5
902,2,0,0
902,3,0,0
902,4,0,0
902,5,0,0
902,6,0,0
902,7,0,0
902,8,0,0
902,9,0,0
902,10,0,0
902,11,0,0
902,12,0,0
903,0,1,4
903,1,1,2
903,2,1,6
903,3,1,2
903,4,1,1
903,5,1,3
903,6,1,5
903,7,1,5
903,8,1,3
903,9,0,0
903,10,0,0
903,11,0,0
903,12,0,0
904,0,1,5
904,1,1,1
904,2,1,4
904,3,1,2
904,4,1,0
904,5,1,0
904,6,1,2
904,7,0,0
904,8,0,0
904,9,0,0
904,10,0,0
904,11,0,0
904,12,0,0
905,0,1,4
905,1,1,7
905,2,1,3
905,3,1,5
905,4,1,3
905,5,1,2
905,6,1,3
905,7,1,2
905,8,1,6
905,9,1,1
905,10,0,0
905,11,0,0
905,12,0,0
906,0,1,6
906,1,1,3
906,2,1,3
906,3,1,2
906,4,1,5
906,5,1,5
906,6,1,1
906,7,1,5
906,8,1,5
906,9,1,2
906,10,1,4
906,11,0,0
906,12,0,0
907,0,1,5
907,1,0,0
907,2,0,0
907,3,0,0
907,4,0,0
907,5,0,0
907,6,0,0
907,7,0,0
907,8,0,0
907,9,0,0
907,10,0,0
907,11,0,0
907,12,0,0
908,0,1,2
908,1,1,5
908,2,1,3
908,3,1,2
908,4,1,5
908,5,1,6
908,6,0,0
908,7,0,0
908,8,0,0
908,9,0,0
908,10,0,0
908,11,0,0
908,12,0,0
909,0,1,8
909,1,1,3
909,2,1,2
909,3,1,3
909,4,1,5
909,5,0,0
909,6,0,0
909,7,0,0
909,8,0,0
909,9,0,0
909,10,0,0
909,11,0,0
909,12,0,0
910,0,1,4
910,1,1,6
910,2,1,3
910,3,0,0
910,4,0,0
910,5,0,0
910,6,0,0
910,7,0,0
910,8,0,0
910,9,0,0
910,10,0,0
910,11,0,0
910,12,0,0
911,0,1,9
911,1,0,0
911,2,0,0
911,3,0,0
911,4,0,0
911,5,0,0
911,6,0,0
911,7,0,0
911,8,0,0
911,9,0,0
911,10,0,0
911,11,0,0
911,12,0,0
912,0,1,8
912,1,1,4
912,2,1,0
912,3,1,6
912,4,1,2
912,5,1,3
912,6,1,2
912,7,1,1
912,8,1,3
912,9,1,4
912,10,1,6
912,11,1,2
912,12,1,4
913,0,1,2
913,1,1,1
913,2,1,3
913,3,1,4
913,4,1,3
913,5,1,5
913,6,1,6
913,7,1,3
913,8,1,3
913,9,1,3
913,10,0,0
913,11,0,0
913,12,0,0
914,0,1,5
914,1,1,2
914,2,1,1
914,3,1,2
914,4,1,1
914,5,1,6
914,6,1,5
914,7,1,6
914,8,1,2
914,9,1,4
914,10,0,0
914,11,0,0
914,12,0,0
915,0,1,4
915,1,1,2
915,2,1,1
915,3,1,5
915,4,1,1
915,5,1,1
915,6,1,1
915,7,0,0
915,8,0,0
915,9,0,0
915,10,0,0
915,11,0,0
915,12,0,0
916,0,1,9
916,1,1,5
916,2,1,2
916,3,1,3
916,4,1,3
916,5,0,0
916,6,0,0
916,7,0,0
916,8,0,0
916,9,0,0
916,10,0,0
916,11,0,0
916,12,0,0
917,0,1,2
917,1,1,3
917,2,1,0
917,3,1,1
917,4,1,3
917,5,1,2
917,6,1,0
917,7,1,3
917,8,1,3
917,9,1,1
917,10,1,1
917,11,1,2
917,12,1,1
918,0,1,3
918,1,0,0
918,2,0,0
918,3,0,0
918,4,0,0
918,5,0,0
918,6,0,0
918,7,0,0
918,8,0,0
918,9,0,0
918,10,0,0
918,11,0,0
918,12,0,0
919,0,1,7
919,1,1,0
919,2,1,1
919,3,1,4
919,4,1,6
919,5,1,1
919,6,1,9
919,7,1,0
919,8,1,0
919,9,1,5
919,10,1,4
919,11,1,4
919,12,1,5
920,0,1,7
920,1,1,4
920,2,1,6
920,3,1,2
920,4,1,8
920,5,0,0
920,6,0,0
920,7,0,0
920,8,0,0
920,9,0,0
920,10,0,0
920,11,0,0
920,12,0,0
921,0,1,5
921,1,1,2
921,2,0,0
921,3,0,0
921,4,0,0
921,5,0,0
921,6,0,0
921,7,0,0
921,8,0,0
921,9,0,0
921,10,0,0
921,11,0,0
921,12,0,0
922,0,1,5
922,1,1,1
922,2,1,1
922,3,1,0
922,4,1,1
922,5,1,1
922,6,1,1
922,7,0,0
922,8,0,0
922,9,0,0
922,10,0,0
922,11,0,0
922,12,0,0
923,0,1,7
923,1,1,1
923,2,1,2
923,3,1,2
923,4,1,1
923,5,1,3
923,6,0,0
923,7,0,0
923,8,0,0
923,9,0,0
923,10,0,0
923,11,0,0
923,12,0,0
924,0,1,6
924,1,1,3
924,2,1,3
924,3,1,2
924,4,1,4
924,5,1,3
924,6,1,3
924,7,1,3
924,8,1,2
924,9,1,5
924,10,1,6
924,11,1,4
924,12,1,3
925,0,1,4
925,1,1,1
925,2,1,1
925,3,0,0
925,4,0,0
925,5,0,0
925,6,0,0
925,7,0,0
925,8,0,0
925,9,0,0
925,10,0,0
925,11,0,0
925,12,0,0
926,0,1,7
926,1,1,6
926,2,1,3
926,3,1,4
926,4,1,4
926,5,1,5
926,6,1,7
926,7,1,5
926,8,1,1
926,9,1,5
926,10,1,2
926,11,1,3
926,12,1,6
927,0,1,6
927,1,1,1
927,2,1,2
927,3,1,5
927,4,1,2
927,5,1,2
927,6,1,3
927,7,1,2
927,8,1,2
927,9,1,2
927,10,0,0
927,11,0,0
927,12,0,0
928,0,1,4
928,1,1,0
928,2,0,0
928,3,0,0
928,4,0,0
928,5,0,0
928,6,0,0
928,7,0,0
928,8,0,0
928,9,0,0
928,10,0,0
928,11,0,0
928,12,0,0
929,0,1,6
929,1,1,3
929,2,1,4
929,3,1,2
929,4,1,1
929,5,0,0
929,6,0,0
929,7,0,0
929,8,0,0
929,9,0,0
929,10,0,0
929,11,0,0
929,12,0,0
930,0,1,7
930,1,0,0
930,2,0,0
930,3,0,0
930,4,0,0
930,5,0,0
930,6,0,0
930,7,0,0
930,8,0,0
930,9,0,0
930,10,0,0
930,11,0,0
930,12,0,0
931,0,1,5
931,1,1,2
931,2,1,2
931,3,1,2
931,4,1,3
931,5,0,0
931,6,0,0
931,7,0,0
931,8,0,0
931,9,0,0
931,10,0,0
931,11,0,0
931,12,0,0
932,0,1,5
932,1,1,4
932,2,1,6
932,3,1,6
932,4,1,3
932,5,1,4
932,6,1,3
932,7,1,1
932,8,1,5
932,9,1,3
932,10,1,2
932,11,1,4
932,12,1,0
933,0,1,6
933,1,1,3
933,2,1,5
933,3,1,2
933,4,1,3
933,5,1,4
933,6,1,4
933,7,1,2
933,8,1,4
933,9,1,1
933,10,1,0
933,11,1,2
933,12,1,5
934,0,1,4
934,1,1,4
934,2,1,4
934,3,1,4
934,4,1,3
934,5,1,4
934,6,1,6
934,7,0,0
934,8,0,0
934,9,0,0
934,10,0,0
934,11,0,0
934,12,0,0
935,0,1,7
935,1,1,5
935,2,1,3
935,3,1,4
935,4,1,3
935,5,1,4
935,6,1,4
935,7,1,0
935,8,0,0
935,9,0,0
935,10,0,0
935,11,0,0
935,12,0,0
936,0,1,7
936,1,1,7
936,2,1,2
936,3,1,1
936,4,1,3
936,5,0,0
936,6,0,0
936,7,0,0
936,8,0,0
936,9,0,0
936,10,0,0
936,11,0,0
936,12,0,0
937,0,1,6
937,1,1,1
937,2,1,0
937,3,1,2
937,4,1,1
937,5,1,3
937,6,1,2
937,7,1,1
937,8,1,0
937,9,0,0
937,10,0,0
937,11,0,0
937,12,0,0
938,0,1,3
938,1,1,0
938,2,1,3
938,3,1,4
938,4,0,0
938,5,0,0
938,6,0,0
938,7,0,0
938,8,0,0
938,9,0,0
938,10,0,0
938,11,0,0
938,12,0,0
939,0,1,3
939,1,1,0
939,2,1,3
939,3,1,0
939,4,0,0
939,5,0,0
939,6,0,0
939,7,0,0
939,8,0,0
939,9,0,0
939,10,0,0
939,11,0,0
939,12,0,0
940,0,1,2
940,1,1,1
940,2,1,5
940,3,1,2
940,4,1,2
940,5,1,5
940,6,1,4
940,7,1,4
940,8,0,0
940,9,0,0
940,10,0,0
940,11,0,0
940,12,0,0
941,0,1,3
941,1,1,6
941,2,1,3
941,3,0,0
941,4,0,0
941,5,0,0
941,6,0,0
941,7,0,0
941,8,0,0
941,9,0,0
941,10,0,0
941,11,0,0
941,12,0,0
942,0,1,7
942,1,1,4
942,2,1,3
942,3,0,0
942,4,0,0
942,5,0,0
942,6,0,0
942,7,0,0
942,8,0,0
942,9,0,0
942,10,0,0
942,11,0,0
942,12,0,0
943,0,1,6
943,1,1,5
943,2,1,6
943,3,0,0
943,4,0,0
943,5,0,0
943,6,0,0
943,7,0,0
943,8,0,0
943,9,0,0
943,10,0,0
943,11,0,0
943,12,0,0
944,0,1,8
944,1,1,2
944,2,1,4
944,3,1,2
944,4,1,5
944,5,1,6
944,6,1,5
944,7,1,4
944,8,1,6
944,9,1,1
944,10,1,2
944,11,1,3
944,12,1,5
945,0,1,5
945,1,1,3
945,2,1,3
945,3,1,5
945,4,1,4
945,5,1,7
945,6,1,3
945,7,1,5
945,8,1,3
945,9,1,4
945,10,1,0
945,11,1,1
945,12,1,10
946,0,1,3
946,1,1,3
946,2,1,4
946,3,1,3
946,4,1,2
946,5,1,4
946,6,1,2
946,7,1,1
946,8,1,4
946,9,1,0
946,10,1,3
946,11,1,3
946,12,1,2
947,0,1,6
947,1,1,6
947,2,1,3
947,3,1,6
947,4,1,6
947,5,1,5
947,6,1,3
947,7,1,3
947,8,1,5
947,9,1,7
947,10,0,0
947,11,0,0
947,12,0,0
948,0,1,3
948,1,1,2
948,2,0,0
948,3,0,0
948,4,0,0
948,5,0,0
948,6,0,0
948,7,0,0
948,8,0,0
948,9,0,0
948,10,0,0
948,11,0,0
948,12,0,0
949,0,1,2
949,1,0,0
949,2,0,0
949,3,0,0
949,4,0,0
949,5,0,0
949,6,0,0
949,7,0,0
949,8,0,0
949,9,0,0
949,10,0,0
949,11,0,0
949,12,0,0
950,0,1,3
950,1,1,5
950,2,0,0
950,3,0,0
950,4,0,0
950,5,0,0
950,6,0,0
950,7,0,0
950,8,0,0
950,9,0,0
950,10,0,0
950,11,0,0
950,12,0,0
951,0,1,7
951,1,1,2
951,2,1,3
951,3,1,3
951,4,1,0
951,5,1,2
951,6,1,3
951,7,1,1
951,8,1,2
951,9,1,3
951,10,1,3
951,11,1,2
951,12,1,0
952,0,1,4
952,1,1,3
952,2,1,1
952,3,1,3
952,4,1,5
952,5,1,3
952,6,1,3
952,7,1,4
952,8,1,5
952,9,1,4
952,10,1,4
952,11,1,4
952,12,1,2
953,0,1,8
953,1,1,2
953,2,1,2
953,3,1,4
953,4,1,2
953,5,1,3
953,6,1,2
953,7,1,4
953,8,1,3
953,9,1,2
953,10,1,5
953,11,1,0
953,12,1,4
954,0,1,12
954,1,0,0
954,2,0,0
954,3,0,0
954,4,0,0
954,5,0,0
954,6,0,0
954,7,0,0
954,8,0,0
954,9,0,0
954,10,0,0
954,11,0,0
954,12,0,0
955,0,1,6
955,1,1,0
955,2,1,3
955,3,1,3
955,4,1,3
955,5,1,2
955,6,1,2
955,7,1,3
955,8,1,2
955,9,1,5
955,10,1,4
955,11,1,2
955,12,1,2
956,0,1,5
956,1,1,6
956,2,1,3
956,3,1,4
956,4,1,4
956,5,1,3
956,6,1,2
956,7,1,4
956,8,1,6
956,9,1,3
956,10,1,3
956,11,1,3
956,12,1,1
957,0,1,6
957,1,1,7
957,2,1,5
957,3,1,6
957,4,1,6
957,5,1,3
957,6,1,4
957,7,1,0
957,8,1,3
957,9,1,1
957,10,1,4
957,11,1,4
957,12,1,2
958,0,1,8
958,1,1,2
958,2,1,2
958,3,0,0
958,4,0,0
958,5,0,0
958,6,0,0
958,7,0,0
958,8,0,0
958,9,0,0
958,10,0,0
958,11,0,0
958,12,0,0
959,0,1,5
959,1,1,2
959,2,1,1
959,3,1,1
959,4,1,2
959,5,1,2
959,6,1,4
959,7,1,1
959,8,1,3
959,9,1,1
959,10,1,2
959,11,1,1
959,12,1,1
960,0,1,7
960,1,1,7
960,2,1,4
960,3,1,2
960,4,1,5
960,5,1,3
960,6,1,6
960,7,1,4
960,8,1,3
960,9,0,0
960,10,0,0
960,11,0,0
960,12,0,0
961,0,1,7
961,1,1,1
961,2,1,2
961,3,0,0
961,4,0,0
961,5,0,0
961,6,0,0
961,7,0,0
961,8,0,0
961,9,0,0
961,10,0,0
961,11,0,0
961,12,0,0
962,0,1,5
962,1,1,2
962,2,1,0
962,3,1,4
962,4,1,4
962,5,1,1
962,6,1,2
962,7,1,1
962,8,1,2
962,9,1,5
962,10,0,0
962,11,0,0
962,12,0,0
963,0,1,5
963,1,1,3
963,2,1,1
963,3,1,2
963,4,1,2
963,5,1,3
963,6,1,0
963,7,1,0
963,8,0,0
963,9,0,0
963,10,0,0
963,11,0,0
963,12,0,0
964,0,1,4
964,1,1,0
964,2,1,6
964,3,1,4
964,4,1,4
964,5,1,4
964,6,1,1
964,7,1,4
964,8,1,1
964,9,1,4
964,10,0,0
964,11,0,0
964,12,0,0
965,0,1,3
965,1,1,2
965,2,1,3
965,3,1,2
965,4,1,4
965,5,1,2
965,6,1,1
965,7,1,2
965,8,1,4
965,9,1,0
965,10,1,3
965,11,1,2
965,12,1,1
966,0,1,6
966,1,1,1
966,2,1,4
966,3,1,4
966,4,1,4
966,5,0,0
966,6,0,0
966,7,0,0
966,8,0,0
966,9,0,0
966,10,0,0
966,11,0,0
966,12,0,0
967,0,1,6
967,1,1,7
967,2,1,4
967,3,1,5
967,4,1,3
967,5,1,2
967,6,1,4
967,7,0,0
967,8,0,0
967,9,0,0
967,10,0,0
967,11,0,0
967,12,0,0
968,0,1,2
968,1,1,2
968,2,1,5
968,3,1,2
968,4,1,4
968,5,1,1
968,6,1,0
968,7,0,0
968,8,0,0
968,9,0,0
968,10,0,0
968,11,0,0
968,12,0,0
969,0,1,6
969,1,1,7
969,2,1,2
969,3,1,0
969,4,1,1
969,5,1,4
969,6,1,2
969,7,0,0
969,8,0,0
969,9,0,0
969,10,0,0
969,11,0,0
969,12,0,0
970,0,1,6
970,1,0,0
970,2,0,0
970,3,0,0
970,4,0,0
970,5,0,0
970,6,0,0
970,7,0,0
970,8,0,0
970,9,0,0
970,10,0,0
970,11,0,0
970,12,0,0
971,0,1,3
971,1,1,8
971,2,0,0
971,3,0,0
971,4,0,0
971,5,0,0
971,6,0,0
971,7,0,0
971,8,0,0
971,9,0,0
971,10,0,0
971,11,0,0
971,12,0,0
972,0,1,6
972,1,1,6
972,2,1,2
972,3,1,3
972,4,0,0
972,5,0,0
972,6,0,0
972,7,0,0
972,8,0,0
972,9,0,0
972,10,0,0
972,11,0,0
972,12,0,0
973,0,1,2
973,1,1,2
973,2,1,1
973,3,1,2
973,4,1,0
973,5,1,4
973,6,1,0
973,7,1,1
973,8,1,2
973,9,1,3
973,10,1,1
973,11,1,4
973,12,1,1
974,0,1,6
974,1,1,1
974,2,1,3
974,3,1,4
974,4,1,4
974,5,1,2
974,6,1,5
974,7,1,3
974,8,1,4
974,9,1,3
974,10,0,0
974,11,0,0
974,12,0,0
975,0,1,4
975,1,1,1
975,2,1,2
975,3,1,0
975,4,1,1
975,5,1,2
975,6,1,3
975,7,1,1
975,8,1,1
975,9,1,3
975,10,1,2
975,11,1,2
975,12,1,2
976,0,1,3
976,1,1,4
976,2,1,4
976,3,1,2
976,4,1,4
976,5,1,5
976,6,1,6
976,7,1,5
976,8,1,5
976,9,1,4
976,10,1,1
976,11,1,2
976,12,1,3
977,0,1,3
977,1,1,3
977,2,1,1
977,3,1,2
977,4,1,3
977,5,1,1
977,6,1,4
977,7,1,3
977,8,1,1
977,9,1,1
977,10,1,1
977,11,1,3
977,12,1,2
978,0,1,3
978,1,1,1
978,2,1,3
978,3,1,0
978,4,1,3
978,5,1,2
978,6,1,0
978,7,1,5
978,8,1,0
978,9,1,0
978,10,1,1
978,11,1,2
978,12,1,1
979,0,1,2
979,1,1,4
979,2,1,3
979,3,1,2
979,4,0,0
979,5,0,0
979,6,0,0
979,7,0,0
979,8,0,0
979,9,0,0
979,10,0,0
979,11,0,0
979,12,0,0
980,0,1,8
980,1,1,7
980,2,1,4
980,3,1,7
980,4,1,4
980,5,1,3
980,6,1,6
980,7,1,5
980,8,1,2
980,9,0,0
980,10,0,0
980,11,0,0
980,12,0,0
981,0,1,6
981,1,1,2
981,2,1,3
981,3,1,3
981,4,1,2
981,5,1,4
981,6,0,0
981,7,0,0
981,8,0,0
981,9,0,0
981,10,0,0
981,11,0,0
981,12,0,0
982,0,1,6
982,1,1,3
982,2,1,3
982,3,1,3
982,4,1,4
982,5,1,1
982,6,1,3
982,7,1,4
982,8,1,1
982,9,1,3
982,10,1,4
982,11,1,9
982,12,1,3
983,0,1,9
983,1,1,1
983,2,1,0
983,3,1,4
983,4,1,2
983,5,1,4
983,6,1,3
983,7,1,3
983,8,1,1
983,9,1,2
983,10,1,1
983,11,1,2
983,12,1,1
984,0,1,2
984,1,1,0
984,2,1,3
984,3,1,3
984,4,1,2
984,5,1,1
984,6,1,2
984,7,1,1
984,8,1,0
984,9,1,3
984,10,1,2
984,11,1,2
984,12,1,1
985,0,1,7
985,1,1,3
985,2,1,6
985,3,1,5
985,4,1,2
985,5,1,4
985,6,1,2
985,7,1,4
985,8,1,1
985,9,1,2
985,10,1,2
985,11,1,0
985,12,0,0
986,0,1,5
986,1,1,0
986,2,1,5
986,3,1,7
986,4,1,4
986,5,1,4
986,6,0,0
986,7,0,0
986,8,0,0
986,9,0,0
986,10,0,0
986,11,0,0
986,12,0,0
987,0,1,7
987,1,1,5
987,2,1,5
987,3,1,9
987,4,1,3
987,5,1,5
987,6,1,3
987,7,1,4
987,8,1,2
987,9,1,4
987,10,1,5
987,11,1,4
987,12,1,1
988,0,1,3
988,1,1,4
988,2,1,3
988,3,1,2
988,4,1,5
988,5,1,3
988,6,1,5
988,7,1,4
988,8,1,3
988,9,1,5
988,10,1,4
988,11,1,4
988,12,1,8
989,0,1,2
989,1,1,2
989,2,1,2
989,3,1,6
989,4,1,3
989,5,0,0
989,6,0,0
989,7,0,0
989,8,0,0
989,9,0,0
989,10,0,0
989,11,0,0
989,12,0,0
990,0,1,6
990,1,1,2
990,2,1,3
990,3,0,0
990,4,0,0
990,5,0,0
990,6,0,0
990,7,0,0
990,8,0,0
990,9,0,0
990,10,0,0
990,11,0,0
990,12,0,0
991,0,1,6
991,1,1,3
991,2,1,2
991,3,0,0
991,4,0,0
991,5,0,0
991,6,0,0
991,7,0,0
991,8,0,0
991,9,0,0
991,10,0,0
991,11,0,0
991,12,0,0
992,0,1,9
992,1,1,3
992,2,1,4
992,3,1,2
992,4,1,5
992,5,1,4
992,6,1,3
992,7,1,4
992,8,1,0
992,9,1,3
992,10,1,3
992,11,1,3
992,12,1,4
993,0,1,6
993,1,1,3
993,2,1,5
993,3,1,3
993,4,1,6
993,5,1,8
993,6,1,7
993,7,1,4
993,8,1,5
993,9,1,7
993,10,1,4
993,11,1,5
993,12,1,3
994,0,1,2
994,1,1,1
994,2,1,3
994,3,1,3
994,4,1,3
994,5,1,2
994,6,1,0
994,7,1,1
994,8,1,1
994,9,1,1
994,10,1,0
994,11,1,3
994,12,1,2
995,0,1,5
995,1,1,4
995,2,1,2
995,3,1,3
995,4,1,4
995,5,1,3
995,6,1,1
995,7,1,2
995,8,1,2
995,9,1,1
995,10,1,3
995,11,1,2
995,12,1,4
996,0,1,6
996,1,0,0
996,2,0,0
996,3,0,0
996,4,0,0
996,5,0,0
996,6,0,0
996,7,0,0
996,8,0,0
996,9,0,0
996,10,0,0
996,11,0,0
996,12,0,0
997,0,1,6
997,1,1,2
997,2,1,3
997,3,1,0
997,4,1,5
997,5,1,0
997,6,1,6
997,7,1,3
997,8,1,1
997,9,1,1
997,10,1,2
997,11,1,4
997,12,1,1
998,0,1,1
998,1,0,0
998,2,0,0
998,3,0,0
998,4,0,0
998,5,0,0
998,6,0,0
998,7,0,0
998,8,0,0
998,9,0,0
998,10,0,0
998,11,0,0
998,12,0,0
999,0,1,4
999,1,1,2
999,2,1,2
999,3,1,2
999,4,1,5
999,5,1,3
999,6,1,11
999,7,1,4
999,8,1,4
999,9,1,4
999,10,1,4
999,11,1,4
999,12,1,4
1000,0,1,6
1000,1,1,2
1000,2,1,4
1000,3,1,5
1000,4,1,3
1000,5,1,0
1000,6,1,5
1000,7,1,4
1000,8,0,0
1000,9,0,0
1000,10,0,0
1000,11,0,0
1000,12,0,0
1001,0,1,6
1001,1,1,0
1001,2,1,1
1001,3,1,2
1001,4,1,3
1001,5,1,2
1001,6,0,0
1001,7,0,0
1001,8,0,0
1001,9,0,0
1001,10,0,0
1001,11,0,0
1001,12,0,0
1002,0,1,6
1002,1,1,0
1002,2,1,0
1002,3,1,5
1002,4,1,0
1002,5,1,4
1002,6,1,4
1002,7,1,4
1002,8,1,3
1002,9,1,2
1002,10,1,0
1002,11,1,1
1002,12,1,2
1003,0,1,6
1003,1,1,2
1003,2,1,3
1003,3,1,2
1003,4,1,4
1003,5,1,5
1003,6,1,4
1003,7,1,4
1003,8,1,6
1003,9,0,0
1003,10,0,0
1003,11,0,0
1003,12,0,0
1004,0,1,4
1004,1,1,4
1004,2,1,1
1004,3,1,1
1004,4,1,2
1004,5,0,0
1004,6,0,0
1004,7,0,0
1004,8,0,0
1004,9,0,0
1004,10,0,0
1004,11,0,0
1004,12,0,0
1005,0,1,5
1005,1,1,2
1005,2,1,4
1005,3,1,2
1005,4,1,2
1005,5,0,0
1005,6,0,0
1005,7,0,0
1005,8,0,0
1005,9,0,0
1005,10,0,0
1005,11,0,0
1005,12,0,0
1006,0,1,4
1006,1,1,2
1006,2,1,2
1006,3,1,0
1006,4,1,3
1006,5,1,2
1006,6,1,5
1006,7,1,3
1006,8,1,2
1006,9,1,2
1006,10,1,4
1006,11,0,0
1006,12,0,0
1007,0,1,4
1007,1,0,0
1007,2,0,0
1007,3,0,0
1007,4,0,0
1007,5,0,0
1007,6,0,0
1007,7,0,0
1007,8,0,0
1007,9,0,0
1007,10,0,0
1007,11,0,0
1007,12,0,0
1008,0,1,3
1008,1,1,1
1008,2,1,4
1008,3,1,5
1008,4,1,4
1008,5,1,3
1008,6,1,6
1008,7,1,3
1008,8,1,4
1008,9,1,1
1008,10,1,2
1008,11,1,4
1008,12,1,5
1009,0,1,5
1009,1,1,2
1009,2,1,1
1009,3,1,0
1009,4,1,3
1009,5,0,0
1009,6,0,0
1009,7,0,0
1009,8,0,0
1009,9,0,0
1009,10,0,0
1009,11,0,0
1009,12,0,0
1010,0,1,3
1010,1,1,4
1010,2,1,3
1010,3,1,2
1010,4,0,0
1010,5,0,0
1010,6,0,0
1010,7,0,0
1010,8,0,0
1010,9,0,0
1010,10,0,0
1010,11,0,0
1010,12,0,0
1011,0,1,5
1011,1,1,1
1011,2,1,3
1011,3,1,3
1011,4,1,4
1011,5,1,2
1011,6,1,2
1011,7,1,2
1011,8,1,2
1011,9,1,2
1011,10,1,1
1011,11,1,0
1011,12,1,1
1012,0,1,3
1012,1,1,5
1012,2,1,6
1012,3,1,3
1012,4,1,1
1012,5,1,5
1012,6,1,3
1012,7,1,4
1012,8,1,2
1012,9,1,4
1012,10,1,3
1012,11,1,3
1012,12,1,2
1013,0,1,7
1013,1,1,3
1013,2,1,2
1013,3,1,2
1013,4,1,5
1013,5,0,0
1013,6,0,0
1013,7,0,0
1013,8,0,0
1013,9,0,0
1013,10,0,0
1013,11,0,0
1013,12,0,0
1014,0,1,7
1014,1,1,5
1014,2,1,4
1014,3,1,8
1014,4,1,5
1014,5,1,4
1014,6,1,3
1014,7,0,0
1014,8,0,0
1014,9,0,0
1014,10,0,0
1014,11,0,0
1014,12,0,0
1015,0,1,8
1015,1,1,2
1015,2,0,0
1015,3,0,0
1015,4,0,0
1015,5,0,0
1015,6,0,0
1015,7,0,0
1015,8,0,0
1015,9,0,0
1015,10,0,0
1015,11,0,0
1015,12,0,0
1016,0,1,3
1016,1,0,0
1016,2,0,0
1016,3,0,0
1016,4,0,0
1016,5,0,0
1016,6,0,0
1016,7,0,0
1016,8,0,0
1016,9,0,0
1016,10,0,0
1016,11,0,0
1016,12,0,0
1017,0,1,3
1017,1,1,1
1017,2,1,3
1017,3,1,4
1017,4,1,4
1017,5,1,2
1017,6,1,6
1017,7,1,4
1017,8,0,0
1017,9,0,0
1017,10,0,0
1017,11,0,0
1017,12,0,0
1018,0,1,4
1018,1,1,4
1018,2,1,3
1018,3,1,4
1018,4,1,5
1018,5,1,1
1018,6,0,0
1018,7,0,0
1018,8,0,0
1018,9,0,0
1018,10,0,0
1018,11,0,0
1018,12,0,0
1019,0,1,9
1019,1,0,0
1019,2,0,0
1019,3,0,0
1019,4,0,0
1019,5,0,0
1019,6,0,0
1019,7,0,0
1019,8,0,0
1019,9,0,0
1019,10,0,0
1019,11,0,0
1019,12,0,0
1020,0,1,6
1020,1,1,2
1020,2,1,5
1020,3,1,1
1020,4,1,4
1020,5,1,3
1020,6,1,3
1020,7,1,2
1020,8,1,3
1020,9,1,4
1020,10,1,6
1020,11,1,4
1020,12,0,0
1021,0,1,2
1021,1,1,1
1021,2,1,2
1021,3,1,5
1021,4,1,4
1021,5,1,3
1021,6,1,2
1021,7,1,6
1021,8,1,4
1021,9,1,0
1021,10,1,4
1021,11,1,6
1021,12,1,4
1022,0,1,5
1022,1,1,5
1022,2,1,2
1022,3,1,3
1022,4,1,4
1022,5,0,0
1022,6,0,0
1022,7,0,0
1022,8,0,0
1022,9,0,0
1022,10,0,0
1022,11,0,0
1022,12,0,0
1023,0,1,4
1023,1,0,0
1023,2,0,0
1023,3,0,0
1023,4,0,0
1023,5,0,0
1023,6,0,0
1023,7,0,0
1023,8,0,0
1023,9,0,0
1023,10,0,0
1023,11,0,0
1023,12,0,0
1024,0,1,5
1024,1,1,4
1024,2,1,8
1024,3,1,4
1024,4,1,2
1024,5,0,0
1024,6,0,0
1024,7,0,0
1024,8,0,0
1024,9,0,0
1024,10,0,0
1024,11,0,0
1024,12,0,0
1025,0,1,6
1025,1,1,2
1025,2,1,3
1025,3,1,5
1025,4,0,0
1025,5,0,0
1025,6,0,0
1025,7,0,0
1025,8,0,0
1025,9,0,0
1025,10,0,0
1025,11,0,0
1025,12,0,0
1026,0,1,4
1026,1,1,4
1026,2,1,1
1026,3,1,3
1026,4,1,5
1026,5,0,0
1026,6,0,0
1026,7,0,0
1026,8,0,0
1026,9,0,0
1026,10,0,0
1026,11,0,0
1026,12,0,0
1027,0,1,6
1027,1,1,7
1027,2,1,2
1027,3,0,0
1027,4,0,0
1027,5,0,0
1027,6,0,0
1027,7,0,0
1027,8,0,0
1027,9,0,0
1027,10,0,0
1027,11,0,0
1027,12,0,0
1028,0,1,3
1028,1,1,5
1028,2,1,1
1028,3,1,4
1028,4,1,4
1028,5,1,3
1028,6,1,3
1028,7,1,6
1028,8,1,4
1028,9,1,5
1028,10,1,2
1028,11,1,5
1028,12,1,2
1029,0,1,6
1029,1,1,3
1029,2,1,1
1029,3,1,6
1029,4,1,3
1029,5,1,2
1029,6,1,4
1029,7,1,2
1029,8,1,2
1029,9,1,3
1029,10,1,6
1029,11,1,2
1029,12,1,2
1030,0,1,6
1030,1,1,1
1030,2,1,3
1030,3,0,0
1030,4,0,0
1030,5,0,0
1030,6,0,0
1030,7,0,0
1030,8,0,0
1030,9,0,0
1030,10,0,0
1030,11,0,0
1030,12,0,0
1031,0,1,8
1031,1,1,4
1031,2,1,3
1031,3,1,1
1031,4,1,4
1031,5,1,1
1031,6,1,1
1031,7,1,4
1031,8,1,3
1031,9,1,1
1031,10,0,0
1031,11,0,0
1031,12,0,0
1032,0,1,4
1032,1,1,8
1032,2,1,5
1032,3,1,1
1032,4,1,3
1032,5,1,3
1032,6,1,3
1032,7,1,1
1032,8,1,8
1032,9,1,5
1032,10,1,6
1032,11,1,1
1032,12,1,5
1033,0,1,3
1033,1,1,3
1033,2,1,5
1033,3,0,0
1033,4,0,0
1033,5,0,0
1033,6,0,0
1033,7,0,0
1033,8,0,0
1033,9,0,0
1033,10,0,0
1033,11,0,0
1033,12,0,0
1034,0,1,8
1034,1,1,3
1034,2,1,0
1034,3,1,2
1034,4,1,4
1034,5,1,3
1034,6,1,2
1034,7,1,1
1034,8,1,0
1034,9,1,6
1034,10,1,2
1034,11,1,0
1034,12,1,3
1035,0,1,2
1035,1,1,2
1035,2,0,0
1035,3,0,0
1035,4,0,0
1035,5,0,0
1035,6,0,0
1035,7,0,0
1035,8,0,0
1035,9,0,0
1035,10,0,0
1035,11,0,0
1035,12,0,0
1036,0,1,5
1036,1,1,1
1036,2,1,2
1036,3,1,0
1036,4,1,0
1036,5,1,2
1036,6,1,0
1036,7,1,3
1036,8,1,5
1036,9,1,4
1036,10,0,0
1036,11,0,0
1036,12,0,0
1037,0,1,5
1037,1,0,0
1037,2,0,0
1037,3,0,0
1037,4,0,0
1037,5,0,0
1037,6,0,0
1037,7,0,0
1037,8,0,0
1037,9,0,0
1037,10,0,0
1037,11,0,0
1037,12,0,0
1038,0,1,4
1038,1,1,11
1038,2,1,3
1038,3,1,3
1038,4,1,6
1038,5,1,3
1038,6,1,3
1038,7,1,5
1038,8,1,5
1038,9,1,9
1038,10,1,3
1038,11,1,4
1038,12,1,2
1039,0,1,3
1039,1,1,9
1039,2,1,0
1039,3,1,3
1039,4,1,2
1039,5,1,3
1039,6,1,2
1039,7,1,4
1039,8,1,2
1039,9,1,4
1039,10,1,8
1039,11,1,2
1039,12,1,5
1040,0,1,3
1040,1,1,2
1040,2,1,2
1040,3,1,2
1040,4,0,0
1040,5,0,0
1040,6,0,0
1040,7,0,0
1040,8,0,0
1040,9,0,0
1040,10,0,0
1040,11,0,0
1040,12,0,0
1041,0,1,6
1041,1,1,3
1041,2,0,0
1041,3,0,0
1041,4,0,0
1041,5,0,0
1041,6,0,0
1041,7,0,0
1041,8,0,0
1041,9,0,0
1041,10,0,0
1041,11,0,0
1041,12,0,0
1042,0,1,7
1042,1,1,2
1042,2,1,3
1042,3,1,5
1042,4,0,0
1042,5,0,0
1042,6,0,0
1042,7,0,0
1042,8,0,0
1042,9,0,0
1042,10,0,0
1042,11,0,0
1042,12,0,0
1043,0,1,4
1043,1,0,0
1043,2,0,0
1043,3,0,0
1043,4,0,0
1043,5,0,0
1043,6,0,0
1043,7,0,0
1043,8,0,0
1043,9,0,0
1043,10,0,0
1043,11,0,0
1043,12,0,0
1044,0,1,4
1044,1,1,5
1044,2,1,0
1044,3,1,3
1044,4,1,1
1044,5,1,2
1044,6,1,4
1044,7,1,6
1044,8,1,3
1044,9,1,2
1044,10,1,1
1044,11,1,2
1044,12,1,0
1045,0,1,4
1045,1,1,1
1045,2,1,2
1045,3,0,0
1045,4,0,0
1045,5,0,0
1045,6,0,0
1045,7,0,0
1045,8,0,0
1045,9,0,0
1045,10,0,0
1045,11,0,0
1045,12,0,0
1046,0,1,5
1046,1,1,8
1046,2,1,4
1046,3,1,3
1046,4,0,0
1046,5,0,0
1046,6,0,0
1046,7,0,0
1046,8,0,0
1046,9,0,0
1046,10,0,0
1046,11,0,0
1046,12,0,0
1047,0,1,10
1047,1,1,5
1047,2,1,5
1047,3,1,3
1047,4,1,3
1047,5,1,1
1047,6,1,6
1047,7,1,2
1047,8,1,6
1047,9,1,3
1047,10,1,8
1047,11,1,2
1047,12,1,1
1048,0,1,6
1048,1,1,3
1048,2,1,1
1048,3,0,0
1048,4,0,0
1048,5,0,0
1048,6,0,0
1048,7,0,0
1048,8,0,0
1048,9,0,0
1048,10,0,0
1048,11,0,0
1048,12,0,0
1049,0,1,6
1049,1,1,6
1049,2,1,2
1049,3,1,3
1049,4,1,5
1049,5,1,2
1049,6,1,2
1049,7,1,0
1049,8,1,2
1049,9,1,1
1049,10,1,5
1049,11,1,2
1049,12,1,3
1050,0,1,7
1050,1,1,3
1050,2,1,3
1050,3,1,2
1050,4,1,1
1050,5,1,5
1050,6,1,2
1050,7,0,0
1050,8,0,0
1050,9,0,0
1050,10,0,0
1050,11,0,0
1050,12,0,0
1051,0,1,2
1051,1,1,4
1051,2,1,3
1051,3,1,3
1051,4,0,0
1051,5,0,0
1051,6,0,0
1051,7,0,0
1051,8,0,0
1051,9,0,0
1051,10,0,0
1051,11,0,0
1051,12,0,0
1052,0,1,4
1052,1,1,1
1052,2,1,1
1052,3,1,4
1052,4,0,0
1052,5,0,0
1052,6,0,0
1052,7,0,0
1052,8,0,0
1052,9,0,0
1052,10,0,0
1052,11,0,0
1052,12,0,0
1053,0,1,6
1053,1,0,0
1053,2,0,0
1053,3,0,0
1053,4,0,0
1053,5,0,0
1053,6,0,0
1053,7,0,0
1053,8,0,0
1053,9,0,0
1053,10,0,0
1053,11,0,0
1053,12,0,0
1054,0,1,3
1054,1,1,2
1054,2,1,3
1054,3,1,0
1054,4,1,2
1054,5,1,0
1054,6,1,3
1054,7,1,5
1054,8,1,5
1054,9,1,2
1054,10,1,3
1054,11,1,3
1054,12,1,1
1055,0,1,3
1055,1,0,0
1055,2,0,0
1055,3,0,0
1055,4,0,0
1055,5,0,0
1055,6,0,0
1055,7,0,0
1055,8,0,0
1055,9,0,0
1055,10,0,0
1055,11,0,0
1055,12,0,0
1056,0,1,6
1056,1,1,6
1056,2,1,5
1056,3,1,4
1056,4,1,2
1056,5,1,2
1056,6,1,3
1056,7,1,9
1056,8,0,0
1056,9,0,0
1056,10,0,0
1056,11,0,0
1056,12,0,0
1057,0,1,4
1057,1,1,2
1057,2,1,0
1057,3,1,1
1057,4,0,0
1057,5,0,0
1057,6,0,0
1057,7,0,0
1057,8,0,0
1057,9,0,0
1057,10,0,0
1057,11,0,0
1057,12,0,0
1058,0,1,4
1058,1,1,5
1058,2,1,2
1058,3,1,3
1058,4,0,0
1058,5,0,0
1058,6,0,0
1058,7,0,0
1058,8,0,0
1058,9,0,0
1058,10,0,0
1058,11,0,0
1058,12,0,0
1059,0,1,6
1059,1,1,2
1059,2,1,4
1059,3,1,4
1059,4,1,3
1059,5,1,4
1059,6,1,1
1059,7,0,0
1059,8,0,0
1059,9,0,0
1059,10,0,0
1059,11,0,0
1059,12,0,0
1060,0,1,5
1060,1,1,1
1060,2,1,2
1060,3,1,1
1060,4,1,2
1060,5,1,3
1060,6,1,3
1060,7,1,2
1060,8,1,3
1060,9,1,1
1060,10,1,5
1060,11,1,3
1060,12,0,0
1061,0,1,7
1061,1,1,0
1061,2,1,2
1061,3,1,4
1061,4,0,0
1061,5,0,0
1061,6,0,0
1061,7,0,0
1061,8,0,0
1061,9,0,0
1061,10,0,0
1061,11,0,0
1061,12,0,0
1062,0,1,3
1062,1,1,5
1062,2,0,0
1062,3,0,0
1062,4,0,0
1062,5,0,0
1062,6,0,0
1062,7,0,0
1062,8,0,0
1062,9,0,0
1062,10,0,0
1062,11,0,0
1062,12,0,0
1063,0,1,7
1063,1,1,3
1063,2,1,1
1063,3,1,3
1063,4,1,0
1063,5,1,3
1063,6,1,2
1063,7,1,1
1063,8,1,1
1063,9,1,3
1063,10,1,3
1063,11,0,0
1063,12,0,0
1064,0,1,7
1064,1,1,0
1064,2,0,0
1064,3,0,0
1064,4,0,0
1064,5,0,0
1064,6,0,0
1064,7,0,0
1064,8,0,0
1064,9,0,0
1064,10,0,0
1064,11,0,0
1064,12,0,0
1065,0,1,2
1065,1,1,3
1065,2,1,3
1065,3,1,4
1065,4,1,4
1065,5,1,5
1065,6,1,5
1065,7,1,3
1065,8,1,3
1065,9,1,2
1065,10,1,1
1065,11,1,3
1065,12,1,4
1066,0,1,4
1066,1,1,3
1066,2,1,2
1066,3,1,6
1066,4,1,6
1066,5,1,6
1066,6,1,7
1066,7,1,3
1066,8,1,4
1066,9,1,5
1066,10,1,5
1066,11,1,2
1066,12,1,3
1067,0,1,3
1067,1,1,2
1067,2,1,2
1067,3,1,0
1067,4,1,0
1067,5,1,2
1067,6,1,6
1067,7,1,0
1067,8,1,7
1067,9,1,2
1067,10,1,2
1067,11,1,1
1067,12,1,7
1068,0,1,5
1068,1,1,5
1068,2,0,0
1068,3,0,0
1068,4,0,0
1068,5,0,0
1068,6,0,0
1068,7,0,0
1068,8,0,0
1068,9,0,0
1068,10,0,0
1068,11,0,0
1068,12,0,0
1069,0,1,3
1069,1,1,3
1069,2,0,0
1069,3,0,0
1069,4,0,0
1069,5,0,0
1069,6,0,0
1069,7,0,0
1069,8,0,0
1069,9,0,0
1069,10,0,0
1069,11,0,0
1069,12,0,0
1070,0,1,3
1070,1,1,6
1070,2,1,2
1070,3,1,5
1070,4,1,3
1070,5,0,0
1070,6,0,0
1070,7,0,0
1070,8,0,0
1070,9,0,0
1070,10,0,0
1070,11,0,0
1070,12,0,0
1071,0,1,4
1071,1,1,3
1071,2,1,3
1071,3,0,0
1071,4,0,0
1071,5,0,0
1071,6,0,0
1071,7,0,0
1071,8,0,0
1071,9,0,0
1071,10,0,0
1071,11,0,0
1071,12,0,0
1072,0,1,2
1072,1,1,3
1072,2,1,2
1072,3,1,0
1072,4,1,2
1072,5,0,0
1072,6,0,0
1072,7,0,0
1072,8,0,0
1072,9,0,0
1072,10,0,0
1072,11,0,0
1072,12,0,0
1073,0,1,2
1073,1,1,2
1073,2,1,1
1073,3,1,3
1073,4,1,1
1073,5,1,6
1073,6,1,3
1073,7,1,0
1073,8,1,4
1073,9,1,3
1073,10,1,4
1073,11,1,5
1073,12,1,6
1074,0,1,4
1074,1,1,5
1074,2,1,3
1074,3,1,5
1074,4,1,2
1074,5,1,5
1074,6,1,2
1074,7,1,2
1074,8,1,5
1074,9,1,1
1074,10,1,5
1074,11,1,4
1074,12,1,2
1075,0,1,7
1075,1,1,2
1075,2,1,3
1075,3,1,4
1075,4,1,2
1075,5,0,0
1075,6,0,0
1075,7,0,0
1075,8,0,0
1075,9,0,0
1075,10,0,0
1075,11,0,0
1075,12,0,0
1076,0,1,4
1076,1,1,2
1076,2,1,6
1076,3,1,2
1076,4,1,0
1076,5,1,1
1076,6,1,2
1076,7,0,0
1076,8,0,0
1076,9,0,0
1076,10,0,0
1076,11,0,0
1076,12,0,0
1077,0,1,4
1077,1,1,5
1077,2,1,4
1077,3,1,3
1077,4,1,3
1077,5,1,1
1077,6,1,5
1077,7,1,5
1077,8,1,3
1077,9,1,4
1077,10,1,6
1077,11,1,4
1077,12,1,4
1078,0,1,5
1078,1,1,3
1078,2,1,1
1078,3,1,2
1078,4,1,4
1078,5,1,4
1078,6,1,4
1078,7,1,2
1078,8,1,2
1078,9,1,7
1078,10,1,6
1078,11,0,0
1078,12,0,0
1079,0,1,4
1079,1,1,1
1079,2,1,1
1079,3,1,3
1079,4,1,3
1079,5,1,1
1079,6,1,1
1079,7,1,1
1079,8,1,3
1079,9,1,1
1079,10,1,3
1079,11,1,3
1079,12,1,2
1080,0,1,4
1080,1,0,0
1080,2,0,0
1080,3,0,0
1080,4,0,0
1080,5,0,0
1080,6,0,0
1080,7,0,0
1080,8,0,0
1080,9,0,0
1080,10,0,0
1080,11,0,0
1080,12,0,0
1081,0,1,3
1081,1,1,2
1081,2,1,1
1081,3,1,3
1081,4,1,4
1081,5,1,4
1081,6,1,0
1081,7,1,0
1081,8,1,2
1081,9,1,2
1081,10,1,3
1081,11,1,2
1081,12,1,6
1082,0,1,3
1082,1,1,1
1082,2,1,1
1082,3,0,0
1082,4,0,0
1082,5,0,0
1082,6,0,0
1082,7,0,0
1082,8,0,0
1082,9,0,0
1082,10,0,0
1082,11,0,0
1082,12,0,0
1083,0,1,5
1083,1,1,5
1083,2,1,2
1083,3,1,2
1083,4,1,3
1083,5,1,3
1083,6,0,0
1083,7,0,0
1083,8,0,0
1083,9,0,0
1083,10,0,0
1083,11,0,0
1083,12,0,0
1084,0,1,7
1084,1,1,0
1084,2,1,1
1084,3,1,0
1084,4,0,0
1084,5,0,0
1084,6,0,0
1084,7,0,0
1084,8,0,0
1084,9,0,0
1084,10,0,0
1084,11,0,0
1084,12,0,0
1085,0,1,4
1085,1,1,4
1085,2,1,1
1085,3,1,2
1085,4,1,2
1085,5,0,0
1085,6,0,0
1085,7,0,0
1085,8,0,0
1085,9,0,0
1085,10,0,0
1085,11,0,0
1085,12,0,0
1086,0,1,3
1086,1,1,9
1086,2,1,2
1086,3,1,1
1086,4,1,9
1086,5,1,6
1086,6,1,1
1086,7,1,2
1086,8,0,0
1086,9,0,0
1086,10,0,0
1086,11,0,0
1086,12,0,0
1087,0,1,4
1087,1,1,2
1087,2,1,6
1087,3,1,4
1087,4,1,3
1087,5,1,4
1087,6,1,2
1087,7,1,4
1087,8,1,4
1087,9,1,5
1087,10,1,3
1087,11,0,0
1087,12,0,0
1088,0,1,7
1088,1,1,6
1088,2,1,1
1088,3,1,2
1088,4,1,0
1088,5,1,3
1088,6,1,1
1088,7,1,4
1088,8,1,1
1088,9,1,4
1088,10,1,5
1088,11,1,1
1088,12,1,5
1089,0,1,3
1089,1,1,4
1089,2,1,0
1089,3,1,1
1089,4,1,1
1089,5,1,1
1089,6,1,3
1089,7,1,1
1089,8,1,1
1089,9,1,2
1089,10,1,0
1089,11,1,3
1089,12,1,4
1090,0,1,2
1090,1,1,0
1090,2,1,2
1090,3,1,2
1090,4,0,0
1090,5,0,0
1090,6,0,0
1090,7,0,0
1090,8,0,0
1090,9,0,0
1090,10,0,0
1090,11,0,0
1090,12,0,0
1091,0,1,3
1091,1,1,1
1091,2,1,1
1091,3,1,1
1091,4,1,2
1091,5,1,2
1091,6,1,0
1091,7,1,3
1091,8,0,0
1091,9,0,0
1091,10,0,0
1091,11,0,0
1091,12,0,0
1092,0,1,6
1092,1,1,2
1092,2,1,2
1092,3,1,4
1092,4,1,4
1092,5,1,3
1092,6,1,1
1092,7,1,6
1092,8,1,3
1092,9,1,5
1092,10,1,5
1092,11,1,3
1092,12,0,0
1093,0,1,9
1093,1,1,5
1093,2,1,1
1093,3,1,3
1093,4,1,3
1093,5,1,1
1093,6,1,3
1093,7,1,2
1093,8,1,2
1093,9,1,1
1093,10,1,5
1093,11,1,3
1093,12,1,6
1094,0,1,6
1094,1,1,0
1094,2,1,5
1094,3,0,0
1094,4,0,0
1094,5,0,0
1094,6,0,0
1094,7,0,0
1094,8,0,0
1094,9,0,0
1094,10,0,0
1094,11,0,0
1094,12,0,0
1095,0,1,6
1095,1,1,1
1095,2,1,1
1095,3,1,6
1095,4,1,3
1095,5,1,5
1095,6,1,9
1095,7,1,8
1095,8,0,0
1095,9,0,0
1095,10,0,0
1095,11,0,0
1095,12,0,0
1096,0,1,6
1096,1,1,0
1096,2,1,3
1096,3,1,1
1096,4,1,2
1096,5,0,0
1096,6,0,0
1096,7,0,0
1096,8,0,0
1096,9,0,0
1096,10,0,0
1096,11,0,0
1096,12,0,0
1097,0,1,4
1097,1,1,2
1097,2,1,1
1097,3,1,1
1097,4,1,3
1097,5,1,1
1097,6,1,5
1097,7,1,7
1097,8,1,1
1097,9,1,5
1097,10,1,3
1097,11,1,3
1097,12,1,3
1098,0,1,4
1098,1,1,1
1098,2,0,0
1098,3,0,0
1098,4,0,0
1098,5,0,0
1098,6,0,0
1098,7,0,0
1098,8,0,0
1098,9,0,0
1098,10,0,0
1098,11,0,0
1098,12,0,0
1099,0,1,2
1099,1,1,2
1099,2,1,7
1099,3,0,0
1099,4,0,0
1099,5,0,0
1099,6,0,0
1099,7,0,0
1099,8,0,0
1099,9,0,0
1099,10,0,0
1099,11,0,0
1099,12,0,0
1100,0,1,6
1100,1,1,2
1100,2,1,7
1100,3,1,3
1100,4,1,5
1100,5,1,5
1100,6,1,5
1100,7,1,3
1100,8,1,3
1100,9,1,4
1100,10,1,1
1100,11,1,4
1100,12,1,4
1101,0,1,2
1101,1,1,2
1101,2,1,3
1101,3,1,4
1101,4,1,5
1101,5,1,1
1101,6,1,6
1101,7,0,0
1101,8,0,0
1101,9,0,0
1101,10,0,0
1101,11,0,0
1101,12,0,0
1102,0,1,10
1102,1,1,3
1102,2,1,1
1102,3,1,2
1102,4,1,6
1102,5,1,3
1102,6,1,4
1102,7,1,3
1102,8,1,2
1102,9,1,3
1102,10,1,1
1102,11,1,7
1102,12,1,2
1103,0,1,7
1103,1,1,6
1103,2,1,4
1103,3,1,6
1103,4,0,0
1103,5,0,0
1103,6,0,0
1103,7,0,0
1103,8,0,0
1103,9,0,0
1103,10,0,0
1103,11,0,0
1103,12,0,0
1104,0,1,5
1104,1,1,4
1104,2,1,1
1104,3,1,2
1104,4,0,0
1104,5,0,0
1104,6,0,0
1104,7,0,0
1104,8,0,0
1104,9,0,0
1104,10,0,0
1104,11,0,0
1104,12,0,0
1105,0,1,3
1105,1,1,3
1105,2,1,5
1105,3,1,3
1105,4,1,2
1105,5,1,2
1105,6,1,1
1105,7,1,1
1105,8,1,4
1105,9,1,5
1105,10,1,3
1105,11,1,2
1105,12,1,2
1106,0,1,5
1106,1,1,6
1106,2,0,0
1106,3,0,0
1106,4,0,0
1106,5,0,0
1106,6,0,0
1106,7,0,0
1106,8,0,0
1106,9,0,0
1106,10,0,0
1106,11,0,0
1106,12,0,0
1107,0,1,3
1107,1,1,3
1107,2,1,3
1107,3,1,4
1107,4,1,2
1107,5,1,1
1107,6,1,5
1107,7,1,3
1107,8,1,4
1107,9,1,1
1107,10,1,2
1107,11,1,0
1107,12,0,0
1108,0,1,6
1108,1,1,2
1108,2,1,3
1108,3,1,7
1108,4,1,3
1108,5,1,1
1108,6,1,2
1108,7,1,5
1108,8,1,9
1108,9,1,2
1108,10,1,2
1108,11,1,2
1108,12,1,5
1109,0,1,3
1109,1,1,2
1109,2,1,2
1109,3,1,7
1109,4,1,6
1109,5,1,8
1109,6,0,0
1109,7,0,0
1109,8,0,0
1109,9,0,0
1109,10,0,0
1109,11,0,0
1109,12,0,0
1110,0,1,7
1110,1,1,5
1110,2,1,2
1110,3,1,1
1110,4,1,4
1110,5,1,4
1110,6,1,2
1110,7,0,0
1110,8,0,0
1110,9,0,0
1110,10,0,0
1110,11,0,0
1110,12,0,0
1111,0,1,4
1111,1,1,1
1111,2,1,4
1111,3,1,4
1111,4,1,1
1111,5,1,0
1111,6,1,4
1111,7,1,1
1111,8,1,2
1111,9,1,2
1111,10,1,2
1111,11,1,1
1111,12,1,4
1112,0,1,4
1112,1,1,1
1112,2,1,3
1112,3,0,0
1112,4,0,0
1112,5,0,0
1112,6,0,0
1112,7,0,0
1112,8,0,0
1112,9,0,0
1112,10,0,0
1112,11,0,0
1112,12,0,0
1113,0,1,7
1113,1,1,4
1113,2,1,3
1113,3,0,0
1113,4,0,0
1113,5,0,0
1113,6,0,0
1113,7,0,0
1113,8,0,0
1113,9,0,0
1113,10,0,0
1113,11,0,0
1113,12,0,0
1114,0,1,5
1114,1,1,3
1114,2,1,4
1114,3,1,3
1114,4,1,3
1114,5,1,2
1114,6,1,6
1114,7,0,0
1114,8,0,0
1114,9,0,0
1114,10,0,0
1114,11,0,0
1114,12,0,0
1115,0,1,7
1115,1,1,0
1115,2,1,2
1115,3,1,1
1115,4,1,5
1115,5,1,0
1115,6,1,3
1115,7,1,2
1115,8,1,0
1115,9,1,0
1115,10,1,0
1115,11,1,2
1115,12,1,1
1116,0,1,5
1116,1,1,3
1116,2,1,7
1116,3,1,6
1116,4,1,3
1116,5,1,4
1116,6,1,2
1116,7,1,1
1116,8,0,0
1116,9,0,0
1116,10,0,0
1116,11,0,0
1116,12,0,0
1117,0,1,5
1117,1,1,5
1117,2,1,0
1117,3,1,1
1117,4,1,3
1117,5,1,0
1117,6,1,1
1117,7,1,1
1117,8,1,1
1117,9,1,6
1117,10,1,1
1117,11,1,0
1117,12,1,2
1118,0,1,7
1118,1,1,3
1118,2,1,5
1118,3,0,0
1118,4,0,0
1118,5,0,0
1118,6,0,0
1118,7,0,0
1118,8,0,0
1118,9,0,0
1118,10,0,0
1118,11,0,0
1118,12,0,0
1119,0,1,4
1119,1,1,7
1119,2,1,5
1119,3,1,4
1119,4,1,7
1119,5,1,2
1119,6,1,2
1119,7,1,3
1119,8,1,1
1119,9,1,6
1119,10,1,2
1119,11,1,4
1119,12,1,2
1120,0,1,4
1120,1,1,6
1120,2,1,4
1120,3,0,0
1120,4,0,0
1120,5,0,0
1120,6,0,0
1120,7,0,0
1120,8,0,0
1120,9,0,0
1120,10,0,0
1120,11,0,0
1120,12,0,0
1121,0,1,7
1121,1,1,5
1121,2,1,2
1121,3,1,2
1121,4,1,1
1121,5,1,3
1121,6,1,4
1121,7,1,3
1121,8,1,5
1121,9,1,1
1121,10,1,6
1121,11,1,2
1121,12,1,3
1122,0,1,5
1122,1,1,5
1122,2,1,3
1122,3,1,3
1122,4,1,4
1122,5,1,3
1122,6,1,4
1122,7,1,5
1122,8,1,2
1122,9,1,3
1122,10,1,3
1122,11,1,4
1122,12,1,4
1123,0,1,2
1123,1,1,2
1123,2,1,3
1123,3,1,4
1123,4,1,4
1123,5,0,0
1123,6,0,0
1123,7,0,0
1123,8,0,0
1123,9,0,0
1123,10,0,0
1123,11,0,0
1123,12,0,0
1124,0,1,8
1124,1,1,4
1124,2,1,6
1124,3,1,1
1124,4,1,3
1124,5,1,3
1124,6,0,0
1124,7,0,0
1124,8,0,0
1124,9,0,0
1124,10,0,0
1124,11,0,0
1124,12,0,0
1125,0,1,7
1125,1,1,1
1125,2,1,4
1125,3,0,0
1125,4,0,0
1125,5,0,0
1125,6,0,0
1125,7,0,0
1125,8,0,0
1125,9,0,0
1125,10,0,0
1125,11,0,0
1125,12,0,0
1126,0,1,4
1126,1,1,3
1126,2,0,0
1126,3,0,0
1126,4,0,0
1126,5,0,0
1126,6,0,0
1126,7,0,0
1126,8,0,0
1126,9,0,0
1126,10,0,0
1126,11,0,0
1126,12,0,0
1127,0,1,3
1127,1,1,3
1127,2,1,3
1127,3,1,8
1127,4,1,2
1127,5,1,4
1127,6,0,0
1127,7,0,0
1127,8,0,0
1127,9,0,0
1127,10,0,0
1127,11,0,0
1127,12,0,0
1128,0,1,5
1128,1,1,3
1128,2,1,4
1128,3,1,2
1128,4,1,5
1128,5,1,3
1128,6,0,0
1128,7,0,0
1128,8,0,0
1128,9,0,0
1128,10,0,0
1128,11,0,0
1128,12,0,0
1129,0,1,3
1129,1,0,0
1129,2,0,0
1129,3,0,0
1129,4,0,0
1129,5,0,0
1129,6,0,0
1129,7,0,0
1129,8,0,0
1129,9,0,0
1129,10,0,0
1129,11,0,0
1129,12,0,0
1130,0,1,4
1130,1,0,0
1130,2,0,0
1130,3,0,0
1130,4,0,0
1130,5,0,0
1130,6,0,0
1130,7,0,0
1130,8,0,0
1130,9,0,0
1130,10,0,0
1130,11,0,0
1130,12,0,0
1131,0,1,7
1131,1,1,5
1131,2,1,5
1131,3,0,0
1131,4,0,0
1131,5,0,0
1131,6,0,0
1131,7,0,0
1131,8,0,0
1131,9,0,0
1131,10,0,0
1131,11,0,0
1131,12,0,0
1132,0,1,4
1132,1,1,2
1132,2,1,4
1132,3,1,3
1132,4,1,3
1132,5,1,4
1132,6,0,0
1132,7,0,0
1132,8,0,0
1132,9,0,0
1132,10,0,0
1132,11,0,0
1132,12,0,0
1133,0,1,7
1133,1,1,4
1133,2,0,0
1133,3,0,0
1133,4,0,0
1133,5,0,0
1133,6,0,0
1133,7,0,0
1133,8,0,0
1133,9,0,0
1133,10,0,0
1133,11,0,0
1133,12,0,0
1134,0,1,2
1134,1,1,4
1134,2,0,0
1134,3,0,0
1134,4,0,0
1134,5,0,0
1134,6,0,0
1134,7,0,0
1134,8,0,0
1134,9,0,0
1134,10,0,0
1134,11,0,0
1134,12,0,0
1135,0,1,5
1135,1,1,2
1135,2,1,4
1135,3,1,1
1135,4,1,3
1135,5,1,2
1135,6,0,0
1135,7,0,0
1135,8,0,0
1135,9,0,0
1135,10,0,0
1135,11,0,0
1135,12,0,0
1136,0,1,4
1136,1,1,2
1136,2,0,0
1136,3,0,0
1136,4,0,0
1136,5,0,0
1136,6,0,0
1136,7,0,0
1136,8,0,0
1136,9,0,0
1136,10,0,0
1136,11,0,0
1136,12,0,0
1137,0,1,8
1137,1,1,4
1137,2,0,0
1137,3,0,0
1137,4,0,0
1137,5,0,0
1137,6,0,0
1137,7,0,0
1137,8,0,0
1137,9,0,0
1137,10,0,0
1137,11,0,0
1137,12,0,0
1138,0,1,9
1138,1,1,4
1138,2,1,3
1138,3,1,4
1138,4,1,3
1138,5,1,3
1138,6,1,3
1138,7,1,3
1138,8,1,4
1138,9,1,4
1138,10,1,3
1138,11,1,2
1138,12,1,3
1139,0,1,7
1139,1,1,6
1139,2,1,3
1139,3,1,4
1139,4,1,3
1139,5,1,6
1139,6,0,0
1139,7,0,0
1139,8,0,0
1139,9,0,0
1139,10,0,0
1139,11,0,0
1139,12,0,0
1140,0,1,4
1140,1,1,4
1140,2,1,4
1140,3,1,3
1140,4,1,2
1140,5,1,4
1140,6,1,3
1140,7,1,0
1140,8,1,7
1140,9,1,3
1140,10,1,4
1140,11,1,3
1140,12,1,3
1141,0,1,3
1141,1,1,1
1141,2,0,0
1141,3,0,0
1141,4,0,0
1141,5,0,0
1141,6,0,0
1141,7,0,0
1141,8,0,0
1141,9,0,0
1141,10,0,0
1141,11,0,0
1141,12,0,0
1142,0,1,4
1142,1,1,1
1142,2,1,3
1142,3,1,4
1142,4,1,2
1142,5,1,0
1142,6,0,0
1142,7,0,0
1142,8,0,0
1142,9,0,0
1142,10,0,0
1142,11,0,0
1142,12,0,0
1143,0,1,6
1143,1,1,3
1143,2,1,4
1143,3,1,6
1143,4,1,3
1143,5,1,1
1143,6,1,2
1143,7,1,1
1143,8,1,2
1143,9,1,1
1143,10,1,4
1143,11,1,6
1143,12,1,0
1144,0,1,8
1144,1,1,4
1144,2,1,3
1144,3,0,0
1144,4,0,0
1144,5,0,0
1144,6,0,0
1144,7,0,0
1144,8,0,0
1144,9,0,0
1144,10,0,0
1144,11,0,0
1144,12,0,0
1145,0,1,5
1145,1,1,4
1145,2,1,7
1145,3,1,1
1145,4,0,0
1145,5,0,0
1145,6,0,0
1145,7,0,0
1145,8,0,0
1145,9,0,0
1145,10,0,0
1145,11,0,0
1145,12,0,0
1146,0,1,3
1146,1,0,0
1146,2,0,0
1146,3,0,0
1146,4,0,0
1146,5,0,0
1146,6,0,0
1146,7,0,0
1146,8,0,0
1146,9,0,0
1146,10,0,0
1146,11,0,0
1146,12,0,0
1147,0,1,9
1147,1,1,2
1147,2,1,1
1147,3,1,3
1147,4,1,5
1147,5,1,2
1147,6,1,3
1147,7,0,0
1147,8,0,0
1147,9,0,0
1147,10,0,0
1147,11,0,0
1147,12,0,0
1148,0,1,3
1148,1,1,3
1148,2,1,1
1148,3,1,0
1148,4,1,7
1148,5,0,0
1148,6,0,0
1148,7,0,0
1148,8,0,0
1148,9,0,0
1148,10,0,0
1148,11,0,0
1148,12,0,0
1149,0,1,7
1149,1,1,4
1149,2,1,2
1149,3,1,7
1149,4,0,0
1149,5,0,0
1149,6,0,0
1149,7,0,0
1149,8,0,0
1149,9,0,0
1149,10,0,0
1149,11,0,0
1149,12,0,0
1150,0,1,8
1150,1,0,0
1150,2,0,0
1150,3,0,0
1150,4,0,0
1150,5,0,0
1150,6,0,0
1150,7,0,0
1150,8,0,0
1150,9,0,0
1150,10,0,0
1150,11,0,0
1150,12,0,0
1151,0,1,1
1151,1,1,0
1151,2,1,2
1151,3,1,2
1151,4,1,4
1151,5,1,1
1151,6,1,2
1151,7,1,1
1151,8,1,2
1151,9,1,2
1151,10,1,1
1151,11,1,4
1151,12,1,2
1152,0,1,5
1152,1,1,1
1152,2,1,2
1152,3,1,4
1152,4,1,1
1152,5,1,2
1152,6,1,1
1152,7,1,3
1152,8,1,3
1152,9,1,3
1152,10,1,2
1152,11,1,4
1152,12,1,0
1153,0,1,2
1153,1,1,1
1153,2,1,3
1153,3,1,2
1153,4,1,6
1153,5,1,3
1153,6,1,3
1153,7,1,2
1153,8,1,2
1153,9,1,0
1153,10,1,3
1153,11,1,4
1153,12,1,3
1154,0,1,3
1154,1,1,5
1154,2,1,1
1154,3,1,3
1154,4,1,3
1154,5,1,3
1154,6,1,0
1154,7,1,0
1154,8,0,0
1154,9,0,0
1154,10,0,0
1154,11,0,0
1154,12,0,0
1155,0,1,3
1155,1,1,1
1155,2,1,4
1155,3,1,1
1155,4,1,4
1155,5,1,1
1155,6,1,2
1155,7,1,3
1155,8,1,2
1155,9,1,1
1155,10,0,0
1155,11,0,0
1155,12,0,0
1156,0,1,4
1156,1,1,4
1156,2,1,2
1156,3,1,4
1156,4,0,0
1156,5,0,0
1156,6,0,0
1156,7,0,0
1156,8,0,0
1156,9,0,0
1156,10,0,0
1156,11,0,0
1156,12,0,0
1157,0,1,5
1157,1,1,4
1157,2,1,3
1157,3,1,3
1157,4,1,3
1157,5,1,3
1157,6,0,0
1157,7,0,0
1157,8,0,0
1157,9,0,0
1157,10,0,0
1157,11,0,0
1157,12,0,0
1158,0,1,3
1158,1,0,0
1158,2,0,0
1158,3,0,0
1158,4,0,0
1158,5,0,0
1158,6,0,0
1158,7,0,0
1158,8,0,0
1158,9,0,0
1158,10,0,0
1158,11,0,0
1158,12,0,0
1159,0,1,5
1159,1,1,1
1159,2,1,2
1159,3,0,0
1159,4,0,0
1159,5,0,0
1159,6,0,0
1159,7,0,0
1159,8,0,0
1159,9,0,0
1159,10,0,0
1159,11,0,0
1159,12,0,0
1160,0,1,6
1160,1,1,3
1160,2,1,5
1160,3,1,5
1160,4,1,6
1160,5,1,3
1160,6,1,6
1160,7,1,8
1160,8,1,4
1160,9,1,3
1160,10,1,3
1160,11,1,0
1160,12,1,2
1161,0,1,5
1161,1,1,2
1161,2,1,2
1161,3,1,2
1161,4,1,1
1161,5,1,3
1161,6,1,3
1161,7,1,7
1161,8,1,6
1161,9,1,5
1161,10,1,4
1161,11,1,3
1161,12,1,2
1162,0,1,3
1162,1,1,4
1162,2,1,2
1162,3,1,3
1162,4,1,2
1162,5,1,1
1162,6,1,7
1162,7,1,8
1162,8,1,6
1162,9,1,1
1162,10,1,2
1162,11,1,5
1162,12,1,5
1163,0,1,5
1163,1,1,0
1163,2,1,1
1163,3,1,3
1163,4,1,1
1163,5,1,2
1163,6,1,1
1163,7,1,2
1163,8,1,4
1163,9,0,0
1163,10,0,0
1163,11,0,0
1163,12,0,0
1164,0,1,7
1164,1,1,1
1164,2,1,2
1164,3,1,3
1164,4,1,4
1164,5,1,3
1164,6,1,2
1164,7,0,0
1164,8,0,0
1164,9,0,0
1164,10,0,0
1164,11,0,0
1164,12,0,0
1165,0,1,5
1165,1,1,3
1165,2,1,2
1165,3,1,1
1165,4,1,6
1165,5,1,1
1165,6,1,4
1165,7,1,5
1165,8,1,2
1165,9,1,4
1165,10,1,8
1165,11,1,4
1165,12,1,1
1166,0,1,6
1166,1,1,3
1166,2,1,3
1166,3,1,4
1166,4,1,3
1166,5,1,4
1166,6,1,2
1166,7,1,5
1166,8,1,5
1166,9,1,1
1166,10,1,5
1166,11,1,4
1166,12,1,2
1167,0,1,2
1167,1,1,5
1167,2,1,3
1167,3,1,8
1167,4,0,0
1167,5,0,0
1167,6,0,0
1167,7,0,0
1167,8,0,0
1167,9,0,0
1167,10,0,0
1167,11,0,0
1167,12,0,0
1168,0,1,2
1168,1,1,3
1168,2,1,3
1168,3,0,0
1168,4,0,0
1168,5,0,0
1168,6,0,0
1168,7,0,0
1168,8,0,0
1168,9,0,0
1168,10,0,0
1168,11,0,0
1168,12,0,0
1169,0,1,4
1169,1,1,4
1169,2,1,0
1169,3,1,1
1169,4,1,2
1169,5,1,2
1169,6,1,3
1169,7,1,5
1169,8,1,3
1169,9,1,2
1169,10,1,1
1169,11,1,2
1169,12,1,1
1170,0,1,5
1170,1,1,2
1170,2,1,2
1170,3,1,5
1170,4,1,4
1170,5,1,2
1170,6,1,5
1170,7,1,8
1170,8,0,0
1170,9,0,0
1170,10,0,0
1170,11,0,0
1170,12,0,0
1171,0,1,4
1171,1,1,1
1171,2,0,0
1171,3,0,0
1171,4,0,0
1171,5,0,0
1171,6,0,0
1171,7,0,0
1171,8,0,0
1171,9,0,0
1171,10,0,0
1171,11,0,0
1171,12,0,0
1172,0,1,5
1172,1,1,4
1172,2,0,0
1172,3,0,0
1172,4,0,0
1172,5,0,0
1172,6,0,0
1172,7,0,0
1172,8,0,0
1172,9,0,0
1172,10,0,0
1172,11,0,0
1172,12,0,0
1173,0,1,6
1173,1,1,3
1173,2,1,2
1173,3,1,2
1173,4,1,1
1173,5,1,3
1173,6,1,1
1173,7,1,2
1173,8,1,4
1173,9,1,3
1173,10,0,0
1173,11,0,0
1173,12,0,0
1174,0,1,3
1174,1,1,5
1174,2,0,0
1174,3,0,0
1174,4,0,0
1174,5,0,0
1174,6,0,0
1174,7,0,0
1174,8,0,0
1174,9,0,0
1174,10,0,0
1174,11,0,0
1174,12,0,0
1175,0,1,4
1175,1,1,5
1175,2,1,1
1175,3,1,3
1175,4,1,3
1175,5,1,6
1175,6,1,3
1175,7,1,3
1175,8,1,2
1175,9,1,3
1175,10,1,4
1175,11,1,1
1175,12,1,4
1176,0,1,2
1176,1,1,2
1176,2,1,5
1176,3,1,3
1176,4,1,3
1176,5,1,5
1176,6,1,2
1176,7,1,4
1176,8,1,0
1176,9,1,4
1176,10,1,3
1176,11,1,2
1176,12,0,0
1177,0,1,7
1177,1,1,1
1177,2,1,2
1177,3,0,0
1177,4,0,0
1177,5,0,0
1177,6,0,0
1177,7,0,0
1177,8,0,0
1177,9,0,0
1177,10,0,0
1177,11,0,0
1177,12,0,0
1178,0,1,5
1178,1,1,4
1178,2,1,1
1178,3,1,3
1178,4,1,2
1178,5,1,9
1178,6,1,3
1178,7,1,4
1178,8,1,4
1178,9,1,4
1178,10,1,3
1178,11,1,6
1178,12,1,4
1179,0,1,4
1179,1,1,0
1179,2,1,3
1179,3,1,9
1179,4,1,4
1179,5,1,3
1179,6,1,6
1179,7,1,4
1179,8,1,5
1179,9,1,4
1179,10,1,0
1179,11,1,8
1179,12,1,3
1180,0,1,6
1180,1,1,5
1180,2,1,3
1180,3,0,0
1180,4,0,0
1180,5,0,0
1180,6,0,0
1180,7,0,0
1180,8,0,0
1180,9,0,0
1180,10,0,0
1180,11,0,0
1180,12,0,0
1181,0,1,7
1181,1,1,2
1181,2,1,3
1181,3,1,2
1181,4,1,1
1181,5,1,2
1181,6,1,1
1181,7,1,2
1181,8,1,5
1181,9,0,0
1181,10,0,0
1181,11,0,0
1181,12,0,0
1182,0,1,6
1182,1,1,4
1182,2,1,3
1182,3,1,1
1182,4,0,0
1182,5,0,0
1182,6,0,0
1182,7,0,0
1182,8,0,0
1182,9,0,0
1182,10,0,0
1182,11,0,0
1182,12,0,0
1183,0,1,1
1183,1,1,2
1183,2,1,1
1183,3,1,2
1183,4,1,3
1183,5,1,1
1183,6,1,2
1183,7,1,2
1183,8,1,1
1183,9,1,2
1183,10,1,1
1183,11,1,6
1183,12,1,5
1184,0,1,6
1184,1,1,5
1184,2,1,2
1184,3,1,4
1184,4,1,1
1184,5,0,0
1184,6,0,0
1184,7,0,0
1184,8,0,0
1184,9,0,0
1184,10,0,0
1184,11,0,0
1184,12,0,0
1185,0,1,4
1185,1,1,6
1185,2,0,0
1185,3,0,0
1185,4,0,0
1185,5,0,0
1185,6,0,0
1185,7,0,0
1185,8,0,0
1185,9,0,0
1185,10,0,0
1185,11,0,0
1185,12,0,0
1186,0,1,5
1186,1,1,1
1186,2,0,0
1186,3,0,0
1186,4,0,0
1186,5,0,0
1186,6,0,0
1186,7,0,0
1186,8,0,0
1186,9,0,0
1186,10,0,0
1186,11,0,0
1186,12,0,0
1187,0,1,6
1187,1,1,2
1187,2,1,4
1187,3,1,2
1187,4,1,4
1187,5,1,6
1187,6,1,0
1187,7,1,4
1187,8,1,2
1187,9,1,3
1187,10,1,7
1187,11,1,3
1187,12,1,1
1188,0,1,7
1188,1,1,3
1188,2,1,3
1188,3,1,2
1188,4,1,0
1188,5,0,0
1188,6,0,0
1188,7,0,0
1188,8,0,0
1188,9,0,0
1188,10,0,0
1188,11,0,0
1188,12,0,0
1189,0,1,6
1189,1,1,7
1189,2,1,2
1189,3,0,0
1189,4,0,0
1189,5,0,0
1189,6,0,0
1189,7,0,0
1189,8,0,0
1189,9,0,0
1189,10,0,0
1189,11,0,0
1189,12,0,0
1190,0,1,8
1190,1,1,2
1190,2,1,2
1190,3,1,2
1190,4,1,7
1190,5,1,3
1190,6,1,1
1190,7,0,0
1190,8,0,0
1190,9,0,0
1190,10,0,0
1190,11,0,0
1190,12,0,0
1191,0,1,4
1191,1,1,5
1191,2,1,1
1191,3,1,2
1191,4,1,5
1191,5,0,0
1191,6,0,0
1191,7,0,0
1191,8,0,0
1191,9,0,0
1191,10,0,0
1191,11,0,0
1191,12,0,0
1192,0,1,3
1192,1,1,1
1192,2,1,4
1192,3,1,5
1192,4,1,9
1192,5,1,3
1192,6,1,1
1192,7,1,2
1192,8,1,2
1192,9,1,3
1192,10,1,6
1192,11,1,2
1192,12,1,0
1193,0,1,5
1193,1,1,6
1193,2,1,3
1193,3,1,4
1193,4,1,4
1193,5,1,2
1193,6,1,6
1193,7,1,2
1193,8,0,0
1193,9,0,0
1193,10,0,0
1193,11,0,0
1193,12,0,0
1194,0,1,6
1194,1,1,3
1194,2,1,3
1194,3,1,4
1194,4,1,5
1194,5,1,2
1194,6,1,4
1194,7,1,2
1194,8,1,4
1194,9,1,4
1194,10,1,4
1194,11,1,1
1194,12,1,2
1195,0,1,5
1195,1,1,2
1195,2,1,4
1195,3,1,5
1195,4,1,2
1195,5,1,4
1195,6,1,5
1195,7,1,3
1195,8,1,3
1195,9,1,3
1195,10,1,5
1195,11,1,3
1195,12,1,4
1196,0,1,8
1196,1,1,5
1196,2,1,3
1196,3,0,0
1196,4,0,0
1196,5,0,0
1196,6,0,0
1196,7,0,0
1196,8,0,0
1196,9,0,0
1196,10,0,0
1196,11,0,0
1196,12,0,0
1197,0,1,5
1197,1,1,4
1197,2,1,6
1197,3,1,4
1197,4,1,7
1197,5,1,1
1197,6,1,4
1197,7,1,3
1197,8,1,2
1197,9,1,5
1197,10,1,5
1197,11,1,3
1197,12,1,6
1198,0,1,3
1198,1,1,1
1198,2,1,3
1198,3,0,0
1198,4,0,0
1198,5,0,0
1198,6,0,0
1198,7,0,0
1198,8,0,0
1198,9,0,0
1198,10,0,0
1198,11,0,0
1198,12,0,0
1199,0,1,4
1199,1,1,4
1199,2,1,3
1199,3,1,1
1199,4,1,2
1199,5,1,4
1199,6,1,6
1199,7,1,3
1199,8,1,0
1199,9,1,7
1199,10,1,8
1199,11,0,0
1199,12,0,0
1200,0,1,7
1200,1,1,1
1200,2,1,2
1200,3,1,3
1200,4,1,2
1200,5,1,3
1200,6,1,2
1200,7,1,2
1200,8,1,2
1200,9,1,6
1200,10,1,4
1200,11,1,5
1200,12,1,2
1201,0,1,7
1201,1,1,3
1201,2,1,6
1201,3,1,2
1201,4,1,5
1201,5,1,4
1201,6,1,3
1201,7,1,3
1201,8,1,1
1201,9,1,1
1201,10,1,4
1201,11,1,3
1201,12,1,3
1202,0,1,4
1202,1,1,5
1202,2,1,5
1202,3,1,1
1202,4,1,1
1202,5,1,4
1202,6,1,4
1202,7,1,8
1202,8,1,1
1202,9,1,1
1202,10,1,3
1202,11,1,6
1202,12,1,3
1203,0,1,7
1203,1,1,3
1203,2,1,4
1203,3,1,4
1203,4,1,3
1203,5,1,3
1203,6,1,0
1203,7,1,2
1203,8,1,3
1203,9,1,3
1203,10,1,3
1203,11,1,2
1203,12,0,0
1204,0,1,2
1204,1,1,1
1204,2,0,0
1204,3,0,0
1204,4,0,0
1204,5,0,0
1204,6,0,0
1204,7,0,0
1204,8,0,0
1204,9,0,0
1204,10,0,0
1204,11,0,0
1204,12,0,0
1205,0,1,4
1205,1,1,5
1205,2,1,0
1205,3,1,4
1205,4,0,0
1205,5,0,0
1205,6,0,0
1205,7,0,0
1205,8,0,0
1205,9,0,0
1205,10,0,0
1205,11,0,0
1205,12,0,0
1206,0,1,6
1206,1,1,4
1206,2,1,4
1206,3,1,1
1206,4,1,8
1206,5,0,0
1206,6,0,0
1206,7,0,0
1206,8,0,0
1206,9,0,0
1206,10,0,0
1206,11,0,0
1206,12,0,0
1207,0,1,7
1207,1,1,3
1207,2,1,1
1207,3,1,3
1207,4,1,4
1207,5,1,4
1207,6,1,4
1207,7,1,2
1207,8,1,2
1207,9,1,3
1207,10,1,6
1207,11,1,5
1207,12,1,1
1208,0,1,7
1208,1,1,8
1208,2,1,1
1208,3,1,5
1208,4,1,6
1208,5,1,4
1208,6,0,0
1208,7,0,0
1208,8,0,0
1208,9,0,0
1208,10,0,0
1208,11,0,0
1208,12,0,0
1209,0,1,2
1209,1,1,6
1209,2,1,1
1209,3,1,0
1209,4,0,0
1209,5,0,0
1209,6,0,0
1209,7,0,0
1209,8,0,0
1209,9,0,0
1209,10,0,0
1209,11,0,0
1209,12,0,0
1210,0,1,4
1210,1,1,3
1210,2,0,0
1210,3,0,0
1210,4,0,0
1210,5,0,0
1210,6,0,0
1210,7,0,0
1210,8,0,0
1210,9,0,0
1210,10,0,0
1210,11,0,0
1210,12,0,0
1211,0,1,4
1211,1,1,4
1211,2,1,4
1211,3,1,3
1211,4,1,3
1211,5,1,1
1211,6,0,0
1211,7,0,0
1211,8,0,0
1211,9,0,0
1211,10,0,0
1211,11,0,0
1211,12,0,0
1212,0,1,5
1212,1,1,1
1212,2,1,2
1212,3,0,0
1212,4,0,0
1212,5,0,0
1212,6,0,0
1212,7,0,0
1212,8,0,0
1212,9,0,0
1212,10,0,0
1212,11,0,0
1212,12,0,0
1213,0,1,8
1213,1,0,0
1213,2,0,0
1213,3,0,0
1213,4,0,0
1213,5,0,0
1213,6,0,0
1213,7,0,0
1213,8,0,0
1213,9,0,0
1213,10,0,0
1213,11,0,0
1213,12,0,0
1214,0,1,6
1214,1,1,3
1214,2,1,4
1214,3,1,3
1214,4,1,6
1214,5,1,3
1214,6,1,4
1214,7,1,3
1214,8,1,2
1214,9,1,4
1214,10,1,5
1214,11,1,5
1214,12,1,4
1215,0,1,9
1215,1,1,2
1215,2,1,5
1215,3,1,0
1215,4,0,0
1215,5,0,0
1215,6,0,0
1215,7,0,0
1215,8,0,0
1215,9,0,0
1215,10,0,0
1215,11,0,0
1215,12,0,0
1216,0,1,4
1216,1,1,2
1216,2,1,2
1216,3,1,6
1216,4,1,5
1216,5,1,2
1216,6,1,2
1216,7,1,1
1216,8,1,2
1216,9,1,1
1216,10,1,3
1216,11,1,7
1216,12,1,2
1217,0,1,3
1217,1,1,3
1217,2,1,2
1217,3,1,4
1217,4,0,0
1217,5,0,0
1217,6,0,0
1217,7,0,0
1217,8,0,0
1217,9,0,0
1217,10,0,0
1217,11,0,0
1217,12,0,0
1218,0,1,7
1218,1,1,4
1218,2,1,4
1218,3,1,5
1218,4,1,4
1218,5,1,4
1218,6,1,4
1218,7,1,0
1218,8,1,0
1218,9,1,1
1218,10,1,6
1218,11,1,2
1218,12,1,6
1219,0,1,8
1219,1,1,0
1219,2,1,2
1219,3,1,4
1219,4,1,3
1219,5,1,1
1219,6,1,2
1219,7,1,4
1219,8,1,3
1219,9,1,4
1219,10,0,0
1219,11,0,0
1219,12,0,0
1220,0,1,6
1220,1,1,3
1220,2,1,3
1220,3,1,2
1220,4,1,3
1220,5,1,2
1220,6,1,4
1220,7,1,0
1220,8,1,5
1220,9,0,0
1220,10,0,0
1220,11,0,0
1220,12,0,0
1221,0,1,5
1221,1,1,5
1221,2,1,3
1221,3,1,2
1221,4,1,4
1221,5,1,9
1221,6,1,3
1221,7,1,6
1221,8,1,1
1221,9,1,4
1221,10,1,6
1221,11,1,2
1221,12,1,2
1222,0,1,6
1222,1,1,0
1222,2,1,1
1222,3,1,3
1222,4,1,3
1222,5,1,2
1222,6,0,0
1222,7,0,0
1222,8,0,0
1222,9,0,0
1222,10,0,0
1222,11,0,0
1222,12,0,0
1223,0,1,5
1223,1,1,0
1223,2,1,1
1223,3,1,1
1223,4,1,2
1223,5,1,0
1223,6,1,2
1223,7,1,3
1223,8,1,5
1223,9,1,4
1223,10,1,3
1223,11,1,3
1223,12,1,5
1224,0,1,10
1224,1,0,0
1224,2,0,0
1224,3,0,0
1224,4,0,0
1224,5,0,0
1224,6,0,0
1224,7,0,0
1224,8,0,0
1224,9,0,0
1224,10,0,0
1224,11,0,0
1224,12,0,0
1225,0,1,2
1225,1,1,4
1225,2,1,2
1225,3,1,2
1225,4,1,3
1225,5,1,2
1225,6,0,0
1225,7,0,0
1225,8,0,0
1225,9,0,0
1225,10,0,0
1225,11,0,0
1225,12,0,0
1226,0,1,7
1226,1,1,6
1226,2,1,4
1226,3,1,1
1226,4,0,0
1226,5,0,0
1226,6,0,0
1226,7,0,0
1226,8,0,0
1226,9,0,0
1226,10,0,0
1226,11,0,0
1226,12,0,0
1227,0,1,5
1227,1,1,1
1227,2,1,5
1227,3,1,7
1227,4,1,2
1227,5,0,0
1227,6,0,0
1227,7,0,0
1227,8,0,0
1227,9,0,0
1227,10,0,0
1227,11,0,0
1227,12,0,0
1228,0,1,3
1228,1,1,6
1228,2,1,4
1228,3,1,2
1228,4,1,4
1228,5,1,3
1228,6,1,2
1228,7,1,2
1228,8,1,2
1228,9,1,8
1228,10,1,3
1228,11,1,3
1228,12,1,4
1229,0,1,5
1229,1,0,0
1229,2,0,0
1229,3,0,0
1229,4,0,0
1229,5,0,0
1229,6,0,0
1229,7,0,0
1229,8,0,0
1229,9,0,0
1229,10,0,0
1229,11,0,0
1229,12,0,0
1230,0,1,4
1230,1,1,6
1230,2,1,4
1230,3,1,7
1230,4,1,5
1230,5,1,3
1230,6,1,1
1230,7,1,4
1230,8,1,4
1230,9,1,4
1230,10,1,2
1230,11,1,7
1230,12,1,7
1231,0,1,4
1231,1,1,0
1231,2,1,1
1231,3,1,0
1231,4,0,0
1231,5,0,0
1231,6,0,0
1231,7,0,0
1231,8,0,0
1231,9,0,0
1231,10,0,0
1231,11,0,0
1231,12,0,0
1232,0,1,5
1232,1,1,1
1232,2,1,5
1232,3,1,3
1232,4,1,2
1232,5,1,8
1232,6,1,5
1232,7,1,3
1232,8,0,0
1232,9,0,0
1232,10,0,0
1232,11,0,0
1232,12,0,0
1233,0,1,5
1233,1,1,1
1233,2,1,1
1233,3,1,1
1233,4,1,3
1233,5,1,2
1233,6,1,1
1233,7,1,3
1233,8,1,1
1233,9,0,0
1233,10,0,0
1233,11,0,0
1233,12,0,0
1234,0,1,5
1234,1,1,5
1234,2,1,5
1234,3,1,4
1234,4,0,0
1234,5,0,0
1234,6,0,0
1234,7,0,0
1234,8,0,0
1234,9,0,0
1234,10,0,0
1234,11,0,0
1234,12,0,0
1235,0,1,3
1235,1,1,1
1235,2,1,4
1235,3,1,5
1235,4,1,3
1235,5,1,4
1235,6,1,3
1235,7,1,3
1235,8,1,4
1235,9,1,7
1235,10,1,2
1235,11,1,1
1235,12,1,4
1236,0,1,3
1236,1,1,5
1236,2,1,4
1236,3,1,2
1236,4,1,2
1236,5,1,3
1236,6,0,0
1236,7,0,0
1236,8,0,0
1236,9,0,0
1236,10,0,0
1236,11,0,0
1236,12,0,0
1237,0,1,4
1237,1,1,6
1237,2,0,0
1237,3,0,0
1237,4,0,0
1237,5,0,0
1237,6,0,0
1237,7,0,0
1237,8,0,0
1237,9,0,0
1237,10,0,0
1237,11,0,0
1237,12,0,0
1238,0,1,7
1238,1,1,2
1238,2,0,0
1238,3,0,0
1238,4,0,0
1238,5,0,0
1238,6,0,0
1238,7,0,0
1238,8,0,0
1238,9,0,0
1238,10,0,0
1238,11,0,0
1238,12,0,0
1239,0,1,4
1239,1,1,2
1239,2,1,5
1239,3,1,0
1239,4,1,2
1239,5,1,4
1239,6,1,6
1239,7,1,6
1239,8,1,5
1239,9,1,5
1239,10,1,2
1239,11,1,2
1239,12,1,3
1240,0,1,5
1240,1,1,3
1240,2,1,0
1240,3,1,1
1240,4,0,0
1240,5,0,0
1240,6,0,0
1240,7,0,0
1240,8,0,0
1240,9,0,0
1240,10,0,0
1240,11,0,0
1240,12,0,0
1241,0,1,3
1241,1,1,2
1241,2,1,0
1241,3,1,0
1241,4,0,0
1241,5,0,0
1241,6,0,0
1241,7,0,0
1241,8,0,0
1241,9,0,0
1241,10,0,0
1241,11,0,0
1241,12,0,0
1242,0,1,5
1242,1,1,5
1242,2,1,6
1242,3,1,4
1242,4,1,5
1242,5,1,1
1242,6,1,1
1242,7,1,3
1242,8,1,5
1242,9,1,4
1242,10,1,4
1242,11,1,5
1242,12,1,2
1243,0,1,3
1243,1,1,5
1243,2,1,1
1243,3,1,2
1243,4,1,1
1243,5,1,1
1243,6,1,0
1243,7,1,2
1243,8,1,2
1243,9,1,2
1243,10,1,2
1243,11,1,3
1243,12,1,1
1244,0,1,3
1244,1,1,3
1244,2,1,1
1244,3,1,2
1244,4,1,2
1244,5,1,2
1244,6,1,1
1244,7,1,1
1244,8,1,2
1244,9,1,1
1244,10,1,2
1244,11,1,0
1244,12,1,2
1245,0,1,6
1245,1,1,2
1245,2,1,5
1245,3,1,2
1245,4,1,0
1245,5,1,5
1245,6,1,2
1245,7,1,0
1245,8,1,2
1245,9,1,0
1245,10,1,3
1245,11,0,0
1245,12,0,0
1246,0,1,5
1246,1,1,3
1246,2,1,4
1246,3,1,5
1246,4,1,4
1246,5,1,2
1246,6,0,0
1246,7,0,0
1246,8,0,0
1246,9,0,0
1246,10,0,0
1246,11,0,0
1246,12,0,0
1247,0,1,5
1247,1,1,2
1247,2,1,4
1247,3,1,4
1247,4,1,3
1247,5,1,1
1247,6,1,2
1247,7,1,2
1247,8,1,4
1247,9,1,3
1247,10,1,2
1247,11,0,0
1247,12,0,0
1248,0,1,3
1248,1,1,4
1248,2,0,0
1248,3,0,0
1248,4,0,0
1248,5,0,0
1248,6,0,0
1248,7,0,0
1248,8,0,0
1248,9,0,0
1248,10,0,0
1248,11,0,0
1248,12,0,0
1249,0,1,6
1249,1,1,3
1249,2,1,2
1249,3,1,3
1249,4,1,1
1249,5,1,4
1249,6,1,2
1249,7,1,5
1249,8,0,0
1249,9,0,0
1249,10,0,0
1249,11,0,0
1249,12,0,0
1250,0,1,4
1250,1,0,0
1250,2,0,0
1250,3,0,0
1250,4,0,0
1250,5,0,0
1250,6,0,0
1250,7,0,0
1250,8,0,0
1250,9,0,0
1250,10,0,0
1250,11,0,0
1250,12,0,0
1251,0,1,7
1251,1,1,2
1251,2,1,8
1251,3,1,1
1251,4,1,3
1251,5,1,4
1251,6,1,1
1251,7,1,3
1251,8,1,4
1251,9,0,0
1251,10,0,0
1251,11,0,0
1251,12,0,0
1252,0,1,7
1252,1,1,3
1252,2,0,0
1252,3,0,0
1252,4,0,0
1252,5,0,0
1252,6,0,0
1252,7,0,0
1252,8,0,0
1252,9,0,0
1252,10,0,0
1252,11,0,0
1252,12,0,0
1253,0,1,7
1253,1,1,4
1253,2,1,2
1253,3,1,4
1253,4,1,1
1253,5,1,3
1253,6,1,0
1253,7,1,2
1253,8,1,2
1253,9,1,7
1253,10,1,7
1253,11,1,8
1253,12,1,1
1254,0,1,8
1254,1,1,6
1254,2,1,6
1254,3,1,6
1254,4,1,2
1254,5,1,3
1254,6,1,5
1254,7,0,0
1254,8,0,0
1254,9,0,0
1254,10,0,0
1254,11,0,0
1254,12,0,0
1255,0,1,6
1255,1,1,4
1255,2,1,4
1255,3,1,1
1255,4,1,7
1255,5,1,4
1255,6,1,0
1255,7,0,0
1255,8,0,0
1255,9,0,0
1255,10,0,0
1255,11,0,0
1255,12,0,0
1256,0,1,5
1256,1,0,0
1256,2,0,0
1256,3,0,0
1256,4,0,0
1256,5,0,0
1256,6,0,0
1256,7,0,0
1256,8,0,0
1256,9,0,0
1256,10,0,0
1256,11,0,0
1256,12,0,0
1257,0,1,10
1257,1,1,4
1257,2,1,2
1257,3,1,5
1257,4,1,3
1257,5,1,4
1257,6,1,6
1257,7,1,3
1257,8,1,5
1257,9,1,4
1257,10,1,2
1257,11,1,3
1257,12,1,1
1258,0,1,5
1258,1,1,2
1258,2,1,1
1258,3,1,1
1258,4,1,2
1258,5,1,4
1258,6,1,3
1258,7,1,2
1258,8,1,2
1258,9,1,0
1258,10,1,2
1258,11,0,0
1258,12,0,0
1259,0,1,9
1259,1,1,4
1259,2,1,2
1259,3,1,2
1259,4,1,1
1259,5,1,6
1259,6,1,1
1259,7,1,2
1259,8,1,2
1259,9,1,8
1259,10,1,1
1259,11,0,0
1259,12,0,0
1260,0,1,4
1260,1,1,2
1260,2,0,0
1260,3,0,0
1260,4,0,0
1260,5,0,0
1260,6,0,0
1260,7,0,0
1260,8,0,0
1260,9,0,0
1260,10,0,0
1260,11,0,0
1260,12,0,0
1261,0,1,5
1261,1,0,0
1261,2,0,0
1261,3,0,0
1261,4,0,0
1261,5,0,0
1261,6,0,0
1261,7,0,0
1261,8,0,0
1261,9,0,0
1261,10,0,0
1261,11,0,0
1261,12,0,0
1262,0,1,5
1262,1,1,3
1262,2,1,4
1262,3,1,4
1262,4,1,2
1262,5,1,0
1262,6,1,4
1262,7,1,6
1262,8,1,3
1262,9,1,2
1262,10,1,3
1262,11,1,1
1262,12,1,4
1263,0,1,5
1263,1,1,4
1263,2,1,2
1263,3,1,5
1263,4,1,3
1263,5,0,0
1263,6,0,0
1263,7,0,0
1263,8,0,0
1263,9,0,0
1263,10,0,0
1263,11,0,0
1263,12,0,0
1264,0,1,7
1264,1,0,0
1264,2,0,0
1264,3,0,0
1264,4,0,0
1264,5,0,0
1264,6,0,0
1264,7,0,0
1264,8,0,0
1264,9,0,0
1264,10,0,0
1264,11,0,0
1264,12,0,0
1265,0,1,6
1265,1,1,7
1265,2,1,0
1265,3,1,2
1265,4,0,0
1265,5,0,0
1265,6,0,0
1265,7,0,0
1265,8,0,0
1265,9,0,0
1265,10,0,0
1265,11,0,0
1265,12,0,0
1266,0,1,4
1266,1,1,0
1266,2,1,3
1266,3,1,1
1266,4,1,3
1266,5,1,0
1266,6,0,0
1266,7,0,0
1266,8,0,0
1266,9,0,0
1266,10,0,0
1266,11,0,0
1266,12,0,0
1267,0,1,4
1267,1,1,2
1267,2,1,5
1267,3,1,4
1267,4,1,0
1267,5,1,4
1267,6,1,1
1267,7,1,1
1267,8,1,3
1267,9,1,1
1267,10,1,3
1267,11,1,0
1267,12,1,5
1268,0,1,8
1268,1,1,4
1268,2,0,0
1268,3,0,0
1268,4,0,0
1268,5,0,0
1268,6,0,0
1268,7,0,0
1268,8,0,0
1268,9,0,0
1268,10,0,0
1268,11,0,0
1268,12,0,0
1269,0,1,6
1269,1,1,5
1269,2,1,3
1269,3,1,0
1269,4,1,3
1269,5,1,2
1269,6,1,2
1269,7,1,2
1269,8,1,5
1269,9,1,2
1269,10,1,1
1269,11,1,1
1269,12,1,0
1270,0,1,7
1270,1,1,4
1270,2,1,3
1270,3,1,3
1270,4,0,0
1270,5,0,0
1270,6,0,0
1270,7,0,0
1270,8,0,0
1270,9,0,0
1270,10,0,0
1270,11,0,0
1270,12,0,0
1271,0,1,8
1271,1,1,5
1271,2,1,3
1271,3,1,2
1271,4,1,2
1271,5,1,3
1271,6,1,3
1271,7,1,6
1271,8,1,2
1271,9,1,3
1271,10,1,1
1271,11,1,4
1271,12,1,2
1272,0,1,2
1272,1,0,0
1272,2,0,0
1272,3,0,0
1272,4,0,0
1272,5,0,0
1272,6,0,0
1272,7,0,0
1272,8,0,0
1272,9,0,0
1272,10,0,0
1272,11,0,0
1272,12,0,0
1273,0,1,6
1273,1,0,0
1273,2,0,0
1273,3,0,0
1273,4,0,0
1273,5,0,0
1273,6,0,0
1273,7,0,0
1273,8,0,0
1273,9,0,0
1273,10,0,0
1273,11,0,0
1273,12,0,0
1274,0,1,7
1274,1,1,3
1274,2,1,4
1274,3,1,6
1274,4,1,3
1274,5,1,6
1274,6,1,3
1274,7,1,3
1274,8,1,2
1274,9,1,2
1274,10,1,2
1274,11,1,1
1274,12,1,6
1275,0,1,4
1275,1,0,0
1275,2,0,0
1275,3,0,0
1275,4,0,0
1275,5,0,0
1275,6,0,0
1275,7,0,0
1275,8,0,0
1275,9,0,0
1275,10,0,0
1275,11,0,0
1275,12,0,0
1276,0,1,6
1276,1,1,3
1276,2,1,3
1276,3,1,1
1276,4,1,2
1276,5,1,0
1276,6,1,1
1276,7,1,3
1276,8,1,1
1276,9,1,2
1276,10,1,2
1276,11,1,0
1276,12,1,2
1277,0,1,7
1277,1,1,4
1277,2,1,1
1277,3,1,3
1277,4,1,2
1277,5,1,5
1277,6,1,7
1277,7,1,5
1277,8,0,0
1277,9,0,0
1277,10,0,0
1277,11,0,0
1277,12,0,0
1278,0,1,5
1278,1,1,4
1278,2,1,2
1278,3,1,2
1278,4,1,2
1278,5,1,1
1278,6,1,4
1278,7,1,2
1278,8,1,5
1278,9,1,3
1278,10,1,4
1278,11,1,5
1278,12,1,1
1279,0,1,5
1279,1,0,0
1279,2,0,0
1279,3,0,0
1279,4,0,0
1279,5,0,0
1279,6,0,0
1279,7,0,0
1279,8,0,0
1279,9,0,0
1279,10,0,0
1279,11,0,0
1279,12,0,0
1280,0,1,5
1280,1,0,0
1280,2,0,0
1280,3,0,0
1280,4,0,0
1280,5,0,0
1280,6,0,0
1280,7,0,0
1280,8,0,0
1280,9,0,0
1280,10,0,0
1280,11,0,0
1280,12,0,0
1281,0,1,3
1281,1,1,1
1281,2,1,5
1281,3,1,6
1281,4,1,4
1281,5,1,3
1281,6,1,5
1281,7,0,0
1281,8,0,0
1281,9,0,0
1281,10,0,0
1281,11,0,0
1281,12,0,0
1282,0,1,3
1282,1,1,2
1282,2,1,4
1282,3,1,2
1282,4,1,4
1282,5,1,1
1282,6,1,4
1282,7,1,2
1282,8,0,0
1282,9,0,0
1282,10,0,0
1282,11,0,0
1282,12,0,0
1283,0,1,7
1283,1,1,2
1283,2,1,6
1283,3,1,3
1283,4,1,3
1283,5,0,0
1283,6,0,0
1283,7,0,0
1283,8,0,0
1283,9,0,0
1283,10,0,0
1283,11,0,0
1283,12,0,0
1284,0,1,3
1284,1,0,0
1284,2,0,0
1284,3,0,0
1284,4,0,0
1284,5,0,0
1284,6,0,0
1284,7,0,0
1284,8,0,0
1284,9,0,0
1284,10,0,0
1284,11,0,0
1284,12,0,0
1285,0,1,8
1285,1,1,3
1285,2,1,5
1285,3,1,3
1285,4,1,5
1285,5,1,3
1285,6,1,3
1285,7,0,0
1285,8,0,0
1285,9,0,0
1285,10,0,0
1285,11,0,0
1285,12,0,0
1286,0,1,10
1286,1,1,5
1286,2,1,3
1286,3,1,4
1286,4,1,6
1286,5,1,3
1286,6,0,0
1286,7,0,0
1286,8,0,0
1286,9,0,0
1286,10,0,0
1286,11,0,0
1286,12,0,0
1287,0,1,8
1287,1,0,0
1287,2,0,0
1287,3,0,0
1287,4,0,0
1287,5,0,0
1287,6,0,0
1287,7,0,0
1287,8,0,0
1287,9,0,0
1287,10,0,0
1287,11,0,0
1287,12,0,0
1288,0,1,4
1288,1,1,2
1288,2,1,0
1288,3,1,3
1288,4,1,3
1288,5,0,0
1288,6,0,0
1288,7,0,0
1288,8,0,0
1288,9,0,0
1288,10,0,0
1288,11,0,0
1288,12,0,0
1289,0,1,8
1289,1,1,1
1289,2,1,2
1289,3,1,3
1289,4,1,0
1289,5,1,4
1289,6,1,4
1289,7,1,2
1289,8,1,4
1289,9,1,2
1289,10,1,1
1289,11,1,3
1289,12,1,2
1290,0,1,4
1290,1,1,2
1290,2,1,3
1290,3,1,3
1290,4,1,4
1290,5,1,8
1290,6,0,0
1290,7,0,0
1290,8,0,0
1290,9,0,0
1290,10,0,0
1290,11,0,0
1290,12,0,0
1291,0,1,5
1291,1,1,0
1291,2,1,1
1291,3,1,5
1291,4,0,0
1291,5,0,0
1291,6,0,0
1291,7,0,0
1291,8,0,0
1291,9,0,0
1291,10,0,0
1291,11,0,0
1291,12,0,0
1292,0,1,4
1292,1,1,2
1292,2,1,1
1292,3,1,3
1292,4,1,1
1292,5,1,1
1292,6,0,0
1292,7,0,0
1292,8,0,0
1292,9,0,0
1292,10,0,0
1292,11,0,0
1292,12,0,0
1293,0,1,4
1293,1,1,3
1293,2,1,6
1293,3,1,5
1293,4,1,2
1293,5,1,0
1293,6,1,4
1293,7,1,4
1293,8,1,4
1293,9,1,3
1293,10,1,5
1293,11,1,4
1293,12,1,3
1294,0,1,7
1294,1,1,4
1294,2,1,4
1294,3,1,0
1294,4,1,3
1294,5,1,10
1294,6,1,3
1294,7,1,2
1294,8,0,0
1294,9,0,0
1294,10,0,0
1294,11,0,0
1294,12,0,0
1295,0,1,4
1295,1,1,5
1295,2,1,1
1295,3,1,3
1295,4,1,2
1295,5,1,3
1295,6,1,2
1295,7,1,2
1295,8,1,1
1295,9,1,1
1295,10,1,2
1295,11,1,3
1295,12,1,4
1296,0,1,5
1296,1,1,2
1296,2,1,3
1296,3,0,0
1296,4,0,0
1296,5,0,0
1296,6,0,0
1296,7,0,0
1296,8,0,0
1296,9,0,0
1296,10,0,0
1296,11,0,0
1296,12,0,0
1297,0,1,5
1297,1,1,3
1297,2,1,3
1297,3,1,2
1297,4,1,1
1297,5,1,5
1297,6,1,5
1297,7,1,5
1297,8,1,4
1297,9,1,4
1297,10,1,3
1297,11,1,4
1297,12,1,0
1298,0,1,6
1298,1,1,1
1298,2,1,7
1298,3,1,7
1298,4,1,4
1298,5,1,4
1298,6,1,4
1298,7,0,0
1298,8,0,0
1298,9,0,0
1298,10,0,0
1298,11,0,0
1298,12,0,0
1299,0,1,7
1299,1,1,0
1299,2,1,5
1299,3,1,3
1299,4,1,3
1299,5,1,4
1299,6,1,4
1299,7,1,2
1299,8,1,3
1299,9,1,1
1299,10,1,3
1299,11,1,5
1299,12,1,6
1300,0,1,4
1300,1,1,3
1300,2,1,4
1300,3,0,0
1300,4,0,0
1300,5,0,0
1300,6,0,0
1300,7,0,0
1300,8,0,0
1300,9,0,0
1300,10,0,0
1300,11,0,0
1300,12,0,0
1301,0,1,3
1301,1,1,7
1301,2,1,4
1301,3,1,5
1301,4,1,5
1301,5,1,5
1301,6,1,3
1301,7,1,3
1301,8,1,1
1301,9,1,3
1301,10,1,2
1301,11,0,0
1301,12,0,0
1302,0,1,4
1302,1,1,4
1302,2,1,1
1302,3,1,6
1302,4,0,0
1302,5,0,0
1302,6,0,0
1302,7,0,0
1302,8,0,0
1302,9,0,0
1302,10,0,0
1302,11,0,0
1302,12,0,0
1303,0,1,3
1303,1,1,2
1303,2,1,3
1303,3,1,5
1303,4,1,3
1303,5,1,1
1303,6,1,1
1303,7,0,0
1303,8,0,0
1303,9,0,0
1303,10,0,0
1303,11,0,0
1303,12,0,0
1304,0,1,4
1304,1,1,2
1304,2,1,4
1304,3,1,2
1304,4,1,2
1304,5,1,1
1304,6,0,0
1304,7,0,0
1304,8,0,0
1304,9,0,0
1304,10,0,0
1304,11,0,0
1304,12,0,0
1305,0,1,2
1305,1,1,3
1305,2,1,4
1305,3,0,0
1305,4,0,0
1305,5,0,0
1305,6,0,0
1305,7,0,0
1305,8,0,0
1305,9,0,0
1305,10,0,0
1305,11,0,0
1305,12,0,0
1306,0,1,7
1306,1,1,3
1306,2,1,6
1306,3,1,8
1306,4,1,5
1306,5,1,0
1306,6,1,6
1306,7,1,6
1306,8,1,4
1306,9,1,8
1306,10,1,6
1306,11,1,1
1306,12,1,4
1307,0,1,3
1307,1,1,2
1307,2,1,1
1307,3,1,3
1307,4,1,2
1307,5,1,3
1307,6,1,4
1307,7,1,1
1307,8,1,3
1307,9,1,1
1307,10,1,4
1307,11,1,4
1307,12,1,3
1308,0,1,3
1308,1,1,1
1308,2,1,1
1308,3,1,0
1308,4,0,0
1308,5,0,0
1308,6,0,0
1308,7,0,0
1308,8,0,0
1308,9,0,0
1308,10,0,0
1308,11,0,0
1308,12,0,0
1309,0,1,7
1309,1,1,2
1309,2,1,0
1309,3,1,1
1309,4,1,0
1309,5,1,2
1309,6,1,1
1309,7,1,2
1309,8,1,2
1309,9,1,2
1309,10,1,6
1309,11,1,2
1309,12,1,2
1310,0,1,6
1310,1,1,3
1310,2,1,1
1310,3,1,3
1310,4,1,1
1310,5,1,2
1310,6,1,1
1310,7,1,1
1310,8,1,1
1310,9,1,3
1310,10,1,6
1310,11,1,2
1310,12,1,0
1311,0,1,6
1311,1,1,2
1311,2,1,1
1311,3,1,6
1311,4,1,1
1311,5,1,6
1311,6,1,3
1311,7,1,2
1311,8,1,5
1311,9,1,2
1311,10,1,3
1311,11,1,3
1311,12,1,1
1312,0,1,2
1312,1,1,3
1312,2,1,1
1312,3,1,3
1312,4,1,0
1312,5,1,3
1312,6,1,3
1312,7,1,3
1312,8,1,0
1312,9,1,1
1312,10,1,3
1312,11,1,3
1312,12,1,2
1313,0,1,4
1313,1,1,3
1313,2,1,3
1313,3,1,3
1313,4,1,3
1313,5,1,3
1313,6,1,4
1313,7,1,1
1313,8,1,2
1313,9,1,4
1313,10,1,5
1313,11,0,0
1313,12,0,0
1314,0,1,5
1314,1,1,6
1314,2,1,5
1314,3,1,4
1314,4,1,1
1314,5,1,5
1314,6,1,1
1314,7,1,2
1314,8,1,6
1314,9,1,5
1314,10,1,5
1314,11,0,0
1314,12,0,0
1315,0,1,6
1315,1,1,5
1315,2,0,0
1315,3,0,0
1315,4,0,0
1315,5,0,0
1315,6,0,0
1315,7,0,0
1315,8,0,0
1315,9,0,0
1315,10,0,0
1315,11,0,0
1315,12,0,0
1316,0,1,5
1316,1,1,6
1316,2,1,3
1316,3,1,4
1316,4,1,5
1316,5,1,1
1316,6,1,1
1316,7,1,4
1316,8,1,3
1316,9,1,3
1316,10,1,3
1316,11,1,3
1316,12,1,5
1317,0,1,9
1317,1,1,3
1317,2,1,2
1317,3,1,4
1317,4,1,4
1317,5,1,3
1317,6,1,1
1317,7,1,2
1317,8,1,0
1317,9,1,6
1317,10,1,3
1317,11,1,1
1317,12,1,3
1318,0,1,4
1318,1,1,1
1318,2,1,1
1318,3,1,4
1318,4,1,6
1318,5,1,1
1318,6,1,3
1318,7,1,2
1318,8,1,5
1318,9,1,4
1318,10,1,4
1318,11,1,2
1318,12,1,3
1319,0,1,4
1319,1,1,3
1319,2,1,3
1319,3,1,7
1319,4,1,4
1319,5,1,2
1319,6,0,0
1319,7,0,0
1319,8,0,0
1319,9,0,0
1319,10,0,0
1319,11,0,0
1319,12,0,0
1320,0,1,13
1320,1,1,1
1320,2,1,4
1320,3,1,3
1320,4,1,5
1320,5,1,4
1320,6,1,3
1320,7,1,5
1320,8,1,1
1320,9,1,1
1320,10,1,2
1320,11,1,4
1320,12,1,5
1321,0,1,3
1321,1,1,2
1321,2,1,4
1321,3,1,2
1321,4,1,4
1321,5,1,1
1321,6,1,6
1321,7,1,6
1321,8,1,2
1321,9,1,3
1321,10,1,2
1321,11,1,2
1321,12,0,0
1322,0,1,4
1322,1,1,5
1322,2,1,2
1322,3,1,3
1322,4,1,6
1322,5,1,3
1322,6,1,6
1322,7,1,3
1322,8,1,4
1322,9,1,6
1322,10,1,3
1322,11,1,1
1322,12,1,1
1323,0,1,5
1323,1,1,6
1323,2,1,3
1323,3,0,0
1323,4,0,0
1323,5,0,0
1323,6,0,0
1323,7,0,0
1323,8,0,0
1323,9,0,0
1323,10,0,0
1323,11,0,0
1323,12,0,0
1324,0,1,2
1324,1,1,2
1324,2,1,4
1324,3,1,2
1324,4,1,0
1324,5,1,2
1324,6,1,1
1324,7,1,4
1324,8,1,4
1324,9,1,2
1324,10,1,1
1324,11,1,1
1324,12,1,6
1325,0,1,4
1325,1,1,2
1325,2,1,0
1325,3,0,0
1325,4,0,0
1325,5,0,0
1325,6,0,0
1325,7,0,0
1325,8,0,0
1325,9,0,0
1325,10,0,0
1325,11,0,0
1325,12,0,0
1326,0,1,5
1326,1,1,3
1326,2,1,3
1326,3,1,7
1326,4,1,0
1326,5,1,1
1326,6,1,1
1326,7,1,4
1326,8,1,1
1326,9,1,2
1326,10,1,2
1326,11,1,3
1326,12,1,2
1327,0,1,2
1327,1,1,4
1327,2,1,1
1327,3,1,5
1327,4,1,0
1327,5,1,2
1327,6,1,4
1327,7,1,1
1327,8,1,0
1327,9,1,3
1327,10,1,2
1327,11,1,2
1327,12,1,3
1328,0,1,2
1328,1,1,5
1328,2,1,2
1328,3,1,4
1328,4,1,6
1328,5,1,6
1328,6,1,4
1328,7,1,1
1328,8,0,0
1328,9,0,0
1328,10,0,0
1328,11,0,0
1328,12,0,0
1329,0,1,4
1329,1,1,1
1329,2,1,3
1329,3,1,4
1329,4,1,6
1329,5,1,0
1329,6,1,3
1329,7,1,4
1329,8,1,1
1329,9,1,2
1329,10,1,3
1329,11,1,4
1329,12,1,4
1330,0,1,5
1330,1,1,2
1330,2,1,2
1330,3,1,6
1330,4,1,0
1330,5,1,1
1330,6,1,1
1330,7,1,3
1330,8,1,3
1330,9,0,0
1330,10,0,0
1330,11,0,0
1330,12,0,0
1331,0,1,6
1331,1,1,3
1331,2,1,4
1331,3,0,0
1331,4,0,0
1331,5,0,0
1331,6,0,0
1331,7,0,0
1331,8,0,0
1331,9,0,0
1331,10,0,0
1331,11,0,0
1331,12,0,0
1332,0,1,5
1332,1,1,4
1332,2,1,2
1332,3,1,3
1332,4,1,2
1332,5,1,1
1332,6,1,2
1332,7,1,4
1332,8,1,4
1332,9,1,2
1332,10,0,0
1332,11,0,0
1332,12,0,0
1333,0,1,5
1333,1,1,1
1333,2,1,5
1333,3,1,6
1333,4,1,2
1333,5,1,3
1333,6,1,2
1333,7,1,3
1333,8,1,6
1333,9,1,1
1333,10,1,1
1333,11,1,5
1333,12,1,3
1334,0,1,7
1334,1,1,6
1334,2,1,3
1334,3,0,0
1334,4,0,0
1334,5,0,0
1334,6,0,0
1334,7,0,0
1334,8,0,0
1334,9,0,0
1334,10,0,0
1334,11,0,0
1334,12,0,0
1335,0,1,5
1335,1,1,3
1335,2,1,3
1335,3,1,5
1335,4,1,3
1335,5,1,3
1335,6,1,0
1335,7,1,2
1335,8,1,2
1335,9,1,5
1335,10,1,2
1335,11,1,2
1335,12,0,0
1336,0,1,5
1336,1,1,3
1336,2,1,2
1336,3,1,1
1336,4,1,3
1336,5,0,0
1336,6,0,0
1336,7,0,0
1336,8,0,0
1336,9,0,0
1336,10,0,0
1336,11,0,0
1336,12,0,0
1337,0,1,6
1337,1,1,6
1337,2,1,2
1337,3,1,3
1337,4,1,7
1337,5,1,5
1337,6,1,3
1337,7,1,3
1337,8,1,3
1337,9,0,0
1337,10,0,0
1337,11,0,0
1337,12,0,0
1338,0,1,4
1338,1,1,0
1338,2,1,3
1338,3,1,2
1338,4,0,0
1338,5,0,0
1338,6,0,0
1338,7,0,0
1338,8,0,0
1338,9,0,0
1338,10,0,0
1338,11,0,0
1338,12,0,0
1339,0,1,6
1339,1,1,3
1339,2,1,2
1339,3,1,3
1339,4,1,2
1339,5,1,2
1339,6,1,0
1339,7,1,3
1339,8,1,1
1339,9,1,0
1339,10,1,2
1339,11,1,2
1339,12,1,1
1340,0,1,6
1340,1,1,1
1340,2,0,0
1340,3,0,0
1340,4,0,0
1340,5,0,0
1340,6,0,0
1340,7,0,0
1340,8,0,0
1340,9,0,0
1340,10,0,0
1340,11,0,0
1340,12,0,0
1341,0,1,8
1341,1,1,4
1341,2,1,4
1341,3,1,4
1341,4,1,9
1341,5,0,0
1341,6,0,0
1341,7,0,0
1341,8,0,0
1341,9,0,0
1341,10,0,0
1341,11,0,0
1341,12,0,0
1342,0,1,8
1342,1,1,3
1342,2,0,0
1342,3,0,0
1342,4,0,0
1342,5,0,0
1342,6,0,0
1342,7,0,0
1342,8,0,0
1342,9,0,0
1342,10,0,0
1342,11,0,0
1342,12,0,0
1343,0,1,6
1343,1,1,3
1343,2,1,2
1343,3,1,2
1343,4,1,7
1343,5,1,7
1343,6,1,3
1343,7,1,4
1343,8,1,2
1343,9,1,5
1343,10,1,2
1343,11,1,0
1343,12,0,0
1344,0,1,4
1344,1,0,0
1344,2,0,0
1344,3,0,0
1344,4,0,0
1344,5,0,0
1344,6,0,0
1344,7,0,0
1344,8,0,0
1344,9,0,0
1344,10,0,0
1344,11,0,0
1344,12,0,0
1345,0,1,9
1345,1,1,6
1345,2,1,3
1345,3,1,0
1345,4,1,5
1345,5,1,3
1345,6,1,0
1345,7,1,5
1345,8,1,4
1345,9,1,2
1345,10,1,3
1345,11,1,2
1345,12,1,2
1346,0,1,2
1346,1,1,1
1346,2,1,5
1346,3,1,4
1346,4,1,5
1346,5,1,4
1346,6,0,0
1346,7,0,0
1346,8,0,0
1346,9,0,0
1346,10,0,0
1346,11,0,0
1346,12,0,0
1347,0,1,7
1347,1,1,3
1347,2,1,2
1347,3,1,2
1347,4,1,0
1347,5,1,4
1347,6,1,1
1347,7,1,3
1347,8,1,2
1347,9,1,3
1347,10,1,5
1347,11,1,5
1347,12,1,0
1348,0,1,7
1348,1,1,1
1348,2,1,2
1348,3,1,3
1348,4,1,0
1348,5,1,0
1348,6,1,5
1348,7,1,5
1348,8,1,6
1348,9,1,3
1348,10,1,2
1348,11,1,2
1348,12,0,0
1349,0,1,4
1349,1,1,2
1349,2,1,1
1349,3,1,2
1349,4,1,2
1349,5,1,0
1349,6,1,1
1349,7,1,2
1349,8,0,0
1349,9,0,0
1349,10,0,0
1349,11,0,0
1349,12,0,0
1350,0,1,4
1350,1,0,0
1350,2,0,0
1350,3,0,0
1350,4,0,0
1350,5,0,0
1350,6,0,0
1350,7,0,0
1350,8,0,0
1350,9,0,0
1350,10,0,0
1350,11,0,0
1350,12,0,0
1351,0,1,10
1351,1,1,5
1351,2,1,1
1351,3,1,4
1351,4,1,0
1351,5,1,0
1351,6,1,5
1351,7,1,1
1351,8,1,1
1351,9,1,3
1351,10,1,1
1351,11,0,0
1351,12,0,0
1352,0,1,4
1352,1,1,2
1352,2,1,2
1352,3,1,2
1352,4,1,2
1352,5,1,1
1352,6,0,0
1352,7,0,0
1352,8,0,0
1352,9,0,0
1352,10,0,0
1352,11,0,0
1352,12,0,0
1353,0,1,6
1353,1,1,1
1353,2,1,3
1353,3,1,4
1353,4,1,4
1353,5,1,2
1353,6,1,2
1353,7,1,2
1353,8,0,0
1353,9,0,0
1353,10,0,0
1353,11,0,0
1353,12,0,0
1354,0,1,7
1354,1,1,2
1354,2,1,0
1354,3,1,4
1354,4,1,1
1354,5,1,1
1354,6,1,3
1354,7,1,4
1354,8,1,2
1354,9,1,4
1354,10,1,4
1354,11,1,7
1354,12,1,2
1355,0,1,4
1355,1,0,0
1355,2,0,0
1355,3,0,0
1355,4,0,0
1355,5,0,0
1355,6,0,0
1355,7,0,0
1355,8,0,0
1355,9,0,0
1355,10,0,0
1355,11,0,0
1355,12,0,0
1356,0,1,9
1356,1,1,5
1356,2,1,2
1356,3,1,2
1356,4,1,1
1356,5,0,0
1356,6,0,0
1356,7,0,0
1356,8,0,0
1356,9,0,0
1356,10,0,0
1356,11,0,0
1356,12,0,0
1357,0,1,6
1357,1,1,3
1357,2,1,4
1357,3,1,3
1357,4,1,5
1357,5,1,5
1357,6,1,3
1357,7,0,0
1357,8,0,0
1357,9,0,0
1357,10,0,0
1357,11,0,0
1357,12,0,0
1358,0,1,7
1358,1,1,1
1358,2,1,2
1358,3,1,3
1358,4,0,0
1358,5,0,0
1358,6,0,0
1358,7,0,0
1358,8,0,0
1358,9,0,0
1358,10,0,0
1358,11,0,0
1358,12,0,0
1359,0,1,3
1359,1,1,6
1359,2,1,3
1359,3,1,1
1359,4,0,0
1359,5,0,0
1359,6,0,0
1359,7,0,0
1359,8,0,0
1359,9,0,0
1359,10,0,0
1359,11,0,0
1359,12,0,0
1360,0,1,4
1360,1,1,2
1360,2,1,1
1360,3,1,4
1360,4,1,4
1360,5,1,3
1360,6,1,3
1360,7,1,3
1360,8,1,4
1360,9,1,5
1360,10,1,4
1360,11,1,5
1360,12,1,4
1361,0,1,3
1361,1,0,0
1361,2,0,0
1361,3,0,0
1361,4,0,0
1361,5,0,0
1361,6,0,0
1361,7,0,0
1361,8,0,0
1361,9,0,0
1361,10,0,0
1361,11,0,0
1361,12,0,0
1362,0,1,6
1362,1,1,4
1362,2,0,0
1362,3,0,0
1362,4,0,0
1362,5,0,0
1362,6,0,0
1362,7,0,0
1362,8,0,0
1362,9,0,0
1362,10,0,0
1362,11,0,0
1362,12,0,0
1363,0,1,5
1363,1,1,2
1363,2,1,3
1363,3,1,3
1363,4,1,1
1363,5,1,1
1363,6,1,0
1363,7,1,5
1363,8,1,2
1363,9,1,1
1363,10,1,6
1363,11,1,3
1363,12,1,3
1364,0,1,6
1364,1,1,6
1364,2,1,4
1364,3,1,3
1364,4,1,5
1364,5,1,5
1364,6,1,6
1364,7,1,4
1364,8,1,3
1364,9,1,3
1364,10,0,0
1364,11,0,0
1364,12,0,0
1365,0,1,8
1365,1,0,0
1365,2,0,0
1365,3,0,0
1365,4,0,0
1365,5,0,0
1365,6,0,0
1365,7,0,0
1365,8,0,0
1365,9,0,0
1365,10,0,0
1365,11,0,0
1365,12,0,0
1366,0,1,7
1366,1,1,3
1366,2,1,4
1366,3,1,4
1366,4,1,6
1366,5,1,5
1366,6,1,6
1366,7,1,0
1366,8,1,5
1366,9,1,2
1366,10,1,4
1366,11,1,3
1366,12,1,5
1367,0,1,4
1367,1,1,2
1367,2,1,1
1367,3,1,5
1367,4,1,4
1367,5,1,4
1367,6,0,0
1367,7,0,0
1367,8,0,0
1367,9,0,0
1367,10,0,0
1367,11,0,0
1367,12,0,0
1368,0,1,4
1368,1,1,7
1368,2,1,2
1368,3,1,4
1368,4,1,3
1368,5,1,2
1368,6,1,8
1368,7,0,0
1368,8,0,0
1368,9,0,0
1368,10,0,0
1368,11,0,0
1368,12,0,0
1369,0,1,4
1369,1,1,4
1369,2,1,2
1369,3,1,2
1369,4,1,1
1369,5,1,5
1369,6,1,4
1369,7,1,1
1369,8,1,3
1369,9,1,3
1369,10,1,3
1369,11,1,2
1369,12,1,3
1370,0,1,3
1370,1,1,4
1370,2,1,3
1370,3,1,5
1370,4,1,3
1370,5,1,6
1370,6,1,1
1370,7,1,4
1370,8,1,1
1370,9,1,1
1370,10,1,5
1370,11,1,2
1370,12,1,5
1371,0,1,8
1371,1,1,0
1371,2,1,5
1371,3,1,2
1371,4,1,2
1371,5,1,0
1371,6,1,3
1371,7,1,2
1371,8,0,0
1371,9,0,0
1371,10,0,0
1371,11,0,0
1371,12,0,0
1372,0,1,5
1372,1,1,6
1372,2,1,5
1372,3,1,3
1372,4,1,5
1372,5,1,3
1372,6,1,3
1372,7,1,5
1372,8,1,5
1372,9,1,1
1372,10,1,2
1372,11,0,0
1372,12,0,0
1373,0,1,5
1373,1,0,0
1373,2,0,0
1373,3,0,0
1373,4,0,0
1373,5,0,0
1373,6,0,0
1373,7,0,0
1373,8,0,0
1373,9,0,0
1373,10,0,0
1373,11,0,0
1373,12,0,0
1374,0,1,2
1374,1,1,3
1374,2,0,0
1374,3,0,0
1374,4,0,0
1374,5,0,0
1374,6,0,0
1374,7,0,0
1374,8,0,0
1374,9,0,0
1374,10,0,0
1374,11,0,0
1374,12,0,0
1375,0,1,3
1375,1,1,5
1375,2,1,6
1375,3,1,3
1375,4,1,3
1375,5,1,4
1375,6,1,4
1375,7,0,0
1375,8,0,0
1375,9,0,0
1375,10,0,0
1375,11,0,0
1375,12,0,0
1376,0,1,5
1376,1,1,2
1376,2,1,2
1376,3,0,0
1376,4,0,0
1376,5,0,0
1376,6,0,0
1376,7,0,0
1376,8,0,0
1376,9,0,0
1376,10,0,0
1376,11,0,0
1376,12,0,0
1377,0,1,6
1377,1,1,3
1377,2,1,0
1377,3,0,0
1377,4,0,0
1377,5,0,0
1377,6,0,0
1377,7,0,0
1377,8,0,0
1377,9,0,0
1377,10,0,0
1377,11,0,0
1377,12,0,0
1378,0,1,3
1378,1,1,6
1378,2,1,4
1378,3,1,2
1378,4,0,0
1378,5,0,0
1378,6,0,0
1378,7,0,0
1378,8,0,0
1378,9,0,0
1378,10,0,0
1378,11,0,0
1378,12,0,0
1379,0,1,4
1379,1,1,7
1379,2,1,4
1379,3,1,3
1379,4,1,2
1379,5,1,4
1379,6,1,5
1379,7,1,6
1379,8,1,1
1379,9,1,4
1379,10,1,5
1379,11,1,3
1379,12,1,0
1380,0,1,2
1380,1,1,0
1380,2,1,3
1380,3,1,1
1380,4,1,6
1380,5,1,5
1380,6,1,3
1380,7,1,3
1380,8,1,6
1380,9,1,3
1380,10,1,4
1380,11,1,1
1380,12,1,2
1381,0,1,4
1381,1,1,1
1381,2,1,11
1381,3,1,1
1381,4,1,2
1381,5,1,2
1381,6,1,7
1381,7,1,4
1381,8,1,4
1381,9,1,3
1381,10,1,4
1381,11,1,2
1381,12,1,4
1382,0,1,1
1382,1,1,2
1382,2,1,1
1382,3,1,2
1382,4,1,3
1382,5,1,0
1382,6,1,4
1382,7,1,2
1382,8,1,3
1382,9,1,0
1382,10,0,0
1382,11,0,0
1382,12,0,0
1383,0,1,6
1383,1,1,0
1383,2,1,1
1383,3,0,0
1383,4,0,0
1383,5,0,0
1383,6,0,0
1383,7,0,0
1383,8,0,0
1383,9,0,0
1383,10,0,0
1383,11,0,0
1383,12,0,0
1384,0,1,3
1384,1,0,0
1384,2,0,0
1384,3,0,0
1384,4,0,0
1384,5,0,0
1384,6,0,0
1384,7,0,0
1384,8,0,0
1384,9,0,0
1384,10,0,0
1384,11,0,0
1384,12,0,0
1385,0,1,4
1385,1,1,5
1385,2,1,3
1385,3,1,7
1385,4,0,0
1385,5,0,0
1385,6,0,0
1385,7,0,0
1385,8,0,0
1385,9,0,0
1385,10,0,0
1385,11,0,0
1385,12,0,0
1386,0,1,4
1386,1,1,3
1386,2,1,2
1386,3,1,9
1386,4,1,1
1386,5,0,0
1386,6,0,0
1386,7,0,0
1386,8,0,0
1386,9,0,0
1386,10,0,0
1386,11,0,0
1386,12,0,0
1387,0,1,6
1387,1,1,7
1387,2,1,2
1387,3,1,4
1387,4,1,1
1387,5,1,6
1387,6,1,5
1387,7,1,4
1387,8,1,6
1387,9,1,6
1387,10,1,6
1387,11,1,4
1387,12,1,3
1388,0,1,4
1388,1,1,4
1388,2,0,0
1388,3,0,0
1388,4,0,0
1388,5,0,0
1388,6,0,0
1388,7,0,0
1388,8,0,0
1388,9,0,0
1388,10,0,0
1388,11,0,0
1388,12,0,0
1389,0,1,6
1389,1,0,0
1389,2,0,0
1389,3,0,0
1389,4,0,0
1389,5,0,0
1389,6,0,0
1389,7,0,0
1389,8,0,0
1389,9,0,0
1389,10,0,0
1389,11,0,0
1389,12,0,0
1390,0,1,7
1390,1,1,2
1390,2,1,2
1390,3,1,3
1390,4,1,1
1390,5,0,0
1390,6,0,0
1390,7,0,0
1390,8,0,0
1390,9,0,0
1390,10,0,0
1390,11,0,0
1390,12,0,0
1391,0,1,7
1391,1,1,4
1391,2,1,1
1391,3,1,1
1391,4,1,0
1391,5,1,4
1391,6,1,1
1391,7,0,0
1391,8,0,0
1391,9,0,0
1391,10,0,0
1391,11,0,0
1391,12,0,0
1392,0,1,4
1392,1,1,3
1392,2,1,4
1392,3,0,0
1392,4,0,0
1392,5,0,0
1392,6,0,0
1392,7,0,0
1392,8,0,0
1392,9,0,0
1392,10,0,0
1392,11,0,0
1392,12,0,0
1393,0,1,8
1393,1,1,3
1393,2,0,0
1393,3,0,0
1393,4,0,0
1393,5,0,0
1393,6,0,0
1393,7,0,0
1393,8,0,0
1393,9,0,0
1393,10,0,0
1393,11,0,0
1393,12,0,0
1394,0,1,8
1394,1,1,3
1394,2,1,3
1394,3,1,4
1394,4,1,7
1394,5,0,0
1394,6,0,0
1394,7,0,0
1394,8,0,0
1394,9,0,0
1394,10,0,0
1394,11,0,0
1394,12,0,0
1395,0,1,7
1395,1,1,4
1395,2,1,1
1395,3,1,3
1395,4,1,3
1395,5,1,4
1395,6,1,1
1395,7,0,0
1395,8,0,0
1395,9,0,0
1395,10,0,0
1395,11,0,0
1395,12,0,0
1396,0,1,3
1396,1,1,2
1396,2,1,1
1396,3,1,2
1396,4,1,2
1396,5,1,3
1396,6,1,1
1396,7,1,1
1396,8,1,4
1396,9,1,2
1396,10,1,4
1396,11,1,0
1396,12,1,4
1397,0,1,8
1397,1,1,5
1397,2,1,3
1397,3,0,0
1397,4,0,0
1397,5,0,0
1397,6,0,0
1397,7,0,0
1397,8,0,0
1397,9,0,0
1397,10,0,0
1397,11,0,0
1397,12,0,0
1398,0,1,7
1398,1,1,3
1398,2,1,4
1398,3,1,6
1398,4,1,5
1398,5,1,1
1398,6,1,2
1398,7,1,2
1398,8,1,5
1398,9,1,3
1398,10,1,1
1398,11,1,2
1398,12,1,5
1399,0,1,2
1399,1,1,3
1399,2,1,2
1399,3,1,1
1399,4,1,3
1399,5,1,3
1399,6,1,1
1399,7,1,1
1399,8,1,1
1399,9,1,5
1399,10,1,2
1399,11,1,3
1399,12,1,2
1400,0,1,3
1400,1,1,2
1400,2,1,2
1400,3,1,2
1400,4,1,3
1400,5,1,2
1400,6,1,3
1400,7,1,3
1400,8,1,5
1400,9,1,5
1400,10,1,3
1400,11,1,4
1400,12,1,4
1401,0,1,5
1401,1,1,3
1401,2,1,5
1401,3,1,1
1401,4,1,2
1401,5,1,1
1401,6,1,3
1401,7,1,3
1401,8,1,1
1401,9,1,4
1401,10,1,0
1401,11,1,5
1401,12,0,0
1402,0,1,6
1402,1,1,3
1402,2,1,1
1402,3,1,6
1402,4,1,2
1402,5,1,2
1402,6,1,4
1402,7,1,3
1402,8,1,6
1402,9,1,4
1402,10,0,0
1402,11,0,0
1402,12,0,0
1403,0,1,4
1403,1,1,6
1403,2,1,2
1403,3,1,3
1403,4,1,3
1403,5,0,0
1403,6,0,0
1403,7,0,0
1403,8,0,0
1403,9,0,0
1403,10,0,0
1403,11,0,0
1403,12,0,0
1404,0,1,3
1404,1,1,2
1404,2,1,1
1404,3,1,4
1404,4,1,0
1404,5,1,1
1404,6,0,0
1404,7,0,0
1404,8,0,0
1404,9,0,0
1404,10,0,0
1404,11,0,0
1404,12,0,0
1405,0,1,7
1405,1,1,1
1405,2,1,2
1405,3,1,4
1405,4,1,5
1405,5,1,3
1405,6,1,5
1405,7,1,3
1405,8,1,6
1405,9,0,0
1405,10,0,0
1405,11,0,0
1405,12,0,0
1406,0,1,7
1406,1,1,3
1406,2,1,3
1406,3,0,0
1406,4,0,0
1406,5,0,0
1406,6,0,0
1406,7,0,0
1406,8,0,0
1406,9,0,0
1406,10,0,0
1406,11,0,0
1406,12,0,0
1407,0,1,5
1407,1,1,3
1407,2,1,1
1407,3,0,0
1407,4,0,0
1407,5,0,0
1407,6,0,0
1407,7,0,0
1407,8,0,0
1407,9,0,0
1407,10,0,0
1407,11,0,0
1407,12,0,0
1408,0,1,5
1408,1,1,4
1408,2,1,4
1408,3,1,4
1408,4,1,6
1408,5,1,2
1408,6,1,1
1408,7,1,1
1408,8,1,3
1408,9,1,3
1408,10,1,7
1408,11,1,4
1408,12,1,4
1409,0,1,3
1409,1,1,2
1409,2,1,1
1409,3,1,2
1409,4,1,1
1409,5,1,2
1409,6,1,2
1409,7,1,4
1409,8,1,0
1409,9,1,0
1409,10,1,2
1409,11,1,4
1409,12,1,5
1410,0,1,3
1410,1,1,8
1410,2,1,4
1410,3,1,4
1410,4,1,2
1410,5,1,4
1410,6,1,3
1410,7,1,5
1410,8,1,5
1410,9,1,3
1410,10,1,5
1410,11,1,2
1410,12,1,1
1411,0,1,2
1411,1,1,2
1411,2,1,3
1411,3,1,1
1411,4,1,3
1411,5,1,6
1411,6,1,3
1411,7,1,2
1411,8,1,2
1411,9,1,4
1411,10,1,7
1411,11,1,1
1411,12,1,2
1412,0,1,3
1412,1,1,3
1412,2,1,6
1412,3,1,6
1412,4,1,4
1412,5,1,4
1412,6,1,1
1412,7,1,2
1412,8,1,4
1412,9,1,7
1412,10,1,1
1412,11,1,2
1412,12,1,9
1413,0,1,6
1413,1,1,2
1413,2,1,1
1413,3,1,1
1413,4,1,1
1413,5,1,4
1413,6,1,4
1413,7,0,0
1413,8,0,0
1413,9,0,0
1413,10,0,0
1413,11,0,0
1413,12,0,0
1414,0,1,3
1414,1,1,2
1414,2,1,2
1414,3,1,5
1414,4,1,3
1414,5,1,3
1414,6,1,3
1414,7,1,6
1414,8,1,0
1414,9,1,2
1414,10,1,0
1414,11,1,3
1414,12,1,1
1415,0,1,4
1415,1,1,5
1415,2,1,3
1415,3,1,3
1415,4,0,0
1415,5,0,0
1415,6,0,0
1415,7,0,0
1415,8,0,0
1415,9,0,0
1415,10,0,0
1415,11,0,0
1415,12,0,0
1416,0,1,3
1416,1,0,0
1416,2,0,0
1416,3,0,0
1416,4,0,0
1416,5,0,0
1416,6,0,0
1416,7,0,0
1416,8,0,0
1416,9,0,0
1416,10,0,0
1416,11,0,0
1416,12,0,0
1417,0,1,7
1417,1,1,2
1417,2,1,2
1417,3,0,0
1417,4,0,0
1417,5,0,0
1417,6,0,0
1417,7,0,0
1417,8,0,0
1417,9,0,0
1417,10,0,0
1417,11,0,0
1417,12,0,0
1418,0,1,2
1418,1,1,3
1418,2,0,0
1418,3,0,0
1418,4,0,0
1418,5,0,0
1418,6,0,0
1418,7,0,0
1418,8,0,0
1418,9,0,0
1418,10,0,0
1418,11,0,0
1418,12,0,0
1419,0,1,5
1419,1,1,4
1419,2,0,0
1419,3,0,0
1419,4,0,0
1419,5,0,0
1419,6,0,0
1419,7,0,0
1419,8,0,0
1419,9,0,0
1419,10,0,0
1419,11,0,0
1419,12,0,0
1420,0,1,4
1420,1,0,0
1420,2,0,0
1420,3,0,0
1420,4,0,0
1420,5,0,0
1420,6,0,0
1420,7,0,0
1420,8,0,0
1420,9,0,0
1420,10,0,0
1420,11,0,0
1420,12,0,0
1421,0,1,5
1421,1,1,3
1421,2,1,0
1421,3,1,4
1421,4,1,2
1421,5,1,3
1421,6,1,1
1421,7,1,4
1421,8,1,3
1421,9,1,1
1421,10,1,2
1421,11,1,2
1421,12,1,3
1422,0,1,4
1422,1,1,2
1422,2,1,4
1422,3,1,3
1422,4,1,4
1422,5,0,0
1422,6,0,0
1422,7,0,0
1422,8,0,0
1422,9,0,0
1422,10,0,0
1422,11,0,0
1422,12,0,0
1423,0,1,4
1423,1,1,3
1423,2,1,3
1423,3,1,3
1423,4,1,3
1423,5,1,6
1423,6,1,4
1423,7,1,4
1423,8,1,2
1423,9,1,4
1423,10,1,6
1423,11,1,1
1423,12,1,3
1424,0,1,3
1424,1,1,2
1424,2,1,1
1424,3,1,0
1424,4,1,3
1424,5,1,2
1424,6,1,2
1424,7,1,3
1424,8,1,2
1424,9,1,0
1424,10,1,1
1424,11,1,3
1424,12,1,1
1425,0,1,5
1425,1,1,4
1425,2,1,4
1425,3,0,0
1425,4,0,0
1425,5,0,0
1425,6,0,0
1425,7,0,0
1425,8,0,0
1425,9,0,0
1425,10,0,0
1425,11,0,0
1425,12,0,0
1426,0,1,1
1426,1,1,6
1426,2,1,8
1426,3,1,8
1426,4,1,5
1426,5,1,4
1426,6,1,8
1426,7,1,5
1426,8,1,3
1426,9,1,3
1426,10,1,5
1426,11,1,4
1426,12,1,5
1427,0,1,6
1427,1,1,3
1427,2,1,9
1427,3,1,2
1427,4,1,4
1427,5,1,2
1427,6,1,3
1427,7,1,7
1427,8,1,3
1427,9,1,0
1427,10,1,5
1427,11,1,3
1427,12,1,3
1428,0,1,5
1428,1,1,4
1428,2,1,5
1428,3,1,3
1428,4,1,3
1428,5,1,6
1428,6,1,4
1428,7,0,0
1428,8,0,0
1428,9,0,0
1428,10,0,0
1428,11,0,0
1428,12,0,0
1429,0,1,7
1429,1,1,6
1429,2,1,3
1429,3,1,2
1429,4,1,2
1429,5,1,6
1429,6,1,2
1429,7,1,3
1429,8,1,3
1429,9,1,0
1429,10,1,5
1429,11,1,4
1429,12,1,2
1430,0,1,7
1430,1,1,1
1430,2,1,3
1430,3,1,3
1430,4,1,4
1430,5,1,6
1430,6,1,1
1430,7,1,3
1430,8,1,2
1430,9,1,4
1430,10,1,1
1430,11,1,1
1430,12,1,2
1431,0,1,5
1431,1,1,2
1431,2,1,4
1431,3,1,2
1431,4,1,2
1431,5,1,1
1431,6,0,0
1431,7,0,0
1431,8,0,0
1431,9,0,0
1431,10,0,0
1431,11,0,0
1431,12,0,0
1432,0,1,5
1432,1,1,2
1432,2,1,2
1432,3,1,3
1432,4,1,2
1432,5,1,0
1432,6,1,3
1432,7,1,1
1432,8,1,2
1432,9,1,1
1432,10,1,2
1432,11,1,2
1432,12,1,2
1433,0,1,6
1433,1,1,0
1433,2,1,3
1433,3,1,7
1433,4,1,4
1433,5,0,0
1433,6,0,0
1433,7,0,0
1433,8,0,0
1433,9,0,0
1433,10,0,0
1433,11,0,0
1433,12,0,0
1434,0,1,6
1434,1,1,5
1434,2,1,3
1434,3,1,4
1434,4,1,2
1434,5,1,3
1434,6,1,2
1434,7,1,7
1434,8,1,2
1434,9,1,2
1434,10,1,4
1434,11,1,2
1434,12,1,6
1435,0,1,4
1435,1,1,4
1435,2,1,5
1435,3,1,2
1435,4,1,2
1435,5,1,0
1435,6,1,7
1435,7,1,5
1435,8,1,1
1435,9,1,2
1435,10,1,2
1435,11,1,3
1435,12,1,6
1436,0,1,8
1436,1,1,6
1436,2,1,3
1436,3,1,3
1436,4,1,6
1436,5,1,2
1436,6,1,2
1436,7,1,3
1436,8,1,6
1436,9,1,2
1436,10,1,3
1436,11,1,3
1436,12,1,2
1437,0,1,7
1437,1,1,2
1437,2,1,4
1437,3,1,2
1437,4,1,1
1437,5,1,1
1437,6,1,1
1437,7,1,2
1437,8,1,1
1437,9,1,1
1437,10,1,2
1437,11,1,3
1437,12,1,2
1438,0,1,1
1438,1,1,2
1438,2,1,3
1438,3,1,2
1438,4,1,2
1438,5,1,4
1438,6,1,5
1438,7,1,6
1438,8,1,4
1438,9,0,0
1438,10,0,0
1438,11,0,0
1438,12,0,0
1439,0,1,5
1439,1,1,8
1439,2,1,1
1439,3,1,3
1439,4,1,4
1439,5,1,0
1439,6,1,3
1439,7,1,4
1439,8,1,5
1439,9,1,2
1439,10,1,2
1439,11,1,3
1439,12,1,0
1440,0,1,4
1440,1,1,3
1440,2,1,1
1440,3,0,0
1440,4,0,0
1440,5,0,0
1440,6,0,0
1440,7,0,0
1440,8,0,0
1440,9,0,0
1440,10,0,0
1440,11,0,0
1440,12,0,0
1441,0,1,4
1441,1,1,1
1441,2,1,6
1441,3,0,0
1441,4,0,0
1441,5,0,0
1441,6,0,0
1441,7,0,0
1441,8,0,0
1441,9,0,0
1441,10,0,0
1441,11,0,0
1441,12,0,0
1442,0,1,4
1442,1,1,7
1442,2,1,3
1442,3,1,2
1442,4,1,2
1442,5,0,0
1442,6,0,0
1442,7,0,0
1442,8,0,0
1442,9,0,0
1442,10,0,0
1442,11,0,0
1442,12,0,0
1443,0,1,8
1443,1,1,4
1443,2,1,3
1443,3,1,5
1443,4,1,5
1443,5,1,7
1443,6,1,3
1443,7,0,0
1443,8,0,0
1443,9,0,0
1443,10,0,0
1443,11,0,0
1443,12,0,0
1444,0,1,3
1444,1,1,5
1444,2,1,2
1444,3,1,5
1444,4,1,5
1444,5,1,2
1444,6,1,0
1444,7,1,5
1444,8,1,2
1444,9,1,4
1444,10,1,0
1444,11,0,0
1444,12,0,0
1445,0,1,2
1445,1,1,4
1445,2,1,4
1445,3,1,5
1445,4,1,4
1445,5,1,2
1445,6,1,3
1445,7,1,8
1445,8,1,6
1445,9,1,7
1445,10,0,0
1445,11,0,0
1445,12,0,0
1446,0,1,6
1446,1,1,7
1446,2,1,4
1446,3,1,4
1446,4,1,2
1446,5,1,6
1446,6,1,4
1446,7,1,7
1446,8,1,3
1446,9,1,2
1446,10,0,0
1446,11,0,0
1446,12,0,0
1447,0,1,5
1447,1,1,4
1447,2,1,3
1447,3,1,0
1447,4,1,1
1447,5,1,2
1447,6,1,4
1447,7,0,0
1447,8,0,0
1447,9,0,0
1447,10,0,0
1447,11,0,0
1447,12,0,0
1448,0,1,6
1448,1,1,1
1448,2,1,3
1448,3,1,3
1448,4,1,2
1448,5,1,1
1448,6,1,3
1448,7,1,0
1448,8,1,2
1448,9,1,2
1448,10,1,2
1448,11,1,1
1448,12,1,4
1449,0,1,3
1449,1,0,0
1449,2,0,0
1449,3,0,0
1449,4,0,0
1449,5,0,0
1449,6,0,0
1449,7,0,0
1449,8,0,0
1449,9,0,0
1449,10,0,0
1449,11,0,0
1449,12,0,0
1450,0,1,4
1450,1,1,5
1450,2,1,3
1450,3,1,9
1450,4,1,4
1450,5,1,5
1450,6,1,0
1450,7,1,7
1450,8,1,3
1450,9,1,2
1450,10,1,7
1450,11,1,3
1450,12,1,1
1451,0,1,3
1451,1,0,0
1451,2,0,0
1451,3,0,0
1451,4,0,0
1451,5,0,0
1451,6,0,0
1451,7,0,0
1451,8,0,0
1451,9,0,0
1451,10,0,0
1451,11,0,0
1451,12,0,0
1452,0,1,7
1452,1,1,4
1452,2,1,6
1452,3,1,4
1452,4,1,2
1452,5,0,0
1452,6,0,0
1452,7,0,0
1452,8,0,0
1452,9,0,0
1452,10,0,0
1452,11,0,0
1452,12,0,0
1453,0,1,6
1453,1,1,2
1453,2,1,2
1453,3,1,2
1453,4,1,5
1453,5,0,0
1453,6,0,0
1453,7,0,0
1453,8,0,0
1453,9,0,0
1453,10,0,0
1453,11,0,0
1453,12,0,0
1454,0,1,4
1454,1,1,4
1454,2,1,2
1454,3,1,0
1454,4,1,1
1454,5,1,3
1454,6,1,3
1454,7,1,0
1454,8,1,2
1454,9,1,0
1454,10,1,6
1454,11,1,1
1454,12,1,3
1455,0,1,4
1455,1,1,4
1455,2,0,0
1455,3,0,0
1455,4,0,0
1455,5,0,0
1455,6,0,0
1455,7,0,0
1455,8,0,0
1455,9,0,0
1455,10,0,0
1455,11,0,0
1455,12,0,0
1456,0,1,6
1456,1,1,2
1456,2,1,1
1456,3,1,2
1456,4,1,2
1456,5,1,3
1456,6,1,3
1456,7,0,0
1456,8,0,0
1456,9,0,0
1456,10,0,0
1456,11,0,0
1456,12,0,0
1457,0,1,5
1457,1,1,7
1457,2,1,5
1457,3,1,5
1457,4,1,4
1457,5,1,4
1457,6,1,2
1457,7,1,0
1457,8,1,3
1457,9,0,0
1457,10,0,0
1457,11,0,0
1457,12,0,0
1458,0,1,2
1458,1,1,0
1458,2,1,3
1458,3,0,0
1458,4,0,0
1458,5,0,0
1458,6,0,0
1458,7,0,0
1458,8,0,0
1458,9,0,0
1458,10,0,0
1458,11,0,0
1458,12,0,0
1459,0,1,6
1459,1,1,6
1459,2,1,1
1459,3,1,5
1459,4,1,4
1459,5,1,4
1459,6,1,2
1459,7,1,2
1459,8,1,3
1459,9,1,2
1459,10,1,1
1459,11,1,5
1459,12,1,0
1460,0,1,5
1460,1,1,3
1460,2,1,2
1460,3,1,2
1460,4,1,2
1460,5,1,2
1460,6,1,1
1460,7,1,2
1460,8,1,6
1460,9,0,0
1460,10,0,0
1460,11,0,0
1460,12,0,0
1461,0,1,9
1461,1,0,0
1461,2,0,0
1461,3,0,0
1461,4,0,0
1461,5,0,0
1461,6,0,0
1461,7,0,0
1461,8,0,0
1461,9,0,0
1461,10,0,0
1461,11,0,0
1461,12,0,0
1462,0,1,9
1462,1,1,2
1462,2,1,1
1462,3,1,4
1462,4,1,3
1462,5,1,6
1462,6,1,1
1462,7,1,7
1462,8,1,2
1462,9,1,4
1462,10,1,2
1462,11,1,6
1462,12,1,5
1463,0,1,5
1463,1,1,2
1463,2,0,0
1463,3,0,0
1463,4,0,0
1463,5,0,0
1463,6,0,0
1463,7,0,0
1463,8,0,0
1463,9,0,0
1463,10,0,0
1463,11,0,0
1463,12,0,0
1464,0,1,4
1464,1,1,5
1464,2,1,4
1464,3,1,4
1464,4,1,1
1464,5,1,3
1464,6,0,0
1464,7,0,0
1464,8,0,0
1464,9,0,0
1464,10,0,0
1464,11,0,0
1464,12,0,0
1465,0,1,2
1465,1,1,3
1465,2,1,1
1465,3,1,6
1465,4,0,0
1465,5,0,0
1465,6,0,0
1465,7,0,0
1465,8,0,0
1465,9,0,0
1465,10,0,0
1465,11,0,0
1465,12,0,0
1466,0,1,4
1466,1,1,1
1466,2,1,3
1466,3,1,5
1466,4,1,4
1466,5,1,4
1466,6,1,2
1466,7,1,5
1466,8,1,2
1466,9,1,5
1466,10,1,1
1466,11,1,4
1466,12,1,2
1467,0,1,5
1467,1,1,1
1467,2,1,3
1467,3,1,1
1467,4,1,2
1467,5,1,6
1467,6,1,11
1467,7,0,0
1467,8,0,0
1467,9,0,0
1467,10,0,0
1467,11,0,0
1467,12,0,0
1468,0,1,4
1468,1,1,1
1468,2,1,2
1468,3,1,1
1468,4,1,2
1468,5,1,2
1468,6,1,4
1468,7,1,5
1468,8,0,0
1468,9,0,0
1468,10,0,0
1468,11,0,0
1468,12,0,0
1469,0,1,9
1469,1,1,3
1469,2,1,3
1469,3,0,0
1469,4,0,0
1469,5,0,0
1469,6,0,0
1469,7,0,0
1469,8,0,0
1469,9,0,0
1469,10,0,0
1469,11,0,0
1469,12,0,0
1470,0,1,6
1470,1,1,4
1470,2,0,0
1470,3,0,0
1470,4,0,0
1470,5,0,0
1470,6,0,0
1470,7,0,0
1470,8,0,0
1470,9,0,0
1470,10,0,0
1470,11,0,0
1470,12,0,0
1471,0,1,7
1471,1,1,5
1471,2,1,3
1471,3,1,1
1471,4,1,2
1471,5,1,5
1471,6,1,4
1471,7,1,3
1471,8,1,7
1471,9,1,4
1471,10,1,3
1471,11,1,3
1471,12,1,1
1472,0,1,4
1472,1,1,1
1472,2,1,4
1472,3,1,0
1472,4,1,2
1472,5,1,0
1472,6,1,1
1472,7,1,0
1472,8,1,0
1472,9,1,3
1472,10,1,1
1472,11,1,1
1472,12,1,1
1473,0,1,3
1473,1,1,2
1473,2,0,0
1473,3,0,0
1473,4,0,0
1473,5,0,0
1473,6,0,0
1473,7,0,0
1473,8,0,0
1473,9,0,0
1473,10,0,0
1473,11,0,0
1473,12,0,0
1474,0,1,5
1474,1,1,4
1474,2,0,0
1474,3,0,0
1474,4,0,0
1474,5,0,0
1474,6,0,0
1474,7,0,0
1474,8,0,0
1474,9,0,0
1474,10,0,0
1474,11,0,0
1474,12,0,0
1475,0,1,4
1475,1,1,4
1475,2,0,0
1475,3,0,0
1475,4,0,0
1475,5,0,0
1475,6,0,0
1475,7,0,0
1475,8,0,0
1475,9,0,0
1475,10,0,0
1475,11,0,0
1475,12,0,0
1476,0,1,4
1476,1,1,1
1476,2,1,5
1476,3,1,5
1476,4,1,4
1476,5,1,4
1476,6,1,6
1476,7,1,3
1476,8,1,6
1476,9,1,5
1476,10,1,2
1476,11,1,3
1476,12,1,5
1477,0,1,4
1477,1,1,4
1477,2,1,3
1477,3,1,3
1477,4,0,0
1477,5,0,0
1477,6,0,0
1477,7,0,0
1477,8,0,0
1477,9,0,0
1477,10,0,0
1477,11,0,0
1477,12,0,0
1478,0,1,4
1478,1,1,1
1478,2,1,0
1478,3,1,2
1478,4,1,3
1478,5,0,0
1478,6,0,0
1478,7,0,0
1478,8,0,0
1478,9,0,0
1478,10,0,0
1478,11,0,0
1478,12,0,0
1479,0,1,6
1479,1,1,1
1479,2,1,5
1479,3,1,1
1479,4,1,3
1479,5,1,3
1479,6,1,0
1479,7,1,1
1479,8,1,3
1479,9,1,0
1479,10,1,3
1479,11,1,1
1479,12,1,2
1480,0,1,5
1480,1,1,2
1480,2,1,7
1480,3,1,3
1480,4,1,5
1480,5,1,3
1480,6,1,1
1480,7,1,5
1480,8,1,3
1480,9,1,3
1480,10,1,3
1480,11,1,3
1480,12,1,2
1481,0,1,3
1481,1,1,2
1481,2,1,0
1481,3,1,1
1481,4,1,3
1481,5,1,1
1481,6,1,2
1481,7,1,3
1481,8,1,2
1481,9,1,2
1481,10,1,3
1481,11,1,2
1481,12,1,2
1482,0,1,6
1482,1,0,0
1482,2,0,0
1482,3,0,0
1482,4,0,0
1482,5,0,0
1482,6,0,0
1482,7,0,0
1482,8,0,0
1482,9,0,0
1482,10,0,0
1482,11,0,0
1482,12,0,0
1483,0,1,8
1483,1,1,2
1483,2,1,6
1483,3,0,0
1483,4,0,0
1483,5,0,0
1483,6,0,0
1483,7,0,0
1483,8,0,0
1483,9,0,0
1483,10,0,0
1483,11,0,0
1483,12,0,0
1484,0,1,5
1484,1,0,0
1484,2,0,0
1484,3,0,0
1484,4,0,0
1484,5,0,0
1484,6,0,0
1484,7,0,0
1484,8,0,0
1484,9,0,0
1484,10,0,0
1484,11,0,0
1484,12,0,0
1485,0,1,6
1485,1,1,3
1485,2,1,4
1485,3,0,0
1485,4,0,0
1485,5,0,0
1485,6,0,0
1485,7,0,0
1485,8,0,0
1485,9,0,0
1485,10,0,0
1485,11,0,0
1485,12,0,0
1486,0,1,4
1486,1,1,5
1486,2,0,0
1486,3,0,0
1486,4,0,0
1486,5,0,0
1486,6,0,0
1486,7,0,0
1486,8,0,0
1486,9,0,0
1486,10,0,0
1486,11,0,0
1486,12,0,0
1487,0,1,6
1487,1,1,4
1487,2,1,4
1487,3,1,2
1487,4,1,3
1487,5,0,0
1487,6,0,0
1487,7,0,0
1487,8,0,0
1487,9,0,0
1487,10,0,0
1487,11,0,0
1487,12,0,0
1488,0,1,6
1488,1,1,0
1488,2,1,2
1488,3,1,2
1488,4,1,2
1488,5,1,2
1488,6,1,8
1488,7,1,5
1488,8,1,2
1488,9,1,4
1488,10,1,5
1488,11,1,0
1488,12,1,4
1489,0,1,1
1489,1,1,1
1489,2,0,0
1489,3,0,0
1489,4,0,0
1489,5,0,0
1489,6,0,0
1489,7,0,0
1489,8,0,0
1489,9,0,0
1489,10,0,0
1489,11,0,0
1489,12,0,0
1490,0,1,3
1490,1,1,6
1490,2,1,2
1490,3,0,0
1490,4,0,0
1490,5,0,0
1490,6,0,0
1490,7,0,0
1490,8,0,0
1490,9,0,0
1490,10,0,0
1490,11,0,0
1490,12,0,0
1491,0,1,3
1491,1,1,4
1491,2,1,4
1491,3,1,2
1491,4,1,6
1491,5,0,0
1491,6,0,0
1491,7,0,0
1491,8,0,0
1491,9,0,0
1491,10,0,0
1491,11,0,0
1491,12,0,0
1492,0,1,5
1492,1,1,4
1492,2,1,4
1492,3,1,6
1492,4,1,4
1492,5,1,4
1492,6,1,3
1492,7,1,2
1492,8,1,3
1492,9,0,0
1492,10,0,0
1492,11,0,0
1492,12,0,0
1493,0,1,7
1493,1,1,4
1493,2,1,0
1493,3,1,0
1493,4,1,1
1493,5,1,4
1493,6,0,0
1493,7,0,0
1493,8,0,0
1493,9,0,0
1493,10,0,0
1493,11,0,0
1493,12,0,0
1494,0,1,4
1494,1,1,1
1494,2,1,5
1494,3,1,1
1494,4,1,6
1494,5,1,3
1494,6,1,1
1494,7,1,3
1494,8,1,2
1494,9,1,5
1494,10,1,4
1494,11,1,5
1494,12,1,3
1495,0,1,4
1495,1,1,6
1495,2,1,6
1495,3,1,3
1495,4,1,5
1495,5,1,2
1495,6,1,1
1495,7,1,4
1495,8,1,1
1495,9,0,0
1495,10,0,0
1495,11,0,0
1495,12,0,0
1496,0,1,6
1496,1,1,1
1496,2,1,8
1496,3,1,1
1496,4,1,6
1496,5,1,1
1496,6,0,0
1496,7,0,0
1496,8,0,0
1496,9,0,0
1496,10,0,0
1496,11,0,0
1496,12,0,0
1497,0,1,4
1497,1,1,2
1497,2,1,2
1497,3,1,4
1497,4,0,0
1497,5,0,0
1497,6,0,0
1497,7,0,0
1497,8,0,0
1497,9,0,0
1497,10,0,0
1497,11,0,0
1497,12,0,0
1498,0,1,6
1498,1,1,1
1498,2,1,0
1498,3,1,1
1498,4,1,7
1498,5,1,4
1498,6,1,5
1498,7,1,5
1498,8,1,2
1498,9,1,4
1498,10,1,2
1498,11,1,3
1498,12,1,6
1499,0,1,11
1499,1,0,0
1499,2,0,0
1499,3,0,0
1499,4,0,0
1499,5,0,0
1499,6,0,0
1499,7,0,0
1499,8,0,0
1499,9,0,0
1499,10,0,0
1499,11,0,0
1499,12,0,0
1500,0,1,4
1500,1,1,1
1500,2,1,6
1500,3,0,0
1500,4,0,0
1500,5,0,0
1500,6,0,0
1500,7,0,0
1500,8,0,0
1500,9,0,0
1500,10,0,0
1500,11,0,0
1500,12,0,0
1501,0,1,5
1501,1,1,2
1501,2,1,2
1501,3,1,3
1501,4,1,3
1501,5,1,2
1501,6,1,6
1501,7,1,3
1501,8,1,1
1501,9,1,6
1501,10,1,4
1501,11,1,4
1501,12,1,2
1502,0,1,4
1502,1,1,1
1502,2,1,3
1502,3,1,3
1502,4,1,1
1502,5,1,3
1502,6,1,1
1502,7,1,3
1502,8,1,1
1502,9,1,3
1502,10,1,0
1502,11,1,1
1502,12,1,3
1503,0,1,8
1503,1,0,0
1503,2,0,0
1503,3,0,0
1503,4,0,0
1503,5,0,0
1503,6,0,0
1503,7,0,0
1503,8,0,0
1503,9,0,0
1503,10,0,0
1503,11,0,0
1503,12,0,0
1504,0,1,6
1504,1,1,0
1504,2,1,1
1504,3,1,1
1504,4,0,0
1504,5,0,0
1504,6,0,0
1504,7,0,0
1504,8,0,0
1504,9,0,0
1504,10,0,0
1504,11,0,0
1504,12,0,0
1505,0,1,4
1505,1,1,2
1505,2,0,0
1505,3,0,0
1505,4,0,0
1505,5,0,0
1505,6,0,0
1505,7,0,0
1505,8,0,0
1505,9,0,0
1505,10,0,0
1505,11,0,0
1505,12,0,0
1506,0,1,8
1506,1,1,5
1506,2,1,2
1506,3,1,5
1506,4,1,4
1506,5,1,4
1506,6,1,2
1506,7,1,3
1506,8,1,4
1506,9,0,0
1506,10,0,0
1506,11,0,0
1506,12,0,0
1507,0,1,5
1507,1,1,5
1507,2,1,2
1507,3,1,3
1507,4,1,8
1507,5,1,3
1507,6,1,2
1507,7,1,2
1507,8,1,2
1507,9,1,3
1507,10,1,0
1507,11,1,5
1507,12,1,3
1508,0,1,7
1508,1,0,0
1508,2,0,0
1508,3,0,0
1508,4,0,0
1508,5,0,0
1508,6,0,0
1508,7,0,0
1508,8,0,0
1508,9,0,0
1508,10,0,0
1508,11,0,0
1508,12,0,0
1509,0,1,8
1509,1,1,0
1509,2,1,3
1509,3,1,3
1509,4,1,4
1509,5,1,1
1509,6,1,4
1509,7,1,0
1509,8,1,2
1509,9,1,5
1509,10,1,6
1509,11,0,0
1509,12,0,0
1510,0,1,4
1510,1,0,0
1510,2,0,0
1510,3,0,0
1510,4,0,0
1510,5,0,0
1510,6,0,0
1510,7,0,0
1510,8,0,0
1510,9,0,0
1510,10,0,0
1510,11,0,0
1510,12,0,0
1511,0,1,6
1511,1,1,1
1511,2,1,2
1511,3,1,3
1511,4,1,0
1511,5,1,1
1511,6,1,1
1511,7,1,2
1511,8,1,2
1511,9,1,1
1511,10,1,0
1511,11,1,1
1511,12,1,2
1512,0,1,5
1512,1,1,6
1512,2,1,0
1512,3,1,2
1512,4,1,1
1512,5,1,5
1512,6,1,3
1512,7,1,1
1512,8,1,4
1512,9,1,4
1512,10,1,5
1512,11,1,3
1512,12,1,6
1513,0,1,4
1513,1,1,3
1513,2,1,3
1513,3,0,0
1513,4,0,0
1513,5,0,0
1513,6,0,0
1513,7,0,0
1513,8,0,0
1513,9,0,0
1513,10,0,0
1513,11,0,0
1513,12,0,0
1514,0,1,2
1514,1,1,3
1514,2,1,3
1514,3,1,0
1514,4,1,2
1514,5,1,1
1514,6,1,1
1514,7,0,0
1514,8,0,0
1514,9,0,0
1514,10,0,0
1514,11,0,0
1514,12,0,0
1515,0,1,5
1515,1,0,0
1515,2,0,0
1515,3,0,0
1515,4,0,0
1515,5,0,0
1515,6,0,0
1515,7,0,0
1515,8,0,0
1515,9,0,0
1515,10,0,0
1515,11,0,0
1515,12,0,0
1516,0,1,6
1516,1,1,5
1516,2,1,5
1516,3,1,6
1516,4,1,4
1516,5,0,0
1516,6,0,0
1516,7,0,0
1516,8,0,0
1516,9,0,0
1516,10,0,0
1516,11,0,0
1516,12,0,0
1517,0,1,3
1517,1,1,1
1517,2,1,5
1517,3,1,2
1517,4,1,1
1517,5,1,2
1517,6,1,1
1517,7,0,0
1517,8,0,0
1517,9,0,0
1517,10,0,0
1517,11,0,0
1517,12,0,0
1518,0,1,7
1518,1,1,1
1518,2,1,3
1518,3,1,2
1518,4,1,5
1518,5,1,3
1518,6,0,0
1518,7,0,0
1518,8,0,0
1518,9,0,0
1518,10,0,0
1518,11,0,0
1518,12,0,0
1519,0,1,5
1519,1,1,3
1519,2,1,9
1519,3,1,3
1519,4,1,4
1519,5,1,2
1519,6,1,6
1519,7,1,4
1519,8,1,0
1519,9,1,4
1519,10,1,4
1519,11,1,1
1519,12,1,4
1520,0,1,9
1520,1,1,2
1520,2,1,1
1520,3,1,4
1520,4,1,3
1520,5,1,5
1520,6,1,1
1520,7,1,2
1520,8,0,0
1520,9,0,0
1520,10,0,0
1520,11,0,0
1520,12,0,0
1521,0,1,4
1521,1,1,2
1521,2,1,7
1521,3,1,2
1521,4,1,3
1521,5,1,7
1521,6,0,0
1521,7,0,0
1521,8,0,0
1521,9,0,0
1521,10,0,0
1521,11,0,0
1521,12,0,0
1522,0,1,5
1522,1,1,4
1522,2,1,2
1522,3,1,7
1522,4,1,4
1522,5,1,3
1522,6,1,1
1522,7,1,3
1522,8,1,5
1522,9,1,4
1522,10,1,6
1522,11,1,6
1522,12,0,0
1523,0,1,3
1523,1,1,2
1523,2,1,2
1523,3,0,0
1523,4,0,0
1523,5,0,0
1523,6,0,0
1523,7,0,0
1523,8,0,0
1523,9,0,0
1523,10,0,0
1523,11,0,0
1523,12,0,0
1524,0,1,12
1524,1,1,2
1524,2,1,2
1524,3,1,5
1524,4,1,2
1524,5,0,0
1524,6,0,0
1524,7,0,0
1524,8,0,0
1524,9,0,0
1524,10,0,0
1524,11,0,0
1524,12,0,0
1525,0,1,3
1525,1,0,0
1525,2,0,0
1525,3,0,0
1525,4,0,0
1525,5,0,0
1525,6,0,0
1525,7,0,0
1525,8,0,0
1525,9,0,0
1525,10,0,0
1525,11,0,0
1525,12,0,0
1526,0,1,2
1526,1,0,0
1526,2,0,0
1526,3,0,0
1526,4,0,0
1526,5,0,0
1526,6,0,0
1526,7,0,0
1526,8,0,0
1526,9,0,0
1526,10,0,0
1526,11,0,0
1526,12,0,0
1527,0,1,6
1527,1,1,3
1527,2,1,2
1527,3,1,3
1527,4,1,6
1527,5,1,2
1527,6,1,6
1527,7,0,0
1527,8,0,0
1527,9,0,0
1527,10,0,0
1527,11,0,0
1527,12,0,0
1528,0,1,7
1528,1,1,3
1528,2,1,1
1528,3,1,1
1528,4,1,2
1528,5,1,3
1528,6,1,2
1528,7,1,2
1528,8,0,0
1528,9,0,0
1528,10,0,0
1528,11,0,0
1528,12,0,0
1529,0,1,4
1529,1,1,2
1529,2,1,7
1529,3,1,3
1529,4,1,4
1529,5,1,0
1529,6,1,1
1529,7,1,4
1529,8,1,0
1529,9,1,1
1529,10,1,3
1529,11,1,2
1529,12,1,3
1530,0,1,3
1530,1,1,3
1530,2,1,4
1530,3,1,5
1530,4,1,2
1530,5,1,3
1530,6,1,3
1530,7,1,3
1530,8,1,4
1530,9,1,6
1530,10,1,2
1530,11,1,4
1530,12,0,0
1531,0,1,6
1531,1,1,2
1531,2,1,5
1531,3,1,3
1531,4,1,9
1531,5,1,4
1531,6,1,6
1531,7,1,2
1531,8,1,1
1531,9,1,3
1531,10,1,5
1531,11,1,6
1531,12,1,2
1532,0,1,6
1532,1,1,4
1532,2,1,0
1532,3,1,3
1532,4,1,6
1532,5,1,3
1532,6,1,2
1532,7,1,3
1532,8,1,4
1532,9,1,5
1532,10,1,3
1532,11,1,4
1532,12,1,2
1533,0,1,2
1533,1,1,3
1533,2,1,4
1533,3,1,3
1533,4,1,3
1533,5,1,2
1533,6,1,5
1533,7,1,1
1533,8,1,1
1533,9,1,1
1533,10,1,1
1533,11,1,3
1533,12,1,6
1534,0,1,3
1534,1,1,3
1534,2,1,5
1534,3,0,0
1534,4,0,0
1534,5,0,0
1534,6,0,0
1534,7,0,0
1534,8,0,0
1534,9,0,0
1534,10,0,0
1534,11,0,0
1534,12,0,0
1535,0,1,1
1535,1,1,3
1535,2,1,0
1535,3,1,3
1535,4,1,4
1535,5,1,8
1535,6,1,2
1535,7,1,0
1535,8,1,3
1535,9,1,2
1535,10,1,8
1535,11,1,6
1535,12,1,1
1536,0,1,10
1536,1,1,0
1536,2,1,1
1536,3,1,4
1536,4,0,0
1536,5,0,0
1536,6,0,0
1536,7,0,0
1536,8,0,0
1536,9,0,0
1536,10,0,0
1536,11,0,0
1536,12,0,0
1537,0,1,8
1537,1,1,5
1537,2,1,8
1537,3,1,4
1537,4,1,5
1537,5,1,3
1537,6,1,7
1537,7,1,4
1537,8,1,7
1537,9,1,6
1537,10,0,0
1537,11,0,0
1537,12,0,0
1538,0,1,4
1538,1,1,1
1538,2,1,3
1538,3,1,1
1538,4,1,1
1538,5,0,0
1538,6,0,0
1538,7,0,0
1538,8,0,0
1538,9,0,0
1538,10,0,0
1538,11,0,0
1538,12,0,0
1539,0,1,11
1539,1,1,1
1539,2,1,4
1539,3,0,0
1539,4,0,0
1539,5,0,0
1539,6,0,0
1539,7,0,0
1539,8,0,0
1539,9,0,0
1539,10,0,0
1539,11,0,0
1539,12,0,0
1540,0,1,6
1540,1,1,6
1540,2,0,0
1540,3,0,0
1540,4,0,0
1540,5,0,0
1540,6,0,0
1540,7,0,0
1540,8,0,0
1540,9,0,0
1540,10,0,0
1540,11,0,0
1540,12,0,0
1541,0,1,10
1541,1,1,2
1541,2,1,4
1541,3,1,3
1541,4,1,2
1541,5,1,1
1541,6,1,2
1541,7,1,0
1541,8,1,4
1541,9,1,1
1541,10,1,2
1541,11,1,3
1541,12,0,0
1542,0,1,5
1542,1,1,5
1542,2,0,0
1542,3,0,0
1542,4,0,0
1542,5,0,0
1542,6,0,0
1542,7,0,0
1542,8,0,0
1542,9,0,0
1542,10,0,0
1542,11,0,0
1542,12,0,0
1543,0,1,5
1543,1,1,2
1543,2,1,7
1543,3,1,1
1543,4,1,1
1543,5,1,5
1543,6,1,0
1543,7,1,2
1543,8,1,0
1543,9,1,3
1543,10,1,1
1543,11,1,1
1543,12,1,5
1544,0,1,8
1544,1,1,2
1544,2,1,4
1544,3,1,4
1544,4,1,1
1544,5,1,6
1544,6,1,7
1544,7,1,4
1544,8,1,7
1544,9,0,0
1544,10,0,0
1544,11,0,0
1544,12,0,0
1545,0,1,7
1545,1,1,2
1545,2,1,4
1545,3,1,4
1545,4,1,3
1545,5,1,1
1545,6,1,7
1545,7,1,3
1545,8,1,3
1545,9,1,2
1545,10,1,2
1545,11,0,0
1545,12,0,0
1546,0,1,6
1546,1,1,3
1546,2,1,2
1546,3,0,0
1546,4,0,0
1546,5,0,0
1546,6,0,0
1546,7,0,0
1546,8,0,0
1546,9,0,0
1546,10,0,0
1546,11,0,0
1546,12,0,0
1547,0,1,5
1547,1,1,4
1547,2,1,3
1547,3,1,9
1547,4,1,2
1547,5,1,4
1547,6,1,5
1547,7,1,4
1547,8,0,0
1547,9,0,0
1547,10,0,0
1547,11,0,0
1547,12,0,0
1548,0,1,3
1548,1,1,5
1548,2,1,2
1548,3,1,1
1548,4,1,3
1548,5,1,1
1548,6,1,2
1548,7,1,2
1548,8,1,1
1548,9,1,3
1548,10,1,0
1548,11,1,0
1548,12,1,1
1549,0,1,5
1549,1,1,1
1549,2,1,6
1549,3,1,1
1549,4,1,3
1549,5,1,2
1549,6,1,4
1549,7,1,2
1549,8,1,2
1549,9,1,1
1549,10,1,1
1549,11,1,2
1549,12,1,1
1550,0,1,10
1550,1,1,3
1550,2,1,1
1550,3,1,3
1550,4,1,4
1550,5,1,8
1550,6,1,1
1550,7,1,6
1550,8,1,2
1550,9,1,2
1550,10,1,6
1550,11,1,3
1550,12,1,3
1551,0,1,5
1551,1,1,5
1551,2,1,4
1551,3,1,3
1551,4,0,0
1551,5,0,0
1551,6,0,0
1551,7,0,0
1551,8,0,0
1551,9,0,0
1551,10,0,0
1551,11,0,0
1551,12,0,0
1552,0,1,5
1552,1,1,6
1552,2,1,3
1552,3,1,2
1552,4,1,4
1552,5,1,5
1552,6,0,0
1552,7,0,0
1552,8,0,0
1552,9,0,0
1552,10,0,0
1552,11,0,0
1552,12,0,0
1553,0,1,4
1553,1,1,2
1553,2,1,1
1553,3,1,2
1553,4,1,1
1553,5,1,3
1553,6,1,2
1553,7,1,2
1553,8,1,0
1553,9,1,2
1553,10,1,1
1553,11,1,3
1553,12,0,0
1554,0,1,3
1554,1,1,1
1554,2,1,3
1554,3,1,1
1554,4,1,3
1554,5,1,5
1554,6,1,1
1554,7,1,1
1554,8,1,2
1554,9,1,2
1554,10,1,2
1554,11,1,1
1554,12,0,0
1555,0,1,2
1555,1,1,2
1555,2,1,2
1555,3,0,0
1555,4,0,0
1555,5,0,0
1555,6,0,0
1555,7,0,0
1555,8,0,0
1555,9,0,0
1555,10,0,0
1555,11,0,0
1555,12,0,0
1556,0,1,8
1556,1,1,4
1556,2,1,4
1556,3,1,1
1556,4,1,4
1556,5,0,0
1556,6,0,0
1556,7,0,0
1556,8,0,0
1556,9,0,0
1556,10,0,0
1556,11,0,0
1556,12,0,0
1557,0,1,4
1557,1,1,2
1557,2,1,6
1557,3,1,3
1557,4,1,2
1557,5,1,1
1557,6,1,2
1557,7,1,1
1557,8,1,3
1557,9,1,3
1557,10,1,0
1557,11,1,4
1557,12,1,0
1558,0,1,4
1558,1,1,6
1558,2,1,5
1558,3,1,2
1558,4,1,5
1558,5,1,4
1558,6,1,3
1558,7,1,1
1558,8,1,3
1558,9,1,0
1558,10,0,0
1558,11,0,0
1558,12,0,0
1559,0,1,3
1559,1,1,2
1559,2,1,1
1559,3,1,3
1559,4,1,1
1559,5,1,4
1559,6,1,0
1559,7,1,0
1559,8,1,3
1559,9,1,3
1559,10,1,1
1559,11,1,4
1559,12,1,4
1560,0,1,3
1560,1,1,2
1560,2,1,4
1560,3,1,5
1560,4,1,4
1560,5,1,1
1560,6,1,7
1560,7,1,3
1560,8,1,3
1560,9,1,3
1560,10,1,4
1560,11,1,4
1560,12,1,1
1561,0,1,4
1561,1,1,2
1561,2,1,2
1561,3,1,1
1561,4,0,0
1561,5,0,0
1561,6,0,0
1561,7,0,0
1561,8,0,0
1561,9,0,0
1561,10,0,0
1561,11,0,0
1561,12,0,0
1562,0,1,4
1562,1,1,3
1562,2,1,3
1562,3,1,4
1562,4,1,2
1562,5,1,3
1562,6,1,6
1562,7,1,1
1562,8,1,5
1562,9,1,1
1562,10,1,5
1562,11,1,3
1562,12,1,2
1563,0,1,7
1563,1,1,3
1563,2,1,5
1563,3,1,2
1563,4,1,4
1563,5,1,8
1563,6,0,0
1563,7,0,0
1563,8,0,0
1563,9,0,0
1563,10,0,0
1563,11,0,0
1563,12,0,0
1564,0,1,5
1564,1,1,3
1564,2,1,4
1564,3,1,4
1564,4,1,2
1564,5,1,6
1564,6,1,3
1564,7,1,4
1564,8,1,2
1564,9,1,4
1564,10,1,3
1564,11,0,0
1564,12,0,0
1565,0,1,5
1565,1,1,4
1565,2,1,3
1565,3,1,3
1565,4,1,3
1565,5,1,3
1565,6,1,4
1565,7,1,6
1565,8,1,2
1565,9,1,2
1565,10,1,4
1565,11,1,3
1565,12,1,2
1566,0,1,8
1566,1,1,6
1566,2,1,4
1566,3,1,4
1566,4,0,0
1566,5,0,0
1566,6,0,0
1566,7,0,0
1566,8,0,0
1566,9,0,0
1566,10,0,0
1566,11,0,0
1566,12,0,0
1567,0,1,3
1567,1,1,2
1567,2,1,5
1567,3,0,0
1567,4,0,0
1567,5,0,0
1567,6,0,0
1567,7,0,0
1567,8,0,0
1567,9,0,0
1567,10,0,0
1567,11,0,0
1567,12,0,0
1568,0,1,3
1568,1,1,3
1568,2,1,4
1568,3,1,2
1568,4,1,1
1568,5,1,1
1568,6,1,3
1568,7,1,1
1568,8,1,1
1568,9,1,4
1568,10,1,1
1568,11,1,1
1568,12,1,2
1569,0,1,4
1569,1,1,8
1569,2,1,1
1569,3,1,1
1569,4,1,6
1569,5,1,4
1569,6,0,0
1569,7,0,0
1569,8,0,0
1569,9,0,0
1569,10,0,0
1569,11,0,0
1569,12,0,0
1570,0,1,4
1570,1,1,2
1570,2,1,3
1570,3,1,7
1570,4,1,4
1570,5,1,3
1570,6,1,6
1570,7,1,2
1570,8,1,5
1570,9,1,5
1570,10,1,5
1570,11,1,5
1570,12,1,6
1571,0,1,3
1571,1,1,3
1571,2,1,3
1571,3,1,1
1571,4,0,0
1571,5,0,0
1571,6,0,0
1571,7,0,0
1571,8,0,0
1571,9,0,0
1571,10,0,0
1571,11,0,0
1571,12,0,0
1572,0,1,6
1572,1,0,0
1572,2,0,0
1572,3,0,0
1572,4,0,0
1572,5,0,0
1572,6,0,0
1572,7,0,0
1572,8,0,0
1572,9,0,0
1572,10,0,0
1572,11,0,0
1572,12,0,0
1573,0,1,6
1573,1,1,2
1573,2,0,0
1573,3,0,0
1573,4,0,0
1573,5,0,0
1573,6,0,0
1573,7,0,0
1573,8,0,0
1573,9,0,0
1573,10,0,0
1573,11,0,0
1573,12,0,0
1574,0,1,5
1574,1,1,4
1574,2,1,1
1574,3,1,7
1574,4,1,2
1574,5,1,3
1574,6,1,7
1574,7,1,6
1574,8,1,2
1574,9,1,1
1574,10,0,0
1574,11,0,0
1574,12,0,0
1575,0,1,5
1575,1,1,5
1575,2,1,2
1575,3,1,2
1575,4,1,0
1575,5,1,6
1575,6,0,0
1575,7,0,0
1575,8,0,0
1575,9,0,0
1575,10,0,0
1575,11,0,0
1575,12,0,0
1576,0,1,5
1576,1,1,4
1576,2,1,2
1576,3,1,2
1576,4,1,3
1576,5,1,5
1576,6,1,2
1576,7,1,0
1576,8,1,1
1576,9,1,3
1576,10,1,4
1576,11,0,0
1576,12,0,0
1577,0,1,3
1577,1,1,1
1577,2,1,4
1577,3,1,3
1577,4,1,2
1577,5,1,2
1577,6,1,3
1577,7,0,0
1577,8,0,0
1577,9,0,0
1577,10,0,0
1577,11,0,0
1577,12,0,0
1578,0,1,4
1578,1,0,0
1578,2,0,0
1578,3,0,0
1578,4,0,0
1578,5,0,0
1578,6,0,0
1578,7,0,0
1578,8,0,0
1578,9,0,0
1578,10,0,0
1578,11,0,0
1578,12,0,0
1579,0,1,9
1579,1,1,4
1579,2,0,0
1579,3,0,0
1579,4,0,0
1579,5,0,0
1579,6,0,0
1579,7,0,0
1579,8,0,0
1579,9,0,0
1579,10,0,0
1579,11,0,0
1579,12,0,0
1580,0,1,9
1580,1,1,1
1580,2,1,3
1580,3,1,2
1580,4,1,4
1580,5,1,4
1580,6,1,1
1580,7,1,2
1580,8,1,3
1580,9,1,1
1580,10,0,0
1580,11,0,0
1580,12,0,0
1581,0,1,7
1581,1,1,2
1581,2,1,2
1581,3,1,4
1581,4,1,0
1581,5,1,2
1581,6,0,0
1581,7,0,0
1581,8,0,0
1581,9,0,0
1581,10,0,0
1581,11,0,0
1581,12,0,0
1582,0,1,10
1582,1,1,4
1582,2,1,4
1582,3,1,5
1582,4,1,4
1582,5,1,6
1582,6,1,1
1582,7,1,1
1582,8,1,4
1582,9,1,3
1582,10,1,7
1582,11,1,2
1582,12,1,5
1583,0,1,4
1583,1,1,5
1583,2,1,7
1583,3,1,2
1583,4,1,4
1583,5,1,1
1583,6,1,4
1583,7,0,0
1583,8,0,0
1583,9,0,0
1583,10,0,0
1583,11,0,0
1583,12,0,0
1584,0,1,4
1584,1,1,2
1584,2,1,3
1584,3,1,1
1584,4,0,0
1584,5,0,0
1584,6,0,0
1584,7,0,0
1584,8,0,0
1584,9,0,0
1584,10,0,0
1584,11,0,0
1584,12,0,0
1585,0,1,7
1585,1,1,3
1585,2,1,6
1585,3,1,1
1585,4,1,4
1585,5,1,2
1585,6,0,0
1585,7,0,0
1585,8,0,0
1585,9,0,0
1585,10,0,0
1585,11,0,0
1585,12,0,0
1586,0,1,5
1586,1,1,3
1586,2,1,2
1586,3,1,4
1586,4,1,0
1586,5,1,0
1586,6,1,0
1586,7,1,0
1586,8,0,0
1586,9,0,0
1586,10,0,0
1586,11,0,0
1586,12,0,0
1587,0,1,8
1587,1,1,0
1587,2,1,2
1587,3,1,3
1587,4,1,4
1587,5,1,5
1587,6,1,6
1587,7,1,4
1587,8,1,3
1587,9,1,0
1587,10,1,4
1587,11,1,1
1587,12,1,4
1588,0,1,3
1588,1,1,4
1588,2,1,5
1588,3,1,1
1588,4,0,0
1588,5,0,0
1588,6,0,0
1588,7,0,0
1588,8,0,0
1588,9,0,0
1588,10,0,0
1588,11,0,0
1588,12,0,0
1589,0,1,4
1589,1,0,0
1589,2,0,0
1589,3,0,0
1589,4,0,0
1589,5,0,0
1589,6,0,0
1589,7,0,0
1589,8,0,0
1589,9,0,0
1589,10,0,0
1589,11,0,0
1589,12,0,0
1590,0,1,4
1590,1,1,4
1590,2,1,4
1590,3,1,4
1590,4,1,6
1590,5,1,4
1590,6,1,7
1590,7,1,2
1590,8,1,5
1590,9,1,6
1590,10,1,3
1590,11,1,6
1590,12,1,0
1591,0,1,5
1591,1,1,3
1591,2,1,4
1591,3,0,0
1591,4,0,0
1591,5,0,0
1591,6,0,0
1591,7,0,0
1591,8,0,0
1591,9,0,0
1591,10,0,0
1591,11,0,0
1591,12,0,0
1592,0,1,5
1592,1,1,3
1592,2,1,3
1592,3,1,0
1592,4,1,4
1592,5,1,7
1592,6,1,7
1592,7,1,0
1592,8,1,6
1592,9,1,3
1592,10,1,4
1592,11,1,4
1592,12,1,3
1593,0,1,5
1593,1,1,0
1593,2,1,4
1593,3,1,1
1593,4,1,2
1593,5,1,1
1593,6,1,3
1593,7,0,0
1593,8,0,0
1593,9,0,0
1593,10,0,0
1593,11,0,0
1593,12,0,0
1594,0,1,5
1594,1,1,7
1594,2,1,4
1594,3,1,8
1594,4,1,3
1594,5,1,4
1594,6,1,1
1594,7,1,3
1594,8,1,2
1594,9,1,3
1594,10,1,4
1594,11,1,6
1594,12,1,2
1595,0,1,6
1595,1,1,3
1595,2,1,5
1595,3,1,2
1595,4,1,6
1595,5,1,2
1595,6,0,0
1595,7,0,0
1595,8,0,0
1595,9,0,0
1595,10,0,0
1595,11,0,0
1595,12,0,0
1596,0,1,6
1596,1,1,6
1596,2,1,1
1596,3,1,1
1596,4,1,4
1596,5,0,0
1596,6,0,0
1596,7,0,0
1596,8,0,0
1596,9,0,0
1596,10,0,0
1596,11,0,0
1596,12,0,0
1597,0,1,4
1597,1,1,5
1597,2,1,5
1597,3,1,2
1597,4,0,0
1597,5,0,0
1597,6,0,0
1597,7,0,0
1597,8,0,0
1597,9,0,0
1597,10,0,0
1597,11,0,0
1597,12,0,0
1598,0,1,8
1598,1,1,3
1598,2,0,0
1598,3,0,0
1598,4,0,0
1598,5,0,0
1598,6,0,0
1598,7,0,0
1598,8,0,0
1598,9,0,0
1598,10,0,0
1598,11,0,0
1598,12,0,0
1599,0,1,9
1599,1,1,2
1599,2,1,4
1599,3,1,2
1599,4,1,2
1599,5,1,6
1599,6,1,3
1599,7,0,0
1599,8,0,0
1599,9,0,0
1599,10,0,0
1599,11,0,0
1599,12,0,0
1600,0,1,9
1600,1,0,0
1600,2,0,0
1600,3,0,0
1600,4,0,0
1600,5,0,0
1600,6,0,0
1600,7,0,0
1600,8,0,0
1600,9,0,0
1600,10,0,0
1600,11,0,0
1600,12,0,0
1601,0,1,6
1601,1,1,5
1601,2,1,1
1601,3,1,3
1601,4,1,2
1601,5,1,6
1601,6,1,5
1601,7,1,5
1601,8,1,5
1601,9,1,4
1601,10,0,0
1601,11,0,0
1601,12,0,0
1602,0,1,3
1602,1,1,4
1602,2,1,0
1602,3,0,0
1602,4,0,0
1602,5,0,0
1602,6,0,0
1602,7,0,0
1602,8,0,0
1602,9,0,0
1602,10,0,0
1602,11,0,0
1602,12,0,0
1603,0,1,3
1603,1,1,2
1603,2,1,3
1603,3,1,2
1603,4,1,2
1603,5,0,0
1603,6,0,0
1603,7,0,0
1603,8,0,0
1603,9,0,0
1603,10,0,0
1603,11,0,0
1603,12,0,0
1604,0,1,9
1604,1,1,5
1604,2,0,0
1604,3,0,0
1604,4,0,0
1604,5,0,0
1604,6,0,0
1604,7,0,0
1604,8,0,0
1604,9,0,0
1604,10,0,0
1604,11,0,0
1604,12,0,0
1605,0,1,5
1605,1,1,9
1605,2,1,2
1605,3,1,4
1605,4,1,5
1605,5,1,4
1605,6,1,5
1605,7,1,2
1605,8,1,5
1605,9,1,2
1605,10,1,0
1605,11,1,2
1605,12,1,3
1606,0,1,5
1606,1,1,8
1606,2,1,5
1606,3,1,3
1606,4,1,6
1606,5,1,1
1606,6,1,3
1606,7,1,4
1606,8,1,6
1606,9,1,3
1606,10,1,3
1606,11,1,3
1606,12,1,1
1607,0,1,2
1607,1,1,1
1607,2,1,4
1607,3,1,0
1607,4,1,3
1607,5,1,8
1607,6,1,3
1607,7,1,4
1607,8,1,2
1607,9,1,3
1607,10,1,3
1607,11,1,4
1607,12,1,6
1608,0,1,3
1608,1,1,4
1608,2,1,1
1608,3,1,5
1608,4,1,4
1608,5,1,2
1608,6,1,2
1608,7,1,1
1608,8,1,3
1608,9,0,0
1608,10,0,0
1608,11,0,0
1608,12,0,0
1609,0,1,4
1609,1,1,3
1609,2,1,4
1609,3,1,2
1609,4,1,2
1609,5,0,0
1609,6,0,0
1609,7,0,0
1609,8,0,0
1609,9,0,0
1609,10,0,0
1609,11,0,0
1609,12,0,0
1610,0,1,7
1610,1,1,3
1610,2,1,4
1610,3,1,1
1610,4,1,3
1610,5,0,0
1610,6,0,0
1610,7,0,0
1610,8,0,0
1610,9,0,0
1610,10,0,0
1610,11,0,0
1610,12,0,0
1611,0,1,5
1611,1,1,5
1611,2,1,3
1611,3,1,7
1611,4,1,4
1611,5,1,7
1611,6,1,1
1611,7,1,3
1611,8,1,7
1611,9,1,3
1611,10,1,7
1611,11,0,0
1611,12,0,0
1612,0,1,6
1612,1,1,4
1612,2,1,4
1612,3,1,2
1612,4,1,3
1612,5,1,4
1612,6,1,2
1612,7,1,0
1612,8,1,2
1612,9,1,1
1612,10,1,1
1612,11,1,3
1612,12,1,2
1613,0,1,4
1613,1,1,2
1613,2,1,1
1613,3,1,3
1613,4,1,4
1613,5,1,3
1613,6,1,3
1613,7,1,1
1613,8,1,5
1613,9,1,4
1613,10,0,0
1613,11,0,0
1613,12,0,0
1614,0,1,5
1614,1,1,0
1614,2,1,1
1614,3,1,3
1614,4,1,4
1614,5,1,1
1614,6,1,2
1614,7,1,4
1614,8,1,3
1614,9,1,2
1614,10,1,2
1614,11,1,3
1614,12,1,1
1615,0,1,7
1615,1,1,4
1615,2,1,4
1615,3,1,2
1615,4,0,0
1615,5,0,0
1615,6,0,0
1615,7,0,0
1615,8,0,0
1615,9,0,0
1615,10,0,0
1615,11,0,0
1615,12,0,0
1616,0,1,12
1616,1,1,4
1616,2,1,4
1616,3,1,4
1616,4,1,6
1616,5,1,5
1616,6,1,2
1616,7,1,4
1616,8,1,3
1616,9,1,3
1616,10,1,3
1616,11,1,3
1616,12,0,0
1617,0,1,9
1617,1,0,0
1617,2,0,0
1617,3,0,0
1617,4,0,0
1617,5,0,0
1617,6,0,0
1617,7,0,0
1617,8,0,0
1617,9,0,0
1617,10,0,0
1617,11,0,0
1617,12,0,0
1618,0,1,7
1618,1,1,3
1618,2,1,1
1618,3,0,0
1618,4,0,0
1618,5,0,0
1618,6,0,0
1618,7,0,0
1618,8,0,0
1618,9,0,0
1618,10,0,0
1618,11,0,0
1618,12,0,0
1619,0,1,5
1619,1,1,4
1619,2,1,0
1619,3,1,0
1619,4,0,0
1619,5,0,0
1619,6,0,0
1619,7,0,0
1619,8,0,0
1619,9,0,0
1619,10,0,0
1619,11,0,0
1619,12,0,0
1620,0,1,4
1620,1,1,4
1620,2,1,5
1620,3,1,3
1620,4,1,2
1620,5,1,0
1620,6,1,1
1620,7,1,3
1620,8,1,1
1620,9,1,4
1620,10,1,2
1620,11,1,6
1620,12,1,2
1621,0,1,4
1621,1,1,1
1621,2,1,1
1621,3,1,1
1621,4,1,2
1621,5,1,4
1621,6,0,0
1621,7,0,0
1621,8,0,0
1621,9,0,0
1621,10,0,0
1621,11,0,0
1621,12,0,0
1622,0,1,4
1622,1,0,0
1622,2,0,0
1622,3,0,0
1622,4,0,0
1622,5,0,0
1622,6,0,0
1622,7,0,0
1622,8,0,0
1622,9,0,0
1622,10,0,0
1622,11,0,0
1622,12,0,0
1623,0,1,6
1623,1,1,3
1623,2,1,4
1623,3,1,4
1623,4,1,2
1623,5,1,5
1623,6,1,6
1623,7,1,6
1623,8,1,3
1623,9,1,3
1623,10,1,6
1623,11,0,0
1623,12,0,0
1624,0,1,3
1624,1,1,8
1624,2,1,6
1624,3,1,7
1624,4,1,3
1624,5,1,5
1624,6,1,3
1624,7,0,0
1624,8,0,0
1624,9,0,0
1624,10,0,0
1624,11,0,0
1624,12,0,0
1625,0,1,3
1625,1,1,1
1625,2,1,1
1625,3,1,1
1625,4,1,1
1625,5,1,2
1625,6,1,3
1625,7,1,2
1625,8,0,0
1625,9,0,0
1625,10,0,0
1625,11,0,0
1625,12,0,0
1626,0,1,7
1626,1,1,2
1626,2,1,2
1626,3,1,4
1626,4,1,4
1626,5,1,1
1626,6,1,4
1626,7,1,4
1626,8,1,2
1626,9,1,4
1626,10,0,0
1626,11,0,0
1626,12,0,0
1627,0,1,9
1627,1,1,4
1627,2,1,3
1627,3,0,0
1627,4,0,0
1627,5,0,0
1627,6,0,0
1627,7,0,0
1627,8,0,0
1627,9,0,0
1627,10,0,0
1627,11,0,0
1627,12,0,0
1628,0,1,3
1628,1,1,1
1628,2,1,1
1628,3,1,5
1628,4,1,4
1628,5,1,0
1628,6,0,0
1628,7,0,0
1628,8,0,0
1628,9,0,0
1628,10,0,0
1628,11,0,0
1628,12,0,0
1629,0,1,3
1629,1,1,3
1629,2,1,2
1629,3,1,2
1629,4,1,1
1629,5,1,4
1629,6,1,3
1629,7,1,4
1629,8,0,0
1629,9,0,0
1629,10,0,0
1629,11,0,0
1629,12,0,0
1630,0,1,5
1630,1,1,1
1630,2,1,6
1630,3,1,3
1630,4,1,3
1630,5,1,2
1630,6,1,4
1630,7,1,4
1630,8,1,1
1630,9,0,0
1630,10,0,0
1630,11,0,0
1630,12,0,0
1631,0,1,4
1631,1,1,1
1631,2,1,0
1631,3,1,2
1631,4,1,2
1631,5,1,5
1631,6,1,1
1631,7,1,3
1631,8,1,2
1631,9,1,0
1631,10,1,2
1631,11,1,3
1631,12,1,1
1632,0,1,4
1632,1,1,3
1632,2,1,3
1632,3,1,4
1632,4,0,0
1632,5,0,0
1632,6,0,0
1632,7,0,0
1632,8,0,0
1632,9,0,0
1632,10,0,0
1632,11,0,0
1632,12,0,0
1633,0,1,2
1633,1,0,0
1633,2,0,0
1633,3,0,0
1633,4,0,0
1633,5,0,0
1633,6,0,0
1633,7,0,0
1633,8,0,0
1633,9,0,0
1633,10,0,0
1633,11,0,0
1633,12,0,0
1634,0,1,3
1634,1,1,2
1634,2,1,2
1634,3,0,0
1634,4,0,0
1634,5,0,0
1634,6,0,0
1634,7,0,0
1634,8,0,0
1634,9,0,0
1634,10,0,0
1634,11,0,0
1634,12,0,0
1635,0,1,7
1635,1,1,4
1635,2,0,0
1635,3,0,0
1635,4,0,0
1635,5,0,0
1635,6,0,0
1635,7,0,0
1635,8,0,0
1635,9,0,0
1635,10,0,0
1635,11,0,0
1635,12,0,0
1636,0,1,5
1636,1,1,5
1636,2,1,7
1636,3,1,1
1636,4,1,3
1636,5,0,0
1636,6,0,0
1636,7,0,0
1636,8,0,0
1636,9,0,0
1636,10,0,0
1636,11,0,0
1636,12,0,0
1637,0,1,5
1637,1,1,2
1637,2,1,2
1637,3,1,1
1637,4,1,2
1637,5,1,1
1637,6,1,1
1637,7,1,4
1637,8,1,3
1637,9,1,3
1637,10,1,3
1637,11,1,0
1637,12,1,2
1638,0,1,6
1638,1,1,5
1638,2,1,3
1638,3,1,4
1638,4,1,4
1638,5,1,3
1638,6,1,1
1638,7,1,3
1638,8,1,6
1638,9,1,7
1638,10,1,3
1638,11,1,4
1638,12,1,1
1639,0,1,6
1639,1,1,5
1639,2,1,1
1639,3,1,3
1639,4,1,3
1639,5,1,2
1639,6,1,6
1639,7,1,4
1639,8,1,3
1639,9,1,2
1639,10,1,3
1639,11,1,1
1639,12,1,2
1640,0,1,4
1640,1,1,6
1640,2,1,3
1640,3,1,0
1640,4,1,3
1640,5,1,4
1640,6,1,4
1640,7,1,1
1640,8,1,4
1640,9,1,2
1640,10,1,2
1640,11,0,0
1640,12,0,0
1641,0,1,3
1641,1,0,0
1641,2,0,0
1641,3,0,0
1641,4,0,0
1641,5,0,0
1641,6,0,0
1641,7,0,0
1641,8,0,0
1641,9,0,0
1641,10,0,0
1641,11,0,0
1641,12,0,0
1642,0,1,5
1642,1,1,1
1642,2,1,1
1642,3,1,4
1642,4,1,0
1642,5,1,0
1642,6,1,2
1642,7,1,1
1642,8,1,4
1642,9,1,5
1642,10,1,0
1642,11,1,2
1642,12,1,1
1643,0,1,3
1643,1,1,2
1643,2,1,3
1643,3,1,7
1643,4,1,5
1643,5,1,3
1643,6,0,0
1643,7,0,0
1643,8,0,0
1643,9,0,0
1643,10,0,0
1643,11,0,0
1643,12,0,0
1644,0,1,8
1644,1,1,2
1644,2,1,5
1644,3,1,4
1644,4,1,6
1644,5,1,4
1644,6,1,1
1644,7,0,0
1644,8,0,0
1644,9,0,0
1644,10,0,0
1644,11,0,0
1644,12,0,0
1645,0,1,7
1645,1,1,4
1645,2,1,9
1645,3,1,2
1645,4,1,9
1645,5,1,4
1645,6,1,2
1645,7,1,3
1645,8,1,2
1645,9,1,1
1645,10,1,3
1645,11,1,2
1645,12,1,3
1646,0,1,8
1646,1,1,2
1646,2,1,3
1646,3,1,3
1646,4,1,6
1646,5,1,2
1646,6,1,3
1646,7,1,2
1646,8,1,2
1646,9,1,0
1646,10,1,1
1646,11,0,0
1646,12,0,0
1647,0,1,11
1647,1,1,4
1647,2,1,4
1647,3,1,6
1647,4,1,2
1647,5,1,7
1647,6,1,4
1647,7,1,8
1647,8,1,5
1647,9,1,1
1647,10,1,6
1647,11,1,4
1647,12,1,4
1648,0,1,2
1648,1,1,2
1648,2,1,4
1648,3,1,1
1648,4,1,3
1648,5,1,2
1648,6,1,3
1648,7,1,3
1648,8,1,1
1648,9,0,0
1648,10,0,0
1648,11,0,0
1648,12,0,0
1649,0,1,5
1649,1,1,4
1649,2,1,1
1649,3,1,1
1649,4,0,0
1649,5,0,0
1649,6,0,0
1649,7,0,0
1649,8,0,0
1649,9,0,0
1649,10,0,0
1649,11,0,0
1649,12,0,0
1650,0,1,6
1650,1,1,3
1650,2,1,4
1650,3,1,2
1650,4,1,3
1650,5,1,4
1650,6,1,2
1650,7,1,1
1650,8,1,1
1650,9,1,0
1650,10,1,4
1650,11,1,4
1650,12,1,0
1651,0,1,7
1651,1,1,1
1651,2,1,1
1651,3,1,6
1651,4,1,3
1651,5,1,3
1651,6,1,3
1651,7,1,3
1651,8,0,0
1651,9,0,0
1651,10,0,0
1651,11,0,0
1651,12,0,0
1652,0,1,6
1652,1,1,6
1652,2,1,2
1652,3,1,1
1652,4,1,0
1652,5,1,2
1652,6,1,0
1652,7,0,0
1652,8,0,0
1652,9,0,0
1652,10,0,0
1652,11,0,0
1652,12,0,0
1653,0,1,4
1653,1,1,4
1653,2,0,0
1653,3,0,0
1653,4,0,0
1653,5,0,0
1653,6,0,0
1653,7,0,0
1653,8,0,0
1653,9,0,0
1653,10,0,0
1653,11,0,0
1653,12,0,0
1654,0,1,7
1654,1,0,0
1654,2,0,0
1654,3,0,0
1654,4,0,0
1654,5,0,0
1654,6,0,0
1654,7,0,0
1654,8,0,0
1654,9,0,0
1654,10,0,0
1654,11,0,0
1654,12,0,0
1655,0,1,6
1655,1,1,4
1655,2,1,2
1655,3,1,1
1655,4,1,4
1655,5,1,4
1655,6,1,1
1655,7,1,5
1655,8,1,1
1655,9,1,5
1655,10,1,1
1655,11,1,1
1655,12,1,6
1656,0,1,6
1656,1,1,4
1656,2,0,0
1656,3,0,0
1656,4,0,0
1656,5,0,0
1656,6,0,0
1656,7,0,0
1656,8,0,0
1656,9,0,0
1656,10,0,0
1656,11,0,0
1656,12,0,0
1657,0,1,7
1657,1,1,3
1657,2,1,4
1657,3,1,1
1657,4,1,3
1657,5,1,5
1657,6,1,4
1657,7,1,3
1657,8,1,2
1657,9,1,3
1657,10,1,3
1657,11,1,3
1657,12,1,2
1658,0,1,4
1658,1,1,3
1658,2,0,0
1658,3,0,0
1658,4,0,0
1658,5,0,0
1658,6,0,0
1658,7,0,0
1658,8,0,0
1658,9,0,0
1658,10,0,0
1658,11,0,0
1658,12,0,0
1659,0,1,2
1659,1,1,3
1659,2,1,2
1659,3,1,5
1659,4,1,5
1659,5,1,6
1659,6,1,2
1659,7,1,5
1659,8,1,3
1659,9,1,2
1659,10,1,4
1659,11,1,8
1659,12,1,3
1660,0,1,4
1660,1,0,0
1660,2,0,0
1660,3,0,0
1660,4,0,0
1660,5,0,0
1660,6,0,0
1660,7,0,0
1660,8,0,0
1660,9,0,0
1660,10,0,0
1660,11,0,0
1660,12,0,0
1661,0,1,5
1661,1,1,7
1661,2,1,1
1661,3,1,2
1661,4,1,4
1661,5,1,8
1661,6,1,7
1661,7,1,2
1661,8,1,1
1661,9,1,6
1661,10,1,2
1661,11,1,5
1661,12,1,2
1662,0,1,3
1662,1,1,1
1662,2,1,1
1662,3,0,0
1662,4,0,0
1662,5,0,0
1662,6,0,0
1662,7,0,0
1662,8,0,0
1662,9,0,0
1662,10,0,0
1662,11,0,0
1662,12,0,0
1663,0,1,5
1663,1,1,5
1663,2,1,2
1663,3,1,3
1663,4,1,4
1663,5,1,6
1663,6,1,0
1663,7,1,2
1663,8,0,0
1663,9,0,0
1663,10,0,0
1663,11,0,0
1663,12,0,0
1664,0,1,3
1664,1,1,5
1664,2,0,0
1664,3,0,0
1664,4,0,0
1664,5,0,0
1664,6,0,0
1664,7,0,0
1664,8,0,0
1664,9,0,0
1664,10,0,0
1664,11,0,0
1664,12,0,0
1665,0,1,5
1665,1,1,6
1665,2,1,1
1665,3,1,4
1665,4,1,4
1665,5,1,2
1665,6,1,4
1665,7,1,2
1665,8,1,4
1665,9,1,3
1665,10,1,1
1665,11,0,0
1665,12,0,0
1666,0,1,7
1666,1,1,3
1666,2,1,1
1666,3,1,4
1666,4,1,4
1666,5,1,3
1666,6,1,1
1666,7,1,6
1666,8,1,1
1666,9,1,3
1666,10,1,6
1666,11,1,4
1666,12,1,2
1667,0,1,2
1667,1,1,3
1667,2,1,2
1667,3,1,5
1667,4,1,2
1667,5,1,3
1667,6,1,1
1667,7,1,5
1667,8,1,3
1667,9,1,2
1667,10,1,2
1667,11,1,5
1667,12,1,2
1668,0,1,7
1668,1,0,0
1668,2,0,0
1668,3,0,0
1668,4,0,0
1668,5,0,0
1668,6,0,0
1668,7,0,0
1668,8,0,0
1668,9,0,0
1668,10,0,0
1668,11,0,0
1668,12,0,0
1669,0,1,4
1669,1,0,0
1669,2,0,0
1669,3,0,0
1669,4,0,0
1669,5,0,0
1669,6,0,0
1669,7,0,0
1669,8,0,0
1669,9,0,0
1669,10,0,0
1669,11,0,0
1669,12,0,0
1670,0,1,3
1670,1,1,6
1670,2,1,3
1670,3,1,5
1670,4,1,5
1670,5,1,3
1670,6,1,0
1670,7,1,2
1670,8,1,4
1670,9,1,7
1670,10,1,3
1670,11,0,0
1670,12,0,0
1671,0,1,4
1671,1,1,2
1671,2,1,1
1671,3,1,7
1671,4,1,4
1671,5,0,0
1671,6,0,0
1671,7,0,0
1671,8,0,0
1671,9,0,0
1671,10,0,0
1671,11,0,0
1671,12,0,0
1672,0,1,3
1672,1,1,2
1672,2,1,0
1672,3,1,0
1672,4,0,0
1672,5,0,0
1672,6,0,0
1672,7,0,0
1672,8,0,0
1672,9,0,0
1672,10,0,0
1672,11,0,0
1672,12,0,0
1673,0,1,7
1673,1,0,0
1673,2,0,0
1673,3,0,0
1673,4,0,0
1673,5,0,0
1673,6,0,0
1673,7,0,0
1673,8,0,0
1673,9,0,0
1673,10,0,0
1673,11,0,0
1673,12,0,0
1674,0,1,6
1674,1,1,1
1674,2,1,0
1674,3,1,5
1674,4,1,1
1674,5,1,1
1674,6,1,1
1674,7,1,0
1674,8,1,0
1674,9,1,1
1674,10,1,1
1674,11,0,0
1674,12,0,0
1675,0,1,4
1675,1,1,2
1675,2,1,3
1675,3,1,1
1675,4,1,3
1675,5,1,2
1675,6,1,2
1675,7,1,3
1675,8,1,5
1675,9,1,0
1675,10,1,1
1675,11,1,1
1675,12,1,3
1676,0,1,3
1676,1,1,3
1676,2,0,0
1676,3,0,0
1676,4,0,0
1676,5,0,0
1676,6,0,0
1676,7,0,0
1676,8,0,0
1676,9,0,0
1676,10,0,0
1676,11,0,0
1676,12,0,0
1677,0,1,4
1677,1,0,0
1677,2,0,0
1677,3,0,0
1677,4,0,0
1677,5,0,0
1677,6,0,0
1677,7,0,0
1677,8,0,0
1677,9,0,0
1677,10,0,0
1677,11,0,0
1677,12,0,0
1678,0,1,4
1678,1,1,6
1678,2,1,0
1678,3,1,1
1678,4,0,0
1678,5,0,0
1678,6,0,0
1678,7,0,0
1678,8,0,0
1678,9,0,0
1678,10,0,0
1678,11,0,0
1678,12,0,0
1679,0,1,7
1679,1,1,4
1679,2,1,8
1679,3,1,1
1679,4,1,5
1679,5,1,3
1679,6,1,3
1679,7,1,2
1679,8,1,9
1679,9,1,3
1679,10,1,6
1679,11,1,3
1679,12,1,4
1680,0,1,3
1680,1,0,0
1680,2,0,0
1680,3,0,0
1680,4,0,0
1680,5,0,0
1680,6,0,0
1680,7,0,0
1680,8,0,0
1680,9,0,0
1680,10,0,0
1680,11,0,0
1680,12,0,0
1681,0,1,8
1681,1,1,1
1681,2,1,1
1681,3,1,0
1681,4,1,3
1681,5,1,3
1681,6,1,5
1681,7,1,3
1681,8,0,0
1681,9,0,0
1681,10,0,0
1681,11,0,0
1681,12,0,0
1682,0,1,2
1682,1,1,1
1682,2,0,0
1682,3,0,0
1682,4,0,0
1682,5,0,0
1682,6,0,0
1682,7,0,0
1682,8,0,0
1682,9,0,0
1682,10,0,0
1682,11,0,0
1682,12,0,0
1683,0,1,4
1683,1,1,1
1683,2,0,0
1683,3,0,0
1683,4,0,0
1683,5,0,0
1683,6,0,0
1683,7,0,0
1683,8,0,0
1683,9,0,0
1683,10,0,0
1683,11,0,0
1683,12,0,0
1684,0,1,5
1684,1,1,1
1684,2,1,1
1684,3,1,3
1684,4,1,1
1684,5,1,5
1684,6,1,1
1684,7,0,0
1684,8,0,0
1684,9,0,0
1684,10,0,0
1684,11,0,0
1684,12,0,0
1685,0,1,8
1685,1,1,3
1685,2,1,2
1685,3,1,3
1685,4,1,5
1685,5,0,0
1685,6,0,0
1685,7,0,0
1685,8,0,0
1685,9,0,0
1685,10,0,0
1685,11,0,0
1685,12,0,0
1686,0,1,5
1686,1,0,0
1686,2,0,0
1686,3,0,0
1686,4,0,0
1686,5,0,0
1686,6,0,0
1686,7,0,0
1686,8,0,0
1686,9,0,0
1686,10,0,0
1686,11,0,0
1686,12,0,0
1687,0,1,5
1687,1,1,6
1687,2,1,2
1687,3,0,0
1687,4,0,0
1687,5,0,0
1687,6,0,0
1687,7,0,0
1687,8,0,0
1687,9,0,0
1687,10,0,0
1687,11,0,0
1687,12,0,0
1688,0,1,3
1688,1,1,3
1688,2,1,2
1688,3,1,2
1688,4,1,3
1688,5,1,3
1688,6,1,0
1688,7,0,0
1688,8,0,0
1688,9,0,0
1688,10,0,0
1688,11,0,0
1688,12,0,0
1689,0,1,5
1689,1,1,4
1689,2,1,4
1689,3,1,4
1689,4,1,2
1689,5,1,4
1689,6,1,5
1689,7,1,0
1689,8,0,0
1689,9,0,0
1689,10,0,0
1689,11,0,0
1689,12,0,0
1690,0,1,5
1690,1,1,4
1690,2,1,2
1690,3,1,3
1690,4,1,2
1690,5,1,3
1690,6,1,1
1690,7,1,3
1690,8,1,0
1690,9,1,1
1690,10,1,5
1690,11,1,1
1690,12,1,3
1691,0,1,3
1691,1,1,0
1691,2,1,2
1691,3,1,1
1691,4,1,0
1691,5,0,0
1691,6,0,0
1691,7,0,0
1691,8,0,0
1691,9,0,0
1691,10,0,0
1691,11,0,0
1691,12,0,0
1692,0,1,3
1692,1,1,5
1692,2,1,2
1692,3,1,4
1692,4,1,2
1692,5,1,7
1692,6,1,5
1692,7,0,0
1692,8,0,0
1692,9,0,0
1692,10,0,0
1692,11,0,0
1692,12,0,0
1693,0,1,7
1693,1,1,0
1693,2,0,0
1693,3,0,0
1693,4,0,0
1693,5,0,0
1693,6,0,0
1693,7,0,0
1693,8,0,0
1693,9,0,0
1693,10,0,0
1693,11,0,0
1693,12,0,0
1694,0,1,6
1694,1,1,2
1694,2,0,0
1694,3,0,0
1694,4,0,0
1694,5,0,0
1694,6,0,0
1694,7,0,0
1694,8,0,0
1694,9,0,0
1694,10,0,0
1694,11,0,0
1694,12,0,0
1695,0,1,2
1695,1,1,2
1695,2,1,3
1695,3,1,4
1695,4,1,2
1695,5,1,4
1695,6,0,0
1695,7,0,0
1695,8,0,0
1695,9,0,0
1695,10,0,0
1695,11,0,0
1695,12,0,0
1696,0,1,4
1696,1,1,1
1696,2,1,6
1696,3,0,0
1696,4,0,0
1696,5,0,0
1696,6,0,0
1696,7,0,0
1696,8,0,0
1696,9,0,0
1696,10,0,0
1696,11,0,0
1696,12,0,0
1697,0,1,6
1697,1,1,2
1697,2,0,0
1697,3,0,0
1697,4,0,0
1697,5,0,0
1697,6,0,0
1697,7,0,0
1697,8,0,0
1697,9,0,0
1697,10,0,0
1697,11,0,0
1697,12,0,0
1698,0,1,4
1698,1,1,1
1698,2,0,0
1698,3,0,0
1698,4,0,0
1698,5,0,0
1698,6,0,0
1698,7,0,0
1698,8,0,0
1698,9,0,0
1698,10,0,0
1698,11,0,0
1698,12,0,0
1699,0,1,6
1699,1,0,0
1699,2,0,0
1699,3,0,0
1699,4,0,0
1699,5,0,0
1699,6,0,0
1699,7,0,0
1699,8,0,0
1699,9,0,0
1699,10,0,0
1699,11,0,0
1699,12,0,0
1700,0,1,4
1700,1,1,1
1700,2,1,2
1700,3,1,4
1700,4,0,0
1700,5,0,0
1700,6,0,0
1700,7,0,0
1700,8,0,0
1700,9,0,0
1700,10,0,0
1700,11,0,0
1700,12,0,0
1701,0,1,6
1701,1,1,3
1701,2,1,5
1701,3,1,6
1701,4,1,1
1701,5,1,5
1701,6,0,0
1701,7,0,0
1701,8,0,0
1701,9,0,0
1701,10,0,0
1701,11,0,0
1701,12,0,0
1702,0,1,5
1702,1,1,6
1702,2,1,3
1702,3,1,4
1702,4,1,4
1702,5,1,3
1702,6,1,3
1702,7,1,3
1702,8,1,5
1702,9,1,2
1702,10,1,6
1702,11,1,1
1702,12,1,5
1703,0,1,5
1703,1,1,4
1703,2,1,4
1703,3,1,2
1703,4,1,2
1703,5,1,2
1703,6,1,2
1703,7,1,7
1703,8,1,5
1703,9,1,2
1703,10,1,0
1703,11,1,6
1703,12,1,5
1704,0,1,3
1704,1,1,3
1704,2,1,1
1704,3,1,3
1704,4,0,0
1704,5,0,0
1704,6,0,0
1704,7,0,0
1704,8,0,0
1704,9,0,0
1704,10,0,0
1704,11,0,0
1704,12,0,0
1705,0,1,6
1705,1,0,0
1705,2,0,0
1705,3,0,0
1705,4,0,0
1705,5,0,0
1705,6,0,0
1705,7,0,0
1705,8,0,0
1705,9,0,0
1705,10,0,0
1705,11,0,0
1705,12,0,0
1706,0,1,6
1706,1,1,0
1706,2,0,0
1706,3,0,0
1706,4,0,0
1706,5,0,0
1706,6,0,0
1706,7,0,0
1706,8,0,0
1706,9,0,0
1706,10,0,0
1706,11,0,0
1706,12,0,0
1707,0,1,6
1707,1,0,0
1707,2,0,0
1707,3,0,0
1707,4,0,0
1707,5,0,0
1707,6,0,0
1707,7,0,0
1707,8,0,0
1707,9,0,0
1707,10,0,0
1707,11,0,0
1707,12,0,0
1708,0,1,6
1708,1,1,4
1708,2,1,4
1708,3,1,3
1708,4,1,2
1708,5,1,2
1708,6,1,3
1708,7,1,0
1708,8,1,2
1708,9,1,3
1708,10,1,0
1708,11,1,1
1708,12,1,4
1709,0,1,3
1709,1,1,2
1709,2,1,5
1709,3,1,1
1709,4,1,1
1709,5,1,1
1709,6,1,2
1709,7,1,2
1709,8,1,1
1709,9,1,0
1709,10,1,2
1709,11,1,3
1709,12,1,5
1710,0,1,3
1710,1,1,3
1710,2,1,6
1710,3,1,4
1710,4,1,3
1710,5,1,6
1710,6,1,4
1710,7,1,5
1710,8,1,0
1710,9,1,0
1710,10,1,3
1710,11,1,5
1710,12,1,7
1711,0,1,5
1711,1,1,1
1711,2,1,2
1711,3,1,4
1711,4,1,4
1711,5,1,3
1711,6,1,4
1711,7,1,3
1711,8,1,5
1711,9,1,4
1711,10,1,5
1711,11,1,6
1711,12,1,5
1712,0,1,2
1712,1,1,0
1712,2,1,2
1712,3,1,2
1712,4,1,2
1712,5,1,1
1712,6,1,2
1712,7,1,1
1712,8,1,3
1712,9,1,1
1712,10,1,4
1712,11,1,3
1712,12,1,0
1713,0,1,4
1713,1,1,2
1713,2,1,1
1713,3,1,1
1713,4,1,2
1713,5,1,3
1713,6,1,3
1713,7,1,3
1713,8,1,2
1713,9,1,2
1713,10,1,1
1713,11,1,3
1713,12,1,2
1714,0,1,4
1714,1,0,0
1714,2,0,0
1714,3,0,0
1714,4,0,0
1714,5,0,0
1714,6,0,0
1714,7,0,0
1714,8,0,0
1714,9,0,0
1714,10,0,0
1714,11,0,0
1714,12,0,0
1715,0,1,5
1715,1,1,1
1715,2,1,3
1715,3,1,3
1715,4,1,4
1715,5,1,3
1715,6,1,2
1715,7,1,2
1715,8,1,1
1715,9,1,4
1715,10,1,4
1715,11,1,2
1715,12,1,2
1716,0,1,3
1716,1,1,1
1716,2,1,2
1716,3,0,0
1716,4,0,0
1716,5,0,0
1716,6,0,0
1716,7,0,0
1716,8,0,0
1716,9,0,0
1716,10,0,0
1716,11,0,0
1716,12,0,0
1717,0,1,8
1717,1,1,4
1717,2,1,4
1717,3,1,1
1717,4,1,3
1717,5,1,0
1717,6,1,1
1717,7,1,1
1717,8,1,0
1717,9,1,1
1717,10,1,1
1717,11,1,3
1717,12,1,3
1718,0,1,6
1718,1,1,2
1718,2,1,1
1718,3,1,1
1718,4,1,3
1718,5,1,2
1718,6,1,1
1718,7,1,4
1718,8,1,0
1718,9,1,1
1718,10,1,0
1718,11,1,4
1718,12,1,5
1719,0,1,3
1719,1,1,0
1719,2,1,2
1719,3,1,6
1719,4,1,3
1719,5,1,2
1719,6,1,5
1719,7,1,6
1719,8,1,4
1719,9,1,3
1719,10,0,0
1719,11,0,0
1719,12,0,0
1720,0,1,2
1720,1,1,0
1720,2,0,0
1720,3,0,0
1720,4,0,0
1720,5,0,0
1720,6,0,0
1720,7,0,0
1720,8,0,0
1720,9,0,0
1720,10,0,0
1720,11,0,0
1720,12,0,0
1721,0,1,5
1721,1,1,4
1721,2,1,1
1721,3,1,4
1721,4,0,0
1721,5,0,0
1721,6,0,0
1721,7,0,0
1721,8,0,0
1721,9,0,0
1721,10,0,0
1721,11,0,0
1721,12,0,0
1722,0,1,6
1722,1,1,3
1722,2,1,3
1722,3,1,4
1722,4,1,2
1722,5,1,4
1722,6,1,3
1722,7,1,5
1722,8,0,0
1722,9,0,0
1722,10,0,0
1722,11,0,0
1722,12,0,0
1723,0,1,8
1723,1,1,3
1723,2,1,3
1723,3,1,4
1723,4,1,2
1723,5,1,0
1723,6,1,2
1723,7,1,2
1723,8,1,1
1723,9,0,0
1723,10,0,0
1723,11,0,0
1723,12,0,0
1724,0,1,5
1724,1,0,0
1724,2,0,0
1724,3,0,0
1724,4,0,0
1724,5,0,0
1724,6,0,0
1724,7,0,0
1724,8,0,0
1724,9,0,0
1724,10,0,0
1724,11,0,0
1724,12,0,0
1725,0,1,4
1725,1,1,3
1725,2,1,2
1725,3,1,4
1725,4,1,1
1725,5,1,3
1725,6,1,5
1725,7,1,4
1725,8,1,3
1725,9,1,4
1725,10,1,4
1725,11,1,3
1725,12,0,0
1726,0,1,10
1726,1,0,0
1726,2,0,0
1726,3,0,0
1726,4,0,0
1726,5,0,0
1726,6,0,0
1726,7,0,0
1726,8,0,0
1726,9,0,0
1726,10,0,0
1726,11,0,0
1726,12,0,0
1727,0,1,3
1727,1,1,2
1727,2,0,0
1727,3,0,0
1727,4,0,0
1727,5,0,0
1727,6,0,0
1727,7,0,0
1727,8,0,0
1727,9,0,0
1727,10,0,0
1727,11,0,0
1727,12,0,0
1728,0,1,6
1728,1,1,3
1728,2,1,3
1728,3,1,4
1728,4,1,5
1728,5,1,2
1728,6,1,5
1728,7,0,0
1728,8,0,0
1728,9,0,0
1728,10,0,0
1728,11,0,0
1728,12,0,0
1729,0,1,4
1729,1,1,1
1729,2,1,1
1729,3,0,0
1729,4,0,0
1729,5,0,0
1729,6,0,0
1729,7,0,0
1729,8,0,0
1729,9,0,0
1729,10,0,0
1729,11,0,0
1729,12,0,0
1730,0,1,3
1730,1,1,1
1730,2,1,3
1730,3,1,2
1730,4,1,5
1730,5,1,2
1730,6,1,3
1730,7,1,6
1730,8,1,3
1730,9,1,3
1730,10,1,2
1730,11,1,1
1730,12,1,2
1731,0,1,7
1731,1,1,4
1731,2,1,4
1731,3,1,4
1731,4,1,1
1731,5,1,4
1731,6,0,0
1731,7,0,0
1731,8,0,0
1731,9,0,0
1731,10,0,0
1731,11,0,0
1731,12,0,0
1732,0,1,4
1732,1,1,2
1732,2,1,6
1732,3,1,8
1732,4,1,0
1732,5,1,6
1732,6,1,6
1732,7,0,0
1732,8,0,0
1732,9,0,0
1732,10,0,0
1732,11,0,0
1732,12,0,0
1733,0,1,8
1733,1,1,3
1733,2,0,0
1733,3,0,0
1733,4,0,0
1733,5,0,0
1733,6,0,0
1733,7,0,0
1733,8,0,0
1733,9,0,0
1733,10,0,0
1733,11,0,0
1733,12,0,0
1734,0,1,5
1734,1,1,2
1734,2,1,2
1734,3,1,2
1734,4,1,2
1734,5,1,0
1734,6,1,2
1734,7,1,0
1734,8,1,1
1734,9,1,4
1734,10,1,0
1734,11,1,1
1734,12,1,1
1735,0,1,1
1735,1,1,3
1735,2,1,0
1735,3,1,3
1735,4,1,3
1735,5,1,1
1735,6,1,3
1735,7,1,0
1735,8,1,1
1735,9,1,1
1735,10,1,3
1735,11,1,4
1735,12,1,1
1736,0,1,4
1736,1,0,0
1736,2,0,0
1736,3,0,0
1736,4,0,0
1736,5,0,0
1736,6,0,0
1736,7,0,0
1736,8,0,0
1736,9,0,0
1736,10,0,0
1736,11,0,0
1736,12,0,0
1737,0,1,4
1737,1,1,2
1737,2,1,1
1737,3,1,5
1737,4,1,3
1737,5,1,2
1737,6,1,3
1737,7,1,3
1737,8,1,4
1737,9,1,1
1737,10,0,0
1737,11,0,0
1737,12,0,0
1738,0,1,2
1738,1,0,0
1738,2,0,0
1738,3,0,0
1738,4,0,0
1738,5,0,0
1738,6,0,0
1738,7,0,0
1738,8,0,0
1738,9,0,0
1738,10,0,0
1738,11,0,0
1738,12,0,0
1739,0,1,8
1739,1,1,2
1739,2,1,1
1739,3,1,3
1739,4,1,4
1739,5,1,1
1739,6,1,0
1739,7,1,2
1739,8,1,2
1739,9,1,3
1739,10,1,1
1739,11,1,0
1739,12,1,1
1740,0,1,3
1740,1,1,2
1740,2,1,1
1740,3,1,2
1740,4,1,2
1740,5,0,0
1740,6,0,0
1740,7,0,0
1740,8,0,0
1740,9,0,0
1740,10,0,0
1740,11,0,0
1740,12,0,0
1741,0,1,6
1741,1,1,7
1741,2,1,7
1741,3,1,4
1741,4,1,2
1741,5,1,3
1741,6,1,4
1741,7,1,4
1741,8,1,3
1741,9,1,2
1741,10,1,4
1741,11,1,4
1741,12,1,3
1742,0,1,7
1742,1,1,2
1742,2,1,1
1742,3,1,5
1742,4,1,4
1742,5,1,4
1742,6,1,1
1742,7,0,0
1742,8,0,0
1742,9,0,0
1742,10,0,0
1742,11,0,0
1742,12,0,0
1743,0,1,4
1743,1,1,2
1743,2,1,2
1743,3,1,2
1743,4,1,3
1743,5,1,3
1743,6,1,3
1743,7,1,2
1743,8,1,0
1743,9,1,1
1743,10,1,2
1743,11,1,6
1743,12,1,4
1744,0,1,7
1744,1,1,1
1744,2,1,1
1744,3,1,4
1744,4,1,1
1744,5,1,1
1744,6,1,1
1744,7,1,2
1744,8,1,1
1744,9,1,1
1744,10,1,3
1744,11,1,1
1744,12,1,2
1745,0,1,8
1745,1,1,4
1745,2,0,0
1745,3,0,0
1745,4,0,0
1745,5,0,0
1745,6,0,0
1745,7,0,0
1745,8,0,0
1745,9,0,0
1745,10,0,0
1745,11,0,0
1745,12,0,0
1746,0,1,4
1746,1,1,3
1746,2,0,0
1746,3,0,0
1746,4,0,0
1746,5,0,0
1746,6,0,0
1746,7,0,0
1746,8,0,0
1746,9,0,0
1746,10,0,0
1746,11,0,0
1746,12,0,0
1747,0,1,1
1747,1,1,3
1747,2,0,0
1747,3,0,0
1747,4,0,0
1747,5,0,0
1747,6,0,0
1747,7,0,0
1747,8,0,0
1747,9,0,0
1747,10,0,0
1747,11,0,0
1747,12,0,0
1748,0,1,4
1748,1,1,2
1748,2,1,1
1748,3,1,2
1748,4,1,4
1748,5,1,2
1748,6,1,3
1748,7,0,0
1748,8,0,0
1748,9,0,0
1748,10,0,0
1748,11,0,0
1748,12,0,0
1749,0,1,2
1749,1,1,3
1749,2,1,7
1749,3,1,5
1749,4,1,1
1749,5,1,5
1749,6,1,3
1749,7,1,2
1749,8,1,5
1749,9,1,6
1749,10,0,0
1749,11,0,0
1749,12,0,0
1750,0,1,5
1750,1,1,2
1750,2,1,3
1750,3,1,4
1750,4,1,5
1750,5,1,6
1750,6,1,3
1750,7,1,4
1750,8,1,7
1750,9,1,5
1750,10,1,2
1750,11,1,2
1750,12,1,4
1751,0,1,4
1751,1,1,2
1751,2,0,0
1751,3,0,0
1751,4,0,0
1751,5,0,0
1751,6,0,0
1751,7,0,0
1751,8,0,0
1751,9,0,0
1751,10,0,0
1751,11,0,0
1751,12,0,0
1752,0,1,7
1752,1,1,2
1752,2,1,6
1752,3,1,5
1752,4,0,0
1752,5,0,0
1752,6,0,0
1752,7,0,0
1752,8,0,0
1752,9,0,0
1752,10,0,0
1752,11,0,0
1752,12,0,0
1753,0,1,2
1753,1,1,1
1753,2,1,1
1753,3,1,1
1753,4,1,1
1753,5,1,1
1753,6,1,3
1753,7,1,2
1753,8,1,1
1753,9,1,2
1753,10,1,7
1753,11,1,2
1753,12,1,3
1754,0,1,5
1754,1,1,1
1754,2,0,0
1754,3,0,0
1754,4,0,0
1754,5,0,0
1754,6,0,0
1754,7,0,0
1754,8,0,0
1754,9,0,0
1754,10,0,0
1754,11,0,0
1754,12,0,0
1755,0,1,3
1755,1,1,5
1755,2,1,2
1755,3,1,1
1755,4,1,1
1755,5,1,4
1755,6,1,3
1755,7,1,1
1755,8,1,3
1755,9,0,0
1755,10,0,0
1755,11,0,0
1755,12,0,0
1756,0,1,8
1756,1,1,2
1756,2,1,4
1756,3,1,8
1756,4,1,3
1756,5,1,5
1756,6,1,4
1756,7,1,6
1756,8,1,3
1756,9,1,3
1756,10,1,6
1756,11,1,5
1756,12,1,4
1757,0,1,3
1757,1,1,4
1757,2,1,3
1757,3,1,3
1757,4,1,4
1757,5,0,0
1757,6,0,0
1757,7,0,0
1757,8,0,0
1757,9,0,0
1757,10,0,0
1757,11,0,0
1757,12,0,0
1758,0,1,5
1758,1,1,5
1758,2,1,4
1758,3,1,1
1758,4,1,0
1758,5,1,1
1758,6,0,0
1758,7,0,0
1758,8,0,0
1758,9,0,0
1758,10,0,0
1758,11,0,0
1758,12,0,0
1759,0,1,2
1759,1,1,2
1759,2,1,8
1759,3,1,2
1759,4,1,3
1759,5,1,1
1759,6,1,2
1759,7,1,6
1759,8,1,2
1759,9,1,2
1759,10,1,2
1759,11,1,6
1759,12,1,6
1760,0,1,6
1760,1,1,3
1760,2,1,4
1760,3,0,0
1760,4,0,0
1760,5,0,0
1760,6,0,0
1760,7,0,0
1760,8,0,0
1760,9,0,0
1760,10,0,0
1760,11,0,0
1760,12,0,0
1761,0,1,4
1761,1,1,2
1761,2,1,0
1761,3,1,2
1761,4,1,2
1761,5,1,1
1761,6,1,4
1761,7,1,4
1761,8,1,2
1761,9,1,1
1761,10,0,0
1761,11,0,0
1761,12,0,0
1762,0,1,6
1762,1,1,4
1762,2,1,4
1762,3,1,6
1762,4,1,1
1762,5,1,2
1762,6,1,3
1762,7,1,4
1762,8,1,3
1762,9,0,0
1762,10,0,0
1762,11,0,0
1762,12,0,0
1763,0,1,7
1763,1,1,0
1763,2,1,4
1763,3,1,3
1763,4,1,2
1763,5,1,0
1763,6,1,2
1763,7,1,4
1763,8,1,2
1763,9,1,1
1763,10,0,0
1763,11,0,0
1763,12,0,0
1764,0,1,6
1764,1,1,1
1764,2,1,0
1764,3,1,4
1764,4,1,2
1764,5,0,0
1764,6,0,0
1764,7,0,0
1764,8,0,0
1764,9,0,0
1764,10,0,0
1764,11,0,0
1764,12,0,0
1765,0,1,3
1765,1,1,2
1765,2,1,3
1765,3,1,2
1765,4,1,2
1765,5,1,2
1765,6,1,4
1765,7,1,3
1765,8,1,3
1765,9,1,2
1765,10,1,3
1765,11,1,4
1765,12,1,5
1766,0,1,5
1766,1,1,3
1766,2,1,2
1766,3,0,0
1766,4,0,0
1766,5,0,0
1766,6,0,0
1766,7,0,0
1766,8,0,0
1766,9,0,0
1766,10,0,0
1766,11,0,0
1766,12,0,0
1767,0,1,4
1767,1,1,5
1767,2,0,0
1767,3,0,0
1767,4,0,0
1767,5,0,0
1767,6,0,0
1767,7,0,0
1767,8,0,0
1767,9,0,0
1767,10,0,0
1767,11,0,0
1767,12,0,0
1768,0,1,4
1768,1,1,2
1768,2,1,4
1768,3,1,0
1768,4,1,4
1768,5,1,4
1768,6,0,0
1768,7,0,0
1768,8,0,0
1768,9,0,0
1768,10,0,0
1768,11,0,0
1768,12,0,0
1769,0,1,5
1769,1,1,4
1769,2,1,1
1769,3,1,2
1769,4,1,6
1769,5,1,3
1769,6,1,4
1769,7,1,3
1769,8,1,2
1769,9,1,2
1769,10,1,3
1769,11,1,1
1769,12,1,1
1770,0,1,5
1770,1,1,4
1770,2,1,4
1770,3,1,0
1770,4,0,0
1770,5,0,0
1770,6,0,0
1770,7,0,0
1770,8,0,0
1770,9,0,0
1770,10,0,0
1770,11,0,0
1770,12,0,0
1771,0,1,4
1771,1,1,0
1771,2,1,1
1771,3,1,6
1771,4,1,2
1771,5,1,5
1771,6,0,0
1771,7,0,0
1771,8,0,0
1771,9,0,0
1771,10,0,0
1771,11,0,0
1771,12,0,0
1772,0,1,8
1772,1,1,2
1772,2,1,1
1772,3,1,2
1772,4,1,2
1772,5,1,4
1772,6,1,5
1772,7,1,2
1772,8,1,4
1772,9,1,1
1772,10,1,2
1772,11,1,0
1772,12,1,3
1773,0,1,6
1773,1,1,3
1773,2,0,0
1773,3,0,0
1773,4,0,0
1773,5,0,0
1773,6,0,0
1773,7,0,0
1773,8,0,0
1773,9,0,0
1773,10,0,0
1773,11,0,0
1773,12,0,0
1774,0,1,6
1774,1,1,1
1774,2,0,0
1774,3,0,0
1774,4,0,0
1774,5,0,0
1774,6,0,0
1774,7,0,0
1774,8,0,0
1774,9,0,0
1774,10,0,0
1774,11,0,0
1774,12,0,0
1775,0,1,5
1775,1,1,4
1775,2,1,2
1775,3,1,2
1775,4,1,1
1775,5,1,3
1775,6,0,0
1775,7,0,0
1775,8,0,0
1775,9,0,0
1775,10,0,0
1775,11,0,0
1775,12,0,0
1776,0,1,2
1776,1,0,0
1776,2,0,0
1776,3,0,0
1776,4,0,0
1776,5,0,0
1776,6,0,0
1776,7,0,0
1776,8,0,0
1776,9,0,0
1776,10,0,0
1776,11,0,0
1776,12,0,0
1777,0,1,3
1777,1,1,1
1777,2,1,5
1777,3,1,4
1777,4,1,5
1777,5,1,6
1777,6,1,6
1777,7,1,4
1777,8,1,3
1777,9,1,9
1777,10,1,5
1777,11,1,4
1777,12,1,2
1778,0,1,7
1778,1,0,0
1778,2,0,0
1778,3,0,0
1778,4,0,0
1778,5,0,0
1778,6,0,0
1778,7,0,0
1778,8,0,0
1778,9,0,0
1778,10,0,0
1778,11,0,0
1778,12,0,0
1779,0,1,7
1779,1,1,6
1779,2,1,1
1779,3,1,3
1779,4,1,0
1779,5,1,1
1779,6,1,6
1779,7,1,6
1779,8,1,4
1779,9,1,2
1779,10,1,1
1779,11,1,4
1779,12,1,2
1780,0,1,5
1780,1,1,4
1780,2,1,0
1780,3,1,2
1780,4,1,1
1780,5,1,3
1780,6,1,2
1780,7,1,4
1780,8,1,4
1780,9,1,3
1780,10,1,3
1780,11,0,0
1780,12,0,0
1781,0,1,3
1781,1,0,0
1781,2,0,0
1781,3,0,0
1781,4,0,0
1781,5,0,0
1781,6,0,0
1781,7,0,0
1781,8,0,0
1781,9,0,0
1781,10,0,0
1781,11,0,0
1781,12,0,0
1782,0,1,4
1782,1,1,3
1782,2,1,3
1782,3,1,6
1782,4,1,2
1782,5,1,3
1782,6,1,2
1782,7,1,4
1782,8,1,3
1782,9,1,0
1782,10,1,4
1782,11,1,3
1782,12,1,9
1783,0,1,7
1783,1,1,4
1783,2,1,4
1783,3,1,7
1783,4,1,4
1783,5,1,5
1783,6,0,0
1783,7,0,0
1783,8,0,0
1783,9,0,0
1783,10,0,0
1783,11,0,0
1783,12,0,0
1784,0,1,6
1784,1,1,3
1784,2,1,6
1784,3,1,4
1784,4,1,3
1784,5,1,1
1784,6,1,1
1784,7,1,3
1784,8,1,8
1784,9,1,1
1784,10,1,2
1784,11,1,6
1784,12,1,2
1785,0,1,4
1785,1,1,2
1785,2,1,0
1785,3,1,4
1785,4,1,3
1785,5,1,2
1785,6,1,3
1785,7,1,1
1785,8,1,5
1785,9,1,2
1785,10,1,1
1785,11,0,0
1785,12,0,0
1786,0,1,6
1786,1,0,0
1786,2,0,0
1786,3,0,0
1786,4,0,0
1786,5,0,0
1786,6,0,0
1786,7,0,0
1786,8,0,0
1786,9,0,0
1786,10,0,0
1786,11,0,0
1786,12,0,0
1787,0,1,2
1787,1,1,2
1787,2,1,5
1787,3,1,2
1787,4,1,2
1787,5,1,0
1787,6,1,4
1787,7,1,1
1787,8,1,1
1787,9,1,1
1787,10,1,3
1787,11,1,2
1787,12,1,1
1788,0,1,5
1788,1,1,4
1788,2,1,9
1788,3,1,3
1788,4,1,4
1788,5,1,3
1788,6,0,0
1788,7,0,0
1788,8,0,0
1788,9,0,0
1788,10,0,0
1788,11,0,0
1788,12,0,0
1789,0,1,3
1789,1,0,0
1789,2,0,0
1789,3,0,0
1789,4,0,0
1789,5,0,0
1789,6,0,0
1789,7,0,0
1789,8,0,0
1789,9,0,0
1789,10,0,0
1789,11,0,0
1789,12,0,0
1790,0,1,4
1790,1,1,1
1790,2,0,0
1790,3,0,0
1790,4,0,0
1790,5,0,0
1790,6,0,0
1790,7,0,0
1790,8,0,0
1790,9,0,0
1790,10,0,0
1790,11,0,0
1790,12,0,0
1791,0,1,3
1791,1,1,1
1791,2,1,2
1791,3,1,9
1791,4,1,2
1791,5,0,0
1791,6,0,0
1791,7,0,0
1791,8,0,0
1791,9,0,0
1791,10,0,0
1791,11,0,0
1791,12,0,0
1792,0,1,3
1792,1,1,2
1792,2,1,1
1792,3,1,2
1792,4,1,2
1792,5,1,0
1792,6,1,0
1792,7,1,1
1792,8,1,0
1792,9,1,2
1792,10,1,1
1792,11,1,2
1792,12,1,1
1793,0,1,6
1793,1,1,4
1793,2,1,2
1793,3,1,2
1793,4,1,4
1793,5,1,3
1793,6,1,2
1793,7,1,5
1793,8,1,3
1793,9,0,0
1793,10,0,0
1793,11,0,0
1793,12,0,0
1794,0,1,5
1794,1,1,3
1794,2,1,4
1794,3,1,0
1794,4,1,3
1794,5,1,2
1794,6,1,3
1794,7,1,3
1794,8,1,2
1794,9,1,5
1794,10,0,0
1794,11,0,0
1794,12,0,0
1795,0,1,7
1795,1,1,4
1795,2,1,4
1795,3,1,3
1795,4,1,3
1795,5,1,4
1795,6,1,1
1795,7,1,2
1795,8,1,0
1795,9,1,4
1795,10,0,0
1795,11,0,0
1795,12,0,0
1796,0,1,4
1796,1,1,4
1796,2,1,1
1796,3,1,2
1796,4,1,5
1796,5,1,3
1796,6,1,4
1796,7,1,5
1796,8,1,1
1796,9,1,3
1796,10,1,4
1796,11,1,5
1796,12,1,8
1797,0,1,3
1797,1,1,2
1797,2,1,3
1797,3,1,3
1797,4,1,1
1797,5,1,1
1797,6,1,2
1797,7,1,3
1797,8,1,1
1797,9,1,2
1797,10,1,4
1797,11,1,2
1797,12,1,2
1798,0,1,5
1798,1,1,0
1798,2,1,1
1798,3,1,3
1798,4,1,3
1798,5,1,1
1798,6,1,1
1798,7,1,3
1798,8,1,1
1798,9,0,0
1798,10,0,0
1798,11,0,0
1798,12,0,0
1799,0,1,5
1799,1,1,3
1799,2,1,0
1799,3,1,1
1799,4,1,1
1799,5,1,2
1799,6,1,2
1799,7,1,1
1799,8,0,0
1799,9,0,0
1799,10,0,0
1799,11,0,0
1799,12,0,0
1800,0,1,6
1800,1,1,1
1800,2,1,4
1800,3,1,3
1800,4,1,2
1800,5,1,1
1800,6,1,5
1800,7,1,3
1800,8,0,0
1800,9,0,0
1800,10,0,0
1800,11,0,0
1800,12,0,0
1801,0,1,4
1801,1,1,2
1801,2,0,0
1801,3,0,0
1801,4,0,0
1801,5,0,0
1801,6,0,0
1801,7,0,0
1801,8,0,0
1801,9,0,0
1801,10,0,0
1801,11,0,0
1801,12,0,0
1802,0,1,2
1802,1,1,2
1802,2,1,8
1802,3,1,3
1802,4,1,2
1802,5,1,3
1802,6,1,3
1802,7,1,1
1802,8,1,4
1802,9,1,0
1802,10,1,2
1802,11,1,3
1802,12,1,0
1803,0,1,5
1803,1,1,1
1803,2,1,1
1803,3,0,0
1803,4,0,0
1803,5,0,0
1803,6,0,0
1803,7,0,0
1803,8,0,0
1803,9,0,0
1803,10,0,0
1803,11,0,0
1803,12,0,0
1804,0,1,6
1804,1,1,0
1804,2,1,2
1804,3,1,2
1804,4,1,1
1804,5,1,6
1804,6,0,0
1804,7,0,0
1804,8,0,0
1804,9,0,0
1804,10,0,0
1804,11,0,0
1804,12,0,0
1805,0,1,6
1805,1,0,0
1805,2,0,0
1805,3,0,0
1805,4,0,0
1805,5,0,0
1805,6,0,0
1805,7,0,0
1805,8,0,0
1805,9,0,0
1805,10,0,0
1805,11,0,0
1805,12,0,0
1806,0,1,6
1806,1,1,5
1806,2,1,2
1806,3,1,7
1806,4,1,4
1806,5,1,5
1806,6,1,4
1806,7,1,1
1806,8,1,5
1806,9,1,6
1806,10,1,2
1806,11,1,1
1806,12,1,1
1807,0,1,5
1807,1,1,1
1807,2,1,4
1807,3,1,1
1807,4,1,1
1807,5,1,6
1807,6,1,3
1807,7,1,1
1807,8,1,3
1807,9,1,2
1807,10,1,1
1807,11,0,0
1807,12,0,0
1808,0,1,12
1808,1,0,0
1808,2,0,0
1808,3,0,0
1808,4,0,0
1808,5,0,0
1808,6,0,0
1808,7,0,0
1808,8,0,0
1808,9,0,0
1808,10,0,0
1808,11,0,0
1808,12,0,0
1809,0,1,7
1809,1,1,6
1809,2,1,9
1809,3,1,4
1809,4,1,3
1809,5,1,3
1809,6,1,6
1809,7,1,6
1809,8,1,4
1809,9,1,6
1809,10,1,6
1809,11,1,4
1809,12,1,3
1810,0,1,8
1810,1,0,0
1810,2,0,0
1810,3,0,0
1810,4,0,0
1810,5,0,0
1810,6,0,0
1810,7,0,0
1810,8,0,0
1810,9,0,0
1810,10,0,0
1810,11,0,0
1810,12,0,0
1811,0,1,5
1811,1,1,0
1811,2,0,0
1811,3,0,0
1811,4,0,0
1811,5,0,0
1811,6,0,0
1811,7,0,0
1811,8,0,0
1811,9,0,0
1811,10,0,0
1811,11,0,0
1811,12,0,0
1812,0,1,6
1812,1,1,9
1812,2,1,6
1812,3,1,2
1812,4,1,5
1812,5,0,0
1812,6,0,0
1812,7,0,0
1812,8,0,0
1812,9,0,0
1812,10,0,0
1812,11,0,0
1812,12,0,0
1813,0,1,9
1813,1,1,3
1813,2,1,3
1813,3,1,3
1813,4,0,0
1813,5,0,0
1813,6,0,0
1813,7,0,0
1813,8,0,0
1813,9,0,0
1813,10,0,0
1813,11,0,0
1813,12,0,0
1814,0,1,5
1814,1,1,5
1814,2,1,6
1814,3,1,0
1814,4,1,2
1814,5,1,5
1814,6,1,6
1814,7,1,3
1814,8,1,3
1814,9,1,3
1814,10,1,4
1814,11,0,0
1814,12,0,0
1815,0,1,6
1815,1,1,3
1815,2,1,1
1815,3,1,2
1815,4,1,3
1815,5,1,3
1815,6,1,4
1815,7,0,0
1815,8,0,0
1815,9,0,0
1815,10,0,0
1815,11,0,0
1815,12,0,0
1816,0,1,5
1816,1,1,3
1816,2,1,0
1816,3,1,1
1816,4,1,5
1816,5,1,3
1816,6,1,2
1816,7,1,1
1816,8,0,0
1816,9,0,0
1816,10,0,0
1816,11,0,0
1816,12,0,0
1817,0,1,2
1817,1,1,1
1817,2,1,2
1817,3,1,0
1817,4,1,2
1817,5,0,0
1817,6,0,0
1817,7,0,0
1817,8,0,0
1817,9,0,0
1817,10,0,0
1817,11,0,0
1817,12,0,0
1818,0,1,6
1818,1,1,5
1818,2,1,5
1818,3,1,5
1818,4,0,0
1818,5,0,0
1818,6,0,0
1818,7,0,0
1818,8,0,0
1818,9,0,0
1818,10,0,0
1818,11,0,0
1818,12,0,0
1819,0,1,8
1819,1,1,2
1819,2,1,1
1819,3,1,1
1819,4,1,2
1819,5,1,3
1819,6,1,1
1819,7,1,1
1819,8,0,0
1819,9,0,0
1819,10,0,0
1819,11,0,0
1819,12,0,0
1820,0,1,5
1820,1,1,3
1820,2,1,1
1820,3,1,3
1820,4,1,2
1820,5,1,5
1820,6,1,3
1820,7,1,3
1820,8,1,6
1820,9,1,4
1820,10,0,0
1820,11,0,0
1820,12,0,0
1821,0,1,4
1821,1,1,1
1821,2,1,1
1821,3,1,5
1821,4,0,0
1821,5,0,0
1821,6,0,0
1821,7,0,0
1821,8,0,0
1821,9,0,0
1821,10,0,0
1821,11,0,0
1821,12,0,0
1822,0,1,6
1822,1,0,0
1822,2,0,0
1822,3,0,0
1822,4,0,0
1822,5,0,0
1822,6,0,0
1822,7,0,0
1822,8,0,0
1822,9,0,0
1822,10,0,0
1822,11,0,0
1822,12,0,0
1823,0,1,4
1823,1,1,2
1823,2,1,5
1823,3,1,3
1823,4,1,6
1823,5,1,2
1823,6,0,0
1823,7,0,0
1823,8,0,0
1823,9,0,0
1823,10,0,0
1823,11,0,0
1823,12,0,0
1824,0,1,2
1824,1,1,0
1824,2,1,3
1824,3,1,4
1824,4,1,5
1824,5,1,5
1824,6,1,4
1824,7,1,2
1824,8,1,2
1824,9,1,2
1824,10,1,1
1824,11,1,2
1824,12,1,1
1825,0,1,3
1825,1,1,4
1825,2,1,3
1825,3,1,5
1825,4,0,0
1825,5,0,0
1825,6,0,0
1825,7,0,0
1825,8,0,0
1825,9,0,0
1825,10,0,0
1825,11,0,0
1825,12,0,0
1826,0,1,4
1826,1,1,0
1826,2,1,5
1826,3,1,1
1826,4,1,2
1826,5,1,4
1826,6,1,2
1826,7,1,0
1826,8,1,4
1826,9,1,3
1826,10,1,0
1826,11,0,0
1826,12,0,0
1827,0,1,6
1827,1,1,1
1827,2,1,0
1827,3,1,3
1827,4,1,1
1827,5,0,0
1827,6,0,0
1827,7,0,0
1827,8,0,0
1827,9,0,0
1827,10,0,0
1827,11,0,0
1827,12,0,0
1828,0,1,4
1828,1,1,4
1828,2,1,4
1828,3,1,7
1828,4,1,1
1828,5,0,0
1828,6,0,0
1828,7,0,0
1828,8,0,0
1828,9,0,0
1828,10,0,0
1828,11,0,0
1828,12,0,0
1829,0,1,2
1829,1,1,7
1829,2,1,4
1829,3,1,4
1829,4,1,3
1829,5,1,3
1829,6,1,3
1829,7,1,2
1829,8,1,2
1829,9,0,0
1829,10,0,0
1829,11,0,0
1829,12,0,0
1830,0,1,7
1830,1,1,1
1830,2,1,0
1830,3,1,2
1830,4,1,1
1830,5,1,1
1830,6,1,1
1830,7,1,2
1830,8,1,5
1830,9,1,2
1830,10,1,3
1830,11,1,3
1830,12,1,4
1831,0,1,4
1831,1,1,2
1831,2,0,0
1831,3,0,0
1831,4,0,0
1831,5,0,0
1831,6,0,0
1831,7,0,0
1831,8,0,0
1831,9,0,0
1831,10,0,0
1831,11,0,0
1831,12,0,0
1832,0,1,7
1832,1,1,2
1832,2,1,2
1832,3,1,1
1832,4,0,0
1832,5,0,0
1832,6,0,0
1832,7,0,0
1832,8,0,0
1832,9,0,0
1832,10,0,0
1832,11,0,0
1832,12,0,0
1833,0,1,5
1833,1,1,5
1833,2,1,3
1833,3,1,2
1833,4,0,0
1833,5,0,0
1833,6,0,0
1833,7,0,0
1833,8,0,0
1833,9,0,0
1833,10,0,0
1833,11,0,0
1833,12,0,0
1834,0,1,7
1834,1,1,2
1834,2,1,7
1834,3,1,5
1834,4,1,1
1834,5,1,3
1834,6,1,2
1834,7,1,3
1834,8,1,5
1834,9,1,4
1834,10,1,0
1834,11,1,4
1834,12,1,2
1835,0,1,5
1835,1,1,4
1835,2,1,3
1835,3,1,2
1835,4,1,3
1835,5,1,4
1835,6,1,7
1835,7,1,5
1835,8,1,2
1835,9,1,4
1835,10,1,6
1835,11,1,2
1835,12,1,4
1836,0,1,6
1836,1,1,4
1836,2,1,7
1836,3,1,7
1836,4,1,2
1836,5,1,7
1836,6,1,3
1836,7,1,4
1836,8,1,11
1836,9,1,2
1836,10,1,4
1836,11,1,8
1836,12,1,3
1837,0,1,6
1837,1,1,5
1837,2,1,7
1837,3,1,2
1837,4,1,2
1837,5,1,1
1837,6,1,1
1837,7,1,8
1837,8,1,3
1837,9,1,4
1837,10,1,2
1837,11,1,3
1837,12,1,1
1838,0,1,7
1838,1,1,1
1838,2,0,0
1838,3,0,0
1838,4,0,0
1838,5,0,0
1838,6,0,0
1838,7,0,0
1838,8,0,0
1838,9,0,0
1838,10,0,0
1838,11,0,0
1838,12,0,0
1839,0,1,6
1839,1,1,1
1839,2,1,1
1839,3,1,0
1839,4,1,2
1839,5,1,5
1839,6,0,0
1839,7,0,0
1839,8,0,0
1839,9,0,0
1839,10,0,0
1839,11,0,0
1839,12,0,0
1840,0,1,5
1840,1,1,0
1840,2,1,3
1840,3,1,1
1840,4,1,2
1840,5,1,4
1840,6,1,6
1840,7,1,1
1840,8,1,1
1840,9,1,4
1840,10,1,1
1840,11,1,3
1840,12,1,3
1841,0,1,4
1841,1,1,0
1841,2,1,1
1841,3,1,0
1841,4,1,2
1841,5,1,3
1841,6,1,1
1841,7,1,2
1841,8,1,4
1841,9,1,3
1841,10,1,1
1841,11,1,3
1841,12,1,3
1842,0,1,3
1842,1,1,3
1842,2,1,2
1842,3,1,3
1842,4,1,3
1842,5,1,1
1842,6,1,1
1842,7,1,3
1842,8,1,2
1842,9,1,2
1842,10,1,0
1842,11,1,1
1842,12,1,3
1843,0,1,6
1843,1,1,4
1843,2,1,2
1843,3,1,4
1843,4,1,2
1843,5,1,3
1843,6,1,6
1843,7,1,5
1843,8,0,0
1843,9,0,0
1843,10,0,0
1843,11,0,0
1843,12,0,0
1844,0,1,6
1844,1,1,2
1844,2,1,3
1844,3,1,4
1844,4,1,1
1844,5,0,0
1844,6,0,0
1844,7,0,0
1844,8,0,0
1844,9,0,0
1844,10,0,0
1844,11,0,0
1844,12,0,0
1845,0,1,6
1845,1,1,6
1845,2,1,6
1845,3,1,6
1845,4,0,0
1845,5,0,0
1845,6,0,0
1845,7,0,0
1845,8,0,0
1845,9,0,0
1845,10,0,0
1845,11,0,0
1845,12,0,0
1846,0,1,10
1846,1,0,0
1846,2,0,0
1846,3,0,0
1846,4,0,0
1846,5,0,0
1846,6,0,0
1846,7,0,0
1846,8,0,0
1846,9,0,0
1846,10,0,0
1846,11,0,0
1846,12,0,0
1847,0,1,3
1847,1,1,6
1847,2,1,1
1847,3,1,3
1847,4,1,6
1847,5,1,4
1847,6,0,0
1847,7,0,0
1847,8,0,0
1847,9,0,0
1847,10,0,0
1847,11,0,0
1847,12,0,0
1848,0,1,4
1848,1,1,3
1848,2,1,4
1848,3,1,5
1848,4,1,2
1848,5,1,6
1848,6,1,4
1848,7,1,4
1848,8,1,2
1848,9,1,4
1848,10,1,4
1848,11,1,5
1848,12,1,4
1849,0,1,6
1849,1,0,0
1849,2,0,0
1849,3,0,0
1849,4,0,0
1849,5,0,0
1849,6,0,0
1849,7,0,0
1849,8,0,0
1849,9,0,0
1849,10,0,0
1849,11,0,0
1849,12,0,0
1850,0,1,3
1850,1,1,5
1850,2,1,6
1850,3,1,4
1850,4,1,2
1850,5,1,1
1850,6,1,2
1850,7,1,1
1850,8,1,3
1850,9,1,2
1850,10,1,2
1850,11,1,2
1850,12,1,3
1851,0,1,5
1851,1,1,2
1851,2,1,6
1851,3,0,0
1851,4,0,0
1851,5,0,0
1851,6,0,0
1851,7,0,0
1851,8,0,0
1851,9,0,0
1851,10,0,0
1851,11,0,0
1851,12,0,0
1852,0,1,4
1852,1,1,1
1852,2,1,2
1852,3,1,2
1852,4,1,1
1852,5,1,1
1852,6,1,3
1852,7,1,5
1852,8,1,7
1852,9,1,3
1852,10,1,3
1852,11,1,5
1852,12,1,2
1853,0,1,8
1853,1,1,2
1853,2,0,0
1853,3,0,0
1853,4,0,0
1853,5,0,0
1853,6,0,0
1853,7,0,0
1853,8,0,0
1853,9,0,0
1853,10,0,0
1853,11,0,0
1853,12,0,0
1854,0,1,6
1854,1,1,4
1854,2,1,2
1854,3,1,7
1854,4,1,1
1854,5,1,4
1854,6,1,1
1854,7,1,2
1854,8,1,3
1854,9,1,5
1854,10,1,3
1854,11,1,2
1854,12,1,0
1855,0,1,9
1855,1,1,3
1855,2,1,2
1855,3,1,3
1855,4,1,3
1855,5,1,2
1855,6,1,2
1855,7,1,2
1855,8,0,0
1855,9,0,0
1855,10,0,0
1855,11,0,0
1855,12,0,0
1856,0,1,4
1856,1,1,3
1856,2,1,4
1856,3,1,3
1856,4,1,4
1856,5,1,4
1856,6,1,4
1856,7,1,2
1856,8,1,1
1856,9,1,4
1856,10,0,0
1856,11,0,0
1856,12,0,0
1857,0,1,2
1857,1,1,1
1857,2,1,3
1857,3,1,2
1857,4,1,3
1857,5,1,1
1857,6,1,4
1857,7,1,3
1857,8,1,3
1857,9,1,4
1857,10,1,1
1857,11,1,2
1857,12,1,2
1858,0,1,7
1858,1,1,2
1858,2,1,2
1858,3,1,2
1858,4,0,0
1858,5,0,0
1858,6,0,0
1858,7,0,0
1858,8,0,0
1858,9,0,0
1858,10,0,0
1858,11,0,0
1858,12,0,0
1859,0,1,8
1859,1,1,0
1859,2,1,4
1859,3,1,2
1859,4,1,4
1859,5,1,1
1859,6,1,1
1859,7,1,4
1859,8,1,1
1859,9,1,2
1859,10,1,1
1859,11,1,2
1859,12,1,1
1860,0,1,3
1860,1,1,1
1860,2,1,0
1860,3,1,1
1860,4,1,5
1860,5,1,2
1860,6,1,1
1860,7,1,2
1860,8,0,0
1860,9,0,0
1860,10,0,0
1860,11,0,0
1860,12,0,0
1861,0,1,3
1861,1,1,4
1861,2,1,4
1861,3,1,3
1861,4,0,0
1861,5,0,0
1861,6,0,0
1861,7,0,0
1861,8,0,0
1861,9,0,0
1861,10,0,0
1861,11,0,0
1861,12,0,0
1862,0,1,3
1862,1,1,1
1862,2,1,5
1862,3,1,1
1862,4,1,4
1862,5,1,0
1862,6,1,5
1862,7,1,5
1862,8,1,2
1862,9,1,4
1862,10,1,5
1862,11,1,7
1862,12,1,3
1863,0,1,4
1863,1,1,3
1863,2,1,3
1863,3,1,2
1863,4,1,0
1863,5,1,2
1863,6,1,3
1863,7,1,1
1863,8,1,1
1863,9,1,2
1863,10,1,2
1863,11,1,3
1863,12,1,2
1864,0,1,3
1864,1,1,1
1864,2,1,1
1864,3,1,1
1864,4,1,2
1864,5,1,4
1864,6,1,2
1864,7,1,3
1864,8,1,3
1864,9,1,0
1864,10,1,1
1864,11,1,1
1864,12,1,1
1865,0,1,5
1865,1,1,3
1865,2,1,3
1865,3,1,2
1865,4,1,2
1865,5,1,2
1865,6,1,2
1865,7,1,3
1865,8,1,5
1865,9,0,0
1865,10,0,0
1865,11,0,0
1865,12,0,0
1866,0,1,2
1866,1,1,2
1866,2,1,4
1866,3,1,4
1866,4,1,3
1866,5,1,6
1866,6,1,2
1866,7,0,0
1866,8,0,0
1866,9,0,0
1866,10,0,0
1866,11,0,0
1866,12,0,0
1867,0,1,5
1867,1,1,1
1867,2,1,3
1867,3,1,2
1867,4,1,5
1867,5,1,2
1867,6,1,2
1867,7,1,4
1867,8,1,5
1867,9,1,2
1867,10,1,2
1867,11,1,4
1867,12,1,8
1868,0,1,4
1868,1,1,3
1868,2,1,4
1868,3,1,5
1868,4,1,6
1868,5,1,2
1868,6,1,4
1868,7,1,3
1868,8,1,5
1868,9,1,1
1868,10,1,4
1868,11,1,2
1868,12,1,4
1869,0,1,3
1869,1,1,3
1869,2,1,5
1869,3,1,6
1869,4,1,4
1869,5,1,4
1869,6,1,5
1869,7,1,0
1869,8,1,5
1869,9,1,5
1869,10,1,3
1869,11,1,2
1869,12,1,4
1870,0,1,6
1870,1,1,6
1870,2,1,4
1870,3,1,6
1870,4,1,2
1870,5,1,4
1870,6,1,6
1870,7,1,2
1870,8,1,2
1870,9,1,4
1870,10,1,3
1870,11,1,2
1870,12,1,2
1871,0,1,7
1871,1,1,1
1871,2,1,2
1871,3,1,4
1871,4,0,0
1871,5,0,0
1871,6,0,0
1871,7,0,0
1871,8,0,0
1871,9,0,0
1871,10,0,0
1871,11,0,0
1871,12,0,0
1872,0,1,5
1872,1,1,2
1872,2,0,0
1872,3,0,0
1872,4,0,0
1872,5,0,0
1872,6,0,0
1872,7,0,0
1872,8,0,0
1872,9,0,0
1872,10,0,0
1872,11,0,0
1872,12,0,0
1873,0,1,4
1873,1,1,0
1873,2,0,0
1873,3,0,0
1873,4,0,0
1873,5,0,0
1873,6,0,0
1873,7,0,0
1873,8,0,0
1873,9,0,0
1873,10,0,0
1873,11,0,0
1873,12,0,0
1874,0,1,6
1874,1,1,3
1874,2,1,1
1874,3,1,2
1874,4,1,4
1874,5,1,2
1874,6,1,1
1874,7,1,3
1874,8,1,2
1874,9,1,1
1874,10,1,1
1874,11,1,0
1874,12,1,1
1875,0,1,5
1875,1,1,3
1875,2,1,0
1875,3,1,3
1875,4,1,3
1875,5,1,0
1875,6,1,1
1875,7,1,2
1875,8,1,2
1875,9,1,3
1875,10,1,1
1875,11,1,1
1875,12,1,4
1876,0,1,5
1876,1,1,3
1876,2,1,4
1876,3,0,0
1876,4,0,0
1876,5,0,0
1876,6,0,0
1876,7,0,0
1876,8,0,0
1876,9,0,0
1876,10,0,0
1876,11,0,0
1876,12,0,0
1877,0,1,6
1877,1,1,1
1877,2,1,3
1877,3,1,4
1877,4,1,1
1877,5,1,4
1877,6,1,6
1877,7,1,1
1877,8,1,1
1877,9,1,6
1877,10,1,1
1877,11,1,4
1877,12,1,2
1878,0,1,5
1878,1,1,4
1878,2,1,1
1878,3,0,0
1878,4,0,0
1878,5,0,0
1878,6,0,0
1878,7,0,0
1878,8,0,0
1878,9,0,0
1878,10,0,0
1878,11,0,0
1878,12,0,0
1879,0,1,6
1879,1,1,3
1879,2,1,3
1879,3,1,1
1879,4,1,3
1879,5,1,0
1879,6,0,0
1879,7,0,0
1879,8,0,0
1879,9,0,0
1879,10,0,0
1879,11,0,0
1879,12,0,0
1880,0,1,5
1880,1,1,3
1880,2,1,5
1880,3,0,0
1880,4,0,0
1880,5,0,0
1880,6,0,0
1880,7,0,0
1880,8,0,0
1880,9,0,0
1880,10,0,0
1880,11,0,0
1880,12,0,0
1881,0,1,3
1881,1,1,3
1881,2,1,4
1881,3,1,1
1881,4,1,3
1881,5,1,3
1881,6,1,5
1881,7,0,0
1881,8,0,0
1881,9,0,0
1881,10,0,0
1881,11,0,0
1881,12,0,0
1882,0,1,6
1882,1,1,1
1882,2,1,3
1882,3,1,2
1882,4,1,2
1882,5,1,2
1882,6,1,3
1882,7,1,2
1882,8,1,2
1882,9,1,0
1882,10,1,3
1882,11,1,3
1882,12,0,0
1883,0,1,3
1883,1,1,0
1883,2,1,0
1883,3,1,1
1883,4,1,1
1883,5,1,1
1883,6,1,3
1883,7,1,0
1883,8,1,2
1883,9,1,4
1883,10,1,2
1883,11,1,3
1883,12,1,1
1884,0,1,2
1884,1,1,3
1884,2,1,3
1884,3,0,0
1884,4,0,0
1884,5,0,0
1884,6,0,0
1884,7,0,0
1884,8,0,0
1884,9,0,0
1884,10,0,0
1884,11,0,0
1884,12,0,0
1885,0,1,5
1885,1,1,3
1885,2,1,1
1885,3,1,0
1885,4,1,3
1885,5,1,4
1885,6,1,0
1885,7,0,0
1885,8,0,0
1885,9,0,0
1885,10,0,0
1885,11,0,0
1885,12,0,0
1886,0,1,4
1886,1,1,5
1886,2,1,6
1886,3,1,1
1886,4,1,2
1886,5,1,5
1886,6,1,0
1886,7,1,6
1886,8,1,1
1886,9,1,5
1886,10,1,2
1886,11,1,1
1886,12,1,1
1887,0,1,6
1887,1,1,2
1887,2,1,3
1887,3,1,2
1887,4,1,4
1887,5,1,1
1887,6,1,3
1887,7,1,1
1887,8,1,4
1887,9,0,0
1887,10,0,0
1887,11,0,0
1887,12,0,0
1888,0,1,5
1888,1,1,4
1888,2,1,0
1888,3,1,4
1888,4,1,2
1888,5,1,1
1888,6,1,2
1888,7,1,2
1888,8,1,1
1888,9,1,2
1888,10,1,4
1888,11,1,1
1888,12,1,6
1889,0,1,3
1889,1,1,3
1889,2,1,3
1889,3,1,2
1889,4,1,7
1889,5,1,3
1889,6,1,5
1889,7,1,5
1889,8,1,5
1889,9,1,1
1889,10,1,4
1889,11,1,3
1889,12,1,2
1890,0,1,7
1890,1,1,1
1890,2,1,2
1890,3,1,2
1890,4,1,0
1890,5,1,0
1890,6,0,0
1890,7,0,0
1890,8,0,0
1890,9,0,0
1890,10,0,0
1890,11,0,0
1890,12,0,0
1891,0,1,5
1891,1,1,4
1891,2,0,0
1891,3,0,0
1891,4,0,0
1891,5,0,0
1891,6,0,0
1891,7,0,0
1891,8,0,0
1891,9,0,0
1891,10,0,0
1891,11,0,0
1891,12,0,0
1892,0,1,3
1892,1,0,0
1892,2,0,0
1892,3,0,0
1892,4,0,0
1892,5,0,0
1892,6,0,0
1892,7,0,0
1892,8,0,0
1892,9,0,0
1892,10,0,0
1892,11,0,0
1892,12,0,0
1893,0,1,5
1893,1,1,4
1893,2,1,4
1893,3,1,2
1893,4,1,6
1893,5,1,2
1893,6,1,4
1893,7,1,3
1893,8,1,2
1893,9,1,2
1893,10,1,4
1893,11,1,5
1893,12,1,2
1894,0,1,4
1894,1,1,0
1894,2,1,3
1894,3,1,3
1894,4,1,2
1894,5,1,1
1894,6,0,0
1894,7,0,0
1894,8,0,0
1894,9,0,0
1894,10,0,0
1894,11,0,0
1894,12,0,0
1895,0,1,4
1895,1,1,4
1895,2,1,4
1895,3,1,1
1895,4,0,0
1895,5,0,0
1895,6,0,0
1895,7,0,0
1895,8,0,0
1895,9,0,0
1895,10,0,0
1895,11,0,0
1895,12,0,0
1896,0,1,5
1896,1,1,4
1896,2,1,5
1896,3,1,3
1896,4,1,3
1896,5,1,2
1896,6,1,3
1896,7,1,9
1896,8,1,2
1896,9,1,2
1896,10,1,3
1896,11,1,5
1896,12,1,2
1897,0,1,3
1897,1,1,2
1897,2,1,4
1897,3,1,2
1897,4,1,3
1897,5,1,0
1897,6,1,2
1897,7,1,0
1897,8,1,0
1897,9,1,1
1897,10,1,0
1897,11,1,3
1897,12,1,2
1898,0,1,4
1898,1,1,4
1898,2,0,0
1898,3,0,0
1898,4,0,0
1898,5,0,0
1898,6,0,0
1898,7,0,0
1898,8,0,0
1898,9,0,0
1898,10,0,0
1898,11,0,0
1898,12,0,0
1899,0,1,5
1899,1,1,4
1899,2,1,3
1899,3,1,5
1899,4,1,2
1899,5,1,3
1899,6,1,0
1899,7,1,3
1899,8,1,4
1899,9,1,5
1899,10,0,0
1899,11,0,0
1899,12,0,0
1900,0,1,5
1900,1,1,0
1900,2,1,4
1900,3,1,2
1900,4,1,2
1900,5,1,2
1900,6,1,2
1900,7,1,1
1900,8,1,3
1900,9,1,3
1900,10,1,4
1900,11,1,1
1900,12,1,1
1901,0,1,5
1901,1,1,3
1901,2,1,5
1901,3,1,2
1901,4,1,3
1901,5,0,0
1901,6,0,0
1901,7,0,0
1901,8,0,0
1901,9,0,0
1901,10,0,0
1901,11,0,0
1901,12,0,0
1902,0,1,2
1902,1,1,1
1902,2,0,0
1902,3,0,0
1902,4,0,0
1902,5,0,0
1902,6,0,0
1902,7,0,0
1902,8,0,0
1902,9,0,0
1902,10,0,0
1902,11,0,0
1902,12,0,0
1903,0,1,7
1903,1,1,4
1903,2,1,9
1903,3,1,1
1903,4,1,2
1903,5,1,6
1903,6,1,5
1903,7,1,3
1903,8,1,2
1903,9,1,3
1903,10,1,2
1903,11,1,3
1903,12,1,0
1904,0,1,3
1904,1,1,4
1904,2,1,2
1904,3,1,3
1904,4,1,4
1904,5,1,1
1904,6,1,3
1904,7,1,3
1904,8,1,1
1904,9,1,1
1904,10,1,2
1904,11,1,2
1904,12,1,0
1905,0,1,4
1905,1,1,3
1905,2,1,1
1905,3,1,1
1905,4,1,0
1905,5,1,5
1905,6,1,4
1905,7,1,0
1905,8,1,1
1905,9,1,3
1905,10,1,2
1905,11,1,2
1905,12,1,2
1906,0,1,3
1906,1,1,3
1906,2,1,1
1906,3,1,2
1906,4,0,0
1906,5,0,0
1906,6,0,0
1906,7,0,0
1906,8,0,0
1906,9,0,0
1906,10,0,0
1906,11,0,0
1906,12,0,0
1907,0,1,6
1907,1,1,3
1907,2,1,0
1907,3,1,1
1907,4,1,1
1907,5,0,0
1907,6,0,0
1907,7,0,0
1907,8,0,0
1907,9,0,0
1907,10,0,0
1907,11,0,0
1907,12,0,0
1908,0,1,4
1908,1,0,0
1908,2,0,0
1908,3,0,0
1908,4,0,0
1908,5,0,0
1908,6,0,0
1908,7,0,0
1908,8,0,0
1908,9,0,0
1908,10,0,0
1908,11,0,0
1908,12,0,0
1909,0,1,2
1909,1,1,4
1909,2,1,2
1909,3,0,0
1909,4,0,0
1909,5,0,0
1909,6,0,0
1909,7,0,0
1909,8,0,0
1909,9,0,0
1909,10,0,0
1909,11,0,0
1909,12,0,0
1910,0,1,3
1910,1,0,0
1910,2,0,0
1910,3,0,0
1910,4,0,0
1910,5,0,0
1910,6,0,0
1910,7,0,0
1910,8,0,0
1910,9,0,0
1910,10,0,0
1910,11,0,0
1910,12,0,0
1911,0,1,6
1911,1,1,2
1911,2,0,0
1911,3,0,0
1911,4,0,0
1911,5,0,0
1911,6,0,0
1911,7,0,0
1911,8,0,0
1911,9,0,0
1911,10,0,0
1911,11,0,0
1911,12,0,0
1912,0,1,6
1912,1,1,2
1912,2,1,1
1912,3,1,1
1912,4,1,2
1912,5,1,0
1912,6,0,0
1912,7,0,0
1912,8,0,0
1912,9,0,0
1912,10,0,0
1912,11,0,0
1912,12,0,0
1913,0,1,6
1913,1,1,4
1913,2,1,5
1913,3,1,5
1913,4,1,2
1913,5,1,1
1913,6,1,1
1913,7,1,1
1913,8,1,2
1913,9,1,4
1913,10,1,2
1913,11,1,1
1913,12,1,3
1914,0,1,6
1914,1,1,3
1914,2,1,4
1914,3,0,0
1914,4,0,0
1914,5,0,0
1914,6,0,0
1914,7,0,0
1914,8,0,0
1914,9,0,0
1914,10,0,0
1914,11,0,0
1914,12,0,0
1915,0,1,3
1915,1,1,2
1915,2,0,0
1915,3,0,0
1915,4,0,0
1915,5,0,0
1915,6,0,0
1915,7,0,0
1915,8,0,0
1915,9,0,0
1915,10,0,0
1915,11,0,0
1915,12,0,0
1916,0,1,5
1916,1,1,1
1916,2,1,7
1916,3,1,3
1916,4,1,1
1916,5,1,2
1916,6,1,2
1916,7,1,3
1916,8,1,5
1916,9,1,2
1916,10,1,4
1916,11,1,2
1916,12,1,1
1917,0,1,4
1917,1,1,5
1917,2,0,0
1917,3,0,0
1917,4,0,0
1917,5,0,0
1917,6,0,0
1917,7,0,0
1917,8,0,0
1917,9,0,0
1917,10,0,0
1917,11,0,0
1917,12,0,0
1918,0,1,4
1918,1,1,3
1918,2,1,2
1918,3,1,3
1918,4,1,5
1918,5,1,2
1918,6,1,4
1918,7,1,4
1918,8,1,2
1918,9,1,2
1918,10,0,0
1918,11,0,0
1918,12,0,0
1919,0,1,3
1919,1,1,4
1919,2,1,4
1919,3,1,5
1919,4,1,3
1919,5,1,2
1919,6,0,0
1919,7,0,0
1919,8,0,0
1919,9,0,0
1919,10,0,0
1919,11,0,0
1919,12,0,0
1920,0,1,5
1920,1,1,4
1920,2,1,1
1920,3,0,0
1920,4,0,0
1920,5,0,0
1920,6,0,0
1920,7,0,0
1920,8,0,0
1920,9,0,0
1920,10,0,0
1920,11,0,0
1920,12,0,0
1921,0,1,3
1921,1,1,3
1921,2,0,0
1921,3,0,0
1921,4,0,0
1921,5,0,0
1921,6,0,0
1921,7,0,0
1921,8,0,0
1921,9,0,0
1921,10,0,0
1921,11,0,0
1921,12,0,0
1922,0,1,6
1922,1,1,3
1922,2,1,2
1922,3,1,4
1922,4,1,6
1922,5,1,4
1922,6,1,2
1922,7,1,5
1922,8,1,0
1922,9,1,4
1922,10,1,5
1922,11,1,3
1922,12,1,2
1923,0,1,8
1923,1,1,0
1923,2,1,4
1923,3,1,0
1923,4,1,4
1923,5,1,4
1923,6,1,1
1923,7,1,4
1923,8,1,1
1923,9,1,0
1923,10,1,1
1923,11,0,0
1923,12,0,0
1924,0,1,6
1924,1,1,3
1924,2,1,4
1924,3,1,3
1924,4,1,2
1924,5,1,2
1924,6,1,1
1924,7,1,1
1924,8,1,3
1924,9,0,0
1924,10,0,0
1924,11,0,0
1924,12,0,0
1925,0,1,6
1925,1,1,3
1925,2,1,4
1925,3,1,3
1925,4,1,1
1925,5,1,2
1925,6,1,2
1925,7,0,0
1925,8,0,0
1925,9,0,0
1925,10,0,0
1925,11,0,0
1925,12,0,0
1926,0,1,5
1926,1,1,4
1926,2,1,2
1926,3,1,5
1926,4,1,3
1926,5,1,2
1926,6,1,2
1926,7,1,3
1926,8,0,0
1926,9,0,0
1926,10,0,0
1926,11,0,0
1926,12,0,0
1927,0,1,7
1927,1,1,3
1927,2,1,2
1927,3,1,1
1927,4,1,2
1927,5,1,0
1927,6,1,1
1927,7,1,3
1927,8,1,0
1927,9,1,2
1927,10,1,2
1927,11,1,3
1927,12,1,4
1928,0,1,3
1928,1,1,1
1928,2,1,2
1928,3,1,2
1928,4,1,2
1928,5,1,0
1928,6,1,3
1928,7,1,1
1928,8,0,0
1928,9,0,0
1928,10,0,0
1928,11,0,0
1928,12,0,0
1929,0,1,2
1929,1,1,4
1929,2,1,1
1929,3,1,7
1929,4,1,4
1929,5,1,3
1929,6,1,4
1929,7,1,3
1929,8,0,0
1929,9,0,0
1929,10,0,0
1929,11,0,0
1929,12,0,0
1930,0,1,4
1930,1,1,5
1930,2,1,2
1930,3,1,6
1930,4,1,2
1930,5,1,8
1930,6,0,0
1930,7,0,0
1930,8,0,0
1930,9,0,0
1930,10,0,0
1930,11,0,0
1930,12,0,0
1931,0,1,4
1931,1,1,3
1931,2,1,6
1931,3,1,1
1931,4,1,5
1931,5,1,2
1931,6,1,0
1931,7,1,2
1931,8,1,3
1931,9,1,2
1931,10,1,3
1931,11,1,1
1931,12,1,2
1932,0,1,3
1932,1,1,3
1932,2,1,3
1932,3,1,6
1932,4,1,4
1932,5,1,3
1932,6,1,3
1932,7,1,2
1932,8,1,2
1932,9,1,2
1932,10,1,3
1932,11,1,4
1932,12,1,6
1933,0,1,4
1933,1,1,3
1933,2,1,7
1933,3,1,5
1933,4,1,4
1933,5,1,4
1933,6,0,0
1933,7,0,0
1933,8,0,0
1933,9,0,0
1933,10,0,0
1933,11,0,0
1933,12,0,0
1934,0,1,5
1934,1,1,2
1934,2,1,0
1934,3,1,1
1934,4,1,0
1934,5,1,1
1934,6,1,1
1934,7,1,5
1934,8,1,5
1934,9,1,2
1934,10,1,4
1934,11,0,0
1934,12,0,0
1935,0,1,7
1935,1,1,3
1935,2,1,6
1935,3,1,0
1935,4,1,5
1935,5,1,5
1935,6,1,7
1935,7,1,5
1935,8,1,7
1935,9,1,1
1935,10,1,2
1935,11,1,4
1935,12,1,5
1936,0,1,6
1936,1,1,1
1936,2,1,1
1936,3,1,4
1936,4,1,2
1936,5,1,4
1936,6,1,3
1936,7,1,2
1936,8,1,3
1936,9,1,8
1936,10,1,3
1936,11,1,0
1936,12,1,5
1937,0,1,6
1937,1,1,4
1937,2,1,3
1937,3,1,3
1937,4,1,2
1937,5,1,5
1937,6,1,4
1937,7,1,3
1937,8,1,3
1937,9,1,3
1937,10,0,0
1937,11,0,0
1937,12,0,0
1938,0,1,4
1938,1,1,4
1938,2,1,4
1938,3,1,3
1938,4,1,2
1938,5,1,3
1938,6,1,3
1938,7,1,4
1938,8,1,1
1938,9,1,4
1938,10,1,3
1938,11,1,3
1938,12,1,2
1939,0,1,4
1939,1,1,1
1939,2,1,1
1939,3,1,3
1939,4,1,6
1939,5,1,5
1939,6,1,4
1939,7,1,2
1939,8,0,0
1939,9,0,0
1939,10,0,0
1939,11,0,0
1939,12,0,0
1940,0,1,6
1940,1,1,4
1940,2,1,1
1940,3,1,3
1940,4,0,0
1940,5,0,0
1940,6,0,0
1940,7,0,0
1940,8,0,0
1940,9,0,0
1940,10,0,0
1940,11,0,0
1940,12,0,0
1941,0,1,6
1941,1,1,4
1941,2,0,0
1941,3,0,0
1941,4,0,0
1941,5,0,0
1941,6,0,0
1941,7,0,0
1941,8,0,0
1941,9,0,0
1941,10,0,0
1941,11,0,0
1941,12,0,0
1942,0,1,2
1942,1,1,5
1942,2,1,1
1942,3,1,1
1942,4,1,4
1942,5,1,4
1942,6,1,1
1942,7,1,0
1942,8,1,2
1942,9,1,3
1942,10,1,3
1942,11,1,1
1942,12,1,0
1943,0,1,6
1943,1,1,7
1943,2,1,2
1943,3,1,9
1943,4,1,9
1943,5,1,4
1943,6,1,4
1943,7,1,5
1943,8,1,1
1943,9,1,1
1943,10,1,5
1943,11,1,6
1943,12,1,3
1944,0,1,5
1944,1,1,7
1944,2,1,6
1944,3,1,5
1944,4,1,2
1944,5,1,7
1944,6,1,3
1944,7,1,2
1944,8,1,4
1944,9,1,6
1944,10,1,0
1944,11,1,1
1944,12,1,1
1945,0,1,5
1945,1,1,2
1945,2,1,3
1945,3,1,2
1945,4,1,3
1945,5,1,7
1945,6,1,7
1945,7,1,3
1945,8,1,2
1945,9,1,5
1945,10,1,7
1945,11,1,5
1945,12,1,7
1946,0,1,3
1946,1,1,6
1946,2,1,1
1946,3,1,1
1946,4,1,1
1946,5,1,3
1946,6,1,2
1946,7,1,1
1946,8,1,5
1946,9,1,2
1946,10,1,3
1946,11,1,1
1946,12,1,4
1947,0,1,4
1947,1,1,3
1947,2,1,2
1947,3,1,2
1947,4,1,4
1947,5,1,2
1947,6,1,6
1947,7,1,1
1947,8,0,0
1947,9,0,0
1947,10,0,0
1947,11,0,0
1947,12,0,0
1948,0,1,8
1948,1,1,2
1948,2,0,0
1948,3,0,0
1948,4,0,0
1948,5,0,0
1948,6,0,0
1948,7,0,0
1948,8,0,0
1948,9,0,0
1948,10,0,0
1948,11,0,0
1948,12,0,0
1949,0,1,6
1949,1,1,2
1949,2,1,3
1949,3,1,3
1949,4,1,1
1949,5,1,0
1949,6,1,4
1949,7,1,1
1949,8,0,0
1949,9,0,0
1949,10,0,0
1949,11,0,0
1949,12,0,0
1950,0,1,4
1950,1,1,3
1950,2,1,2
1950,3,1,1
1950,4,1,1
1950,5,1,2
1950,6,0,0
1950,7,0,0
1950,8,0,0
1950,9,0,0
1950,10,0,0
1950,11,0,0
1950,12,0,0
1951,0,1,3
1951,1,1,3
1951,2,1,2
1951,3,1,1
1951,4,1,1
1951,5,1,1
1951,6,1,3
1951,7,1,4
1951,8,0,0
1951,9,0,0
1951,10,0,0
1951,11,0,0
1951,12,0,0
1952,0,1,4
1952,1,1,3
1952,2,1,3
1952,3,1,1
1952,4,1,3
1952,5,1,2
1952,6,1,0
1952,7,1,2
1952,8,1,1
1952,9,1,4
1952,10,1,1
1952,11,1,0
1952,12,1,2
1953,0,1,4
1953,1,1,0
1953,2,1,3
1953,3,1,3
1953,4,1,3
1953,5,1,4
1953,6,1,1
1953,7,1,3
1953,8,1,0
1953,9,1,3
1953,10,0,0
1953,11,0,0
1953,12,0,0
1954,0,1,4
1954,1,1,0
1954,2,1,2
1954,3,1,2
1954,4,1,5
1954,5,1,5
1954,6,1,4
1954,7,1,3
1954,8,1,2
1954,9,1,2
1954,10,1,3
1954,11,1,1
1954,12,1,2
1955,0,1,6
1955,1,1,1
1955,2,1,3
1955,3,1,6
1955,4,1,4
1955,5,1,3
1955,6,1,2
1955,7,1,3
1955,8,1,1
1955,9,0,0
1955,10,0,0
1955,11,0,0
1955,12,0,0
1956,0,1,9
1956,1,1,2
1956,2,1,1
1956,3,1,4
1956,4,1,7
1956,5,1,3
1956,6,1,1
1956,7,1,3
1956,8,1,3
1956,9,1,4
1956,10,0,0
1956,11,0,0
1956,12,0,0
1957,0,1,4
1957,1,1,1
1957,2,1,6
1957,3,1,3
1957,4,1,2
1957,5,1,3
1957,6,1,3
1957,7,1,1
1957,8,1,4
1957,9,1,4
1957,10,1,2
1957,11,1,3
1957,12,1,1
1958,0,1,9
1958,1,1,5
1958,2,1,4
1958,3,1,3
1958,4,1,5
1958,5,1,7
1958,6,1,4
1958,7,1,6
1958,8,1,2
1958,9,1,4
1958,10,0,0
1958,11,0,0
1958,12,0,0
1959,0,1,3
1959,1,1,0
1959,2,1,0
1959,3,1,1
1959,4,1,2
1959,5,1,0
1959,6,1,3
1959,7,0,0
1959,8,0,0
1959,9,0,0
1959,10,0,0
1959,11,0,0
1959,12,0,0
1960,0,1,6
1960,1,1,3
1960,2,0,0
1960,3,0,0
1960,4,0,0
1960,5,0,0
1960,6,0,0
1960,7,0,0
1960,8,0,0
1960,9,0,0
1960,10,0,0
1960,11,0,0
1960,12,0,0
1961,0,1,4
1961,1,0,0
1961,2,0,0
1961,3,0,0
1961,4,0,0
1961,5,0,0
1961,6,0,0
1961,7,0,0
1961,8,0,0
1961,9,0,0
1961,10,0,0
1961,11,0,0
1961,12,0,0
1962,0,1,4
1962,1,1,3
1962,2,1,5
1962,3,1,5
1962,4,0,0
1962,5,0,0
1962,6,0,0
1962,7,0,0
1962,8,0,0
1962,9,0,0
1962,10,0,0
1962,11,0,0
1962,12,0,0
1963,0,1,8
1963,1,1,4
1963,2,1,2
1963,3,1,2
1963,4,1,5
1963,5,1,3
1963,6,1,3
1963,7,1,8
1963,8,1,1
1963,9,1,3
1963,10,1,4
1963,11,1,4
1963,12,0,0
1964,0,1,4
1964,1,1,3
1964,2,0,0
1964,3,0,0
1964,4,0,0
1964,5,0,0
1964,6,0,0
1964,7,0,0
1964,8,0,0
1964,9,0,0
1964,10,0,0
1964,11,0,0
1964,12,0,0
1965,0,1,5
1965,1,1,2
1965,2,1,0
1965,3,1,2
1965,4,1,1
1965,5,1,2
1965,6,1,2
1965,7,1,1
1965,8,1,1
1965,9,1,4
1965,10,1,4
1965,11,1,1
1965,12,1,3
1966,0,1,5
1966,1,0,0
1966,2,0,0
1966,3,0,0
1966,4,0,0
1966,5,0,0
1966,6,0,0
1966,7,0,0
1966,8,0,0
1966,9,0,0
1966,10,0,0
1966,11,0,0
1966,12,0,0
1967,0,1,3
1967,1,1,2
1967,2,1,2
1967,3,1,2
1967,4,1,3
1967,5,1,3
1967,6,1,3
1967,7,1,2
1967,8,1,2
1967,9,1,2
1967,10,1,2
1967,11,1,2
1967,12,0,0
1968,0,1,5
1968,1,1,2
1968,2,1,1
1968,3,1,3
1968,4,1,3
1968,5,1,5
1968,6,1,5
1968,7,1,6
1968,8,1,3
1968,9,1,6
1968,10,0,0
1968,11,0,0
1968,12,0,0
1969,0,1,5
1969,1,1,5
1969,2,1,0
1969,3,1,0
1969,4,1,0
1969,5,1,0
1969,6,1,4
1969,7,1,4
1969,8,1,3
1969,9,1,6
1969,10,1,1
1969,11,1,3
1969,12,0,0
1970,0,1,6
1970,1,0,0
1970,2,0,0
1970,3,0,0
1970,4,0,0
1970,5,0,0
1970,6,0,0
1970,7,0,0
1970,8,0,0
1970,9,0,0
1970,10,0,0
1970,11,0,0
1970,12,0,0
1971,0,1,4
1971,1,1,4
1971,2,1,2
1971,3,1,5
1971,4,1,5
1971,5,1,4
1971,6,1,4
1971,7,1,2
1971,8,1,1
1971,9,1,3
1971,10,1,3
1971,11,1,2
1971,12,1,1
1972,0,1,3
1972,1,0,0
1972,2,0,0
1972,3,0,0
1972,4,0,0
1972,5,0,0
1972,6,0,0
1972,7,0,0
1972,8,0,0
1972,9,0,0
1972,10,0,0
1972,11,0,0
1972,12,0,0
1973,0,1,3
1973,1,1,6
1973,2,1,4
1973,3,1,3
1973,4,1,5
1973,5,1,6
1973,6,1,4
1973,7,0,0
1973,8,0,0
1973,9,0,0
1973,10,0,0
1973,11,0,0
1973,12,0,0
1974,0,1,5
1974,1,1,2
1974,2,0,0
1974,3,0,0
1974,4,0,0
1974,5,0,0
1974,6,0,0
1974,7,0,0
1974,8,0,0
1974,9,0,0
1974,10,0,0
1974,11,0,0
1974,12,0,0
1975,0,1,7
1975,1,1,2
1975,2,1,2
1975,3,1,6
1975,4,1,5
1975,5,1,6
1975,6,1,5
1975,7,1,6
1975,8,1,0
1975,9,1,2
1975,10,1,7
1975,11,1,8
1975,12,1,4
1976,0,1,4
1976,1,0,0
1976,2,0,0
1976,3,0,0
1976,4,0,0
1976,5,0,0
1976,6,0,0
1976,7,0,0
1976,8,0,0
1976,9,0,0
1976,10,0,0
1976,11,0,0
1976,12,0,0
1977,0,1,4
1977,1,0,0
1977,2,0,0
1977,3,0,0
1977,4,0,0
1977,5,0,0
1977,6,0,0
1977,7,0,0
1977,8,0,0
1977,9,0,0
1977,10,0,0
1977,11,0,0
1977,12,0,0
1978,0,1,2
1978,1,1,3
1978,2,1,2
1978,3,1,4
1978,4,1,5
1978,5,1,2
1978,6,1,2
1978,7,1,4
1978,8,0,0
1978,9,0,0
1978,10,0,0
1978,11,0,0
1978,12,0,0
1979,0,1,3
1979,1,1,0
1979,2,1,1
1979,3,1,2
1979,4,1,3
1979,5,1,0
1979,6,1,1
1979,7,1,1
1979,8,1,0
1979,9,1,2
1979,10,1,2
1979,11,1,1
1979,12,1,0
1980,0,1,4
1980,1,1,2
1980,2,1,1
1980,3,1,3
1980,4,1,5
1980,5,1,2
1980,6,1,3
1980,7,1,5
1980,8,1,1
1980,9,1,1
1980,10,1,2
1980,11,1,0
1980,12,0,0
1981,0,1,6
1981,1,1,4
1981,2,1,4
1981,3,1,3
1981,4,1,1
1981,5,1,2
1981,6,1,3
1981,7,1,4
1981,8,1,6
1981,9,1,4
1981,10,1,3
1981,11,1,4
1981,12,1,4
1982,0,1,4
1982,1,1,3
1982,2,1,1
1982,3,1,6
1982,4,1,5
1982,5,1,4
1982,6,1,2
1982,7,1,8
1982,8,1,4
1982,9,1,4
1982,10,1,4
1982,11,1,4
1982,12,1,2
1983,0,1,6
1983,1,1,3
1983,2,1,2
1983,3,1,1
1983,4,1,1
1983,5,1,4
1983,6,1,1
1983,7,1,2
1983,8,1,1
1983,9,1,3
1983,10,1,1
1983,11,1,1
1983,12,1,1
1984,0,1,4
1984,1,1,2
1984,2,1,10
1984,3,0,0
1984,4,0,0
1984,5,0,0
1984,6,0,0
1984,7,0,0
1984,8,0,0
1984,9,0,0
1984,10,0,0
1984,11,0,0
1984,12,0,0
1985,0,1,6
1985,1,1,3
1985,2,1,2
1985,3,1,2
1985,4,1,1
1985,5,1,1
1985,6,1,2
1985,7,1,3
1985,8,1,1
1985,9,1,0
1985,10,1,3
1985,11,1,2
1985,12,1,2
1986,0,1,4
1986,1,1,4
1986,2,1,3
1986,3,1,5
1986,4,1,4
1986,5,1,1
1986,6,1,3
1986,7,1,2
1986,8,1,3
1986,9,1,8
1986,10,1,1
1986,11,1,8
1986,12,1,3
1987,0,1,3
1987,1,1,2
1987,2,1,2
1987,3,1,6
1987,4,1,2
1987,5,1,2
1987,6,1,0
1987,7,1,3
1987,8,1,4
1987,9,1,2
1987,10,1,3
1987,11,1,2
1987,12,1,4
1988,0,1,4
1988,1,1,8
1988,2,1,2
1988,3,1,4
1988,4,0,0
1988,5,0,0
1988,6,0,0
1988,7,0,0
1988,8,0,0
1988,9,0,0
1988,10,0,0
1988,11,0,0
1988,12,0,0
1989,0,1,3
1989,1,1,6
1989,2,1,6
1989,3,1,2
1989,4,1,5
1989,5,1,6
1989,6,1,5
1989,7,1,2
1989,8,0,0
1989,9,0,0
1989,10,0,0
1989,11,0,0
1989,12,0,0
1990,0,1,2
1990,1,1,2
1990,2,1,2
1990,3,1,1
1990,4,1,0
1990,5,1,3
1990,6,1,2
1990,7,1,0
1990,8,1,2
1990,9,1,3
1990,10,1,1
1990,11,0,0
1990,12,0,0
1991,0,1,3
1991,1,1,1
1991,2,1,3
1991,3,1,3
1991,4,1,4
1991,5,1,4
1991,6,1,3
1991,7,1,1
1991,8,1,3
1991,9,1,1
1991,10,1,4
1991,11,1,3
1991,12,1,5
1992,0,1,2
1992,1,1,5
1992,2,1,1
1992,3,1,2
1992,4,0,0
1992,5,0,0
1992,6,0,0
1992,7,0,0
1992,8,0,0
1992,9,0,0
1992,10,0,0
1992,11,0,0
1992,12,0,0
1993,0,1,5
1993,1,1,4
1993,2,1,0
1993,3,1,2
1993,4,1,1
1993,5,1,4
1993,6,0,0
1993,7,0,0
1993,8,0,0
1993,9,0,0
1993,10,0,0
1993,11,0,0
1993,12,0,0
1994,0,1,7
1994,1,1,3
1994,2,1,4
1994,3,1,2
1994,4,1,1
1994,5,1,3
1994,6,1,2
1994,7,1,3
1994,8,1,5
1994,9,1,1
1994,10,1,0
1994,11,1,2
1994,12,1,4
1995,0,1,6
1995,1,1,6
1995,2,1,2
1995,3,1,1
1995,4,1,2
1995,5,0,0
1995,6,0,0
1995,7,0,0
1995,8,0,0
1995,9,0,0
1995,10,0,0
1995,11,0,0
1995,12,0,0
1996,0,1,4
1996,1,1,3
1996,2,0,0
1996,3,0,0
1996,4,0,0
1996,5,0,0
1996,6,0,0
1996,7,0,0
1996,8,0,0
1996,9,0,0
1996,10,0,0
1996,11,0,0
1996,12,0,0
1997,0,1,2
1997,1,1,5
1997,2,1,2
1997,3,1,8
1997,4,1,5
1997,5,1,0
1997,6,0,0
1997,7,0,0
1997,8,0,0
1997,9,0,0
1997,10,0,0
1997,11,0,0
1997,12,0,0
1998,0,1,8
1998,1,1,2
1998,2,1,6
1998,3,1,4
1998,4,1,1
1998,5,1,4
1998,6,1,6
1998,7,1,5
1998,8,1,4
1998,9,0,0
1998,10,0,0
1998,11,0,0
1998,12,0,0
1999,0,1,7
1999,1,1,2
1999,2,1,2
1999,3,1,0
1999,4,0,0
1999,5,0,0
1999,6,0,0
1999,7,0,0
1999,8,0,0
1999,9,0,0
1999,10,0,0
1999,11,0,0
1999,12,0,0
2000,0,1,6
2000,1,1,3
2000,2,1,4
2000,3,1,6
2000,4,1,4
2000,5,1,1
2000,6,1,2
2000,7,1,3
2000,8,1,3
2000,9,1,1
2000,10,1,3
2000,11,1,1
2000,12,1,9
2001,0,1,8
2001,1,1,3
2001,2,1,4
2001,3,1,1
2001,4,1,3
2001,5,1,3
2001,6,1,4
2001,7,1,6
2001,8,1,3
2001,9,1,3
2001,10,1,4
2001,11,0,0
2001,12,0,0
2002,0,1,4
2002,1,1,4
2002,2,1,7
2002,3,1,4
2002,4,1,6
2002,5,1,3
2002,6,1,3
2002,7,1,3
2002,8,1,4
2002,9,1,2
2002,10,1,3
2002,11,1,5
2002,12,1,5
2003,0,1,7
2003,1,1,4
2003,2,1,5
2003,3,1,2
2003,4,1,3
2003,5,1,3
2003,6,0,0
2003,7,0,0
2003,8,0,0
2003,9,0,0
2003,10,0,0
2003,11,0,0
2003,12,0,0
2004,0,1,6
2004,1,1,1
2004,2,1,2
2004,3,1,4
2004,4,1,4
2004,5,1,5
2004,6,1,6
2004,7,1,5
2004,8,1,3
2004,9,1,3
2004,10,1,8
2004,11,1,4
2004,12,1,8
2005,0,1,5
2005,1,1,2
2005,2,1,1
2005,3,1,7
2005,4,1,1
2005,5,1,3
2005,6,1,2
2005,7,1,2
2005,8,1,3
2005,9,1,3
2005,10,1,2
2005,11,1,3
2005,12,1,7
2006,0,1,5
2006,1,1,5
2006,2,1,8
2006,3,1,3
2006,4,1,2
2006,5,1,5
2006,6,1,4
2006,7,1,5
2006,8,1,4
2006,9,1,1
2006,10,1,4
2006,11,1,4
2006,12,1,2
2007,0,1,5
2007,1,1,3
2007,2,1,0
2007,3,1,0
2007,4,1,3
2007,5,1,0
2007,6,1,3
2007,7,1,2
2007,8,1,5
2007,9,1,2
2007,10,1,1
2007,11,1,2
2007,12,1,0
2008,0,1,9
2008,1,1,3
2008,2,1,1
2008,3,1,4
2008,4,1,4
2008,5,1,4
2008,6,1,5
2008,7,1,3
2008,8,0,0
2008,9,0,0
2008,10,0,0
2008,11,0,0
2008,12,0,0
2009,0,1,3
2009,1,1,2
2009,2,1,2
2009,3,1,0
2009,4,1,2
2009,5,1,1
2009,6,1,1
2009,7,1,2
2009,8,0,0
2009,9,0,0
2009,10,0,0
2009,11,0,0
2009,12,0,0
2010,0,1,4
2010,1,1,7
2010,2,1,5
2010,3,1,1
2010,4,1,1
2010,5,1,3
2010,6,1,3
2010,7,0,0
2010,8,0,0
2010,9,0,0
2010,10,0,0
2010,11,0,0
2010,12,0,0
2011,0,1,7
2011,1,1,3
2011,2,0,0
2011,3,0,0
2011,4,0,0
2011,5,0,0
2011,6,0,0
2011,7,0,0
2011,8,0,0
2011,9,0,0
2011,10,0,0
2011,11,0,0
2011,12,0,0
2012,0,1,4
2012,1,1,3
2012,2,1,3
2012,3,1,3
2012,4,1,5
2012,5,0,0
2012,6,0,0
2012,7,0,0
2012,8,0,0
2012,9,0,0
2012,10,0,0
2012,11,0,0
2012,12,0,0
2013,0,1,9
2013,1,1,6
2013,2,1,3
2013,3,1,1
2013,4,0,0
2013,5,0,0
2013,6,0,0
2013,7,0,0
2013,8,0,0
2013,9,0,0
2013,10,0,0
2013,11,0,0
2013,12,0,0
2014,0,1,5
2014,1,1,1
2014,2,1,3
2014,3,1,1
2014,4,1,4
2014,5,1,1
2014,6,1,4
2014,7,1,4
2014,8,1,1
2014,9,1,4
2014,10,1,2
2014,11,0,0
2014,12,0,0
2015,0,1,3
2015,1,1,0
2015,2,1,3
2015,3,1,0
2015,4,1,2
2015,5,1,3
2015,6,1,0
2015,7,1,2
2015,8,1,2
2015,9,1,2
2015,10,1,2
2015,11,1,1
2015,12,1,1
2016,0,1,4
2016,1,1,3
2016,2,1,1
2016,3,1,5
2016,4,0,0
2016,5,0,0
2016,6,0,0
2016,7,0,0
2016,8,0,0
2016,9,0,0
2016,10,0,0
2016,11,0,0
2016,12,0,0
2017,0,1,4
2017,1,1,3
2017,2,1,3
2017,3,1,4
2017,4,1,3
2017,5,1,4
2017,6,1,1
2017,7,1,7
2017,8,1,3
2017,9,1,4
2017,10,1,6
2017,11,1,4
2017,12,1,3
2018,0,1,4
2018,1,1,3
2018,2,1,3
2018,3,1,3
2018,4,1,4
2018,5,0,0
2018,6,0,0
2018,7,0,0
2018,8,0,0
2018,9,0,0
2018,10,0,0
2018,11,0,0
2018,12,0,0
2019,0,1,8
2019,1,1,1
2019,2,0,0
2019,3,0,0
2019,4,0,0
2019,5,0,0
2019,6,0,0
2019,7,0,0
2019,8,0,0
2019,9,0,0
2019,10,0,0
2019,11,0,0
2019,12,0,0
2020,0,1,2
2020,1,1,0
2020,2,1,4
2020,3,0,0
2020,4,0,0
2020,5,0,0
2020,6,0,0
2020,7,0,0
2020,8,0,0
2020,9,0,0
2020,10,0,0
2020,11,0,0
2020,12,0,0
2021,0,1,4
2021,1,1,4
2021,2,1,2
2021,3,0,0
2021,4,0,0
2021,5,0,0
2021,6,0,0
2021,7,0,0
2021,8,0,0
2021,9,0,0
2021,10,0,0
2021,11,0,0
2021,12,0,0
2022,0,1,8
2022,1,0,0
2022,2,0,0
2022,3,0,0
2022,4,0,0
2022,5,0,0
2022,6,0,0
2022,7,0,0
2022,8,0,0
2022,9,0,0
2022,10,0,0
2022,11,0,0
2022,12,0,0
2023,0,1,7
2023,1,1,2
2023,2,1,3
2023,3,1,2
2023,4,1,2
2023,5,1,1
2023,6,1,4
2023,7,1,2
2023,8,1,4
2023,9,1,5
2023,10,1,6
2023,11,1,5
2023,12,1,2
2024,0,1,9
2024,1,1,2
2024,2,1,2
2024,3,1,3
2024,4,1,2
2024,5,1,3
2024,6,1,9
2024,7,1,4
2024,8,1,4
2024,9,1,3
2024,10,1,3
2024,11,1,4
2024,12,1,4
2025,0,1,5
2025,1,1,0
2025,2,1,6
2025,3,1,0
2025,4,1,1
2025,5,1,2
2025,6,0,0
2025,7,0,0
2025,8,0,0
2025,9,0,0
2025,10,0,0
2025,11,0,0
2025,12,0,0
2026,0,1,3
2026,1,1,6
2026,2,1,4
2026,3,1,2
2026,4,1,4
2026,5,1,2
2026,6,0,0
2026,7,0,0
2026,8,0,0
2026,9,0,0
2026,10,0,0
2026,11,0,0
2026,12,0,0
2027,0,1,3
2027,1,1,4
2027,2,1,4
2027,3,1,7
2027,4,1,9
2027,5,1,4
2027,6,1,2
2027,7,1,4
2027,8,1,5
2027,9,1,1
2027,10,1,5
2027,11,1,6
2027,12,1,2
2028,0,1,7
2028,1,1,5
2028,2,0,0
2028,3,0,0
2028,4,0,0
2028,5,0,0
2028,6,0,0
2028,7,0,0
2028,8,0,0
2028,9,0,0
2028,10,0,0
2028,11,0,0
2028,12,0,0
2029,0,1,2
2029,1,1,0
2029,2,1,0
2029,3,1,1
2029,4,1,1
2029,5,1,2
2029,6,1,2
2029,7,1,3
2029,8,1,2
2029,9,1,2
2029,10,1,3
2029,11,1,1
2029,12,1,1
2030,0,1,7
2030,1,1,6
2030,2,1,4
2030,3,1,4
2030,4,1,3
2030,5,1,4
2030,6,1,3
2030,7,1,1
2030,8,1,3
2030,9,1,2
2030,10,1,9
2030,11,1,5
2030,12,1,5
2031,0,1,4
2031,1,1,1
2031,2,1,0
2031,3,1,5
2031,4,1,3
2031,5,0,0
2031,6,0,0
2031,7,0,0
2031,8,0,0
2031,9,0,0
2031,10,0,0
2031,11,0,0
2031,12,0,0
2032,0,1,6
2032,1,1,2
2032,2,0,0
2032,3,0,0
2032,4,0,0
2032,5,0,0
2032,6,0,0
2032,7,0,0
2032,8,0,0
2032,9,0,0
2032,10,0,0
2032,11,0,0
2032,12,0,0
2033,0,1,4
2033,1,1,6
2033,2,0,0
2033,3,0,0
2033,4,0,0
2033,5,0,0
2033,6,0,0
2033,7,0,0
2033,8,0,0
2033,9,0,0
2033,10,0,0
2033,11,0,0
2033,12,0,0
2034,0,1,6
2034,1,1,5
2034,2,1,2
2034,3,1,2
2034,4,1,2
2034,5,1,2
2034,6,1,0
2034,7,1,0
2034,8,1,3
2034,9,1,1
2034,10,1,5
2034,11,1,1
2034,12,1,4
2035,0,1,5
2035,1,1,2
2035,2,1,3
2035,3,0,0
2035,4,0,0
2035,5,0,0
2035,6,0,0
2035,7,0,0
2035,8,0,0
2035,9,0,0
2035,10,0,0
2035,11,0,0
2035,12,0,0
2036,0,1,5
2036,1,1,7
2036,2,1,5
2036,3,1,4
2036,4,1,2
2036,5,1,4
2036,6,1,2
2036,7,1,1
2036,8,1,4
2036,9,1,5
2036,10,1,2
2036,11,1,2
2036,12,1,2
2037,0,1,3
2037,1,1,3
2037,2,1,3
2037,3,1,3
2037,4,1,1
2037,5,1,2
2037,6,1,4
2037,7,1,0
2037,8,1,5
2037,9,1,1
2037,10,1,4
2037,11,1,2
2037,12,1,4
2038,0,1,6
2038,1,1,4
2038,2,1,4
2038,3,1,3
2038,4,0,0
2038,5,0,0
2038,6,0,0
2038,7,0,0
2038,8,0,0
2038,9,0,0
2038,10,0,0
2038,11,0,0
2038,12,0,0
2039,0,1,4
2039,1,1,3
2039,2,1,3
2039,3,1,1
2039,4,1,2
2039,5,1,1
2039,6,1,1
2039,7,1,4
2039,8,0,0
2039,9,0,0
2039,10,0,0
2039,11,0,0
2039,12,0,0
2040,0,1,2
2040,1,1,3
2040,2,1,0
2040,3,1,8
2040,4,1,5
2040,5,1,2
2040,6,1,4
2040,7,1,5
2040,8,1,7
2040,9,1,2
2040,10,1,1
2040,11,1,2
2040,12,1,4
2041,0,1,5
2041,1,1,3
2041,2,1,6
2041,3,1,5
2041,4,0,0
2041,5,0,0
2041,6,0,0
2041,7,0,0
2041,8,0,0
2041,9,0,0
2041,10,0,0
2041,11,0,0
2041,12,0,0
2042,0,1,8
2042,1,1,1
2042,2,1,6
2042,3,0,0
2042,4,0,0
2042,5,0,0
2042,6,0,0
2042,7,0,0
2042,8,0,0
2042,9,0,0
2042,10,0,0
2042,11,0,0
2042,12,0,0
2043,0,1,4
2043,1,1,2
2043,2,1,3
2043,3,1,4
2043,4,1,3
2043,5,1,4
2043,6,1,2
2043,7,1,4
2043,8,1,5
2043,9,1,1
2043,10,1,7
2043,11,0,0
2043,12,0,0
2044,0,1,4
2044,1,1,1
2044,2,1,2
2044,3,1,1
2044,4,1,1
2044,5,1,4
2044,6,1,6
2044,7,1,3
2044,8,1,0
2044,9,1,2
2044,10,1,2
2044,11,0,0
2044,12,0,0
2045,0,1,5
2045,1,1,2
2045,2,1,2
2045,3,0,0
2045,4,0,0
2045,5,0,0
2045,6,0,0
2045,7,0,0
2045,8,0,0
2045,9,0,0
2045,10,0,0
2045,11,0,0
2045,12,0,0
2046,0,1,3
2046,1,1,3
2046,2,1,0
2046,3,1,5
2046,4,1,0
2046,5,1,3
2046,6,1,2
2046,7,1,3
2046,8,1,1
2046,9,1,1
2046,10,1,3
2046,11,1,2
2046,12,1,5
2047,0,1,7
2047,1,1,1
2047,2,1,1
2047,3,1,1
2047,4,1,0
2047,5,1,1
2047,6,1,4
2047,7,1,3
2047,8,1,2
2047,9,1,3
2047,10,1,2
2047,11,1,3
2047,12,1,2
2048,0,1,2
2048,1,1,4
2048,2,1,1
2048,3,1,4
2048,4,1,5
2048,5,1,7
2048,6,1,0
2048,7,1,2
2048,8,1,5
2048,9,1,1
2048,10,1,6
2048,11,1,6
2048,12,1,4
2049,0,1,6
2049,1,1,4
2049,2,0,0
2049,3,0,0
2049,4,0,0
2049,5,0,0
2049,6,0,0
2049,7,0,0
2049,8,0,0
2049,9,0,0
2049,10,0,0
2049,11,0,0
2049,12,0,0
2050,0,1,7
2050,1,1,3
2050,2,1,2
2050,3,1,0
2050,4,1,2
2050,5,1,3
2050,6,1,2
2050,7,1,2
2050,8,1,2
2050,9,1,4
2050,10,1,3
2050,11,1,4
2050,12,1,0
2051,0,1,8
2051,1,1,5
2051,2,0,0
2051,3,0,0
2051,4,0,0
2051,5,0,0
2051,6,0,0
2051,7,0,0
2051,8,0,0
2051,9,0,0
2051,10,0,0
2051,11,0,0
2051,12,0,0
2052,0,1,6
2052,1,1,6
2052,2,1,4
2052,3,0,0
2052,4,0,0
2052,5,0,0
2052,6,0,0
2052,7,0,0
2052,8,0,0
2052,9,0,0
2052,10,0,0
2052,11,0,0
2052,12,0,0
2053,0,1,4
2053,1,1,2
2053,2,0,0
2053,3,0,0
2053,4,0,0
2053,5,0,0
2053,6,0,0
2053,7,0,0
2053,8,0,0
2053,9,0,0
2053,10,0,0
2053,11,0,0
2053,12,0,0
2054,0,1,6
2054,1,1,3
2054,2,1,1
2054,3,1,2
2054,4,1,2
2054,5,1,3
2054,6,1,8
2054,7,0,0
2054,8,0,0
2054,9,0,0
2054,10,0,0
2054,11,0,0
2054,12,0,0
2055,0,1,3
2055,1,1,2
2055,2,1,0
2055,3,1,3
2055,4,1,1
2055,5,1,2
2055,6,1,3
2055,7,1,1
2055,8,1,2
2055,9,1,3
2055,10,1,3
2055,11,1,2
2055,12,1,3
2056,0,1,4
2056,1,1,4
2056,2,1,1
2056,3,0,0
2056,4,0,0
2056,5,0,0
2056,6,0,0
2056,7,0,0
2056,8,0,0
2056,9,0,0
2056,10,0,0
2056,11,0,0
2056,12,0,0
2057,0,1,7
2057,1,1,0
2057,2,1,4
2057,3,1,2
2057,4,1,6
2057,5,1,8
2057,6,1,5
2057,7,0,0
2057,8,0,0
2057,9,0,0
2057,10,0,0
2057,11,0,0
2057,12,0,0
2058,0,1,8
2058,1,1,3
2058,2,1,3
2058,3,1,3
2058,4,1,2
2058,5,1,2
2058,6,1,3
2058,7,1,2
2058,8,1,6
2058,9,1,0
2058,10,1,4
2058,11,1,3
2058,12,1,2
2059,0,1,7
2059,1,1,1
2059,2,1,3
2059,3,1,4
2059,4,1,3
2059,5,1,4
2059,6,0,0
2059,7,0,0
2059,8,0,0
2059,9,0,0
2059,10,0,0
2059,11,0,0
2059,12,0,0
2060,0,1,6
2060,1,1,1
2060,2,1,2
2060,3,1,6
2060,4,1,7
2060,5,1,1
2060,6,1,1
2060,7,1,1
2060,8,1,1
2060,9,0,0
2060,10,0,0
2060,11,0,0
2060,12,0,0
2061,0,1,6
2061,1,1,1
2061,2,0,0
2061,3,0,0
2061,4,0,0
2061,5,0,0
2061,6,0,0
2061,7,0,0
2061,8,0,0
2061,9,0,0
2061,10,0,0
2061,11,0,0
2061,12,0,0
2062,0,1,6
2062,1,1,4
2062,2,1,3
2062,3,1,5
2062,4,0,0
2062,5,0,0
2062,6,0,0
2062,7,0,0
2062,8,0,0
2062,9,0,0
2062,10,0,0
2062,11,0,0
2062,12,0,0
2063,0,1,4
2063,1,1,1
2063,2,1,4
2063,3,1,2
2063,4,1,3
2063,5,1,4
2063,6,1,3
2063,7,1,2
2063,8,1,1
2063,9,1,3
2063,10,0,0
2063,11,0,0
2063,12,0,0
2064,0,1,3
2064,1,1,3
2064,2,1,2
2064,3,1,2
2064,4,1,1
2064,5,1,2
2064,6,0,0
2064,7,0,0
2064,8,0,0
2064,9,0,0
2064,10,0,0
2064,11,0,0
2064,12,0,0
2065,0,1,7
2065,1,1,4
2065,2,1,2
2065,3,1,5
2065,4,1,3
2065,5,0,0
2065,6,0,0
2065,7,0,0
2065,8,0,0
2065,9,0,0
2065,10,0,0
2065,11,0,0
2065,12,0,0
2066,0,1,5
2066,1,1,2
2066,2,1,1
2066,3,1,1
2066,4,1,2
2066,5,1,6
2066,6,0,0
2066,7,0,0
2066,8,0,0
2066,9,0,0
2066,10,0,0
2066,11,0,0
2066,12,0,0
2067,0,1,3
2067,1,0,0
2067,2,0,0
2067,3,0,0
2067,4,0,0
2067,5,0,0
2067,6,0,0
2067,7,0,0
2067,8,0,0
2067,9,0,0
2067,10,0,0
2067,11,0,0
2067,12,0,0
2068,0,1,2
2068,1,1,3
2068,2,1,3
2068,3,1,1
2068,4,1,1
2068,5,1,2
2068,6,1,5
2068,7,1,2
2068,8,1,2
2068,9,1,2
2068,10,1,1
2068,11,0,0
2068,12,0,0
2069,0,1,5
2069,1,1,0
2069,2,0,0
2069,3,0,0
2069,4,0,0
2069,5,0,0
2069,6,0,0
2069,7,0,0
2069,8,0,0
2069,9,0,0
2069,10,0,0
2069,11,0,0
2069,12,0,0
2070,0,1,4
2070,1,1,3
2070,2,1,1
2070,3,1,3
2070,4,1,2
2070,5,1,0
2070,6,1,1
2070,7,1,3
2070,8,1,3
2070,9,1,5
2070,10,1,1
2070,11,1,1
2070,12,1,2
2071,0,1,9
2071,1,1,1
2071,2,1,3
2071,3,1,2
2071,4,1,0
2071,5,1,1
2071,6,1,2
2071,7,1,2
2071,8,1,4
2071,9,1,2
2071,10,1,0
2071,11,1,4
2071,12,1,1
2072,0,1,5
2072,1,1,3
2072,2,1,1
2072,3,1,4
2072,4,0,0
2072,5,0,0
2072,6,0,0
2072,7,0,0
2072,8,0,0
2072,9,0,0
2072,10,0,0
2072,11,0,0
2072,12,0,0
2073,0,1,5
2073,1,1,4
2073,2,0,0
2073,3,0,0
2073,4,0,0
2073,5,0,0
2073,6,0,0
2073,7,0,0
2073,8,0,0
2073,9,0,0
2073,10,0,0
2073,11,0,0
2073,12,0,0
2074,0,1,7
2074,1,1,5
2074,2,1,4
2074,3,1,1
2074,4,1,1
2074,5,1,4
2074,6,1,5
2074,7,1,3
2074,8,1,6
2074,9,1,1
2074,10,1,7
2074,11,1,2
2074,12,1,4
2075,0,1,7
2075,1,1,1
2075,2,1,1
2075,3,1,3
2075,4,1,2
2075,5,1,2
2075,6,1,2
2075,7,0,0
2075,8,0,0
2075,9,0,0
2075,10,0,0
2075,11,0,0
2075,12,0,0
2076,0,1,4
2076,1,1,4
2076,2,1,1
2076,3,1,3
2076,4,1,4
2076,5,1,3
2076,6,1,2
2076,7,1,2
2076,8,1,4
2076,9,1,2
2076,10,1,3
2076,11,1,1
2076,12,1,3
2077,0,1,4
2077,1,1,2
2077,2,1,4
2077,3,1,2
2077,4,1,1
2077,5,1,3
2077,6,1,2
2077,7,1,1
2077,8,1,4
2077,9,1,4
2077,10,0,0
2077,11,0,0
2077,12,0,0
2078,0,1,4
2078,1,1,3
2078,2,1,7
2078,3,1,0
2078,4,1,4
2078,5,1,4
2078,6,1,5
2078,7,1,2
2078,8,1,1
2078,9,1,2
2078,10,1,3
2078,11,1,2
2078,12,1,2
2079,0,1,4
2079,1,1,3
2079,2,1,3
2079,3,1,2
2079,4,0,0
2079,5,0,0
2079,6,0,0
2079,7,0,0
2079,8,0,0
2079,9,0,0
2079,10,0,0
2079,11,0,0
2079,12,0,0
2080,0,1,4
2080,1,1,2
2080,2,1,1
2080,3,1,6
2080,4,0,0
2080,5,0,0
2080,6,0,0
2080,7,0,0
2080,8,0,0
2080,9,0,0
2080,10,0,0
2080,11,0,0
2080,12,0,0
2081,0,1,3
2081,1,1,2
2081,2,1,3
2081,3,1,3
2081,4,1,8
2081,5,1,3
2081,6,1,3
2081,7,1,6
2081,8,1,7
2081,9,1,5
2081,10,1,2
2081,11,1,1
2081,12,1,3
2082,0,1,3
2082,1,0,0
2082,2,0,0
2082,3,0,0
2082,4,0,0
2082,5,0,0
2082,6,0,0
2082,7,0,0
2082,8,0,0
2082,9,0,0
2082,10,0,0
2082,11,0,0
2082,12,0,0
2083,0,1,6
2083,1,1,1
2083,2,1,3
2083,3,1,4
2083,4,1,1
2083,5,1,3
2083,6,1,4
2083,7,1,4
2083,8,1,1
2083,9,0,0
2083,10,0,0
2083,11,0,0
2083,12,0,0
2084,0,1,6
2084,1,1,6
2084,2,1,4
2084,3,1,2
2084,4,1,6
2084,5,1,1
2084,6,1,4
2084,7,0,0
2084,8,0,0
2084,9,0,0
2084,10,0,0
2084,11,0,0
2084,12,0,0
2085,0,1,4
2085,1,1,4
2085,2,0,0
2085,3,0,0
2085,4,0,0
2085,5,0,0
2085,6,0,0
2085,7,0,0
2085,8,0,0
2085,9,0,0
2085,10,0,0
2085,11,0,0
2085,12,0,0
2086,0,1,8
2086,1,1,2
2086,2,1,7
2086,3,1,5
2086,4,1,5
2086,5,1,2
2086,6,1,4
2086,7,1,5
2086,8,0,0
2086,9,0,0
2086,10,0,0
2086,11,0,0
2086,12,0,0
2087,0,1,8
2087,1,1,3
2087,2,1,3
2087,3,1,1
2087,4,1,3
2087,5,1,0
2087,6,1,4
2087,7,1,5
2087,8,1,5
2087,9,0,0
2087,10,0,0
2087,11,0,0
2087,12,0,0
2088,0,1,3
2088,1,1,1
2088,2,1,2
2088,3,1,5
2088,4,0,0
2088,5,0,0
2088,6,0,0
2088,7,0,0
2088,8,0,0
2088,9,0,0
2088,10,0,0
2088,11,0,0
2088,12,0,0
2089,0,1,2
2089,1,1,4
2089,2,1,1
2089,3,1,1
2089,4,1,1
2089,5,1,4
2089,6,1,3
2089,7,1,2
2089,8,1,2
2089,9,1,0
2089,10,1,1
2089,11,1,3
2089,12,1,3
2090,0,1,4
2090,1,1,3
2090,2,1,3
2090,3,1,2
2090,4,1,5
2090,5,1,2
2090,6,0,0
2090,7,0,0
2090,8,0,0
2090,9,0,0
2090,10,0,0
2090,11,0,0
2090,12,0,0
2091,0,1,3
2091,1,1,1
2091,2,1,3
2091,3,1,4
2091,4,1,1
2091,5,1,4
2091,6,1,5
2091,7,1,4
2091,8,1,2
2091,9,1,1
2091,10,1,4
2091,11,1,3
2091,12,1,2
2092,0,1,5
2092,1,1,4
2092,2,1,3
2092,3,1,2
2092,4,1,3
2092,5,1,6
2092,6,1,4
2092,7,1,5
2092,8,1,3
2092,9,1,4
2092,10,1,4
2092,11,1,5
2092,12,1,3
2093,0,1,6
2093,1,1,5
2093,2,1,2
2093,3,1,1
2093,4,1,2
2093,5,1,0
2093,6,1,2
2093,7,1,5
2093,8,1,3
2093,9,0,0
2093,10,0,0
2093,11,0,0
2093,12,0,0
2094,0,1,6
2094,1,1,3
2094,2,1,4
2094,3,1,4
2094,4,1,3
2094,5,1,6
2094,6,1,2
2094,7,1,6
2094,8,1,1
2094,9,1,0
2094,10,1,2
2094,11,1,2
2094,12,1,3
2095,0,1,6
2095,1,1,2
2095,2,1,3
2095,3,1,4
2095,4,1,2
2095,5,1,3
2095,6,1,2
2095,7,1,6
2095,8,1,5
2095,9,1,0
2095,10,1,2
2095,11,1,1
2095,12,1,2
2096,0,1,7
2096,1,1,3
2096,2,1,4
2096,3,1,2
2096,4,1,0
2096,5,1,8
2096,6,1,4
2096,7,1,4
2096,8,1,5
2096,9,1,4
2096,10,1,2
2096,11,1,1
2096,12,1,5
2097,0,1,6
2097,1,1,3
2097,2,1,5
2097,3,1,3
2097,4,1,1
2097,5,1,5
2097,6,1,3
2097,7,1,1
2097,8,1,2
2097,9,1,2
2097,10,1,0
2097,11,1,5
2097,12,1,3
2098,0,1,5
2098,1,1,0
2098,2,1,4
2098,3,1,2
2098,4,1,1
2098,5,1,4
2098,6,1,5
2098,7,1,5
2098,8,1,1
2098,9,0,0
2098,10,0,0
2098,11,0,0
2098,12,0,0
2099,0,1,4
2099,1,1,4
2099,2,1,5
2099,3,1,1
2099,4,1,3
2099,5,1,3
2099,6,1,6
2099,7,1,3
2099,8,1,3
2099,9,1,5
2099,10,1,3
2099,11,1,4
2099,12,1,1
2100,0,1,3
2100,1,1,1
2100,2,1,2
2100,3,0,0
2100,4,0,0
2100,5,0,0
2100,6,0,0
2100,7,0,0
2100,8,0,0
2100,9,0,0
2100,10,0,0
2100,11,0,0
2100,12,0,0
2101,0,1,7
2101,1,1,2
2101,2,1,3
2101,3,1,4
2101,4,1,0
2101,5,1,6
2101,6,1,3
2101,7,1,2
2101,8,1,2
2101,9,0,0
2101,10,0,0
2101,11,0,0
2101,12,0,0
2102,0,1,4
2102,1,1,8
2102,2,1,4
2102,3,1,4
2102,4,1,5
2102,5,1,5
2102,6,1,3
2102,7,1,7
2102,8,1,2
2102,9,1,2
2102,10,0,0
2102,11,0,0
2102,12,0,0
2103,0,1,3
2103,1,1,1
2103,2,1,6
2103,3,1,3
2103,4,1,0
2103,5,1,2
2103,6,1,0
2103,7,1,2
2103,8,1,4
2103,9,1,3
2103,10,1,4
2103,11,1,1
2103,12,1,6
2104,0,1,3
2104,1,1,1
2104,2,1,4
2104,3,1,6
2104,4,1,1
2104,5,0,0
2104,6,0,0
2104,7,0,0
2104,8,0,0
2104,9,0,0
2104,10,0,0
2104,11,0,0
2104,12,0,0
2105,0,1,1
2105,1,1,0
2105,2,1,2
2105,3,1,1
2105,4,1,2
2105,5,1,3
2105,6,1,2
2105,7,1,1
2105,8,1,2
2105,9,1,0
2105,10,1,1
2105,11,1,2
2105,12,1,1
2106,0,1,7
2106,1,1,2
2106,2,0,0
2106,3,0,0
2106,4,0,0
2106,5,0,0
2106,6,0,0
2106,7,0,0
2106,8,0,0
2106,9,0,0
2106,10,0,0
2106,11,0,0
2106,12,0,0
2107,0,1,6
2107,1,1,5
2107,2,1,5
2107,3,1,2
2107,4,0,0
2107,5,0,0
2107,6,0,0
2107,7,0,0
2107,8,0,0
2107,9,0,0
2107,10,0,0
2107,11,0,0
2107,12,0,0
2108,0,1,5
2108,1,1,2
2108,2,1,4
2108,3,1,2
2108,4,1,2
2108,5,1,6
2108,6,1,0
2108,7,1,5
2108,8,0,0
2108,9,0,0
2108,10,0,0
2108,11,0,0
2108,12,0,0
2109,0,1,6
2109,1,1,2
2109,2,1,6
2109,3,1,2
2109,4,1,5
2109,5,1,4
2109,6,1,8
2109,7,1,6
2109,8,1,7
2109,9,1,3
2109,10,1,5
2109,11,1,6
2109,12,1,9
2110,0,1,6
2110,1,1,1
2110,2,1,2
2110,3,0,0
2110,4,0,0
2110,5,0,0
2110,6,0,0
2110,7,0,0
2110,8,0,0
2110,9,0,0
2110,10,0,0
2110,11,0,0
2110,12,0,0
2111,0,1,5
2111,1,1,2
2111,2,1,3
2111,3,1,3
2111,4,1,2
2111,5,1,3
2111,6,1,5
2111,7,0,0
2111,8,0,0
2111,9,0,0
2111,10,0,0
2111,11,0,0
2111,12,0,0
2112,0,1,6
2112,1,1,5
2112,2,0,0
2112,3,0,0
2112,4,0,0
2112,5,0,0
2112,6,0,0
2112,7,0,0
2112,8,0,0
2112,9,0,0
2112,10,0,0
2112,11,0,0
2112,12,0,0
2113,0,1,6
2113,1,1,1
2113,2,1,3
2113,3,1,5
2113,4,1,3
2113,5,1,1
2113,6,1,4
2113,7,1,1
2113,8,1,6
2113,9,1,2
2113,10,1,6
2113,11,1,5
2113,12,1,1
2114,0,1,5
2114,1,1,4
2114,2,1,4
2114,3,1,2
2114,4,0,0
2114,5,0,0
2114,6,0,0
2114,7,0,0
2114,8,0,0
2114,9,0,0
2114,10,0,0
2114,11,0,0
2114,12,0,0
2115,0,1,8
2115,1,1,3
2115,2,1,3
2115,3,1,3
2115,4,1,3
2115,5,1,2
2115,6,1,3
2115,7,1,3
2115,8,1,2
2115,9,1,3
2115,10,1,5
2115,11,1,4
2115,12,1,0
2116,0,1,2
2116,1,1,5
2116,2,1,5
2116,3,1,8
2116,4,1,6
2116,5,1,3
2116,6,0,0
2116,7,0,0
2116,8,0,0
2116,9,0,0
2116,10,0,0
2116,11,0,0
2116,12,0,0
2117,0,1,2
2117,1,0,0
2117,2,0,0
2117,3,0,0
2117,4,0,0
2117,5,0,0
2117,6,0,0
2117,7,0,0
2117,8,0,0
2117,9,0,0
2117,10,0,0
2117,11,0,0
2117,12,0,0
2118,0,1,6
2118,1,0,0
2118,2,0,0
2118,3,0,0
2118,4,0,0
2118,5,0,0
2118,6,0,0
2118,7,0,0
2118,8,0,0
2118,9,0,0
2118,10,0,0
2118,11,0,0
2118,12,0,0
2119,0,1,5
2119,1,1,0
2119,2,1,1
2119,3,0,0
2119,4,0,0
2119,5,0,0
2119,6,0,0
2119,7,0,0
2119,8,0,0
2119,9,0,0
2119,10,0,0
2119,11,0,0
2119,12,0,0
2120,0,1,1
2120,1,1,6
2120,2,1,7
2120,3,1,4
2120,4,1,6
2120,5,1,3
2120,6,1,5
2120,7,1,7
2120,8,1,2
2120,9,1,0
2120,10,1,4
2120,11,1,2
2120,12,0,0
2121,0,1,2
2121,1,1,0
2121,2,1,3
2121,3,1,1
2121,4,1,4
2121,5,1,3
2121,6,1,2
2121,7,1,2
2121,8,1,3
2121,9,1,0
2121,10,1,0
2121,11,1,2
2121,12,1,2
2122,0,1,2
2122,1,1,3
2122,2,0,0
2122,3,0,0
2122,4,0,0
2122,5,0,0
2122,6,0,0
2122,7,0,0
2122,8,0,0
2122,9,0,0
2122,10,0,0
2122,11,0,0
2122,12,0,0
2123,0,1,4
2123,1,1,3
2123,2,1,2
2123,3,1,3
2123,4,1,1
2123,5,1,1
2123,6,1,3
2123,7,1,1
2123,8,0,0
2123,9,0,0
2123,10,0,0
2123,11,0,0
2123,12,0,0
2124,0,1,6
2124,1,1,5
2124,2,1,4
2124,3,1,4
2124,4,1,6
2124,5,1,3
2124,6,1,2
2124,7,1,4
2124,8,1,7
2124,9,1,5
2124,10,1,2
2124,11,0,0
2124,12,0,0
2125,0,1,2
2125,1,1,2
2125,2,1,1
2125,3,1,2
2125,4,1,3
2125,5,1,4
2125,6,0,0
2125,7,0,0
2125,8,0,0
2125,9,0,0
2125,10,0,0
2125,11,0,0
2125,12,0,0
2126,0,1,5
2126,1,1,1
2126,2,1,5
2126,3,1,3
2126,4,0,0
2126,5,0,0
2126,6,0,0
2126,7,0,0
2126,8,0,0
2126,9,0,0
2126,10,0,0
2126,11,0,0
2126,12,0,0
2127,0,1,3
2127,1,1,4
2127,2,1,4
2127,3,1,1
2127,4,1,3
2127,5,1,1
2127,6,1,5
2127,7,1,3
2127,8,1,6
2127,9,1,8
2127,10,1,7
2127,11,1,3
2127,12,1,3
2128,0,1,7
2128,1,1,4
2128,2,0,0
2128,3,0,0
2128,4,0,0
2128,5,0,0
2128,6,0,0
2128,7,0,0
2128,8,0,0
2128,9,0,0
2128,10,0,0
2128,11,0,0
2128,12,0,0
2129,0,1,7
2129,1,1,2
2129,2,1,1
2129,3,1,6
2129,4,1,3
2129,5,1,6
2129,6,1,4
2129,7,1,4
2129,8,1,1
2129,9,1,4
2129,10,1,3
2129,11,1,1
2129,12,1,2
2130,0,1,5
2130,1,1,4
2130,2,1,2
2130,3,1,4
2130,4,1,1
2130,5,1,1
2130,6,1,4
2130,7,1,3
2130,8,0,0
2130,9,0,0
2130,10,0,0
2130,11,0,0
2130,12,0,0
2131,0,1,5
2131,1,1,2
2131,2,1,6
2131,3,1,7
2131,4,1,4
2131,5,1,1
2131,6,1,5
2131,7,1,5
2131,8,1,3
2131,9,1,5
2131,10,1,2
2131,11,1,5
2131,12,1,4
2132,0,1,7
2132,1,1,1
2132,2,1,0
2132,3,1,4
2132,4,1,3
2132,5,1,2
2132,6,0,0
2132,7,0,0
2132,8,0,0
2132,9,0,0
2132,10,0,0
2132,11,0,0
2132,12,0,0
2133,0,1,4
2133,1,1,2
2133,2,0,0
2133,3,0,0
2133,4,0,0
2133,5,0,0
2133,6,0,0
2133,7,0,0
2133,8,0,0
2133,9,0,0
2133,10,0,0
2133,11,0,0
2133,12,0,0
2134,0,1,2
2134,1,1,3
2134,2,1,6
2134,3,1,4
2134,4,1,3
2134,5,0,0
2134,6,0,0
2134,7,0,0
2134,8,0,0
2134,9,0,0
2134,10,0,0
2134,11,0,0
2134,12,0,0
2135,0,1,8
2135,1,1,3
2135,2,1,2
2135,3,1,3
2135,4,1,3
2135,5,1,1
2135,6,1,5
2135,7,1,1
2135,8,1,2
2135,9,1,0
2135,10,1,1
2135,11,1,3
2135,12,1,5
2136,0,1,9
2136,1,0,0
2136,2,0,0
2136,3,0,0
2136,4,0,0
2136,5,0,0
2136,6,0,0
2136,7,0,0
2136,8,0,0
2136,9,0,0
2136,10,0,0
2136,11,0,0
2136,12,0,0
2137,0,1,6
2137,1,1,4
2137,2,1,2
2137,3,1,5
2137,4,1,3
2137,5,1,6
2137,6,0,0
2137,7,0,0
2137,8,0,0
2137,9,0,0
2137,10,0,0
2137,11,0,0
2137,12,0,0
2138,0,1,6
2138,1,1,2
2138,2,1,1
2138,3,1,5
2138,4,1,2
2138,5,1,2
2138,6,1,0
2138,7,1,2
2138,8,1,1
2138,9,1,0
2138,10,1,1
2138,11,1,0
2138,12,1,2
2139,0,1,6
2139,1,1,1
2139,2,1,5
2139,3,0,0
2139,4,0,0
2139,5,0,0
2139,6,0,0
2139,7,0,0
2139,8,0,0
2139,9,0,0
2139,10,0,0
2139,11,0,0
2139,12,0,0
2140,0,1,1
2140,1,0,0
2140,2,0,0
2140,3,0,0
2140,4,0,0
2140,5,0,0
2140,6,0,0
2140,7,0,0
2140,8,0,0
2140,9,0,0
2140,10,0,0
2140,11,0,0
2140,12,0,0
2141,0,1,3
2141,1,1,3
2141,2,1,3
2141,3,1,0
2141,4,1,5
2141,5,1,4
2141,6,1,5
2141,7,1,5
2141,8,1,3
2141,9,1,3
2141,10,1,3
2141,11,1,3
2141,12,1,0
2142,0,1,6
2142,1,1,5
2142,2,0,0
2142,3,0,0
2142,4,0,0
2142,5,0,0
2142,6,0,0
2142,7,0,0
2142,8,0,0
2142,9,0,0
2142,10,0,0
2142,11,0,0
2142,12,0,0
2143,0,1,4
2143,1,1,6
2143,2,1,4
2143,3,1,2
2143,4,1,3
2143,5,1,2
2143,6,1,1
2143,7,1,4
2143,8,1,3
2143,9,1,5
2143,10,1,4
2143,11,1,7
2143,12,1,2
2144,0,1,2
2144,1,1,5
2144,2,1,8
2144,3,0,0
2144,4,0,0
2144,5,0,0
2144,6,0,0
2144,7,0,0
2144,8,0,0
2144,9,0,0
2144,10,0,0
2144,11,0,0
2144,12,0,0
2145,0,1,7
2145,1,1,8
2145,2,1,5
2145,3,1,2
2145,4,1,4
2145,5,1,4
2145,6,1,5
2145,7,1,2
2145,8,1,5
2145,9,1,2
2145,10,1,6
2145,11,1,2
2145,12,1,4
2146,0,1,6
2146,1,1,1
2146,2,1,3
2146,3,1,5
2146,4,1,2
2146,5,1,1
2146,6,1,1
2146,7,1,2
2146,8,1,2
2146,9,1,3
2146,10,1,0
2146,11,1,1
2146,12,1,0
2147,0,1,5
2147,1,1,1
2147,2,1,1
2147,3,1,4
2147,4,1,0
2147,5,1,1
2147,6,1,2
2147,7,1,0
2147,8,1,0
2147,9,1,3
2147,10,1,2
2147,11,1,2
2147,12,1,6
2148,0,1,6
2148,1,1,4
2148,2,1,8
2148,3,1,2
2148,4,1,4
2148,5,1,9
2148,6,1,1
2148,7,1,2
2148,8,1,5
2148,9,1,4
2148,10,1,3
2148,11,1,2
2148,12,1,2
2149,0,1,4
2149,1,1,3
2149,2,1,2
2149,3,1,8
2149,4,0,0
2149,5,0,0
2149,6,0,0
2149,7,0,0
2149,8,0,0
2149,9,0,0
2149,10,0,0
2149,11,0,0
2149,12,0,0
2150,0,1,7
2150,1,1,2
2150,2,1,4
2150,3,1,3
2150,4,1,1
2150,5,1,2
2150,6,1,0
2150,7,1,1
2150,8,1,2
2150,9,0,0
2150,10,0,0
2150,11,0,0
2150,12,0,0
2151,0,1,5
2151,1,1,1
2151,2,1,4
2151,3,0,0
2151,4,0,0
2151,5,0,0
2151,6,0,0
2151,7,0,0
2151,8,0,0
2151,9,0,0
2151,10,0,0
2151,11,0,0
2151,12,0,0
2152,0,1,5
2152,1,1,1
2152,2,1,1
2152,3,1,2
2152,4,1,5
2152,5,1,1
2152,6,1,3
2152,7,1,4
2152,8,1,4
2152,9,0,0
2152,10,0,0
2152,11,0,0
2152,12,0,0
2153,0,1,7
2153,1,1,1
2153,2,1,3
2153,3,1,5
2153,4,1,3
2153,5,1,4
2153,6,1,5
2153,7,1,1
2153,8,1,5
2153,9,1,5
2153,10,1,6
2153,11,1,6
2153,12,1,3
2154,0,1,4
2154,1,0,0
2154,2,0,0
2154,3,0,0
2154,4,0,0
2154,5,0,0
2154,6,0,0
2154,7,0,0
2154,8,0,0
2154,9,0,0
2154,10,0,0
2154,11,0,0
2154,12,0,0
2155,0,1,3
2155,1,1,0
2155,2,1,1
2155,3,1,0
2155,4,1,1
2155,5,1,4
2155,6,1,2
2155,7,1,2
2155,8,1,3
2155,9,1,3
2155,10,1,6
2155,11,1,5
2155,12,1,1
2156,0,1,6
2156,1,1,5
2156,2,1,5
2156,3,1,4
2156,4,1,5
2156,5,1,2
2156,6,1,1
2156,7,1,5
2156,8,1,0
2156,9,1,4
2156,10,1,3
2156,11,1,2
2156,12,1,4
2157,0,1,3
2157,1,1,3
2157,2,1,1
2157,3,1,2
2157,4,1,3
2157,5,1,2
2157,6,1,4
2157,7,1,2
2157,8,1,1
2157,9,1,2
2157,10,1,1
2157,11,1,7
2157,12,1,2
2158,0,1,6
2158,1,1,5
2158,2,1,8
2158,3,1,2
2158,4,1,2
2158,5,0,0
2158,6,0,0
2158,7,0,0
2158,8,0,0
2158,9,0,0
2158,10,0,0
2158,11,0,0
2158,12,0,0
2159,0,1,6
2159,1,0,0
2159,2,0,0
2159,3,0,0
2159,4,0,0
2159,5,0,0
2159,6,0,0
2159,7,0,0
2159,8,0,0
2159,9,0,0
2159,10,0,0
2159,11,0,0
2159,12,0,0
2160,0,1,6
2160,1,1,6
2160,2,1,2
2160,3,1,0
2160,4,1,2
2160,5,1,1
2160,6,1,1
2160,7,1,3
2160,8,1,0
2160,9,1,2
2160,10,1,3
2160,11,1,1
2160,12,1,0
2161,0,1,5
2161,1,1,13
2161,2,1,3
2161,3,1,4
2161,4,1,3
2161,5,1,7
2161,6,1,0
2161,7,1,5
2161,8,1,2
2161,9,1,0
2161,10,1,3
2161,11,1,4
2161,12,1,3
2162,0,1,2
2162,1,1,2
2162,2,1,3
2162,3,1,5
2162,4,1,3
2162,5,1,3
2162,6,1,0
2162,7,1,4
2162,8,1,9
2162,9,1,5
2162,10,1,3
2162,11,1,4
2162,12,1,5
2163,0,1,1
2163,1,1,3
2163,2,1,8
2163,3,1,3
2163,4,1,1
2163,5,1,1
2163,6,1,3
2163,7,1,3
2163,8,1,0
2163,9,1,1
2163,10,0,0
2163,11,0,0
2163,12,0,0
2164,0,1,4
2164,1,1,4
2164,2,1,3
2164,3,1,1
2164,4,1,1
2164,5,1,7
2164,6,1,4
2164,7,1,4
2164,8,1,7
2164,9,1,3
2164,10,1,7
2164,11,1,4
2164,12,1,3
2165,0,1,11
2165,1,1,1
2165,2,1,1
2165,3,1,4
2165,4,1,6
2165,5,1,1
2165,6,1,2
2165,7,1,2
2165,8,1,3
2165,9,1,1
2165,10,1,2
2165,11,1,6
2165,12,1,2
2166,0,1,8
2166,1,0,0
2166,2,0,0
2166,3,0,0
2166,4,0,0
2166,5,0,0
2166,6,0,0
2166,7,0,0
2166,8,0,0
2166,9,0,0
2166,10,0,0
2166,11,0,0
2166,12,0,0
2167,0,1,5
2167,1,1,1
2167,2,1,4
2167,3,1,4
2167,4,1,4
2167,5,1,4
2167,6,1,4
2167,7,1,6
2167,8,0,0
2167,9,0,0
2167,10,0,0
2167,11,0,0
2167,12,0,0
2168,0,1,4
2168,1,1,1
2168,2,1,3
2168,3,1,3
2168,4,1,2
2168,5,1,1
2168,6,1,3
2168,7,1,5
2168,8,1,2
2168,9,1,1
2168,10,1,2
2168,11,0,0
2168,12,0,0
2169,0,1,7
2169,1,1,0
2169,2,1,4
2169,3,1,1
2169,4,0,0
2169,5,0,0
2169,6,0,0
2169,7,0,0
2169,8,0,0
2169,9,0,0
2169,10,0,0
2169,11,0,0
2169,12,0,0
2170,0,1,5
2170,1,1,2
2170,2,1,2
2170,3,1,2
2170,4,1,2
2170,5,1,2
2170,6,1,0
2170,7,1,3
2170,8,1,4
2170,9,1,4
2170,10,1,6
2170,11,1,1
2170,12,1,2
2171,0,1,2
2171,1,1,4
2171,2,1,6
2171,3,1,2
2171,4,1,3
2171,5,1,5
2171,6,1,3
2171,7,1,0
2171,8,1,1
2171,9,1,4
2171,10,0,0
2171,11,0,0
2171,12,0,0
2172,0,1,6
2172,1,1,7
2172,2,1,3
2172,3,1,4
2172,4,1,6
2172,5,1,6
2172,6,1,2
2172,7,1,3
2172,8,1,2
2172,9,1,5
2172,10,1,1
2172,11,1,3
2172,12,1,3
2173,0,1,6
2173,1,1,3
2173,2,1,4
2173,3,1,6
2173,4,0,0
2173,5,0,0
2173,6,0,0
2173,7,0,0
2173,8,0,0
2173,9,0,0
2173,10,0,0
2173,11,0,0
2173,12,0,0
2174,0,1,3
2174,1,1,5
2174,2,1,4
2174,3,1,4
2174,4,1,4
2174,5,1,4
2174,6,1,8
2174,7,1,6
2174,8,1,2
2174,9,1,3
2174,10,1,3
2174,11,0,0
2174,12,0,0
2175,0,1,3
2175,1,1,1
2175,2,1,5
2175,3,1,3
2175,4,1,2
2175,5,1,3
2175,6,1,3
2175,7,1,2
2175,8,1,3
2175,9,1,2
2175,10,1,2
2175,11,0,0
2175,12,0,0
2176,0,1,5
2176,1,1,5
2176,2,1,1
2176,3,1,2
2176,4,1,2
2176,5,1,5
2176,6,0,0
2176,7,0,0
2176,8,0,0
2176,9,0,0
2176,10,0,0
2176,11,0,0
2176,12,0,0
2177,0,1,6
2177,1,1,2
2177,2,1,2
2177,3,1,2
2177,4,1,5
2177,5,1,5
2177,6,1,5
2177,7,0,0
2177,8,0,0
2177,9,0,0
2177,10,0,0
2177,11,0,0
2177,12,0,0
2178,0,1,4
2178,1,1,2
2178,2,1,3
2178,3,1,1
2178,4,1,1
2178,5,1,3
2178,6,1,2
2178,7,1,2
2178,8,0,0
2178,9,0,0
2178,10,0,0
2178,11,0,0
2178,12,0,0
2179,0,1,5
2179,1,1,3
2179,2,1,2
2179,3,1,1
2179,4,1,4
2179,5,1,5
2179,6,1,4
2179,7,1,2
2179,8,1,5
2179,9,1,6
2179,10,1,3
2179,11,1,5
2179,12,1,4
2180,0,1,6
2180,1,1,1
2180,2,1,4
2180,3,1,4
2180,4,1,3
2180,5,1,2
2180,6,1,3
2180,7,1,0
2180,8,1,2
2180,9,1,2
2180,10,1,2
2180,11,1,2
2180,12,1,2
2181,0,1,2
2181,1,1,3
2181,2,1,3
2181,3,0,0
2181,4,0,0
2181,5,0,0
2181,6,0,0
2181,7,0,0
2181,8,0,0
2181,9,0,0
2181,10,0,0
2181,11,0,0
2181,12,0,0
2182,0,1,5
2182,1,1,7
2182,2,1,1
2182,3,0,0
2182,4,0,0
2182,5,0,0
2182,6,0,0
2182,7,0,0
2182,8,0,0
2182,9,0,0
2182,10,0,0
2182,11,0,0
2182,12,0,0
2183,0,1,4
2183,1,1,0
2183,2,1,6
2183,3,1,5
2183,4,1,4
2183,5,1,4
2183,6,1,2
2183,7,1,1
2183,8,1,4
2183,9,1,4
2183,10,1,3
2183,11,1,6
2183,12,1,4
2184,0,1,7
2184,1,1,6
2184,2,0,0
2184,3,0,0
2184,4,0,0
2184,5,0,0
2184,6,0,0
2184,7,0,0
2184,8,0,0
2184,9,0,0
2184,10,0,0
2184,11,0,0
2184,12,0,0
2185,0,1,6
2185,1,1,2
2185,2,0,0
2185,3,0,0
2185,4,0,0
2185,5,0,0
2185,6,0,0
2185,7,0,0
2185,8,0,0
2185,9,0,0
2185,10,0,0
2185,11,0,0
2185,12,0,0
2186,0,1,6
2186,1,1,5
2186,2,1,3
2186,3,1,3
2186,4,1,1
2186,5,1,1
2186,6,1,4
2186,7,1,6
2186,8,1,3
2186,9,1,6
2186,10,1,3
2186,11,1,2
2186,12,1,2
2187,0,1,7
2187,1,1,3
2187,2,1,2
2187,3,1,6
2187,4,1,3
2187,5,1,5
2187,6,1,3
2187,7,0,0
2187,8,0,0
2187,9,0,0
2187,10,0,0
2187,11,0,0
2187,12,0,0
2188,0,1,5
2188,1,1,6
2188,2,1,4
2188,3,1,6
2188,4,0,0
2188,5,0,0
2188,6,0,0
2188,7,0,0
2188,8,0,0
2188,9,0,0
2188,10,0,0
2188,11,0,0
2188,12,0,0
2189,0,1,6
2189,1,1,0
2189,2,1,5
2189,3,1,5
2189,4,1,1
2189,5,1,0
2189,6,1,4
2189,7,1,3
2189,8,1,3
2189,9,1,1
2189,10,1,2
2189,11,1,2
2189,12,1,3
2190,0,1,4
2190,1,1,3
2190,2,1,4
2190,3,1,2
2190,4,1,7
2190,5,1,2
2190,6,1,1
2190,7,1,2
2190,8,1,2
2190,9,1,5
2190,10,1,5
2190,11,0,0
2190,12,0,0
2191,0,1,11
2191,1,1,3
2191,2,1,3
2191,3,1,1
2191,4,1,4
2191,5,1,0
2191,6,1,2
2191,7,1,3
2191,8,1,4
2191,9,0,0
2191,10,0,0
2191,11,0,0
2191,12,0,0
2192,0,1,5
2192,1,1,3
2192,2,1,3
2192,3,1,6
2192,4,1,3
2192,5,1,5
2192,6,1,0
2192,7,1,3
2192,8,0,0
2192,9,0,0
2192,10,0,0
2192,11,0,0
2192,12,0,0
2193,0,1,2
2193,1,1,3
2193,2,1,5
2193,3,1,2
2193,4,1,5
2193,5,1,3
2193,6,1,1
2193,7,1,0
2193,8,1,3
2193,9,1,2
2193,10,1,0
2193,11,1,3
2193,12,1,4
2194,0,1,3
2194,1,1,2
2194,2,1,2
2194,3,1,0
2194,4,1,0
2194,5,1,1
2194,6,1,1
2194,7,1,3
2194,8,1,1
2194,9,1,3
2194,10,1,1
2194,11,1,0
2194,12,1,1
2195,0,1,4
2195,1,1,1
2195,2,1,4
2195,3,1,3
2195,4,1,2
2195,5,1,4
2195,6,1,1
2195,7,1,7
2195,8,1,5
2195,9,1,4
2195,10,1,3
2195,11,1,2
2195,12,1,5
2196,0,1,5
2196,1,1,7
2196,2,1,2
2196,3,1,2
2196,4,1,9
2196,5,1,6
2196,6,1,3
2196,7,0,0
2196,8,0,0
2196,9,0,0
2196,10,0,0
2196,11,0,0
2196,12,0,0
2197,0,1,8
2197,1,1,2
2197,2,1,4
2197,3,1,1
2197,4,1,6
2197,5,1,4
2197,6,1,9
2197,7,1,9
2197,8,1,2
2197,9,1,6
2197,10,1,2
2197,11,0,0
2197,12,0,0
2198,0,1,2
2198,1,1,8
2198,2,0,0
2198,3,0,0
2198,4,0,0
2198,5,0,0
2198,6,0,0
2198,7,0,0
2198,8,0,0
2198,9,0,0
2198,10,0,0
2198,11,0,0
2198,12,0,0
2199,0,1,5
2199,1,1,2
2199,2,1,1
2199,3,0,0
2199,4,0,0
2199,5,0,0
2199,6,0,0
2199,7,0,0
2199,8,0,0
2199,9,0,0
2199,10,0,0
2199,11,0,0
2199,12,0,0
2200,0,1,5
2200,1,1,2
2200,2,1,0
2200,3,1,1
2200,4,1,1
2200,5,1,2
2200,6,1,4
2200,7,1,3
2200,8,1,5
2200,9,1,2
2200,10,1,3
2200,11,1,3
2200,12,1,2
2201,0,1,5
2201,1,1,2
2201,2,1,2
2201,3,1,2
2201,4,1,2
2201,5,1,5
2201,6,1,3
2201,7,0,0
2201,8,0,0
2201,9,0,0
2201,10,0,0
2201,11,0,0
2201,12,0,0
2202,0,1,5
2202,1,0,0
2202,2,0,0
2202,3,0,0
2202,4,0,0
2202,5,0,0
2202,6,0,0
2202,7,0,0
2202,8,0,0
2202,9,0,0
2202,10,0,0
2202,11,0,0
2202,12,0,0
2203,0,1,4
2203,1,1,1
2203,2,0,0
2203,3,0,0
2203,4,0,0
2203,5,0,0
2203,6,0,0
2203,7,0,0
2203,8,0,0
2203,9,0,0
2203,10,0,0
2203,11,0,0
2203,12,0,0
2204,0,1,6
2204,1,1,7
2204,2,1,5
2204,3,1,6
2204,4,1,3
2204,5,1,3
2204,6,1,2
2204,7,1,6
2204,8,1,6
2204,9,1,6
2204,10,0,0
2204,11,0,0
2204,12,0,0
2205,0,1,2
2205,1,1,2
2205,2,0,0
2205,3,0,0
2205,4,0,0
2205,5,0,0
2205,6,0,0
2205,7,0,0
2205,8,0,0
2205,9,0,0
2205,10,0,0
2205,11,0,0
2205,12,0,0
2206,0,1,5
2206,1,1,0
2206,2,1,2
2206,3,1,3
2206,4,1,1
2206,5,1,2
2206,6,1,2
2206,7,0,0
2206,8,0,0
2206,9,0,0
2206,10,0,0
2206,11,0,0
2206,12,0,0
2207,0,1,6
2207,1,1,3
2207,2,1,3
2207,3,0,0
2207,4,0,0
2207,5,0,0
2207,6,0,0
2207,7,0,0
2207,8,0,0
2207,9,0,0
2207,10,0,0
2207,11,0,0
2207,12,0,0
2208,0,1,6
2208,1,1,2
2208,2,0,0
2208,3,0,0
2208,4,0,0
2208,5,0,0
2208,6,0,0
2208,7,0,0
2208,8,0,0
2208,9,0,0
2208,10,0,0
2208,11,0,0
2208,12,0,0
2209,0,1,4
2209,1,1,5
2209,2,1,4
2209,3,1,5
2209,4,1,2
2209,5,1,0
2209,6,1,4
2209,7,1,4
2209,8,1,4
2209,9,1,3
2209,10,1,6
2209,11,1,4
2209,12,1,3
2210,0,1,4
2210,1,1,2
2210,2,1,4
2210,3,1,7
2210,4,1,4
2210,5,0,0
2210,6,0,0
2210,7,0,0
2210,8,0,0
2210,9,0,0
2210,10,0,0
2210,11,0,0
2210,12,0,0
2211,0,1,5
2211,1,1,4
2211,2,1,3
2211,3,1,2
2211,4,0,0
2211,5,0,0
2211,6,0,0
2211,7,0,0
2211,8,0,0
2211,9,0,0
2211,10,0,0
2211,11,0,0
2211,12,0,0
2212,0,1,2
2212,1,1,8
2212,2,1,2
2212,3,1,3
2212,4,1,5
2212,5,1,2
2212,6,1,7
2212,7,1,5
2212,8,1,1
2212,9,0,0
2212,10,0,0
2212,11,0,0
2212,12,0,0
2213,0,1,5
2213,1,1,2
2213,2,1,3
2213,3,1,2
2213,4,1,3
2213,5,1,1
2213,6,1,1
2213,7,0,0
2213,8,0,0
2213,9,0,0
2213,10,0,0
2213,11,0,0
2213,12,0,0
2214,0,1,1
2214,1,1,4
2214,2,0,0
2214,3,0,0
2214,4,0,0
2214,5,0,0
2214,6,0,0
2214,7,0,0
2214,8,0,0
2214,9,0,0
2214,10,0,0
2214,11,0,0
2214,12,0,0
2215,0,1,5
2215,1,1,5
2215,2,1,1
2215,3,1,0
2215,4,1,3
2215,5,1,2
2215,6,1,5
2215,7,1,2
2215,8,1,2
2215,9,1,3
2215,10,1,1
2215,11,1,3
2215,12,1,2
2216,0,1,5
2216,1,1,3
2216,2,0,0
2216,3,0,0
2216,4,0,0
2216,5,0,0
2216,6,0,0
2216,7,0,0
2216,8,0,0
2216,9,0,0
2216,10,0,0
2216,11,0,0
2216,12,0,0
2217,0,1,4
2217,1,1,6
2217,2,1,3
2217,3,1,3
2217,4,1,3
2217,5,1,4
2217,6,1,3
2217,7,1,4
2217,8,1,6
2217,9,1,5
2217,10,1,4
2217,11,1,3
2217,12,1,1
2218,0,1,7
2218,1,0,0
2218,2,0,0
2218,3,0,0
2218,4,0,0
2218,5,0,0
2218,6,0,0
2218,7,0,0
2218,8,0,0
2218,9,0,0
2218,10,0,0
2218,11,0,0
2218,12,0,0
2219,0,1,5
2219,1,0,0
2219,2,0,0
2219,3,0,0
2219,4,0,0
2219,5,0,0
2219,6,0,0
2219,7,0,0
2219,8,0,0
2219,9,0,0
2219,10,0,0
2219,11,0,0
2219,12,0,0
2220,0,1,7
2220,1,1,3
2220,2,0,0
2220,3,0,0
2220,4,0,0
2220,5,0,0
2220,6,0,0
2220,7,0,0
2220,8,0,0
2220,9,0,0
2220,10,0,0
2220,11,0,0
2220,12,0,0
2221,0,1,4
2221,1,1,6
2221,2,1,4
2221,3,1,3
2221,4,1,1
2221,5,1,4
2221,6,1,3
2221,7,1,6
2221,8,1,4
2221,9,1,3
2221,10,1,3
2221,11,1,4
2221,12,1,0
2222,0,1,4
2222,1,1,1
2222,2,1,5
2222,3,1,6
2222,4,1,4
2222,5,1,3
2222,6,0,0
2222,7,0,0
2222,8,0,0
2222,9,0,0
2222,10,0,0
2222,11,0,0
2222,12,0,0
2223,0,1,9
2223,1,1,6
2223,2,1,3
2223,3,0,0
2223,4,0,0
2223,5,0,0
2223,6,0,0
2223,7,0,0
2223,8,0,0
2223,9,0,0
2223,10,0,0
2223,11,0,0
2223,12,0,0
2224,0,1,5
2224,1,1,3
2224,2,1,3
2224,3,1,3
2224,4,1,3
2224,5,1,5
2224,6,1,5
2224,7,1,5
2224,8,0,0
2224,9,0,0
2224,10,0,0
2224,11,0,0
2224,12,0,0
2225,0,1,4
2225,1,1,2
2225,2,1,4
2225,3,1,5
2225,4,1,2
2225,5,1,4
2225,6,1,4
2225,7,1,2
2225,8,1,4
2225,9,1,6
2225,10,1,4
2225,11,1,2
2225,12,1,2
2226,0,1,6
2226,1,1,3
2226,2,1,4
2226,3,0,0
2226,4,0,0
2226,5,0,0
2226,6,0,0
2226,7,0,0
2226,8,0,0
2226,9,0,0
2226,10,0,0
2226,11,0,0
2226,12,0,0
2227,0,1,6
2227,1,1,3
2227,2,1,0
2227,3,0,0
2227,4,0,0
2227,5,0,0
2227,6,0,0
2227,7,0,0
2227,8,0,0
2227,9,0,0
2227,10,0,0
2227,11,0,0
2227,12,0,0
2228,0,1,8
2228,1,1,2
2228,2,1,1
2228,3,1,1
2228,4,1,1
2228,5,1,3
2228,6,1,2
2228,7,1,4
2228,8,1,2
2228,9,1,2
2228,10,1,2
2228,11,1,3
2228,12,1,2
2229,0,1,3
2229,1,0,0
2229,2,0,0
2229,3,0,0
2229,4,0,0
2229,5,0,0
2229,6,0,0
2229,7,0,0
2229,8,0,0
2229,9,0,0
2229,10,0,0
2229,11,0,0
2229,12,0,0
2230,0,1,3
2230,1,1,0
2230,2,1,3
2230,3,1,1
2230,4,1,0
2230,5,1,4
2230,6,1,5
2230,7,1,2
2230,8,1,7
2230,9,1,0
2230,10,1,3
2230,11,1,2
2230,12,1,2
2231,0,1,5
2231,1,1,1
2231,2,1,1
2231,3,1,4
2231,4,1,2
2231,5,1,1
2231,6,1,2
2231,7,1,3
2231,8,1,2
2231,9,1,4
2231,10,1,2
2231,11,1,3
2231,12,1,3
2232,0,1,2
2232,1,1,4
2232,2,1,1
2232,3,1,2
2232,4,1,5
2232,5,1,5
2232,6,1,2
2232,7,1,9
2232,8,1,8
2232,9,1,1
2232,10,1,2
2232,11,1,6
2232,12,0,0
2233,0,1,9
2233,1,1,0
2233,2,1,0
2233,3,1,7
2233,4,1,0
2233,5,1,2
2233,6,1,3
2233,7,1,1
2233,8,1,4
2233,9,1,0
2233,10,0,0
2233,11,0,0
2233,12,0,0
2234,0,1,3
2234,1,1,4
2234,2,1,3
2234,3,1,3
2234,4,0,0
2234,5,0,0
2234,6,0,0
2234,7,0,0
2234,8,0,0
2234,9,0,0
2234,10,0,0
2234,11,0,0
2234,12,0,0
2235,0,1,7
2235,1,1,5
2235,2,1,2
2235,3,1,4
2235,4,1,0
2235,5,1,2
2235,6,1,6
2235,7,1,5
2235,8,1,3
2235,9,1,3
2235,10,1,5
2235,11,1,4
2235,12,1,3
2236,0,1,4
2236,1,0,0
2236,2,0,0
2236,3,0,0
2236,4,0,0
2236,5,0,0
2236,6,0,0
2236,7,0,0
2236,8,0,0
2236,9,0,0
2236,10,0,0
2236,11,0,0
2236,12,0,0
2237,0,1,5
2237,1,1,2
2237,2,1,1
2237,3,1,1
2237,4,1,3
2237,5,1,2
2237,6,1,4
2237,7,1,2
2237,8,1,6
2237,9,0,0
2237,10,0,0
2237,11,0,0
2237,12,0,0
2238,0,1,4
2238,1,1,6
2238,2,1,4
2238,3,1,4
2238,4,0,0
2238,5,0,0
2238,6,0,0
2238,7,0,0
2238,8,0,0
2238,9,0,0
2238,10,0,0
2238,11,0,0
2238,12,0,0
2239,0,1,3
2239,1,1,3
2239,2,1,3
2239,3,1,1
2239,4,1,2
2239,5,1,6
2239,6,1,4
2239,7,1,5
2239,8,1,0
2239,9,1,3
2239,10,0,0
2239,11,0,0
2239,12,0,0
2240,0,1,5
2240,1,1,2
2240,2,1,3
2240,3,1,1
2240,4,1,0
2240,5,0,0
2240,6,0,0
2240,7,0,0
2240,8,0,0
2240,9,0,0
2240,10,0,0
2240,11,0,0
2240,12,0,0
2241,0,1,1
2241,1,1,4
2241,2,1,3
2241,3,1,3
2241,4,1,1
2241,5,1,3
2241,6,1,1
2241,7,1,1
2241,8,1,3
2241,9,1,2
2241,10,0,0
2241,11,0,0
2241,12,0,0
2242,0,1,6
2242,1,1,4
2242,2,1,6
2242,3,1,4
2242,4,1,1
2242,5,1,2
2242,6,1,3
2242,7,1,3
2242,8,1,3
2242,9,1,2
2242,10,1,5
2242,11,1,5
2242,12,1,2
2243,0,1,2
2243,1,1,2
2243,2,1,5
2243,3,1,0
2243,4,1,1
2243,5,1,1
2243,6,1,3
2243,7,1,2
2243,8,1,2
2243,9,0,0
2243,10,0,0
2243,11,0,0
2243,12,0,0
2244,0,1,4
2244,1,1,1
2244,2,1,2
2244,3,1,1
2244,4,0,0
2244,5,0,0
2244,6,0,0
2244,7,0,0
2244,8,0,0
2244,9,0,0
2244,10,0,0
2244,11,0,0
2244,12,0,0
2245,0,1,4
2245,1,1,3
2245,2,1,4
2245,3,1,3
2245,4,1,2
2245,5,1,6
2245,6,1,1
2245,7,1,7
2245,8,1,2
2245,9,1,3
2245,10,1,2
2245,11,1,4
2245,12,1,3
2246,0,1,3
2246,1,0,0
2246,2,0,0
2246,3,0,0
2246,4,0,0
2246,5,0,0
2246,6,0,0
2246,7,0,0
2246,8,0,0
2246,9,0,0
2246,10,0,0
2246,11,0,0
2246,12,0,0
2247,0,1,1
2247,1,1,1
2247,2,1,1
2247,3,1,0
2247,4,1,4
2247,5,1,3
2247,6,1,4
2247,7,1,2
2247,8,0,0
2247,9,0,0
2247,10,0,0
2247,11,0,0
2247,12,0,0
2248,0,1,3
2248,1,1,2
2248,2,1,3
2248,3,1,2
2248,4,1,1
2248,5,1,2
2248,6,1,2
2248,7,1,4
2248,8,1,5
2248,9,1,1
2248,10,1,3
2248,11,1,2
2248,12,1,0
2249,0,1,6
2249,1,1,3
2249,2,0,0
2249,3,0,0
2249,4,0,0
2249,5,0,0
2249,6,0,0
2249,7,0,0
2249,8,0,0
2249,9,0,0
2249,10,0,0
2249,11,0,0
2249,12,0,0
2250,0,1,5
2250,1,1,1
2250,2,1,1
2250,3,0,0
2250,4,0,0
2250,5,0,0
2250,6,0,0
2250,7,0,0
2250,8,0,0
2250,9,0,0
2250,10,0,0
2250,11,0,0
2250,12,0,0
2251,0,1,5
2251,1,0,0
2251,2,0,0
2251,3,0,0
2251,4,0,0
2251,5,0,0
2251,6,0,0
2251,7,0,0
2251,8,0,0
2251,9,0,0
2251,10,0,0
2251,11,0,0
2251,12,0,0
2252,0,1,5
2252,1,1,2
2252,2,1,1
2252,3,0,0
2252,4,0,0
2252,5,0,0
2252,6,0,0
2252,7,0,0
2252,8,0,0
2252,9,0,0
2252,10,0,0
2252,11,0,0
2252,12,0,0
2253,0,1,3
2253,1,1,4
2253,2,1,7
2253,3,1,2
2253,4,1,1
2253,5,1,0
2253,6,1,3
2253,7,1,7
2253,8,1,3
2253,9,1,2
2253,10,1,2
2253,11,1,2
2253,12,1,3
2254,0,1,3
2254,1,1,0
2254,2,1,1
2254,3,1,3
2254,4,1,1
2254,5,1,2
2254,6,1,3
2254,7,1,1
2254,8,1,2
2254,9,1,1
2254,10,1,4
2254,11,1,1
2254,12,1,5
2255,0,1,4
2255,1,1,2
2255,2,1,6
2255,3,1,5
2255,4,1,4
2255,5,1,3
2255,6,1,2
2255,7,1,2
2255,8,1,3
2255,9,1,4
2255,10,1,3
2255,11,1,3
2255,12,1,0
2256,0,1,6
2256,1,1,5
2256,2,1,4
2256,3,1,3
2256,4,1,3
2256,5,1,2
2256,6,1,3
2256,7,1,1
2256,8,1,3
2256,9,1,5
2256,10,1,2
2256,11,1,4
2256,12,1,4
2257,0,1,2
2257,1,0,0
2257,2,0,0
2257,3,0,0
2257,4,0,0
2257,5,0,0
2257,6,0,0
2257,7,0,0
2257,8,0,0
2257,9,0,0
2257,10,0,0
2257,11,0,0
2257,12,0,0
2258,0,1,3
2258,1,1,0
2258,2,0,0
2258,3,0,0
2258,4,0,0
2258,5,0,0
2258,6,0,0
2258,7,0,0
2258,8,0,0
2258,9,0,0
2258,10,0,0
2258,11,0,0
2258,12,0,0
2259,0,1,3
2259,1,1,3
2259,2,1,1
2259,3,1,2
2259,4,0,0
2259,5,0,0
2259,6,0,0
2259,7,0,0
2259,8,0,0
2259,9,0,0
2259,10,0,0
2259,11,0,0
2259,12,0,0
2260,0,1,5
2260,1,1,0
2260,2,0,0
2260,3,0,0
2260,4,0,0
2260,5,0,0
2260,6,0,0
2260,7,0,0
2260,8,0,0
2260,9,0,0
2260,10,0,0
2260,11,0,0
2260,12,0,0
2261,0,1,5
2261,1,1,3
2261,2,1,3
2261,3,1,4
2261,4,1,7
2261,5,1,1
2261,6,1,1
2261,7,1,3
2261,8,1,3
2261,9,1,2
2261,10,1,3
2261,11,1,2
2261,12,1,6
2262,0,1,6
2262,1,1,5
2262,2,1,4
2262,3,1,5
2262,4,1,5
2262,5,1,2
2262,6,1,1
2262,7,1,4
2262,8,1,1
2262,9,1,2
2262,10,1,2
2262,11,1,2
2262,12,1,4
2263,0,1,4
2263,1,1,1
2263,2,0,0
2263,3,0,0
2263,4,0,0
2263,5,0,0
2263,6,0,0
2263,7,0,0
2263,8,0,0
2263,9,0,0
2263,10,0,0
2263,11,0,0
2263,12,0,0
2264,0,1,5
2264,1,1,2
2264,2,1,5
2264,3,1,4
2264,4,1,7
2264,5,0,0
2264,6,0,0
2264,7,0,0
2264,8,0,0
2264,9,0,0
2264,10,0,0
2264,11,0,0
2264,12,0,0
2265,0,1,5
2265,1,1,0
2265,2,1,1
2265,3,1,1
2265,4,1,2
2265,5,1,3
2265,6,1,3
2265,7,1,1
2265,8,1,3
2265,9,1,2
2265,10,1,0
2265,11,1,4
2265,12,1,3
2266,0,1,4
2266,1,1,7
2266,2,1,2
2266,3,1,4
2266,4,1,1
2266,5,1,6
2266,6,1,2
2266,7,1,0
2266,8,1,2
2266,9,1,6
2266,10,1,2
2266,11,1,7
2266,12,1,5
2267,0,1,4
2267,1,1,3
2267,2,1,3
2267,3,1,4
2267,4,1,3
2267,5,1,3
2267,6,1,5
2267,7,1,4
2267,8,1,5
2267,9,1,2
2267,10,1,1
2267,11,1,4
2267,12,1,4
2268,0,1,2
2268,1,1,2
2268,2,1,2
2268,3,1,4
2268,4,1,2
2268,5,1,6
2268,6,1,3
2268,7,1,4
2268,8,1,7
2268,9,1,1
2268,10,1,4
2268,11,1,5
2268,12,1,0
2269,0,1,5
2269,1,1,3
2269,2,1,0
2269,3,1,3
2269,4,1,5
2269,5,1,3
2269,6,1,2
2269,7,1,2
2269,8,1,5
2269,9,1,3
2269,10,1,8
2269,11,1,3
2269,12,1,6
2270,0,1,5
2270,1,0,0
2270,2,0,0
2270,3,0,0
2270,4,0,0
2270,5,0,0
2270,6,0,0
2270,7,0,0
2270,8,0,0
2270,9,0,0
2270,10,0,0
2270,11,0,0
2270,12,0,0
2271,0,1,2
2271,1,1,3
2271,2,1,1
2271,3,1,1
2271,4,1,5
2271,5,1,3
2271,6,1,3
2271,7,0,0
2271,8,0,0
2271,9,0,0
2271,10,0,0
2271,11,0,0
2271,12,0,0
2272,0,1,5
2272,1,1,6
2272,2,1,8
2272,3,1,1
2272,4,1,1
2272,5,1,5
2272,6,1,7
2272,7,1,7
2272,8,1,2
2272,9,1,3
2272,10,1,0
2272,11,1,6
2272,12,1,5
2273,0,1,5
2273,1,1,6
2273,2,1,4
2273,3,1,5
2273,4,1,3
2273,5,1,5
2273,6,0,0
2273,7,0,0
2273,8,0,0
2273,9,0,0
2273,10,0,0
2273,11,0,0
2273,12,0,0
2274,0,1,7
2274,1,1,3
2274,2,1,3
2274,3,1,3
2274,4,0,0
2274,5,0,0
2274,6,0,0
2274,7,0,0
2274,8,0,0
2274,9,0,0
2274,10,0,0
2274,11,0,0
2274,12,0,0
2275,0,1,7
2275,1,1,4
2275,2,1,3
2275,3,1,1
2275,4,1,1
2275,5,1,4
2275,6,0,0
2275,7,0,0
2275,8,0,0
2275,9,0,0
2275,10,0,0
2275,11,0,0
2275,12,0,0
2276,0,1,4
2276,1,1,2
2276,2,1,4
2276,3,1,9
2276,4,1,4
2276,5,1,5
2276,6,0,0
2276,7,0,0
2276,8,0,0
2276,9,0,0
2276,10,0,0
2276,11,0,0
2276,12,0,0
2277,0,1,3
2277,1,1,0
2277,2,1,1
2277,3,1,1
2277,4,1,2
2277,5,1,4
2277,6,1,2
2277,7,1,2
2277,8,1,5
2277,9,1,0
2277,10,1,1
2277,11,1,3
2277,12,1,2
2278,0,1,4
2278,1,1,0
2278,2,1,3
2278,3,1,3
2278,4,1,2
2278,5,1,5
2278,6,1,1
2278,7,1,2
2278,8,1,3
2278,9,1,5
2278,10,1,1
2278,11,1,0
2278,12,0,0
2279,0,1,4
2279,1,1,1
2279,2,1,4
2279,3,1,2
2279,4,1,2
2279,5,1,4
2279,6,0,0
2279,7,0,0
2279,8,0,0
2279,9,0,0
2279,10,0,0
2279,11,0,0
2279,12,0,0
2280,0,1,5
2280,1,1,3
2280,2,1,2
2280,3,1,1
2280,4,1,2
2280,5,1,2
2280,6,0,0
2280,7,0,0
2280,8,0,0
2280,9,0,0
2280,10,0,0
2280,11,0,0
2280,12,0,0
2281,0,1,10
2281,1,1,2
2281,2,1,5
2281,3,1,4
2281,4,1,3
2281,5,1,4
2281,6,1,2
2281,7,1,2
2281,8,0,0
2281,9,0,0
2281,10,0,0
2281,11,0,0
2281,12,0,0
2282,0,1,3
2282,1,1,4
2282,2,1,6
2282,3,1,3
2282,4,1,5
2282,5,1,5
2282,6,1,1
2282,7,1,4
2282,8,0,0
2282,9,0,0
2282,10,0,0
2282,11,0,0
2282,12,0,0
2283,0,1,7
2283,1,1,3
2283,2,1,4
2283,3,1,1
2283,4,1,3
2283,5,1,2
2283,6,1,2
2283,7,1,0
2283,8,1,0
2283,9,1,0
2283,10,1,0
2283,11,1,1
2283,12,1,7
2284,0,1,9
2284,1,1,5
2284,2,0,0
2284,3,0,0
2284,4,0,0
2284,5,0,0
2284,6,0,0
2284,7,0,0
2284,8,0,0
2284,9,0,0
2284,10,0,0
2284,11,0,0
2284,12,0,0
2285,0,1,7
2285,1,0,0
2285,2,0,0
2285,3,0,0
2285,4,0,0
2285,5,0,0
2285,6,0,0
2285,7,0,0
2285,8,0,0
2285,9,0,0
2285,10,0,0
2285,11,0,0
2285,12,0,0
2286,0,1,4
2286,1,1,3
2286,2,1,5
2286,3,1,0
2286,4,1,6
2286,5,1,4
2286,6,1,3
2286,7,1,1
2286,8,1,3
2286,9,1,0
2286,10,1,6
2286,11,1,2
2286,12,1,2
2287,0,1,3
2287,1,1,2
2287,2,1,5
2287,3,1,5
2287,4,0,0
2287,5,0,0
2287,6,0,0
2287,7,0,0
2287,8,0,0
2287,9,0,0
2287,10,0,0
2287,11,0,0
2287,12,0,0
2288,0,1,6
2288,1,1,3
2288,2,1,5
2288,3,1,3
2288,4,1,5
2288,5,1,3
2288,6,1,8
2288,7,1,2
2288,8,1,4
2288,9,1,3
2288,10,1,3
2288,11,1,4
2288,12,1,2
2289,0,1,3
2289,1,1,3
2289,2,1,2
2289,3,1,1
2289,4,1,5
2289,5,1,1
2289,6,1,0
2289,7,1,2
2289,8,1,3
2289,9,1,4
2289,10,1,1
2289,11,1,1
2289,12,1,4
2290,0,1,6
2290,1,1,1
2290,2,1,2
2290,3,0,0
2290,4,0,0
2290,5,0,0
2290,6,0,0
2290,7,0,0
2290,8,0,0
2290,9,0,0
2290,10,0,0
2290,11,0,0
2290,12,0,0
2291,0,1,8
2291,1,1,8
2291,2,1,1
2291,3,1,5
2291,4,1,4
2291,5,1,2
2291,6,1,1
2291,7,1,2
2291,8,1,5
2291,9,1,4
2291,10,1,3
2291,11,1,3
2291,12,0,0
2292,0,1,5
2292,1,1,1
2292,2,1,3
2292,3,1,2
2292,4,1,1
2292,5,1,2
2292,6,1,4
2292,7,1,3
2292,8,1,5
2292,9,0,0
2292,10,0,0
2292,11,0,0
2292,12,0,0
2293,0,1,5
2293,1,1,6
2293,2,1,1
2293,3,1,2
2293,4,0,0
2293,5,0,0
2293,6,0,0
2293,7,0,0
2293,8,0,0
2293,9,0,0
2293,10,0,0
2293,11,0,0
2293,12,0,0
2294,0,1,4
2294,1,0,0
2294,2,0,0
2294,3,0,0
2294,4,0,0
2294,5,0,0
2294,6,0,0
2294,7,0,0
2294,8,0,0
2294,9,0,0
2294,10,0,0
2294,11,0,0
2294,12,0,0
2295,0,1,2
2295,1,1,3
2295,2,1,3
2295,3,1,0
2295,4,1,2
2295,5,1,5
2295,6,0,0
2295,7,0,0
2295,8,0,0
2295,9,0,0
2295,10,0,0
2295,11,0,0
2295,12,0,0
2296,0,1,3
2296,1,1,3
2296,2,1,1
2296,3,1,1
2296,4,1,1
2296,5,1,2
2296,6,1,1
2296,7,1,4
2296,8,1,1
2296,9,1,2
2296,10,1,2
2296,11,1,2
2296,12,1,1
2297,0,1,5
2297,1,1,6
2297,2,1,8
2297,3,1,0
2297,4,1,3
2297,5,1,5
2297,6,1,3
2297,7,1,3
2297,8,0,0
2297,9,0,0
2297,10,0,0
2297,11,0,0
2297,12,0,0
2298,0,1,3
2298,1,1,3
2298,2,1,3
2298,3,1,3
2298,4,1,1
2298,5,1,1
2298,6,1,2
2298,7,0,0
2298,8,0,0
2298,9,0,0
2298,10,0,0
2298,11,0,0
2298,12,0,0
2299,0,1,8
2299,1,0,0
2299,2,0,0
2299,3,0,0
2299,4,0,0
2299,5,0,0
2299,6,0,0
2299,7,0,0
2299,8,0,0
2299,9,0,0
2299,10,0,0
2299,11,0,0
2299,12,0,0
2300,0,1,5
2300,1,1,3
2300,2,1,2
2300,3,1,2
2300,4,1,1
2300,5,1,0
2300,6,1,0
2300,7,1,4
2300,8,1,2
2300,9,1,1
2300,10,1,2
2300,11,1,2
2300,12,1,3
2301,0,1,7
2301,1,1,6
2301,2,1,4
2301,3,1,4
2301,4,1,6
2301,5,1,5
2301,6,1,4
2301,7,1,4
2301,8,1,3
2301,9,1,0
2301,10,1,4
2301,11,1,3
2301,12,1,3
2302,0,1,7
2302,1,1,0
2302,2,1,1
2302,3,1,2
2302,4,1,3
2302,5,1,2
2302,6,1,2
2302,7,1,5
2302,8,1,4
2302,9,1,0
2302,10,1,1
2302,11,1,3
2302,12,1,0
2303,0,1,7
2303,1,1,3
2303,2,1,3
2303,3,1,3
2303,4,1,1
2303,5,1,2
2303,6,1,2
2303,7,0,0
2303,8,0,0
2303,9,0,0
2303,10,0,0
2303,11,0,0
2303,12,0,0
2304,0,1,6
2304,1,1,1
2304,2,1,0
2304,3,1,0
2304,4,1,0
2304,5,0,0
2304,6,0,0
2304,7,0,0
2304,8,0,0
2304,9,0,0
2304,10,0,0
2304,11,0,0
2304,12,0,0
2305,0,1,5
2305,1,1,2
2305,2,1,5
2305,3,1,6
2305,4,1,0
2305,5,1,3
2305,6,1,5
2305,7,1,3
2305,8,1,4
2305,9,1,0
2305,10,1,3
2305,11,1,4
2305,12,1,2
2306,0,1,5
2306,1,1,2
2306,2,0,0
2306,3,0,0
2306,4,0,0
2306,5,0,0
2306,6,0,0
2306,7,0,0
2306,8,0,0
2306,9,0,0
2306,10,0,0
2306,11,0,0
2306,12,0,0
2307,0,1,7
2307,1,1,2
2307,2,1,1
2307,3,1,5
2307,4,1,0
2307,5,1,4
2307,6,1,4
2307,7,1,5
2307,8,1,8
2307,9,1,1
2307,10,1,5
2307,11,1,9
2307,12,1,2
2308,0,1,4
2308,1,1,6
2308,2,1,3
2308,3,1,4
2308,4,0,0
2308,5,0,0
2308,6,0,0
2308,7,0,0
2308,8,0,0
2308,9,0,0
2308,10,0,0
2308,11,0,0
2308,12,0,0
2309,0,1,7
2309,1,1,3
2309,2,1,4
2309,3,1,3
2309,4,1,1
2309,5,1,4
2309,6,1,1
2309,7,1,4
2309,8,1,3
2309,9,1,1
2309,10,1,3
2309,11,1,3
2309,12,1,5
2310,0,1,3
2310,1,1,1
2310,2,1,6
2310,3,1,3
2310,4,1,3
2310,5,1,4
2310,6,1,2
2310,7,1,8
2310,8,0,0
2310,9,0,0
2310,10,0,0
2310,11,0,0
2310,12,0,0
2311,0,1,8
2311,1,1,2
2311,2,1,3
2311,3,1,2
2311,4,0,0
2311,5,0,0
2311,6,0,0
2311,7,0,0
2311,8,0,0
2311,9,0,0
2311,10,0,0
2311,11,0,0
2311,12,0,0
2312,0,1,2
2312,1,1,6
2312,2,1,3
2312,3,1,3
2312,4,1,2
2312,5,1,3
2312,6,0,0
2312,7,0,0
2312,8,0,0
2312,9,0,0
2312,10,0,0
2312,11,0,0
2312,12,0,0
2313,0,1,4
2313,1,1,3
2313,2,1,5
2313,3,1,3
2313,4,1,3
2313,5,1,8
2313,6,1,2
2313,7,0,0
2313,8,0,0
2313,9,0,0
2313,10,0,0
2313,11,0,0
2313,12,0,0
2314,0,1,6
2314,1,1,0
2314,2,1,1
2314,3,1,0
2314,4,0,0
2314,5,0,0
2314,6,0,0
2314,7,0,0
2314,8,0,0
2314,9,0,0
2314,10,0,0
2314,11,0,0
2314,12,0,0
2315,0,1,7
2315,1,1,4
2315,2,1,3
2315,3,1,1
2315,4,0,0
2315,5,0,0
2315,6,0,0
2315,7,0,0
2315,8,0,0
2315,9,0,0
2315,10,0,0
2315,11,0,0
2315,12,0,0
2316,0,1,7
2316,1,1,5
2316,2,1,3
2316,3,1,3
2316,4,1,3
2316,5,1,3
2316,6,1,2
2316,7,1,1
2316,8,1,1
2316,9,1,2
2316,10,1,1
2316,11,1,1
2316,12,1,1
2317,0,1,4
2317,1,1,7
2317,2,1,4
2317,3,1,3
2317,4,1,6
2317,5,1,3
2317,6,1,3
2317,7,1,4
2317,8,1,3
2317,9,1,3
2317,10,1,3
2317,11,1,5
2317,12,1,2
2318,0,1,5
2318,1,1,5
2318,2,1,4
2318,3,1,1
2318,4,1,4
2318,5,1,4
2318,6,1,4
2318,7,1,2
2318,8,0,0
2318,9,0,0
2318,10,0,0
2318,11,0,0
2318,12,0,0
2319,0,1,6
2319,1,1,4
2319,2,1,0
2319,3,1,1
2319,4,1,2
2319,5,1,1
2319,6,1,3
2319,7,1,4
2319,8,1,0
2319,9,1,1
2319,10,1,4
2319,11,1,3
2319,12,1,4
2320,0,1,5
2320,1,1,3
2320,2,1,1
2320,3,1,3
2320,4,1,3
2320,5,1,6
2320,6,1,2
2320,7,1,3
2320,8,1,6
2320,9,1,2
2320,10,1,3
2320,11,1,5
2320,12,1,5
2321,0,1,3
2321,1,1,3
2321,2,1,2
2321,3,1,2
2321,4,1,7
2321,5,1,4
2321,6,1,1
2321,7,1,4
2321,8,1,0
2321,9,1,4
2321,10,1,3
2321,11,1,2
2321,12,1,2
2322,0,1,7
2322,1,1,4
2322,2,1,3
2322,3,1,6
2322,4,1,5
2322,5,1,5
2322,6,1,4
2322,7,0,0
2322,8,0,0
2322,9,0,0
2322,10,0,0
2322,11,0,0
2322,12,0,0
2323,0,1,5
2323,1,1,3
2323,2,1,1
2323,3,1,2
2323,4,1,0
2323,5,0,0
2323,6,0,0
2323,7,0,0
2323,8,0,0
2323,9,0,0
2323,10,0,0
2323,11,0,0
2323,12,0,0
2324,0,1,6
2324,1,1,2
2324,2,0,0
2324,3,0,0
2324,4,0,0
2324,5,0,0
2324,6,0,0
2324,7,0,0
2324,8,0,0
2324,9,0,0
2324,10,0,0
2324,11,0,0
2324,12,0,0
2325,0,1,3
2325,1,1,3
2325,2,1,2
2325,3,1,2
2325,4,1,4
2325,5,1,4
2325,6,1,5
2325,7,1,6
2325,8,1,2
2325,9,1,5
2325,10,1,4
2325,11,1,1
2325,12,1,3
2326,0,1,5
2326,1,1,5
2326,2,1,3
2326,3,1,2
2326,4,1,4
2326,5,1,5
2326,6,1,1
2326,7,1,1
2326,8,1,1
2326,9,0,0
2326,10,0,0
2326,11,0,0
2326,12,0,0
2327,0,1,8
2327,1,1,2
2327,2,1,3
2327,3,1,0
2327,4,1,4
2327,5,1,1
2327,6,1,7
2327,7,1,2
2327,8,1,0
2327,9,1,3
2327,10,1,3
2327,11,1,4
2327,12,1,4
2328,0,1,8
2328,1,1,1
2328,2,1,6
2328,3,1,3
2328,4,0,0
2328,5,0,0
2328,6,0,0
2328,7,0,0
2328,8,0,0
2328,9,0,0
2328,10,0,0
2328,11,0,0
2328,12,0,0
2329,0,1,3
2329,1,1,4
2329,2,1,1
2329,3,1,4
2329,4,1,3
2329,5,1,4
2329,6,1,6
2329,7,1,1
2329,8,1,3
2329,9,1,5
2329,10,1,9
2329,11,1,1
2329,12,1,3
2330,0,1,5
2330,1,1,2
2330,2,1,5
2330,3,1,4
2330,4,1,4
2330,5,1,4
2330,6,1,1
2330,7,1,0
2330,8,1,5
2330,9,0,0
2330,10,0,0
2330,11,0,0
2330,12,0,0
2331,0,1,6
2331,1,1,4
2331,2,1,2
2331,3,1,1
2331,4,1,1
2331,5,1,4
2331,6,1,3
2331,7,1,2
2331,8,1,2
2331,9,1,2
2331,10,1,1
2331,11,1,1
2331,12,1,2
2332,0,1,5
2332,1,1,2
2332,2,1,4
2332,3,1,1
2332,4,1,3
2332,5,1,2
2332,6,1,3
2332,7,1,4
2332,8,1,1
2332,9,1,2
2332,10,1,3
2332,11,0,0
2332,12,0,0
2333,0,1,4
2333,1,1,0
2333,2,1,2
2333,3,1,1
2333,4,1,1
2333,5,1,2
2333,6,1,2
2333,7,1,2
2333,8,1,4
2333,9,1,4
2333,10,1,5
2333,11,1,3
2333,12,1,1
2334,0,1,5
2334,1,1,1
2334,2,1,2
2334,3,1,1
2334,4,0,0
2334,5,0,0
2334,6,0,0
2334,7,0,0
2334,8,0,0
2334,9,0,0
2334,10,0,0
2334,11,0,0
2334,12,0,0
2335,0,1,2
2335,1,1,6
2335,2,1,2
2335,3,1,2
2335,4,1,7
2335,5,1,2
2335,6,1,2
2335,7,1,2
2335,8,1,2
2335,9,1,2
2335,10,0,0
2335,11,0,0
2335,12,0,0
2336,0,1,2
2336,1,1,2
2336,2,1,5
2336,3,0,0
2336,4,0,0
2336,5,0,0
2336,6,0,0
2336,7,0,0
2336,8,0,0
2336,9,0,0
2336,10,0,0
2336,11,0,0
2336,12,0,0
2337,0,1,9
2337,1,1,5
2337,2,1,3
2337,3,1,3
2337,4,1,3
2337,5,1,7
2337,6,1,5
2337,7,1,5
2337,8,1,2
2337,9,0,0
2337,10,0,0
2337,11,0,0
2337,12,0,0
2338,0,1,6
2338,1,0,0
2338,2,0,0
2338,3,0,0
2338,4,0,0
2338,5,0,0
2338,6,0,0
2338,7,0,0
2338,8,0,0
2338,9,0,0
2338,10,0,0
2338,11,0,0
2338,12,0,0
2339,0,1,8
2339,1,1,7
2339,2,1,6
2339,3,1,4
2339,4,1,3
2339,5,1,5
2339,6,1,3
2339,7,1,1
2339,8,1,2
2339,9,1,4
2339,10,1,3
2339,11,1,3
2339,12,1,2
2340,0,1,7
2340,1,1,4
2340,2,1,3
2340,3,1,6
2340,4,1,1
2340,5,1,3
2340,6,1,6
2340,7,1,4
2340,8,1,2
2340,9,1,7
2340,10,1,6
2340,11,1,5
2340,12,1,3
2341,0,1,4
2341,1,1,1
2341,2,1,2
2341,3,1,2
2341,4,1,1
2341,5,1,3
2341,6,1,1
2341,7,1,4
2341,8,1,7
2341,9,1,3
2341,10,1,2
2341,11,1,1
2341,12,1,3
2342,0,1,5
2342,1,1,3
2342,2,1,3
2342,3,1,1
2342,4,0,0
2342,5,0,0
2342,6,0,0
2342,7,0,0
2342,8,0,0
2342,9,0,0
2342,10,0,0
2342,11,0,0
2342,12,0,0
2343,0,1,4
2343,1,1,3
2343,2,0,0
2343,3,0,0
2343,4,0,0
2343,5,0,0
2343,6,0,0
2343,7,0,0
2343,8,0,0
2343,9,0,0
2343,10,0,0
2343,11,0,0
2343,12,0,0
2344,0,1,5
2344,1,1,3
2344,2,0,0
2344,3,0,0
2344,4,0,0
2344,5,0,0
2344,6,0,0
2344,7,0,0
2344,8,0,0
2344,9,0,0
2344,10,0,0
2344,11,0,0
2344,12,0,0
2345,0,1,7
2345,1,1,1
2345,2,1,4
2345,3,0,0
2345,4,0,0
2345,5,0,0
2345,6,0,0
2345,7,0,0
2345,8,0,0
2345,9,0,0
2345,10,0,0
2345,11,0,0
2345,12,0,0
2346,0,1,5
2346,1,1,1
2346,2,1,3
2346,3,1,3
2346,4,1,3
2346,5,1,4
2346,6,1,7
2346,7,1,7
2346,8,0,0
2346,9,0,0
2346,10,0,0
2346,11,0,0
2346,12,0,0
2347,0,1,5
2347,1,1,3
2347,2,1,5
2347,3,1,1
2347,4,1,8
2347,5,1,2
2347,6,1,1
2347,7,1,3
2347,8,1,4
2347,9,1,3
2347,10,1,1
2347,11,1,4
2347,12,1,0
2348,0,1,10
2348,1,1,2
2348,2,1,2
2348,3,1,3
2348,4,1,8
2348,5,1,2
2348,6,1,2
2348,7,1,1
2348,8,1,3
2348,9,1,5
2348,10,1,5
2348,11,1,2
2348,12,1,4
2349,0,1,2
2349,1,1,1
2349,2,1,8
2349,3,1,5
2349,4,1,2
2349,5,1,2
2349,6,0,0
2349,7,0,0
2349,8,0,0
2349,9,0,0
2349,10,0,0
2349,11,0,0
2349,12,0,0
2350,0,1,6
2350,1,1,0
2350,2,0,0
2350,3,0,0
2350,4,0,0
2350,5,0,0
2350,6,0,0
2350,7,0,0
2350,8,0,0
2350,9,0,0
2350,10,0,0
2350,11,0,0
2350,12,0,0
2351,0,1,4
2351,1,1,6
2351,2,1,4
2351,3,1,6
2351,4,1,3
2351,5,1,2
2351,6,1,4
2351,7,1,5
2351,8,1,0
2351,9,1,4
2351,10,1,3
2351,11,1,3
2351,12,0,0
2352,0,1,3
2352,1,1,3
2352,2,1,6
2352,3,1,4
2352,4,1,1
2352,5,1,4
2352,6,1,2
2352,7,0,0
2352,8,0,0
2352,9,0,0
2352,10,0,0
2352,11,0,0
2352,12,0,0
2353,0,1,6
2353,1,1,4
2353,2,1,3
2353,3,1,5
2353,4,1,3
2353,5,1,1
2353,6,0,0
2353,7,0,0
2353,8,0,0
2353,9,0,0
2353,10,0,0
2353,11,0,0
2353,12,0,0
2354,0,1,5
2354,1,0,0
2354,2,0,0
2354,3,0,0
2354,4,0,0
2354,5,0,0
2354,6,0,0
2354,7,0,0
2354,8,0,0
2354,9,0,0
2354,10,0,0
2354,11,0,0
2354,12,0,0
2355,0,1,5
2355,1,1,3
2355,2,1,2
2355,3,1,2
2355,4,1,4
2355,5,1,2
2355,6,1,1
2355,7,1,3
2355,8,1,2
2355,9,0,0
2355,10,0,0
2355,11,0,0
2355,12,0,0
2356,0,1,7
2356,1,1,2
2356,2,1,2
2356,3,1,1
2356,4,1,6
2356,5,1,4
2356,6,1,4
2356,7,0,0
2356,8,0,0
2356,9,0,0
2356,10,0,0
2356,11,0,0
2356,12,0,0
2357,0,1,1
2357,1,1,3
2357,2,1,3
2357,3,1,3
2357,4,1,0
2357,5,1,2
2357,6,1,0
2357,7,1,3
2357,8,1,1
2357,9,1,4
2357,10,1,2
2357,11,1,0
2357,12,1,2
2358,0,1,7
2358,1,1,2
2358,2,1,2
2358,3,1,2
2358,4,1,4
2358,5,1,2
2358,6,1,0
2358,7,1,7
2358,8,1,1
2358,9,1,1
2358,10,1,1
2358,11,1,0
2358,12,1,0
2359,0,1,6
2359,1,1,2
2359,2,1,3
2359,3,1,1
2359,4,1,6
2359,5,1,5
2359,6,1,3
2359,7,1,7
2359,8,1,2
2359,9,1,1
2359,10,1,2
2359,11,1,7
2359,12,1,5
2360,0,1,3
2360,1,1,3
2360,2,1,3
2360,3,1,3
2360,4,1,2
2360,5,1,1
2360,6,1,1
2360,7,0,0
2360,8,0,0
2360,9,0,0
2360,10,0,0
2360,11,0,0
2360,12,0,0
2361,0,1,7
2361,1,1,3
2361,2,1,4
2361,3,1,6
2361,4,0,0
2361,5,0,0
2361,6,0,0
2361,7,0,0
2361,8,0,0
2361,9,0,0
2361,10,0,0
2361,11,0,0
2361,12,0,0
2362,0,1,5
2362,1,0,0
2362,2,0,0
2362,3,0,0
2362,4,0,0
2362,5,0,0
2362,6,0,0
2362,7,0,0
2362,8,0,0
2362,9,0,0
2362,10,0,0
2362,11,0,0
2362,12,0,0
2363,0,1,7
2363,1,1,4
2363,2,1,2
2363,3,1,1
2363,4,1,2
2363,5,1,6
2363,6,1,1
2363,7,1,0
2363,8,1,3
2363,9,1,4
2363,10,1,3
2363,11,0,0
2363,12,0,0
2364,0,1,8
2364,1,1,3
2364,2,1,5
2364,3,0,0
2364,4,0,0
2364,5,0,0
2364,6,0,0
2364,7,0,0
2364,8,0,0
2364,9,0,0
2364,10,0,0
2364,11,0,0
2364,12,0,0
2365,0,1,3
2365,1,1,1
2365,2,1,0
2365,3,1,4
2365,4,1,1
2365,5,1,1
2365,6,1,0
2365,7,1,0
2365,8,1,1
2365,9,1,4
2365,10,1,2
2365,11,1,0
2365,12,1,2
2366,0,1,4
2366,1,1,7
2366,2,1,4
2366,3,1,1
2366,4,1,3
2366,5,1,2
2366,6,1,4
2366,7,1,0
2366,8,1,5
2366,9,1,4
2366,10,1,3
2366,11,1,3
2366,12,1,3
2367,0,1,3
2367,1,1,5
2367,2,1,5
2367,3,1,2
2367,4,1,6
2367,5,1,4
2367,6,1,4
2367,7,1,3
2367,8,1,3
2367,9,1,7
2367,10,1,5
2367,11,1,7
2367,12,1,2
2368,0,1,3
2368,1,1,1
2368,2,1,1
2368,3,0,0
2368,4,0,0
2368,5,0,0
2368,6,0,0
2368,7,0,0
2368,8,0,0
2368,9,0,0
2368,10,0,0
2368,11,0,0
2368,12,0,0
2369,0,1,2
2369,1,1,2
2369,2,1,2
2369,3,0,0
2369,4,0,0
2369,5,0,0
2369,6,0,0
2369,7,0,0
2369,8,0,0
2369,9,0,0
2369,10,0,0
2369,11,0,0
2369,12,0,0
2370,0,1,4
2370,1,1,3
2370,2,0,0
2370,3,0,0
2370,4,0,0
2370,5,0,0
2370,6,0,0
2370,7,0,0
2370,8,0,0
2370,9,0,0
2370,10,0,0
2370,11,0,0
2370,12,0,0
2371,0,1,5
2371,1,1,4
2371,2,1,4
2371,3,1,3
2371,4,1,2
2371,5,1,1
2371,6,1,2
2371,7,1,4
2371,8,1,4
2371,9,1,5
2371,10,1,3
2371,11,1,3
2371,12,1,1
2372,0,1,5
2372,1,1,3
2372,2,1,2
2372,3,1,1
2372,4,1,3
2372,5,1,4
2372,6,1,4
2372,7,1,2
2372,8,1,6
2372,9,1,2
2372,10,1,1
2372,11,1,1
2372,12,1,3
2373,0,1,5
2373,1,1,4
2373,2,1,3
2373,3,1,1
2373,4,1,1
2373,5,1,4
2373,6,1,3
2373,7,1,6
2373,8,1,3
2373,9,1,6
2373,10,1,2
2373,11,1,4
2373,12,1,7
2374,0,1,9
2374,1,1,2
2374,2,1,2
2374,3,0,0
2374,4,0,0
2374,5,0,0
2374,6,0,0
2374,7,0,0
2374,8,0,0
2374,9,0,0
2374,10,0,0
2374,11,0,0
2374,12,0,0
2375,0,1,5
2375,1,1,4
2375,2,1,2
2375,3,1,5
2375,4,1,4
2375,5,1,0
2375,6,1,3
2375,7,0,0
2375,8,0,0
2375,9,0,0
2375,10,0,0
2375,11,0,0
2375,12,0,0
2376,0,1,4
2376,1,1,10
2376,2,1,2
2376,3,1,4
2376,4,0,0
2376,5,0,0
2376,6,0,0
2376,7,0,0
2376,8,0,0
2376,9,0,0
2376,10,0,0
2376,11,0,0
2376,12,0,0
2377,0,1,5
2377,1,0,0
2377,2,0,0
2377,3,0,0
2377,4,0,0
2377,5,0,0
2377,6,0,0
2377,7,0,0
2377,8,0,0
2377,9,0,0
2377,10,0,0
2377,11,0,0
2377,12,0,0
2378,0,1,8
2378,1,1,5
2378,2,1,3
2378,3,1,1
2378,4,1,1
2378,5,1,2
2378,6,1,3
2378,7,1,6
2378,8,1,3
2378,9,1,6
2378,10,1,0
2378,11,0,0
2378,12,0,0
2379,0,1,9
2379,1,1,4
2379,2,1,3
2379,3,1,2
2379,4,1,1
2379,5,1,2
2379,6,1,5
2379,7,1,6
2379,8,1,7
2379,9,1,0
2379,10,1,5
2379,11,1,5
2379,12,1,3
2380,0,1,5
2380,1,1,3
2380,2,1,5
2380,3,1,6
2380,4,1,3
2380,5,1,7
2380,6,1,0
2380,7,1,2
2380,8,1,5
2380,9,1,4
2380,10,1,3
2380,11,1,0
2380,12,1,3
2381,0,1,5
2381,1,1,4
2381,2,1,5
2381,3,1,4
2381,4,1,5
2381,5,1,7
2381,6,1,2
2381,7,1,4
2381,8,1,3
2381,9,1,6
2381,10,1,3
2381,11,1,1
2381,12,1,5
2382,0,1,5
2382,1,1,4
2382,2,1,3
2382,3,1,5
2382,4,1,2
2382,5,1,4
2382,6,1,5
2382,7,1,2
2382,8,1,4
2382,9,0,0
2382,10,0,0
2382,11,0,0
2382,12,0,0
2383,0,1,5
2383,1,1,2
2383,2,1,5
2383,3,1,3
2383,4,1,6
2383,5,1,7
2383,6,0,0
2383,7,0,0
2383,8,0,0
2383,9,0,0
2383,10,0,0
2383,11,0,0
2383,12,0,0
2384,0,1,5
2384,1,1,5
2384,2,1,2
2384,3,1,4
2384,4,1,7
2384,5,0,0
2384,6,0,0
2384,7,0,0
2384,8,0,0
2384,9,0,0
2384,10,0,0
2384,11,0,0
2384,12,0,0
2385,0,1,5
2385,1,1,1
2385,2,0,0
2385,3,0,0
2385,4,0,0
2385,5,0,0
2385,6,0,0
2385,7,0,0
2385,8,0,0
2385,9,0,0
2385,10,0,0
2385,11,0,0
2385,12,0,0
2386,0,1,4
2386,1,1,2
2386,2,1,6
2386,3,1,3
2386,4,0,0
2386,5,0,0
2386,6,0,0
2386,7,0,0
2386,8,0,0
2386,9,0,0
2386,10,0,0
2386,11,0,0
2386,12,0,0
2387,0,1,7
2387,1,0,0
2387,2,0,0
2387,3,0,0
2387,4,0,0
2387,5,0,0
2387,6,0,0
2387,7,0,0
2387,8,0,0
2387,9,0,0
2387,10,0,0
2387,11,0,0
2387,12,0,0
2388,0,1,6
2388,1,1,5
2388,2,1,3
2388,3,1,3
2388,4,1,3
2388,5,1,1
2388,6,1,1
2388,7,0,0
2388,8,0,0
2388,9,0,0
2388,10,0,0
2388,11,0,0
2388,12,0,0
2389,0,1,7
2389,1,1,4
2389,2,1,2
2389,3,1,6
2389,4,1,7
2389,5,1,1
2389,6,1,1
2389,7,1,1
2389,8,1,1
2389,9,1,5
2389,10,1,4
2389,11,1,3
2389,12,1,0
2390,0,1,4
2390,1,1,2
2390,2,1,1
2390,3,1,3
2390,4,1,3
2390,5,1,2
2390,6,1,3
2390,7,1,3
2390,8,1,0
2390,9,1,3
2390,10,1,0
2390,11,1,1
2390,12,1,3
2391,0,1,9
2391,1,1,4
2391,2,1,3
2391,3,1,3
2391,4,1,2
2391,5,0,0
2391,6,0,0
2391,7,0,0
2391,8,0,0
2391,9,0,0
2391,10,0,0
2391,11,0,0
2391,12,0,0
2392,0,1,5
2392,1,1,6
2392,2,1,2
2392,3,1,5
2392,4,1,1
2392,5,0,0
2392,6,0,0
2392,7,0,0
2392,8,0,0
2392,9,0,0
2392,10,0,0
2392,11,0,0
2392,12,0,0
2393,0,1,6
2393,1,1,0
2393,2,1,3
2393,3,1,0
2393,4,1,2
2393,5,1,4
2393,6,1,4
2393,7,1,0
2393,8,0,0
2393,9,0,0
2393,10,0,0
2393,11,0,0
2393,12,0,0
2394,0,1,5
2394,1,1,2
2394,2,1,5
2394,3,1,1
2394,4,1,2
2394,5,1,0
2394,6,1,4
2394,7,1,3
2394,8,1,1
2394,9,1,4
2394,10,1,4
2394,11,0,0
2394,12,0,0
2395,0,1,7
2395,1,1,4
2395,2,1,2
2395,3,0,0
2395,4,0,0
2395,5,0,0
2395,6,0,0
2395,7,0,0
2395,8,0,0
2395,9,0,0
2395,10,0,0
2395,11,0,0
2395,12,0,0
2396,0,1,7
2396,1,1,3
2396,2,1,4
2396,3,1,2
2396,4,1,4
2396,5,1,3
2396,6,1,3
2396,7,1,3
2396,8,1,4
2396,9,1,4
2396,10,1,3
2396,11,1,7
2396,12,1,2
2397,0,1,3
2397,1,1,1
2397,2,1,2
2397,3,1,7
2397,4,1,4
2397,5,1,4
2397,6,1,2
2397,7,1,3
2397,8,1,2
2397,9,1,9
2397,10,1,0
2397,11,1,1
2397,12,0,0
2398,0,1,5
2398,1,0,0
2398,2,0,0
2398,3,0,0
2398,4,0,0
2398,5,0,0
2398,6,0,0
2398,7,0,0
2398,8,0,0
2398,9,0,0
2398,10,0,0
2398,11,0,0
2398,12,0,0
2399,0,1,8
2399,1,1,1
2399,2,1,2
2399,3,1,0
2399,4,1,3
2399,5,1,3
2399,6,1,2
2399,7,1,0
2399,8,1,2
2399,9,1,4
2399,10,1,0
2399,11,1,5
2399,12,1,2
2400,0,1,5
2400,1,1,3
2400,2,1,3
2400,3,1,3
2400,4,1,1
2400,5,0,0
2400,6,0,0
2400,7,0,0
2400,8,0,0
2400,9,0,0
2400,10,0,0
2400,11,0,0
2400,12,0,0
2401,0,1,7
2401,1,1,2
2401,2,1,3
2401,3,1,3
2401,4,1,3
2401,5,1,5
2401,6,1,1
2401,7,1,4
2401,8,1,4
2401,9,1,6
2401,10,1,7
2401,11,1,4
2401,12,1,1
2402,0,1,8
2402,1,1,1
2402,2,1,5
2402,3,0,0
2402,4,0,0
2402,5,0,0
2402,6,0,0
2402,7,0,0
2402,8,0,0
2402,9,0,0
2402,10,0,0
2402,11,0,0
2402,12,0,0
2403,0,1,6
2403,1,1,4
2403,2,1,5
2403,3,1,6
2403,4,1,1
2403,5,1,4
2403,6,1,6
2403,7,0,0
2403,8,0,0
2403,9,0,0
2403,10,0,0
2403,11,0,0
2403,12,0,0
2404,0,1,6
2404,1,1,2
2404,2,1,1
2404,3,1,2
2404,4,1,4
2404,5,1,4
2404,6,1,1
2404,7,1,8
2404,8,1,3
2404,9,1,5
2404,10,1,5
2404,11,1,4
2404,12,1,2
2405,0,1,6
2405,1,1,4
2405,2,1,4
2405,3,1,4
2405,4,1,5
2405,5,1,1
2405,6,1,4
2405,7,1,1
2405,8,1,3
2405,9,1,5
2405,10,1,3
2405,11,1,2
2405,12,1,4
2406,0,1,7
2406,1,1,3
2406,2,1,2
2406,3,1,3
2406,4,1,3
2406,5,1,2
2406,6,1,3
2406,7,1,5
2406,8,0,0
2406,9,0,0
2406,10,0,0
2406,11,0,0
2406,12,0,0
2407,0,1,6
2407,1,0,0
2407,2,0,0
2407,3,0,0
2407,4,0,0
2407,5,0,0
2407,6,0,0
2407,7,0,0
2407,8,0,0
2407,9,0,0
2407,10,0,0
2407,11,0,0
2407,12,0,0
2408,0,1,6
2408,1,1,1
2408,2,1,2
2408,3,0,0
2408,4,0,0
2408,5,0,0
2408,6,0,0
2408,7,0,0
2408,8,0,0
2408,9,0,0
2408,10,0,0
2408,11,0,0
2408,12,0,0
2409,0,1,7
2409,1,1,6
2409,2,1,2
2409,3,1,2
2409,4,0,0
2409,5,0,0
2409,6,0,0
2409,7,0,0
2409,8,0,0
2409,9,0,0
2409,10,0,0
2409,11,0,0
2409,12,0,0
2410,0,1,2
2410,1,0,0
2410,2,0,0
2410,3,0,0
2410,4,0,0
2410,5,0,0
2410,6,0,0
2410,7,0,0
2410,8,0,0
2410,9,0,0
2410,10,0,0
2410,11,0,0
2410,12,0,0
2411,0,1,5
2411,1,1,2
2411,2,1,2
2411,3,1,1
2411,4,1,1
2411,5,1,2
2411,6,1,2
2411,7,1,0
2411,8,1,7
2411,9,1,2
2411,10,1,1
2411,11,1,2
2411,12,1,1
2412,0,1,2
2412,1,1,3
2412,2,1,3
2412,3,1,6
2412,4,1,2
2412,5,1,2
2412,6,1,4
2412,7,1,3
2412,8,1,4
2412,9,1,5
2412,10,1,5
2412,11,1,1
2412,12,1,4
2413,0,1,7
2413,1,1,1
2413,2,1,2
2413,3,0,0
2413,4,0,0
2413,5,0,0
2413,6,0,0
2413,7,0,0
2413,8,0,0
2413,9,0,0
2413,10,0,0
2413,11,0,0
2413,12,0,0
2414,0,1,6
2414,1,1,2
2414,2,1,6
2414,3,1,3
2414,4,1,6
2414,5,1,4
2414,6,1,2
2414,7,1,1
2414,8,1,7
2414,9,1,5
2414,10,1,0
2414,11,1,3
2414,12,1,9
2415,0,1,6
2415,1,1,2
2415,2,1,5
2415,3,1,3
2415,4,0,0
2415,5,0,0
2415,6,0,0
2415,7,0,0
2415,8,0,0
2415,9,0,0
2415,10,0,0
2415,11,0,0
2415,12,0,0
2416,0,1,7
2416,1,1,5
2416,2,1,4
2416,3,1,3
2416,4,1,2
2416,5,1,4
2416,6,1,4
2416,7,1,5
2416,8,0,0
2416,9,0,0
2416,10,0,0
2416,11,0,0
2416,12,0,0
2417,0,1,5
2417,1,1,5
2417,2,1,4
2417,3,1,3
2417,4,1,3
2417,5,1,5
2417,6,1,3
2417,7,0,0
2417,8,0,0
2417,9,0,0
2417,10,0,0
2417,11,0,0
2417,12,0,0
2418,0,1,4
2418,1,1,2
2418,2,0,0
2418,3,0,0
2418,4,0,0
2418,5,0,0
2418,6,0,0
2418,7,0,0
2418,8,0,0
2418,9,0,0
2418,10,0,0
2418,11,0,0
2418,12,0,0
2419,0,1,3
2419,1,1,2
2419,2,1,7
2419,3,1,3
2419,4,1,6
2419,5,1,6
2419,6,1,1
2419,7,1,8
2419,8,0,0
2419,9,0,0
2419,10,0,0
2419,11,0,0
2419,12,0,0
2420,0,1,4
2420,1,1,3
2420,2,1,3
2420,3,1,6
2420,4,1,4
2420,5,1,8
2420,6,1,5
2420,7,1,4
2420,8,1,1
2420,9,1,3
2420,10,1,1
2420,11,1,3
2420,12,1,3
2421,0,1,9
2421,1,1,2
2421,2,1,4
2421,3,1,3
2421,4,1,2
2421,5,1,3
2421,6,1,6
2421,7,1,4
2421,8,1,5
2421,9,1,10
2421,10,1,3
2421,11,1,3
2421,12,1,4
2422,0,1,2
2422,1,1,0
2422,2,1,2
2422,3,1,2
2422,4,1,7
2422,5,1,1
2422,6,0,0
2422,7,0,0
2422,8,0,0
2422,9,0,0
2422,10,0,0
2422,11,0,0
2422,12,0,0
2423,0,1,5
2423,1,1,1
2423,2,1,4
2423,3,1,2
2423,4,1,1
2423,5,1,3
2423,6,0,0
2423,7,0,0
2423,8,0,0
2423,9,0,0
2423,10,0,0
2423,11,0,0
2423,12,0,0
2424,0,1,3
2424,1,1,8
2424,2,1,4
2424,3,1,3
2424,4,1,2
2424,5,1,2
2424,6,1,2
2424,7,1,4
2424,8,1,3
2424,9,1,2
2424,10,1,4
2424,11,0,0
2424,12,0,0
2425,0,1,7
2425,1,1,2
2425,2,1,3
2425,3,1,4
2425,4,1,1
2425,5,1,3
2425,6,0,0
2425,7,0,0
2425,8,0,0
2425,9,0,0
2425,10,0,0
2425,11,0,0
2425,12,0,0
2426,0,1,3
2426,1,1,2
2426,2,1,1
2426,3,1,3
2426,4,0,0
2426,5,0,0
2426,6,0,0
2426,7,0,0
2426,8,0,0
2426,9,0,0
2426,10,0,0
2426,11,0,0
2426,12,0,0
2427,0,1,8
2427,1,1,4
2427,2,1,3
2427,3,1,2
2427,4,1,7
2427,5,1,0
2427,6,1,2
2427,7,1,0
2427,8,1,1
2427,9,1,2
2427,10,0,0
2427,11,0,0
2427,12,0,0
2428,0,1,5
2428,1,1,1
2428,2,1,2
2428,3,1,4
2428,4,1,2
2428,5,1,1
2428,6,1,0
2428,7,1,2
2428,8,1,1
2428,9,1,0
2428,10,1,2
2428,11,1,2
2428,12,1,1
2429,0,1,6
2429,1,1,6
2429,2,1,3
2429,3,1,2
2429,4,1,4
2429,5,1,7
2429,6,1,0
2429,7,0,0
2429,8,0,0
2429,9,0,0
2429,10,0,0
2429,11,0,0
2429,12,0,0
2430,0,1,10
2430,1,0,0
2430,2,0,0
2430,3,0,0
2430,4,0,0
2430,5,0,0
2430,6,0,0
2430,7,0,0
2430,8,0,0
2430,9,0,0
2430,10,0,0
2430,11,0,0
2430,12,0,0
2431,0,1,5
2431,1,1,6
2431,2,1,0
2431,3,1,2
2431,4,1,2
2431,5,1,4
2431,6,1,0
2431,7,1,0
2431,8,1,0
2431,9,1,4
2431,10,1,2
2431,11,1,2
2431,12,1,1
2432,0,1,6
2432,1,1,3
2432,2,1,5
2432,3,1,8
2432,4,1,7
2432,5,1,4
2432,6,1,2
2432,7,1,3
2432,8,1,2
2432,9,1,5
2432,10,1,3
2432,11,1,7
2432,12,0,0
2433,0,1,4
2433,1,1,4
2433,2,0,0
2433,3,0,0
2433,4,0,0
2433,5,0,0
2433,6,0,0
2433,7,0,0
2433,8,0,0
2433,9,0,0
2433,10,0,0
2433,11,0,0
2433,12,0,0
2434,0,1,6
2434,1,1,7
2434,2,1,1
2434,3,1,3
2434,4,1,4
2434,5,1,2
2434,6,1,6
2434,7,1,1
2434,8,1,1
2434,9,1,5
2434,10,1,2
2434,11,1,1
2434,12,1,1
2435,0,1,4
2435,1,1,3
2435,2,1,4
2435,3,1,7
2435,4,0,0
2435,5,0,0
2435,6,0,0
2435,7,0,0
2435,8,0,0
2435,9,0,0
2435,10,0,0
2435,11,0,0
2435,12,0,0
2436,0,1,3
2436,1,0,0
2436,2,0,0
2436,3,0,0
2436,4,0,0
2436,5,0,0
2436,6,0,0
2436,7,0,0
2436,8,0,0
2436,9,0,0
2436,10,0,0
2436,11,0,0
2436,12,0,0
2437,0,1,7
2437,1,1,2
2437,2,0,0
2437,3,0,0
2437,4,0,0
2437,5,0,0
2437,6,0,0
2437,7,0,0
2437,8,0,0
2437,9,0,0
2437,10,0,0
2437,11,0,0
2437,12,0,0
2438,0,1,3
2438,1,1,0
2438,2,1,5
2438,3,1,0
2438,4,0,0
2438,5,0,0
2438,6,0,0
2438,7,0,0
2438,8,0,0
2438,9,0,0
2438,10,0,0
2438,11,0,0
2438,12,0,0
2439,0,1,5
2439,1,1,1
2439,2,1,3
2439,3,1,1
2439,4,1,3
2439,5,1,4
2439,6,1,2
2439,7,1,4
2439,8,0,0
2439,9,0,0
2439,10,0,0
2439,11,0,0
2439,12,0,0
2440,0,1,5
2440,1,1,2
2440,2,1,5
2440,3,1,5
2440,4,0,0
2440,5,0,0
2440,6,0,0
2440,7,0,0
2440,8,0,0
2440,9,0,0
2440,10,0,0
2440,11,0,0
2440,12,0,0
2441,0,1,5
2441,1,1,3
2441,2,1,4
2441,3,1,2
2441,4,1,1
2441,5,0,0
2441,6,0,0
2441,7,0,0
2441,8,0,0
2441,9,0,0
2441,10,0,0
2441,11,0,0
2441,12,0,0
2442,0,1,5
2442,1,1,1
2442,2,1,1
2442,3,1,4
2442,4,1,3
2442,5,1,5
2442,6,1,2
2442,7,1,6
2442,8,1,8
2442,9,1,1
2442,10,1,2
2442,11,1,4
2442,12,0,0
2443,0,1,8
2443,1,1,9
2443,2,1,1
2443,3,1,4
2443,4,1,6
2443,5,1,3
2443,6,1,2
2443,7,1,2
2443,8,1,4
2443,9,1,3
2443,10,1,4
2443,11,1,8
2443,12,1,6
2444,0,1,8
2444,1,1,5
2444,2,1,4
2444,3,1,2
2444,4,1,1
2444,5,1,0
2444,6,1,4
2444,7,1,2
2444,8,1,3
2444,9,1,1
2444,10,1,2
2444,11,0,0
2444,12,0,0
2445,0,1,4
2445,1,1,4
2445,2,0,0
2445,3,0,0
2445,4,0,0
2445,5,0,0
2445,6,0,0
2445,7,0,0
2445,8,0,0
2445,9,0,0
2445,10,0,0
2445,11,0,0
2445,12,0,0
2446,0,1,1
2446,1,1,5
2446,2,1,0
2446,3,1,4
2446,4,1,3
2446,5,1,3
2446,6,1,0
2446,7,1,5
2446,8,0,0
2446,9,0,0
2446,10,0,0
2446,11,0,0
2446,12,0,0
2447,0,1,6
2447,1,1,0
2447,2,1,3
2447,3,0,0
2447,4,0,0
2447,5,0,0
2447,6,0,0
2447,7,0,0
2447,8,0,0
2447,9,0,0
2447,10,0,0
2447,11,0,0
2447,12,0,0
2448,0,1,5
2448,1,0,0
2448,2,0,0
2448,3,0,0
2448,4,0,0
2448,5,0,0
2448,6,0,0
2448,7,0,0
2448,8,0,0
2448,9,0,0
2448,10,0,0
2448,11,0,0
2448,12,0,0
2449,0,1,7
2449,1,1,5
2449,2,1,2
2449,3,1,3
2449,4,1,2
2449,5,1,1
2449,6,1,2
2449,7,1,2
2449,8,1,3
2449,9,1,5
2449,10,1,1
2449,11,1,7
2449,12,1,3
2450,0,1,4
2450,1,1,2
2450,2,1,7
2450,3,1,5
2450,4,1,3
2450,5,1,4
2450,6,1,6
2450,7,1,3
2450,8,1,3
2450,9,0,0
2450,10,0,0
2450,11,0,0
2450,12,0,0
2451,0,1,3
2451,1,1,8
2451,2,1,3
2451,3,0,0
2451,4,0,0
2451,5,0,0
2451,6,0,0
2451,7,0,0
2451,8,0,0
2451,9,0,0
2451,10,0,0
2451,11,0,0
2451,12,0,0
2452,0,1,11
2452,1,1,1
2452,2,1,5
2452,3,0,0
2452,4,0,0
2452,5,0,0
2452,6,0,0
2452,7,0,0
2452,8,0,0
2452,9,0,0
2452,10,0,0
2452,11,0,0
2452,12,0,0
2453,0,1,10
2453,1,1,1
2453,2,1,4
2453,3,1,1
2453,4,1,1
2453,5,1,2
2453,6,1,0
2453,7,1,1
2453,8,1,0
2453,9,1,2
2453,10,1,0
2453,11,1,2
2453,12,0,0
2454,0,1,4
2454,1,1,6
2454,2,1,2
2454,3,1,6
2454,4,0,0
2454,5,0,0
2454,6,0,0
2454,7,0,0
2454,8,0,0
2454,9,0,0
2454,10,0,0
2454,11,0,0
2454,12,0,0
2455,0,1,4
2455,1,1,2
2455,2,1,4
2455,3,1,7
2455,4,1,4
2455,5,1,6
2455,6,1,5
2455,7,1,0
2455,8,0,0
2455,9,0,0
2455,10,0,0
2455,11,0,0
2455,12,0,0
2456,0,1,4
2456,1,1,5
2456,2,1,3
2456,3,1,5
2456,4,1,3
2456,5,1,5
2456,6,1,6
2456,7,1,2
2456,8,1,5
2456,9,1,2
2456,10,1,4
2456,11,1,5
2456,12,1,3
2457,0,1,7
2457,1,1,2
2457,2,1,0
2457,3,1,1
2457,4,0,0
2457,5,0,0
2457,6,0,0
2457,7,0,0
2457,8,0,0
2457,9,0,0
2457,10,0,0
2457,11,0,0
2457,12,0,0
2458,0,1,4
2458,1,1,2
2458,2,1,2
2458,3,1,1
2458,4,1,3
2458,5,1,4
2458,6,0,0
2458,7,0,0
2458,8,0,0
2458,9,0,0
2458,10,0,0
2458,11,0,0
2458,12,0,0
2459,0,1,8
2459,1,1,3
2459,2,1,2
2459,3,1,3
2459,4,1,0
2459,5,1,0
2459,6,0,0
2459,7,0,0
2459,8,0,0
2459,9,0,0
2459,10,0,0
2459,11,0,0
2459,12,0,0
2460,0,1,6
2460,1,1,1
2460,2,1,4
2460,3,0,0
2460,4,0,0
2460,5,0,0
2460,6,0,0
2460,7,0,0
2460,8,0,0
2460,9,0,0
2460,10,0,0
2460,11,0,0
2460,12,0,0
2461,0,1,5
2461,1,1,1
2461,2,1,4
2461,3,1,2
2461,4,1,2
2461,5,1,3
2461,6,1,1
2461,7,0,0
2461,8,0,0
2461,9,0,0
2461,10,0,0
2461,11,0,0
2461,12,0,0
2462,0,1,5
2462,1,1,3
2462,2,1,4
2462,3,1,1
2462,4,1,5
2462,5,1,5
2462,6,1,5
2462,7,1,2
2462,8,1,3
2462,9,1,2
2462,10,1,1
2462,11,1,3
2462,12,1,4
2463,0,1,4
2463,1,1,2
2463,2,1,1
2463,3,1,4
2463,4,1,3
2463,5,1,6
2463,6,1,4
2463,7,1,4
2463,8,1,3
2463,9,1,4
2463,10,1,3
2463,11,1,4
2463,12,1,3
2464,0,1,2
2464,1,1,4
2464,2,1,2
2464,3,1,6
2464,4,1,7
2464,5,1,3
2464,6,1,3
2464,7,1,1
2464,8,1,5
2464,9,1,3
2464,10,1,1
2464,11,1,3
2464,12,1,5
2465,0,1,5
2465,1,1,1
2465,2,1,1
2465,3,1,2
2465,4,1,1
2465,5,1,4
2465,6,1,6
2465,7,1,3
2465,8,1,6
2465,9,1,3
2465,10,1,5
2465,11,1,2
2465,12,0,0
2466,0,1,5
2466,1,1,4
2466,2,1,1
2466,3,0,0
2466,4,0,0
2466,5,0,0
2466,6,0,0
2466,7,0,0
2466,8,0,0
2466,9,0,0
2466,10,0,0
2466,11,0,0
2466,12,0,0
2467,0,1,6
2467,1,1,2
2467,2,1,5
2467,3,1,2
2467,4,1,1
2467,5,0,0
2467,6,0,0
2467,7,0,0
2467,8,0,0
2467,9,0,0
2467,10,0,0
2467,11,0,0
2467,12,0,0
2468,0,1,2
2468,1,1,3
2468,2,1,2
2468,3,1,7
2468,4,1,4
2468,5,1,3
2468,6,1,4
2468,7,1,3
2468,8,1,5
2468,9,1,7
2468,10,1,6
2468,11,1,5
2468,12,1,3
2469,0,1,4
2469,1,1,2
2469,2,0,0
2469,3,0,0
2469,4,0,0
2469,5,0,0
2469,6,0,0
2469,7,0,0
2469,8,0,0
2469,9,0,0
2469,10,0,0
2469,11,0,0
2469,12,0,0
2470,0,1,9
2470,1,1,7
2470,2,1,6
2470,3,1,4
2470,4,1,4
2470,5,1,4
2470,6,1,3
2470,7,1,2
2470,8,1,3
2470,9,0,0
2470,10,0,0
2470,11,0,0
2470,12,0,0
2471,0,1,5
2471,1,1,1
2471,2,1,5
2471,3,1,4
2471,4,1,1
2471,5,1,4
2471,6,1,3
2471,7,1,6
2471,8,1,3
2471,9,1,2
2471,10,1,3
2471,11,1,8
2471,12,1,1
2472,0,1,8
2472,1,1,4
2472,2,1,6
2472,3,1,2
2472,4,1,4
2472,5,1,1
2472,6,1,4
2472,7,1,4
2472,8,1,1
2472,9,1,5
2472,10,1,6
2472,11,1,8
2472,12,1,3
2473,0,1,8
2473,1,0,0
2473,2,0,0
2473,3,0,0
2473,4,0,0
2473,5,0,0
2473,6,0,0
2473,7,0,0
2473,8,0,0
2473,9,0,0
2473,10,0,0
2473,11,0,0
2473,12,0,0
2474,0,1,4
2474,1,1,6
2474,2,1,4
2474,3,1,6
2474,4,1,7
2474,5,1,1
2474,6,1,5
2474,7,1,1
2474,8,1,2
2474,9,1,2
2474,10,1,3
2474,11,1,5
2474,12,1,8
2475,0,1,4
2475,1,1,0
2475,2,1,2
2475,3,1,5
2475,4,1,4
2475,5,1,1
2475,6,1,1
2475,7,1,1
2475,8,1,1
2475,9,1,2
2475,10,1,2
2475,11,1,3
2475,12,1,4
2476,0,1,5
2476,1,1,5
2476,2,1,2
2476,3,1,5
2476,4,1,3
2476,5,1,5
2476,6,1,3
2476,7,0,0
2476,8,0,0
2476,9,0,0
2476,10,0,0
2476,11,0,0
2476,12,0,0
2477,0,1,3
2477,1,0,0
2477,2,0,0
2477,3,0,0
2477,4,0,0
2477,5,0,0
2477,6,0,0
2477,7,0,0
2477,8,0,0
2477,9,0,0
2477,10,0,0
2477,11,0,0
2477,12,0,0
2478,0,1,5
2478,1,1,5
2478,2,1,7
2478,3,1,3
2478,4,1,2
2478,5,1,3
2478,6,1,6
2478,7,1,2
2478,8,1,4
2478,9,1,2
2478,10,1,4
2478,11,1,4
2478,12,1,1
2479,0,1,1
2479,1,1,5
2479,2,1,2
2479,3,1,1
2479,4,1,4
2479,5,1,1
2479,6,1,1
2479,7,1,1
2479,8,1,3
2479,9,0,0
2479,10,0,0
2479,11,0,0
2479,12,0,0
2480,0,1,6
2480,1,1,3
2480,2,1,1
2480,3,1,1
2480,4,1,5
2480,5,1,1
2480,6,1,3
2480,7,1,1
2480,8,1,0
2480,9,1,2
2480,10,1,4
2480,11,1,1
2480,12,1,3
2481,0,1,6
2481,1,1,5
2481,2,0,0
2481,3,0,0
2481,4,0,0
2481,5,0,0
2481,6,0,0
2481,7,0,0
2481,8,0,0
2481,9,0,0
2481,10,0,0
2481,11,0,0
2481,12,0,0
2482,0,1,8
2482,1,1,8
2482,2,1,3
2482,3,1,4
2482,4,1,7
2482,5,1,8
2482,6,1,4
2482,7,1,1
2482,8,1,1
2482,9,0,0
2482,10,0,0
2482,11,0,0
2482,12,0,0
2483,0,1,4
2483,1,1,4
2483,2,1,0
2483,3,0,0
2483,4,0,0
2483,5,0,0
2483,6,0,0
2483,7,0,0
2483,8,0,0
2483,9,0,0
2483,10,0,0
2483,11,0,0
2483,12,0,0
2484,0,1,3
2484,1,1,0
2484,2,1,1
2484,3,1,0
2484,4,1,5
2484,5,1,1
2484,6,1,0
2484,7,1,4
2484,8,1,3
2484,9,1,1
2484,10,1,3
2484,11,1,4
2484,12,1,1
2485,0,1,8
2485,1,1,3
2485,2,1,4
2485,3,1,1
2485,4,0,0
2485,5,0,0
2485,6,0,0
2485,7,0,0
2485,8,0,0
2485,9,0,0
2485,10,0,0
2485,11,0,0
2485,12,0,0
2486,0,1,7
2486,1,0,0
2486,2,0,0
2486,3,0,0
2486,4,0,0
2486,5,0,0
2486,6,0,0
2486,7,0,0
2486,8,0,0
2486,9,0,0
2486,10,0,0
2486,11,0,0
2486,12,0,0
2487,0,1,3
2487,1,0,0
2487,2,0,0
2487,3,0,0
2487,4,0,0
2487,5,0,0
2487,6,0,0
2487,7,0,0
2487,8,0,0
2487,9,0,0
2487,10,0,0
2487,11,0,0
2487,12,0,0
2488,0,1,2
2488,1,1,5
2488,2,1,4
2488,3,1,4
2488,4,0,0
2488,5,0,0
2488,6,0,0
2488,7,0,0
2488,8,0,0
2488,9,0,0
2488,10,0,0
2488,11,0,0
2488,12,0,0
2489,0,1,5
2489,1,1,6
2489,2,1,7
2489,3,1,5
2489,4,1,2
2489,5,1,1
2489,6,1,2
2489,7,1,1
2489,8,1,1
2489,9,1,1
2489,10,1,6
2489,11,1,5
2489,12,1,1
2490,0,1,3
2490,1,1,1
2490,2,1,2
2490,3,1,1
2490,4,1,4
2490,5,1,0
2490,6,0,0
2490,7,0,0
2490,8,0,0
2490,9,0,0
2490,10,0,0
2490,11,0,0
2490,12,0,0
2491,0,1,5
2491,1,1,2
2491,2,1,2
2491,3,1,1
2491,4,0,0
2491,5,0,0
2491,6,0,0
2491,7,0,0
2491,8,0,0
2491,9,0,0
2491,10,0,0
2491,11,0,0
2491,12,0,0
2492,0,1,8
2492,1,1,5
2492,2,1,3
2492,3,1,2
2492,4,1,3
2492,5,1,3
2492,6,1,4
2492,7,1,2
2492,8,1,6
2492,9,1,3
2492,10,1,4
2492,11,1,4
2492,12,1,5
2493,0,1,3
2493,1,1,3
2493,2,1,0
2493,3,1,1
2493,4,1,2
2493,5,1,1
2493,6,1,1
2493,7,0,0
2493,8,0,0
2493,9,0,0
2493,10,0,0
2493,11,0,0
2493,12,0,0
2494,0,1,7
2494,1,1,4
2494,2,1,7
2494,3,1,2
2494,4,1,3
2494,5,1,2
2494,6,1,5
2494,7,1,1
2494,8,1,2
2494,9,1,2
2494,10,1,5
2494,11,1,5
2494,12,1,4
2495,0,1,6
2495,1,1,1
2495,2,1,0
2495,3,1,3
2495,4,1,3
2495,5,1,1
2495,6,1,6
2495,7,1,6
2495,8,1,3
2495,9,1,6
2495,10,1,2
2495,11,1,6
2495,12,1,1
2496,0,1,8
2496,1,1,2
2496,2,1,1
2496,3,1,2
2496,4,0,0
2496,5,0,0
2496,6,0,0
2496,7,0,0
2496,8,0,0
2496,9,0,0
2496,10,0,0
2496,11,0,0
2496,12,0,0
2497,0,1,4
2497,1,1,7
2497,2,1,3
2497,3,1,2
2497,4,1,1
2497,5,1,3
2497,6,0,0
2497,7,0,0
2497,8,0,0
2497,9,0,0
2497,10,0,0
2497,11,0,0
2497,12,0,0
2498,0,1,8
2498,1,0,0
2498,2,0,0
2498,3,0,0
2498,4,0,0
2498,5,0,0
2498,6,0,0
2498,7,0,0
2498,8,0,0
2498,9,0,0
2498,10,0,0
2498,11,0,0
2498,12,0,0
2499,0,1,4
2499,1,1,4
2499,2,1,3
2499,3,1,3
2499,4,1,5
2499,5,0,0
2499,6,0,0
2499,7,0,0
2499,8,0,0
2499,9,0,0
2499,10,0,0
2499,11,0,0
2499,12,0,0
2500,0,1,4
2500,1,1,2
2500,2,1,1
2500,3,1,4
2500,4,0,0
2500,5,0,0
2500,6,0,0
2500,7,0,0
2500,8,0,0
2500,9,0,0
2500,10,0,0
2500,11,0,0
2500,12,0,0
2501,0,1,7
2501,1,0,0
2501,2,0,0
2501,3,0,0
2501,4,0,0
2501,5,0,0
2501,6,0,0
2501,7,0,0
2501,8,0,0
2501,9,0,0
2501,10,0,0
2501,11,0,0
2501,12,0,0
2502,0,1,3
2502,1,1,6
2502,2,1,4
2502,3,1,1
2502,4,1,4
2502,5,1,4
2502,6,0,0
2502,7,0,0
2502,8,0,0
2502,9,0,0
2502,10,0,0
2502,11,0,0
2502,12,0,0
2503,0,1,7
2503,1,1,2
2503,2,1,1
2503,3,1,3
2503,4,1,4
2503,5,1,1
2503,6,1,2
2503,7,1,3
2503,8,1,4
2503,9,1,8
2503,10,1,3
2503,11,1,3
2503,12,1,7
2504,0,1,2
2504,1,1,3
2504,2,0,0
2504,3,0,0
2504,4,0,0
2504,5,0,0
2504,6,0,0
2504,7,0,0
2504,8,0,0
2504,9,0,0
2504,10,0,0
2504,11,0,0
2504,12,0,0
2505,0,1,7
2505,1,1,4
2505,2,1,1
2505,3,1,4
2505,4,1,1
2505,5,1,2
2505,6,1,4
2505,7,1,3
2505,8,1,1
2505,9,1,3
2505,10,0,0
2505,11,0,0
2505,12,0,0
2506,0,1,3
2506,1,1,3
2506,2,0,0
2506,3,0,0
2506,4,0,0
2506,5,0,0
2506,6,0,0
2506,7,0,0
2506,8,0,0
2506,9,0,0
2506,10,0,0
2506,11,0,0
2506,12,0,0
2507,0,1,6
2507,1,1,5
2507,2,1,3
2507,3,1,0
2507,4,1,0
2507,5,1,2
2507,6,1,3
2507,7,1,2
2507,8,0,0
2507,9,0,0
2507,10,0,0
2507,11,0,0
2507,12,0,0
2508,0,1,7
2508,1,1,5
2508,2,1,1
2508,3,0,0
2508,4,0,0
2508,5,0,0
2508,6,0,0
2508,7,0,0
2508,8,0,0
2508,9,0,0
2508,10,0,0
2508,11,0,0
2508,12,0,0
2509,0,1,6
2509,1,1,1
2509,2,1,4
2509,3,1,2
2509,4,1,4
2509,5,1,1
2509,6,1,5
2509,7,1,4
2509,8,1,0
2509,9,1,4
2509,10,1,5
2509,11,1,1
2509,12,1,2
2510,0,1,9
2510,1,1,3
2510,2,1,1
2510,3,1,4
2510,4,1,4
2510,5,1,2
2510,6,1,2
2510,7,0,0
2510,8,0,0
2510,9,0,0
2510,10,0,0
2510,11,0,0
2510,12,0,0
2511,0,1,7
2511,1,1,2
2511,2,1,4
2511,3,1,3
2511,4,1,3
2511,5,1,4
2511,6,1,1
2511,7,1,1
2511,8,1,2
2511,9,1,7
2511,10,1,2
2511,11,1,1
2511,12,1,1
2512,0,1,8
2512,1,1,0
2512,2,1,6
2512,3,1,3
2512,4,0,0
2512,5,0,0
2512,6,0,0
2512,7,0,0
2512,8,0,0
2512,9,0,0
2512,10,0,0
2512,11,0,0
2512,12,0,0
2513,0,1,4
2513,1,1,1
2513,2,1,4
2513,3,1,4
2513,4,1,2
2513,5,1,4
2513,6,1,6
2513,7,1,3
2513,8,1,5
2513,9,1,3
2513,10,1,0
2513,11,1,3
2513,12,1,1
2514,0,1,6
2514,1,1,5
2514,2,1,3
2514,3,1,2
2514,4,1,2
2514,5,1,4
2514,6,1,3
2514,7,1,7
2514,8,1,4
2514,9,1,8
2514,10,0,0
2514,11,0,0
2514,12,0,0
2515,0,1,3
2515,1,1,1
2515,2,1,4
2515,3,1,2
2515,4,1,1
2515,5,1,1
2515,6,1,2
2515,7,1,1
2515,8,1,3
2515,9,1,2
2515,10,1,1
2515,11,1,1
2515,12,1,8
2516,0,1,9
2516,1,1,3
2516,2,1,4
2516,3,0,0
2516,4,0,0
2516,5,0,0
2516,6,0,0
2516,7,0,0
2516,8,0,0
2516,9,0,0
2516,10,0,0
2516,11,0,0
2516,12,0,0
2517,0,1,6
2517,1,1,5
2517,2,1,2
2517,3,1,0
2517,4,1,5
2517,5,1,5
2517,6,1,4
2517,7,1,3
2517,8,1,3
2517,9,1,4
2517,10,1,5
2517,11,1,1
2517,12,1,5
2518,0,1,5
2518,1,1,4
2518,2,1,4
2518,3,0,0
2518,4,0,0
2518,5,0,0
2518,6,0,0
2518,7,0,0
2518,8,0,0
2518,9,0,0
2518,10,0,0
2518,11,0,0
2518,12,0,0
2519,0,1,8
2519,1,1,1
2519,2,1,3
2519,3,1,1
2519,4,1,1
2519,5,1,2
2519,6,1,4
2519,7,1,3
2519,8,1,1
2519,9,1,1
2519,10,1,3
2519,11,1,0
2519,12,1,1
2520,0,1,5
2520,1,1,5
2520,2,1,3
2520,3,1,2
2520,4,1,3
2520,5,1,3
2520,6,1,6
2520,7,1,3
2520,8,1,4
2520,9,1,2
2520,10,1,5
2520,11,1,5
2520,12,1,0
2521,0,1,1
2521,1,1,2
2521,2,1,0
2521,3,1,1
2521,4,1,1
2521,5,0,0
2521,6,0,0
2521,7,0,0
2521,8,0,0
2521,9,0,0
2521,10,0,0
2521,11,0,0
2521,12,0,0
2522,0,1,4
2522,1,1,3
2522,2,0,0
2522,3,0,0
2522,4,0,0
2522,5,0,0
2522,6,0,0
2522,7,0,0
2522,8,0,0
2522,9,0,0
2522,10,0,0
2522,11,0,0
2522,12,0,0
2523,0,1,3
2523,1,1,3
2523,2,1,0
2523,3,1,3
2523,4,1,4
2523,5,1,5
2523,6,1,1
2523,7,1,6
2523,8,0,0
2523,9,0,0
2523,10,0,0
2523,11,0,0
2523,12,0,0
2524,0,1,3
2524,1,1,2
2524,2,1,2
2524,3,1,3
2524,4,1,0
2524,5,0,0
2524,6,0,0
2524,7,0,0
2524,8,0,0
2524,9,0,0
2524,10,0,0
2524,11,0,0
2524,12,0,0
2525,0,1,11
2525,1,1,1
2525,2,1,1
2525,3,1,2
2525,4,1,2
2525,5,1,2
2525,6,1,0
2525,7,0,0
2525,8,0,0
2525,9,0,0
2525,10,0,0
2525,11,0,0
2525,12,0,0
2526,0,1,4
2526,1,1,3
2526,2,1,3
2526,3,1,8
2526,4,1,2
2526,5,1,4
2526,6,1,6
2526,7,1,5
2526,8,1,3
2526,9,1,3
2526,10,1,3
2526,11,1,7
2526,12,1,3
2527,0,1,5
2527,1,1,3
2527,2,1,2
2527,3,1,3
2527,4,1,2
2527,5,1,4
2527,6,1,2
2527,7,1,3
2527,8,1,3
2527,9,1,4
2527,10,0,0
2527,11,0,0
2527,12,0,0
2528,0,1,8
2528,1,1,3
2528,2,1,2
2528,3,1,1
2528,4,1,2
2528,5,1,0
2528,6,1,2
2528,7,0,0
2528,8,0,0
2528,9,0,0
2528,10,0,0
2528,11,0,0
2528,12,0,0
2529,0,1,3
2529,1,1,4
2529,2,1,3
2529,3,1,2
2529,4,1,3
2529,5,1,1
2529,6,1,3
2529,7,1,2
2529,8,1,3
2529,9,1,3
2529,10,1,6
2529,11,1,2
2529,12,1,2
2530,0,1,4
2530,1,1,4
2530,2,1,4
2530,3,1,4
2530,4,1,3
2530,5,0,0
2530,6,0,0
2530,7,0,0
2530,8,0,0
2530,9,0,0
2530,10,0,0
2530,11,0,0
2530,12,0,0
2531,0,1,4
2531,1,1,5
2531,2,1,3
2531,3,1,3
2531,4,1,6
2531,5,1,1
2531,6,1,2
2531,7,1,3
2531,8,1,3
2531,9,1,5
2531,10,1,0
2531,11,1,2
2531,12,1,1
2532,0,1,5
2532,1,1,3
2532,2,1,2
2532,3,1,3
2532,4,1,3
2532,5,1,3
2532,6,1,5
2532,7,1,2
2532,8,0,0
2532,9,0,0
2532,10,0,0
2532,11,0,0
2532,12,0,0
2533,0,1,5
2533,1,1,2
2533,2,1,5
2533,3,1,1
2533,4,1,3
2533,5,1,0
2533,6,1,4
2533,7,1,1
2533,8,0,0
2533,9,0,0
2533,10,0,0
2533,11,0,0
2533,12,0,0
2534,0,1,4
2534,1,1,2
2534,2,1,0
2534,3,1,3
2534,4,1,1
2534,5,1,3
2534,6,1,5
2534,7,1,1
2534,8,1,3
2534,9,0,0
2534,10,0,0
2534,11,0,0
2534,12,0,0
2535,0,1,5
2535,1,1,4
2535,2,1,3
2535,3,1,7
2535,4,1,3
2535,5,1,3
2535,6,1,0
2535,7,1,7
2535,8,1,5
2535,9,1,1
2535,10,1,4
2535,11,1,5
2535,12,1,5
2536,0,1,5
2536,1,1,7
2536,2,1,4
2536,3,1,4
2536,4,1,3
2536,5,1,3
2536,6,0,0
2536,7,0,0
2536,8,0,0
2536,9,0,0
2536,10,0,0
2536,11,0,0
2536,12,0,0
2537,0,1,6
2537,1,1,1
2537,2,1,4
2537,3,1,5
2537,4,1,3
2537,5,0,0
2537,6,0,0
2537,7,0,0
2537,8,0,0
2537,9,0,0
2537,10,0,0
2537,11,0,0
2537,12,0,0
2538,0,1,5
2538,1,1,3
2538,2,1,3
2538,3,1,0
2538,4,1,2
2538,5,1,4
2538,6,1,7
2538,7,1,0
2538,8,1,4
2538,9,1,1
2538,10,1,4
2538,11,1,4
2538,12,1,2
2539,0,1,5
2539,1,1,0
2539,2,1,5
2539,3,1,2
2539,4,1,3
2539,5,1,2
2539,6,1,5
2539,7,1,5
2539,8,1,5
2539,9,1,1
2539,10,1,4
2539,11,1,4
2539,12,1,3
2540,0,1,3
2540,1,1,5
2540,2,1,5
2540,3,1,4
2540,4,1,2
2540,5,1,5
2540,6,1,3
2540,7,1,1
2540,8,1,2
2540,9,1,6
2540,10,1,3
2540,11,1,2
2540,12,1,2
2541,0,1,7
2541,1,1,3
2541,2,1,1
2541,3,1,7
2541,4,1,5
2541,5,1,2
2541,6,1,9
2541,7,1,4
2541,8,1,3
2541,9,1,5
2541,10,1,2
2541,11,1,4
2541,12,1,1
2542,0,1,7
2542,1,1,4
2542,2,1,4
2542,3,1,3
2542,4,1,1
2542,5,1,4
2542,6,1,3
2542,7,1,2
2542,8,1,3
2542,9,1,5
2542,10,1,1
2542,11,1,3
2542,12,1,0
2543,0,1,4
2543,1,0,0
2543,2,0,0
2543,3,0,0
2543,4,0,0
2543,5,0,0
2543,6,0,0
2543,7,0,0
2543,8,0,0
2543,9,0,0
2543,10,0,0
2543,11,0,0
2543,12,0,0
2544,0,1,3
2544,1,1,1
2544,2,1,4
2544,3,0,0
2544,4,0,0
2544,5,0,0
2544,6,0,0
2544,7,0,0
2544,8,0,0
2544,9,0,0
2544,10,0,0
2544,11,0,0
2544,12,0,0
2545,0,1,6
2545,1,1,2
2545,2,0,0
2545,3,0,0
2545,4,0,0
2545,5,0,0
2545,6,0,0
2545,7,0,0
2545,8,0,0
2545,9,0,0
2545,10,0,0
2545,11,0,0
2545,12,0,0
2546,0,1,6
2546,1,1,5
2546,2,1,6
2546,3,1,4
2546,4,1,3
2546,5,1,4
2546,6,1,7
2546,7,1,2
2546,8,1,3
2546,9,1,2
2546,10,1,4
2546,11,1,4
2546,12,1,2
2547,0,1,7
2547,1,1,1
2547,2,1,2
2547,3,1,4
2547,4,1,4
2547,5,0,0
2547,6,0,0
2547,7,0,0
2547,8,0,0
2547,9,0,0
2547,10,0,0
2547,11,0,0
2547,12,0,0
2548,0,1,5
2548,1,1,1
2548,2,1,4
2548,3,1,1
2548,4,1,2
2548,5,1,0
2548,6,1,5
2548,7,1,3
2548,8,1,1
2548,9,1,1
2548,10,1,2
2548,11,1,1
2548,12,1,1
2549,0,1,7
2549,1,1,3
2549,2,1,2
2549,3,1,1
2549,4,1,4
2549,5,1,1
2549,6,1,3
2549,7,1,2
2549,8,1,5
2549,9,1,3
2549,10,1,4
2549,11,1,6
2549,12,1,2
2550,0,1,3
2550,1,1,2
2550,2,0,0
2550,3,0,0
2550,4,0,0
2550,5,0,0
2550,6,0,0
2550,7,0,0
2550,8,0,0
2550,9,0,0
2550,10,0,0
2550,11,0,0
2550,12,0,0
2551,0,1,2
2551,1,0,0
2551,2,0,0
2551,3,0,0
2551,4,0,0
2551,5,0,0
2551,6,0,0
2551,7,0,0
2551,8,0,0
2551,9,0,0
2551,10,0,0
2551,11,0,0
2551,12,0,0
2552,0,1,8
2552,1,1,1
2552,2,1,2
2552,3,1,0
2552,4,1,4
2552,5,1,0
2552,6,1,1
2552,7,1,3
2552,8,1,2
2552,9,1,6
2552,10,1,6
2552,11,1,3
2552,12,1,0
2553,0,1,5
2553,1,1,5
2553,2,1,2
2553,3,1,2
2553,4,1,2
2553,5,1,5
2553,6,1,1
2553,7,1,4
2553,8,1,2
2553,9,0,0
2553,10,0,0
2553,11,0,0
2553,12,0,0
2554,0,1,2
2554,1,0,0
2554,2,0,0
2554,3,0,0
2554,4,0,0
2554,5,0,0
2554,6,0,0
2554,7,0,0
2554,8,0,0
2554,9,0,0
2554,10,0,0
2554,11,0,0
2554,12,0,0
2555,0,1,4
2555,1,1,4
2555,2,1,2
2555,3,1,4
2555,4,1,1
2555,5,1,4
2555,6,1,2
2555,7,1,0
2555,8,1,0
2555,9,1,3
2555,10,1,2
2555,11,1,3
2555,12,1,4
2556,0,1,3
2556,1,1,3
2556,2,1,2
2556,3,1,0
2556,4,1,7
2556,5,1,6
2556,6,1,1
2556,7,1,6
2556,8,1,1
2556,9,1,3
2556,10,0,0
2556,11,0,0
2556,12,0,0
2557,0,1,6
2557,1,1,4
2557,2,1,8
2557,3,1,4
2557,4,0,0
2557,5,0,0
2557,6,0,0
2557,7,0,0
2557,8,0,0
2557,9,0,0
2557,10,0,0
2557,11,0,0
2557,12,0,0
2558,0,1,1
2558,1,1,2
2558,2,1,3
2558,3,1,2
2558,4,1,4
2558,5,1,5
2558,6,1,3
2558,7,1,3
2558,8,1,3
2558,9,1,4
2558,10,1,6
2558,11,1,2
2558,12,1,6
2559,0,1,3
2559,1,1,2
2559,2,1,2
2559,3,1,3
2559,4,1,2
2559,5,1,2
2559,6,1,1
2559,7,1,1
2559,8,1,0
2559,9,1,1
2559,10,0,0
2559,11,0,0
2559,12,0,0
2560,0,1,4
2560,1,0,0
2560,2,0,0
2560,3,0,0
2560,4,0,0
2560,5,0,0
2560,6,0,0
2560,7,0,0
2560,8,0,0
2560,9,0,0
2560,10,0,0
2560,11,0,0
2560,12,0,0
2561,0,1,6
2561,1,1,3
2561,2,1,4
2561,3,1,3
2561,4,1,3
2561,5,1,1
2561,6,1,0
2561,7,1,2
2561,8,1,0
2561,9,1,2
2561,10,1,2
2561,11,1,0
2561,12,1,3
2562,0,1,5
2562,1,1,1
2562,2,1,3
2562,3,0,0
2562,4,0,0
2562,5,0,0
2562,6,0,0
2562,7,0,0
2562,8,0,0
2562,9,0,0
2562,10,0,0
2562,11,0,0
2562,12,0,0
2563,0,1,4
2563,1,1,2
2563,2,1,2
2563,3,1,1
2563,4,1,3
2563,5,1,0
2563,6,1,3
2563,7,1,1
2563,8,1,2
2563,9,1,2
2563,10,1,0
2563,11,1,2
2563,12,1,3
2564,0,1,4
2564,1,1,0
2564,2,1,2
2564,3,0,0
2564,4,0,0
2564,5,0,0
2564,6,0,0
2564,7,0,0
2564,8,0,0
2564,9,0,0
2564,10,0,0
2564,11,0,0
2564,12,0,0
2565,0,1,6
2565,1,1,3
2565,2,0,0
2565,3,0,0
2565,4,0,0
2565,5,0,0
2565,6,0,0
2565,7,0,0
2565,8,0,0
2565,9,0,0
2565,10,0,0
2565,11,0,0
2565,12,0,0
2566,0,1,7
2566,1,1,3
2566,2,1,3
2566,3,1,5
2566,4,1,1
2566,5,0,0
2566,6,0,0
2566,7,0,0
2566,8,0,0
2566,9,0,0
2566,10,0,0
2566,11,0,0
2566,12,0,0
2567,0,1,4
2567,1,1,2
2567,2,1,0
2567,3,1,2
2567,4,1,3
2567,5,1,4
2567,6,1,3
2567,7,1,3
2567,8,1,1
2567,9,1,8
2567,10,1,5
2567,11,1,4
2567,12,1,7
2568,0,1,2
2568,1,1,5
2568,2,1,2
2568,3,1,2
2568,4,1,1
2568,5,1,4
2568,6,1,6
2568,7,1,5
2568,8,1,7
2568,9,1,1
2568,10,1,5
2568,11,1,2
2568,12,1,4
2569,0,1,3
2569,1,1,6
2569,2,1,4
2569,3,1,4
2569,4,1,3
2569,5,1,3
2569,6,1,0
2569,7,1,1
2569,8,1,2
2569,9,1,1
2569,10,1,2
2569,11,1,1
2569,12,1,5
2570,0,1,2
2570,1,1,1
2570,2,1,1
2570,3,1,1
2570,4,1,2
2570,5,1,0
2570,6,1,2
2570,7,1,0
2570,8,1,1
2570,9,1,2
2570,10,1,3
2570,11,1,3
2570,12,1,3
2571,0,1,7
2571,1,1,3
2571,2,1,1
2571,3,0,0
2571,4,0,0
2571,5,0,0
2571,6,0,0
2571,7,0,0
2571,8,0,0
2571,9,0,0
2571,10,0,0
2571,11,0,0
2571,12,0,0
2572,0,1,10
2572,1,1,6
2572,2,1,4
2572,3,1,3
2572,4,0,0
2572,5,0,0
2572,6,0,0
2572,7,0,0
2572,8,0,0
2572,9,0,0
2572,10,0,0
2572,11,0,0
2572,12,0,0
2573,0,1,5
2573,1,1,6
2573,2,1,3
2573,3,1,1
2573,4,1,2
2573,5,1,6
2573,6,1,2
2573,7,1,4
2573,8,1,2
2573,9,1,4
2573,10,0,0
2573,11,0,0
2573,12,0,0
2574,0,1,5
2574,1,1,2
2574,2,1,3
2574,3,1,0
2574,4,1,1
2574,5,1,1
2574,6,1,1
2574,7,1,1
2574,8,1,4
2574,9,1,3
2574,10,1,2
2574,11,1,2
2574,12,1,3
2575,0,1,4
2575,1,1,2
2575,2,1,3
2575,3,0,0
2575,4,0,0
2575,5,0,0
2575,6,0,0
2575,7,0,0
2575,8,0,0
2575,9,0,0
2575,10,0,0
2575,11,0,0
2575,12,0,0
2576,0,1,4
2576,1,1,1
2576,2,1,3
2576,3,0,0
2576,4,0,0
2576,5,0,0
2576,6,0,0
2576,7,0,0
2576,8,0,0
2576,9,0,0
2576,10,0,0
2576,11,0,0
2576,12,0,0
2577,0,1,4
2577,1,1,2
2577,2,1,4
2577,3,0,0
2577,4,0,0
2577,5,0,0
2577,6,0,0
2577,7,0,0
2577,8,0,0
2577,9,0,0
2577,10,0,0
2577,11,0,0
2577,12,0,0
2578,0,1,2
2578,1,1,2
2578,2,1,2
2578,3,1,4
2578,4,1,7
2578,5,1,1
2578,6,1,4
2578,7,1,4
2578,8,1,3
2578,9,0,0
2578,10,0,0
2578,11,0,0
2578,12,0,0
2579,0,1,3
2579,1,1,1
2579,2,1,2
2579,3,1,0
2579,4,1,4
2579,5,1,4
2579,6,1,3
2579,7,1,0
2579,8,1,3
2579,9,1,3
2579,10,1,2
2579,11,1,0
2579,12,1,5
2580,0,1,5
2580,1,1,1
2580,2,1,2
2580,3,1,2
2580,4,1,0
2580,5,1,4
2580,6,1,5
2580,7,1,0
2580,8,1,3
2580,9,1,0
2580,10,1,2
2580,11,1,2
2580,12,1,1
2581,0,1,3
2581,1,1,3
2581,2,1,4
2581,3,1,6
2581,4,1,4
2581,5,1,2
2581,6,1,2
2581,7,1,8
2581,8,1,2
2581,9,1,0
2581,10,1,3
2581,11,1,3
2581,12,1,3
2582,0,1,3
2582,1,1,4
2582,2,1,3
2582,3,1,3
2582,4,1,4
2582,5,1,2
2582,6,1,5
2582,7,1,2
2582,8,1,0
2582,9,1,2
2582,10,1,5
2582,11,1,4
2582,12,1,5
2583,0,1,3
2583,1,1,1
2583,2,1,2
2583,3,1,1
2583,4,1,3
2583,5,1,6
2583,6,1,3
2583,7,0,0
2583,8,0,0
2583,9,0,0
2583,10,0,0
2583,11,0,0
2583,12,0,0
2584,0,1,3
2584,1,1,4
2584,2,1,4
2584,3,1,2
2584,4,1,2
2584,5,1,1
2584,6,1,3
2584,7,1,3
2584,8,0,0
2584,9,0,0
2584,10,0,0
2584,11,0,0
2584,12,0,0
2585,0,1,5
2585,1,0,0
2585,2,0,0
2585,3,0,0
2585,4,0,0
2585,5,0,0
2585,6,0,0
2585,7,0,0
2585,8,0,0
2585,9,0,0
2585,10,0,0
2585,11,0,0
2585,12,0,0
2586,0,1,3
2586,1,1,5
2586,2,1,6
2586,3,1,4
2586,4,1,5
2586,5,1,2
2586,6,1,4
2586,7,1,3
2586,8,1,3
2586,9,0,0
2586,10,0,0
2586,11,0,0
2586,12,0,0
2587,0,1,5
2587,1,1,2
2587,2,1,7
2587,3,1,6
2587,4,1,2
2587,5,1,4
2587,6,1,2
2587,7,0,0
2587,8,0,0
2587,9,0,0
2587,10,0,0
2587,11,0,0
2587,12,0,0
2588,0,1,3
2588,1,1,3
2588,2,1,2
2588,3,1,1
2588,4,1,3
2588,5,1,2
2588,6,1,5
2588,7,1,2
2588,8,1,1
2588,9,0,0
2588,10,0,0
2588,11,0,0
2588,12,0,0
2589,0,1,2
2589,1,0,0
2589,2,0,0
2589,3,0,0
2589,4,0,0
2589,5,0,0
2589,6,0,0
2589,7,0,0
2589,8,0,0
2589,9,0,0
2589,10,0,0
2589,11,0,0
2589,12,0,0
2590,0,1,4
2590,1,1,3
2590,2,1,2
2590,3,0,0
2590,4,0,0
2590,5,0,0
2590,6,0,0
2590,7,0,0
2590,8,0,0
2590,9,0,0
2590,10,0,0
2590,11,0,0
2590,12,0,0
2591,0,1,5
2591,1,1,1
2591,2,1,4
2591,3,1,2
2591,4,1,3
2591,5,1,3
2591,6,0,0
2591,7,0,0
2591,8,0,0
2591,9,0,0
2591,10,0,0
2591,11,0,0
2591,12,0,0
2592,0,1,4
2592,1,1,3
2592,2,1,1
2592,3,1,5
2592,4,1,4
2592,5,1,1
2592,6,1,3
2592,7,1,3
2592,8,1,3
2592,9,0,0
2592,10,0,0
2592,11,0,0
2592,12,0,0
2593,0,1,2
2593,1,1,4
2593,2,1,2
2593,3,1,3
2593,4,0,0
2593,5,0,0
2593,6,0,0
2593,7,0,0
2593,8,0,0
2593,9,0,0
2593,10,0,0
2593,11,0,0
2593,12,0,0
2594,0,1,5
2594,1,1,2
2594,2,1,4
2594,3,1,3
2594,4,1,1
2594,5,1,2
2594,6,0,0
2594,7,0,0
2594,8,0,0
2594,9,0,0
2594,10,0,0
2594,11,0,0
2594,12,0,0
2595,0,1,2
2595,1,1,1
2595,2,0,0
2595,3,0,0
2595,4,0,0
2595,5,0,0
2595,6,0,0
2595,7,0,0
2595,8,0,0
2595,9,0,0
2595,10,0,0
2595,11,0,0
2595,12,0,0
2596,0,1,2
2596,1,1,4
2596,2,1,4
2596,3,1,4
2596,4,1,6
2596,5,1,2
2596,6,1,6
2596,7,1,2
2596,8,1,2
2596,9,1,0
2596,10,1,3
2596,11,1,6
2596,12,0,0
2597,0,1,9
2597,1,1,5
2597,2,1,5
2597,3,1,7
2597,4,1,2
2597,5,1,5
2597,6,1,3
2597,7,1,5
2597,8,1,3
2597,9,1,3
2597,10,1,2
2597,11,0,0
2597,12,0,0
2598,0,1,4
2598,1,1,0
2598,2,1,5
2598,3,1,0
2598,4,1,2
2598,5,0,0
2598,6,0,0
2598,7,0,0
2598,8,0,0
2598,9,0,0
2598,10,0,0
2598,11,0,0
2598,12,0,0
2599,0,1,4
2599,1,1,3
2599,2,1,3
2599,3,0,0
2599,4,0,0
2599,5,0,0
2599,6,0,0
2599,7,0,0
2599,8,0,0
2599,9,0,0
2599,10,0,0
2599,11,0,0
2599,12,0,0
2600,0,1,6
2600,1,1,4
2600,2,0,0
2600,3,0,0
2600,4,0,0
2600,5,0,0
2600,6,0,0
2600,7,0,0
2600,8,0,0
2600,9,0,0
2600,10,0,0
2600,11,0,0
2600,12,0,0
2601,0,1,7
2601,1,1,0
2601,2,1,2
2601,3,1,1
2601,4,1,5
2601,5,1,3
2601,6,1,3
2601,7,1,5
2601,8,1,0
2601,9,1,6
2601,10,1,3
2601,11,1,5
2601,12,1,6
2602,0,1,5
2602,1,1,1
2602,2,1,3
2602,3,1,1
2602,4,1,0
2602,5,1,4
2602,6,1,1
2602,7,1,1
2602,8,1,1
2602,9,0,0
2602,10,0,0
2602,11,0,0
2602,12,0,0
2603,0,1,4
2603,1,1,3
2603,2,1,7
2603,3,1,1
2603,4,1,2
2603,5,1,2
2603,6,1,0
2603,7,0,0
2603,8,0,0
2603,9,0,0
2603,10,0,0
2603,11,0,0
2603,12,0,0
2604,0,1,3
2604,1,1,0
2604,2,1,2
2604,3,1,3
2604,4,1,2
2604,5,1,3
2604,6,1,4
2604,7,1,2
2604,8,0,0
2604,9,0,0
2604,10,0,0
2604,11,0,0
2604,12,0,0
2605,0,1,8
2605,1,1,3
2605,2,1,1
2605,3,1,3
2605,4,1,3
2605,5,1,2
2605,6,1,2
2605,7,1,1
2605,8,0,0
2605,9,0,0
2605,10,0,0
2605,11,0,0
2605,12,0,0
2606,0,1,5
2606,1,1,0
2606,2,1,2
2606,3,0,0
2606,4,0,0
2606,5,0,0
2606,6,0,0
2606,7,0,0
2606,8,0,0
2606,9,0,0
2606,10,0,0
2606,11,0,0
2606,12,0,0
2607,0,1,6
2607,1,1,4
2607,2,1,2
2607,3,1,1
2607,4,1,5
2607,5,1,3
2607,6,0,0
2607,7,0,0
2607,8,0,0
2607,9,0,0
2607,10,0,0
2607,11,0,0
2607,12,0,0
2608,0,1,6
2608,1,1,4
2608,2,1,2
2608,3,1,5
2608,4,1,1
2608,5,1,3
2608,6,1,1
2608,7,1,4
2608,8,1,5
2608,9,1,1
2608,10,1,1
2608,11,1,3
2608,12,1,2
2609,0,1,6
2609,1,1,2
2609,2,1,6
2609,3,1,3
2609,4,1,4
2609,5,1,6
2609,6,1,4
2609,7,1,2
2609,8,1,3
2609,9,1,2
2609,10,1,2
2609,11,1,6
2609,12,1,4
2610,0,1,5
2610,1,1,3
2610,2,1,1
2610,3,1,4
2610,4,1,3
2610,5,1,3
2610,6,1,6
2610,7,0,0
2610,8,0,0
2610,9,0,0
2610,10,0,0
2610,11,0,0
2610,12,0,0
2611,0,1,1
2611,1,1,1
2611,2,1,3
2611,3,1,3
2611,4,1,0
2611,5,1,4
2611,6,1,1
2611,7,1,4
2611,8,1,3
2611,9,1,2
2611,10,1,1
2611,11,1,4
2611,12,1,1
2612,0,1,4
2612,1,1,3
2612,2,1,5
2612,3,1,4
2612,4,1,5
2612,5,1,3
2612,6,1,4
2612,7,1,3
2612,8,1,6
2612,9,1,6
2612,10,1,3
2612,11,1,1
2612,12,1,2
2613,0,1,3
2613,1,1,1
2613,2,1,4
2613,3,1,2
2613,4,0,0
2613,5,0,0
2613,6,0,0
2613,7,0,0
2613,8,0,0
2613,9,0,0
2613,10,0,0
2613,11,0,0
2613,12,0,0
2614,0,1,5
2614,1,1,1
2614,2,1,0
2614,3,1,1
2614,4,1,0
2614,5,1,3
2614,6,1,5
2614,7,1,3
2614,8,0,0
2614,9,0,0
2614,10,0,0
2614,11,0,0
2614,12,0,0
2615,0,1,4
2615,1,1,1
2615,2,1,2
2615,3,1,0
2615,4,1,1
2615,5,1,0
2615,6,1,3
2615,7,1,2
2615,8,1,1
2615,9,1,1
2615,10,1,0
2615,11,1,5
2615,12,1,3
2616,0,1,5
2616,1,1,3
2616,2,1,1
2616,3,1,4
2616,4,1,5
2616,5,1,1
2616,6,1,2
2616,7,1,1
2616,8,1,4
2616,9,1,3
2616,10,1,2
2616,11,1,1
2616,12,1,1
2617,0,1,7
2617,1,1,1
2617,2,1,2
2617,3,0,0
2617,4,0,0
2617,5,0,0
2617,6,0,0
2617,7,0,0
2617,8,0,0
2617,9,0,0
2617,10,0,0
2617,11,0,0
2617,12,0,0
2618,0,1,3
2618,1,1,4
2618,2,1,0
2618,3,1,2
2618,4,1,0
2618,5,1,4
2618,6,1,3
2618,7,1,2
2618,8,1,0
2618,9,1,1
2618,10,1,3
2618,11,1,2
2618,12,1,1
2619,0,1,5
2619,1,1,0
2619,2,1,4
2619,3,1,2
2619,4,1,5
2619,5,1,4
2619,6,1,2
2619,7,1,6
2619,8,1,5
2619,9,1,4
2619,10,1,2
2619,11,1,3
2619,12,1,2
2620,0,1,5
2620,1,1,3
2620,2,1,3
2620,3,1,1
2620,4,1,0
2620,5,1,5
2620,6,1,2
2620,7,1,1
2620,8,1,3
2620,9,1,2
2620,10,1,0
2620,11,1,2
2620,12,1,1
2621,0,1,4
2621,1,1,1
2621,2,1,0
2621,3,1,0
2621,4,1,2
2621,5,1,3
2621,6,1,4
2621,7,1,3
2621,8,1,1
2621,9,1,1
2621,10,1,5
2621,11,1,2
2621,12,1,3
2622,0,1,4
2622,1,1,4
2622,2,1,7
2622,3,1,3
2622,4,1,5
2622,5,1,5
2622,6,1,0
2622,7,1,4
2622,8,1,3
2622,9,1,3
2622,10,1,8
2622,11,1,4
2622,12,1,2
2623,0,1,5
2623,1,1,6
2623,2,1,3
2623,3,1,2
2623,4,1,0
2623,5,1,1
2623,6,1,2
2623,7,0,0
2623,8,0,0
2623,9,0,0
2623,10,0,0
2623,11,0,0
2623,12,0,0
2624,0,1,2
2624,1,1,3
2624,2,1,4
2624,3,1,3
2624,4,1,3
2624,5,1,4
2624,6,1,4
2624,7,1,3
2624,8,1,1
2624,9,1,2
2624,10,1,3
2624,11,1,1
2624,12,1,5
2625,0,1,6
2625,1,1,4
2625,2,1,3
2625,3,1,4
2625,4,1,1
2625,5,1,2
2625,6,1,4
2625,7,1,3
2625,8,1,4
2625,9,1,0
2625,10,1,2
2625,11,0,0
2625,12,0,0
2626,0,1,4
2626,1,1,2
2626,2,0,0
2626,3,0,0
2626,4,0,0
2626,5,0,0
2626,6,0,0
2626,7,0,0
2626,8,0,0
2626,9,0,0
2626,10,0,0
2626,11,0,0
2626,12,0,0
2627,0,1,5
2627,1,1,2
2627,2,1,5
2627,3,1,4
2627,4,0,0
2627,5,0,0
2627,6,0,0
2627,7,0,0
2627,8,0,0
2627,9,0,0
2627,10,0,0
2627,11,0,0
2627,12,0,0
2628,0,1,4
2628,1,1,4
2628,2,1,5
2628,3,1,4
2628,4,1,7
2628,5,1,5
2628,6,1,7
2628,7,1,4
2628,8,1,6
2628,9,1,4
2628,10,1,4
2628,11,1,2
2628,12,1,5
2629,0,1,4
2629,1,0,0
2629,2,0,0
2629,3,0,0
2629,4,0,0
2629,5,0,0
2629,6,0,0
2629,7,0,0
2629,8,0,0
2629,9,0,0
2629,10,0,0
2629,11,0,0
2629,12,0,0
2630,0,1,5
2630,1,1,4
2630,2,1,1
2630,3,1,2
2630,4,1,2
2630,5,1,3
2630,6,1,5
2630,7,1,1
2630,8,1,3
2630,9,1,2
2630,10,1,0
2630,11,1,5
2630,12,1,0
2631,0,1,3
2631,1,0,0
2631,2,0,0
2631,3,0,0
2631,4,0,0
2631,5,0,0
2631,6,0,0
2631,7,0,0
2631,8,0,0
2631,9,0,0
2631,10,0,0
2631,11,0,0
2631,12,0,0
2632,0,1,4
2632,1,1,3
2632,2,1,3
2632,3,1,4
2632,4,1,6
2632,5,1,3
2632,6,1,5
2632,7,1,5
2632,8,1,4
2632,9,1,4
2632,10,1,5
2632,11,0,0
2632,12,0,0
2633,0,1,3
2633,1,1,3
2633,2,1,1
2633,3,1,2
2633,4,1,3
2633,5,1,4
2633,6,1,5
2633,7,1,2
2633,8,1,2
2633,9,1,2
2633,10,1,4
2633,11,1,2
2633,12,1,0
2634,0,1,9
2634,1,1,4
2634,2,1,8
2634,3,1,6
2634,4,1,2
2634,5,1,3
2634,6,1,2
2634,7,1,3
2634,8,1,3
2634,9,1,2
2634,10,1,3
2634,11,0,0
2634,12,0,0
2635,0,1,4
2635,1,1,1
2635,2,1,2
2635,3,1,3
2635,4,1,2
2635,5,1,4
2635,6,1,7
2635,7,1,2
2635,8,1,6
2635,9,1,0
2635,10,1,3
2635,11,1,4
2635,12,1,6
2636,0,1,6
2636,1,1,3
2636,2,1,4
2636,3,0,0
2636,4,0,0
2636,5,0,0
2636,6,0,0
2636,7,0,0
2636,8,0,0
2636,9,0,0
2636,10,0,0
2636,11,0,0
2636,12,0,0
2637,0,1,4
2637,1,1,2
2637,2,1,2
2637,3,1,1
2637,4,1,1
2637,5,1,3
2637,6,0,0
2637,7,0,0
2637,8,0,0
2637,9,0,0
2637,10,0,0
2637,11,0,0
2637,12,0,0
2638,0,1,4
2638,1,1,2
2638,2,1,6
2638,3,1,3
2638,4,1,5
2638,5,1,4
2638,6,1,3
2638,7,1,6
2638,8,1,4
2638,9,1,5
2638,10,1,3
2638,11,1,3
2638,12,1,3
2639,0,1,5
2639,1,1,2
2639,2,1,1
2639,3,0,0
2639,4,0,0
2639,5,0,0
2639,6,0,0
2639,7,0,0
2639,8,0,0
2639,9,0,0
2639,10,0,0
2639,11,0,0
2639,12,0,0
2640,0,1,2
2640,1,1,7
2640,2,1,6
2640,3,1,4
2640,4,1,5
2640,5,1,2
2640,6,1,3
2640,7,1,3
2640,8,1,0
2640,9,1,4
2640,10,1,4
2640,11,1,3
2640,12,1,3
2641,0,1,4
2641,1,0,0
2641,2,0,0
2641,3,0,0
2641,4,0,0
2641,5,0,0
2641,6,0,0
2641,7,0,0
2641,8,0,0
2641,9,0,0
2641,10,0,0
2641,11,0,0
2641,12,0,0
2642,0,1,6
2642,1,1,2
2642,2,0,0
2642,3,0,0
2642,4,0,0
2642,5,0,0
2642,6,0,0
2642,7,0,0
2642,8,0,0
2642,9,0,0
2642,10,0,0
2642,11,0,0
2642,12,0,0
2643,0,1,7
2643,1,1,3
2643,2,1,5
2643,3,1,3
2643,4,1,3
2643,5,1,4
2643,6,1,6
2643,7,1,1
2643,8,1,4
2643,9,1,3
2643,10,1,6
2643,11,1,3
2643,12,1,2
2644,0,1,2
2644,1,1,2
2644,2,1,5
2644,3,1,2
2644,4,1,4
2644,5,1,3
2644,6,1,4
2644,7,1,4
2644,8,1,1
2644,9,1,1
2644,10,0,0
2644,11,0,0
2644,12,0,0
2645,0,1,4
2645,1,0,0
2645,2,0,0
2645,3,0,0
2645,4,0,0
2645,5,0,0
2645,6,0,0
2645,7,0,0
2645,8,0,0
2645,9,0,0
2645,10,0,0
2645,11,0,0
2645,12,0,0
2646,0,1,7
2646,1,0,0
2646,2,0,0
2646,3,0,0
2646,4,0,0
2646,5,0,0
2646,6,0,0
2646,7,0,0
2646,8,0,0
2646,9,0,0
2646,10,0,0
2646,11,0,0
2646,12,0,0
2647,0,1,7
2647,1,0,0
2647,2,0,0
2647,3,0,0
2647,4,0,0
2647,5,0,0
2647,6,0,0
2647,7,0,0
2647,8,0,0
2647,9,0,0
2647,10,0,0
2647,11,0,0
2647,12,0,0
2648,0,1,9
2648,1,1,2
2648,2,1,4
2648,3,0,0
2648,4,0,0
2648,5,0,0
2648,6,0,0
2648,7,0,0
2648,8,0,0
2648,9,0,0
2648,10,0,0
2648,11,0,0
2648,12,0,0
2649,0,1,5
2649,1,1,6
2649,2,1,0
2649,3,1,1
2649,4,0,0
2649,5,0,0
2649,6,0,0
2649,7,0,0
2649,8,0,0
2649,9,0,0
2649,10,0,0
2649,11,0,0
2649,12,0,0
2650,0,1,10
2650,1,1,1
2650,2,1,1
2650,3,1,3
2650,4,1,2
2650,5,1,2
2650,6,1,2
2650,7,1,1
2650,8,1,3
2650,9,1,1
2650,10,1,1
2650,11,1,3
2650,12,1,0
2651,0,1,4
2651,1,1,4
2651,2,1,4
2651,3,1,5
2651,4,1,2
2651,5,1,2
2651,6,1,3
2651,7,1,1
2651,8,1,2
2651,9,1,2
2651,10,0,0
2651,11,0,0
2651,12,0,0
2652,0,1,4
2652,1,1,1
2652,2,1,2
2652,3,0,0
2652,4,0,0
2652,5,0,0
2652,6,0,0
2652,7,0,0
2652,8,0,0
2652,9,0,0
2652,10,0,0
2652,11,0,0
2652,12,0,0
2653,0,1,5
2653,1,0,0
2653,2,0,0
2653,3,0,0
2653,4,0,0
2653,5,0,0
2653,6,0,0
2653,7,0,0
2653,8,0,0
2653,9,0,0
2653,10,0,0
2653,11,0,0
2653,12,0,0
2654,0,1,5
2654,1,1,2
2654,2,1,1
2654,3,1,2
2654,4,1,1
2654,5,1,2
2654,6,1,1
2654,7,1,2
2654,8,1,5
2654,9,1,1
2654,10,1,1
2654,11,1,1
2654,12,1,1
2655,0,1,7
2655,1,1,1
2655,2,1,0
2655,3,1,1
2655,4,1,0
2655,5,1,0
2655,6,0,0
2655,7,0,0
2655,8,0,0
2655,9,0,0
2655,10,0,0
2655,11,0,0
2655,12,0,0
2656,0,1,7
2656,1,1,3
2656,2,1,0
2656,3,1,3
2656,4,1,1
2656,5,1,1
2656,6,1,2
2656,7,0,0
2656,8,0,0
2656,9,0,0
2656,10,0,0
2656,11,0,0
2656,12,0,0
2657,0,1,4
2657,1,1,1
2657,2,1,1
2657,3,1,2
2657,4,1,3
2657,5,1,1
2657,6,1,4
2657,7,1,4
2657,8,1,5
2657,9,1,2
2657,10,1,1
2657,11,1,6
2657,12,1,4
2658,0,1,3
2658,1,1,3
2658,2,1,2
2658,3,1,4
2658,4,1,2
2658,5,1,2
2658,6,1,2
2658,7,1,1
2658,8,1,3
2658,9,1,3
2658,10,1,2
2658,11,1,5
2658,12,1,7
2659,0,1,9
2659,1,1,2
2659,2,1,6
2659,3,0,0
2659,4,0,0
2659,5,0,0
2659,6,0,0
2659,7,0,0
2659,8,0,0
2659,9,0,0
2659,10,0,0
2659,11,0,0
2659,12,0,0
2660,0,1,11
2660,1,1,4
2660,2,1,2
2660,3,1,4
2660,4,1,1
2660,5,1,0
2660,6,1,1
2660,7,1,0
2660,8,1,1
2660,9,1,2
2660,10,1,1
2660,11,1,1
2660,12,1,4
2661,0,1,12
2661,1,1,1
2661,2,1,5
2661,3,1,1
2661,4,1,2
2661,5,1,1
2661,6,1,1
2661,7,1,2
2661,8,0,0
2661,9,0,0
2661,10,0,0
2661,11,0,0
2661,12,0,0
2662,0,1,4
2662,1,1,3
2662,2,1,2
2662,3,1,2
2662,4,1,3
2662,5,1,1
2662,6,1,4
2662,7,1,4
2662,8,1,3
2662,9,0,0
2662,10,0,0
2662,11,0,0
2662,12,0,0
2663,0,1,6
2663,1,1,6
2663,2,1,6
2663,3,1,3
2663,4,1,3
2663,5,1,1
2663,6,1,5
2663,7,1,1
2663,8,1,5
2663,9,1,6
2663,10,1,6
2663,11,1,4
2663,12,1,4
2664,0,1,4
2664,1,1,3
2664,2,1,2
2664,3,1,4
2664,4,1,4
2664,5,1,2
2664,6,1,1
2664,7,1,5
2664,8,1,1
2664,9,1,4
2664,10,1,3
2664,11,1,2
2664,12,1,5
2665,0,1,1
2665,1,1,1
2665,2,1,4
2665,3,1,1
2665,4,1,1
2665,5,1,4
2665,6,1,4
2665,7,1,2
2665,8,1,3
2665,9,1,3
2665,10,1,5
2665,11,1,4
2665,12,1,6
2666,0,1,8
2666,1,0,0
2666,2,0,0
2666,3,0,0
2666,4,0,0
2666,5,0,0
2666,6,0,0
2666,7,0,0
2666,8,0,0
2666,9,0,0
2666,10,0,0
2666,11,0,0
2666,12,0,0
2667,0,1,5
2667,1,1,0
2667,2,1,0
2667,3,1,2
2667,4,1,2
2667,5,1,4
2667,6,1,1
2667,7,1,1
2667,8,1,4
2667,9,1,3
2667,10,1,2
2667,11,1,1
2667,12,1,2
2668,0,1,2
2668,1,1,2
2668,2,1,3
2668,3,1,2
2668,4,1,6
2668,5,1,1
2668,6,0,0
2668,7,0,0
2668,8,0,0
2668,9,0,0
2668,10,0,0
2668,11,0,0
2668,12,0,0
2669,0,1,3
2669,1,1,2
2669,2,1,2
2669,3,1,5
2669,4,1,6
2669,5,1,3
2669,6,1,8
2669,7,1,0
2669,8,1,3
2669,9,1,3
2669,10,1,5
2669,11,1,3
2669,12,1,2
2670,0,1,7
2670,1,1,1
2670,2,0,0
2670,3,0,0
2670,4,0,0
2670,5,0,0
2670,6,0,0
2670,7,0,0
2670,8,0,0
2670,9,0,0
2670,10,0,0
2670,11,0,0
2670,12,0,0
2671,0,1,2
2671,1,1,5
2671,2,1,4
2671,3,1,5
2671,4,0,0
2671,5,0,0
2671,6,0,0
2671,7,0,0
2671,8,0,0
2671,9,0,0
2671,10,0,0
2671,11,0,0
2671,12,0,0
2672,0,1,6
2672,1,1,2
2672,2,1,6
2672,3,1,6
2672,4,1,1
2672,5,1,1
2672,6,1,4
2672,7,1,3
2672,8,1,3
2672,9,1,6
2672,10,1,2
2672,11,1,1
2672,12,1,4
2673,0,1,9
2673,1,1,2
2673,2,1,3
2673,3,1,1
2673,4,1,5
2673,5,1,2
2673,6,1,3
2673,7,1,4
2673,8,1,4
2673,9,1,2
2673,10,1,1
2673,11,1,5
2673,12,1,4
2674,0,1,6
2674,1,0,0
2674,2,0,0
2674,3,0,0
2674,4,0,0
2674,5,0,0
2674,6,0,0
2674,7,0,0
2674,8,0,0
2674,9,0,0
2674,10,0,0
2674,11,0,0
2674,12,0,0
2675,0,1,6
2675,1,1,4
2675,2,1,5
2675,3,1,3
2675,4,0,0
2675,5,0,0
2675,6,0,0
2675,7,0,0
2675,8,0,0
2675,9,0,0
2675,10,0,0
2675,11,0,0
2675,12,0,0
2676,0,1,5
2676,1,1,2
2676,2,1,2
2676,3,1,2
2676,4,1,1
2676,5,1,3
2676,6,1,2
2676,7,1,3
2676,8,1,2
2676,9,1,2
2676,10,1,1
2676,11,1,4
2676,12,1,1
2677,0,1,3
2677,1,1,2
2677,2,1,3
2677,3,0,0
2677,4,0,0
2677,5,0,0
2677,6,0,0
2677,7,0,0
2677,8,0,0
2677,9,0,0
2677,10,0,0
2677,11,0,0
2677,12,0,0
2678,0,1,8
2678,1,1,3
2678,2,1,2
2678,3,0,0
2678,4,0,0
2678,5,0,0
2678,6,0,0
2678,7,0,0
2678,8,0,0
2678,9,0,0
2678,10,0,0
2678,11,0,0
2678,12,0,0
2679,0,1,4
2679,1,1,4
2679,2,1,5
2679,3,1,1
2679,4,0,0
2679,5,0,0
2679,6,0,0
2679,7,0,0
2679,8,0,0
2679,9,0,0
2679,10,0,0
2679,11,0,0
2679,12,0,0
2680,0,1,6
2680,1,1,1
2680,2,1,10
2680,3,1,6
2680,4,1,4
2680,5,1,6
2680,6,0,0
2680,7,0,0
2680,8,0,0
2680,9,0,0
2680,10,0,0
2680,11,0,0
2680,12,0,0
2681,0,1,7
2681,1,1,8
2681,2,1,3
2681,3,0,0
2681,4,0,0
2681,5,0,0
2681,6,0,0
2681,7,0,0
2681,8,0,0
2681,9,0,0
2681,10,0,0
2681,11,0,0
2681,12,0,0
2682,0,1,4
2682,1,1,1
2682,2,1,5
2682,3,1,3
2682,4,1,4
2682,5,1,4
2682,6,1,4
2682,7,1,3
2682,8,1,2
2682,9,1,3
2682,10,1,3
2682,11,1,0
2682,12,1,5
2683,0,1,4
2683,1,0,0
2683,2,0,0
2683,3,0,0
2683,4,0,0
2683,5,0,0
2683,6,0,0
2683,7,0,0
2683,8,0,0
2683,9,0,0
2683,10,0,0
2683,11,0,0
2683,12,0,0
2684,0,1,4
2684,1,1,6
2684,2,1,4
2684,3,1,4
2684,4,0,0
2684,5,0,0
2684,6,0,0
2684,7,0,0
2684,8,0,0
2684,9,0,0
2684,10,0,0
2684,11,0,0
2684,12,0,0
2685,0,1,7
2685,1,0,0
2685,2,0,0
2685,3,0,0
2685,4,0,0
2685,5,0,0
2685,6,0,0
2685,7,0,0
2685,8,0,0
2685,9,0,0
2685,10,0,0
2685,11,0,0
2685,12,0,0
2686,0,1,3
2686,1,1,6
2686,2,1,4
2686,3,1,4
2686,4,1,1
2686,5,1,1
2686,6,1,4
2686,7,1,5
2686,8,1,2
2686,9,0,0
2686,10,0,0
2686,11,0,0
2686,12,0,0
2687,0,1,5
2687,1,1,6
2687,2,1,3
2687,3,1,2
2687,4,1,4
2687,5,1,2
2687,6,1,1
2687,7,1,4
2687,8,1,3
2687,9,1,3
2687,10,1,7
2687,11,1,4
2687,12,1,3
2688,0,1,4
2688,1,1,2
2688,2,1,2
2688,3,1,0
2688,4,1,2
2688,5,1,2
2688,6,1,2
2688,7,1,4
2688,8,1,0
2688,9,1,5
2688,10,1,0
2688,11,1,0
2688,12,1,2
2689,0,1,4
2689,1,1,2
2689,2,1,3
2689,3,1,4
2689,4,1,1
2689,5,1,4
2689,6,1,1
2689,7,1,2
2689,8,1,1
2689,9,1,2
2689,10,1,3
2689,11,1,2
2689,12,1,0
2690,0,1,4
2690,1,1,1
2690,2,1,1
2690,3,1,1
2690,4,0,0
2690,5,0,0
2690,6,0,0
2690,7,0,0
2690,8,0,0
2690,9,0,0
2690,10,0,0
2690,11,0,0
2690,12,0,0
2691,0,1,4
2691,1,0,0
2691,2,0,0
2691,3,0,0
2691,4,0,0
2691,5,0,0
2691,6,0,0
2691,7,0,0
2691,8,0,0
2691,9,0,0
2691,10,0,0
2691,11,0,0
2691,12,0,0
2692,0,1,8
2692,1,0,0
2692,2,0,0
2692,3,0,0
2692,4,0,0
2692,5,0,0
2692,6,0,0
2692,7,0,0
2692,8,0,0
2692,9,0,0
2692,10,0,0
2692,11,0,0
2692,12,0,0
2693,0,1,2
2693,1,1,3
2693,2,1,2
2693,3,1,2
2693,4,1,2
2693,5,1,4
2693,6,1,5
2693,7,1,4
2693,8,1,0
2693,9,1,1
2693,10,1,3
2693,11,1,5
2693,12,1,0
2694,0,1,6
2694,1,1,2
2694,2,1,2
2694,3,1,7
2694,4,1,5
2694,5,1,7
2694,6,1,2
2694,7,0,0
2694,8,0,0
2694,9,0,0
2694,10,0,0
2694,11,0,0
2694,12,0,0
2695,0,1,1
2695,1,1,2
2695,2,1,4
2695,3,1,2
2695,4,1,1
2695,5,1,2
2695,6,0,0
2695,7,0,0
2695,8,0,0
2695,9,0,0
2695,10,0,0
2695,11,0,0
2695,12,0,0
2696,0,1,5
2696,1,1,1
2696,2,1,4
2696,3,1,3
2696,4,1,2
2696,5,1,7
2696,6,1,3
2696,7,1,1
2696,8,1,3
2696,9,0,0
2696,10,0,0
2696,11,0,0
2696,12,0,0
2697,0,1,7
2697,1,1,0
2697,2,1,1
2697,3,1,3
2697,4,1,0
2697,5,1,2
2697,6,1,0
2697,7,1,2
2697,8,1,2
2697,9,1,2
2697,10,1,4
2697,11,1,2
2697,12,1,3
2698,0,1,2
2698,1,1,4
2698,2,1,8
2698,3,1,3
2698,4,1,4
2698,5,1,3
2698,6,1,2
2698,7,1,6
2698,8,1,2
2698,9,0,0
2698,10,0,0
2698,11,0,0
2698,12,0,0
2699,0,1,3
2699,1,1,2
2699,2,1,2
2699,3,1,1
2699,4,1,3
2699,5,1,2
2699,6,1,1
2699,7,1,2
2699,8,1,5
2699,9,1,1
2699,10,1,1
2699,11,1,1
2699,12,1,1
2700,0,1,9
2700,1,1,5
2700,2,1,3
2700,3,1,9
2700,4,1,3
2700,5,1,6
2700,6,1,3
2700,7,1,5
2700,8,1,4
2700,9,1,9
2700,10,1,5
2700,11,1,3
2700,12,1,6
2701,0,1,2
2701,1,1,2
2701,2,1,3
2701,3,1,4
2701,4,1,1
2701,5,0,0
2701,6,0,0
2701,7,0,0
2701,8,0,0
2701,9,0,0
2701,10,0,0
2701,11,0,0
2701,12,0,0
2702,0,1,5
2702,1,1,1
2702,2,1,5
2702,3,1,2
2702,4,1,2
2702,5,1,4
2702,6,1,3
2702,7,1,6
2702,8,1,5
2702,9,1,2
2702,10,1,4
2702,11,1,5
2702,12,1,1
2703,0,1,5
2703,1,1,3
2703,2,1,1
2703,3,1,3
2703,4,0,0
2703,5,0,0
2703,6,0,0
2703,7,0,0
2703,8,0,0
2703,9,0,0
2703,10,0,0
2703,11,0,0
2703,12,0,0
2704,0,1,6
2704,1,1,1
2704,2,1,1
2704,3,1,3
2704,4,1,3
2704,5,1,3
2704,6,1,4
2704,7,1,0
2704,8,1,2
2704,9,1,2
2704,10,0,0
2704,11,0,0
2704,12,0,0
2705,0,1,5
2705,1,1,5
2705,2,1,3
2705,3,1,5
2705,4,1,4
2705,5,1,1
2705,6,1,3
2705,7,1,4
2705,8,1,7
2705,9,1,2
2705,10,1,4
2705,11,1,8
2705,12,1,2
2706,0,1,2
2706,1,1,5
2706,2,1,3
2706,3,1,1
2706,4,1,3
2706,5,1,0
2706,6,1,3
2706,7,1,5
2706,8,1,3
2706,9,0,0
2706,10,0,0
2706,11,0,0
2706,12,0,0
2707,0,1,5
2707,1,1,4
2707,2,1,0
2707,3,1,7
2707,4,1,5
2707,5,1,2
2707,6,1,3
2707,7,1,3
2707,8,1,4
2707,9,1,1
2707,10,1,2
2707,11,1,3
2707,12,0,0
2708,0,1,8
2708,1,1,1
2708,2,1,1
2708,3,1,5
2708,4,1,3
2708,5,1,1
2708,6,1,2
2708,7,1,3
2708,8,1,3
2708,9,1,1
2708,10,1,2
2708,11,1,4
2708,12,1,1
2709,0,1,8
2709,1,1,3
2709,2,1,4
2709,3,1,3
2709,4,1,2
2709,5,1,4
2709,6,0,0
2709,7,0,0
2709,8,0,0
2709,9,0,0
2709,10,0,0
2709,11,0,0
2709,12,0,0
2710,0,1,4
2710,1,1,1
2710,2,1,0
2710,3,1,2
2710,4,1,1
2710,5,1,2
2710,6,1,2
2710,7,0,0
2710,8,0,0
2710,9,0,0
2710,10,0,0
2710,11,0,0
2710,12,0,0
2711,0,1,4
2711,1,1,2
2711,2,1,5
2711,3,1,5
2711,4,1,1
2711,5,0,0
2711,6,0,0
2711,7,0,0
2711,8,0,0
2711,9,0,0
2711,10,0,0
2711,11,0,0
2711,12,0,0
2712,0,1,2
2712,1,1,2
2712,2,1,3
2712,3,1,2
2712,4,1,3
2712,5,1,6
2712,6,1,0
2712,7,1,5
2712,8,1,3
2712,9,1,2
2712,10,1,5
2712,11,1,1
2712,12,1,6
2713,0,1,4
2713,1,1,0
2713,2,0,0
2713,3,0,0
2713,4,0,0
2713,5,0,0
2713,6,0,0
2713,7,0,0
2713,8,0,0
2713,9,0,0
2713,10,0,0
2713,11,0,0
2713,12,0,0
2714,0,1,4
2714,1,1,2
2714,2,1,0
2714,3,0,0
2714,4,0,0
2714,5,0,0
2714,6,0,0
2714,7,0,0
2714,8,0,0
2714,9,0,0
2714,10,0,0
2714,11,0,0
2714,12,0,0
2715,0,1,4
2715,1,1,2
2715,2,1,3
2715,3,0,0
2715,4,0,0
2715,5,0,0
2715,6,0,0
2715,7,0,0
2715,8,0,0
2715,9,0,0
2715,10,0,0
2715,11,0,0
2715,12,0,0
2716,0,1,3
2716,1,1,1
2716,2,1,1
2716,3,1,2
2716,4,1,4
2716,5,1,1
2716,6,1,4
2716,7,1,1
2716,8,1,3
2716,9,1,4
2716,10,1,1
2716,11,1,4
2716,12,1,0
2717,0,1,5
2717,1,1,3
2717,2,1,1
2717,3,1,3
2717,4,1,4
2717,5,1,5
2717,6,1,0
2717,7,1,1
2717,8,1,2
2717,9,1,8
2717,10,1,3
2717,11,1,6
2717,12,1,2
2718,0,1,3
2718,1,1,5
2718,2,1,2
2718,3,1,1
2718,4,1,1
2718,5,1,5
2718,6,0,0
2718,7,0,0
2718,8,0,0
2718,9,0,0
2718,10,0,0
2718,11,0,0
2718,12,0,0
2719,0,1,6
2719,1,1,3
2719,2,1,3
2719,3,1,1
2719,4,1,3
2719,5,1,3
2719,6,1,5
2719,7,1,4
2719,8,1,4
2719,9,1,0
2719,10,1,2
2719,11,1,3
2719,12,1,3
2720,0,1,3
2720,1,1,2
2720,2,1,3
2720,3,1,7
2720,4,1,1
2720,5,1,2
2720,6,1,1
2720,7,1,3
2720,8,1,1
2720,9,1,4
2720,10,1,6
2720,11,0,0
2720,12,0,0
2721,0,1,7
2721,1,1,6
2721,2,1,2
2721,3,1,2
2721,4,1,6
2721,5,1,3
2721,6,0,0
2721,7,0,0
2721,8,0,0
2721,9,0,0
2721,10,0,0
2721,11,0,0
2721,12,0,0
2722,0,1,8
2722,1,0,0
2722,2,0,0
2722,3,0,0
2722,4,0,0
2722,5,0,0
2722,6,0,0
2722,7,0,0
2722,8,0,0
2722,9,0,0
2722,10,0,0
2722,11,0,0
2722,12,0,0
2723,0,1,1
2723,1,1,2
2723,2,1,2
2723,3,0,0
2723,4,0,0
2723,5,0,0
2723,6,0,0
2723,7,0,0
2723,8,0,0
2723,9,0,0
2723,10,0,0
2723,11,0,0
2723,12,0,0
2724,0,1,5
2724,1,1,1
2724,2,1,3
2724,3,1,5
2724,4,1,2
2724,5,1,4
2724,6,1,2
2724,7,0,0
2724,8,0,0
2724,9,0,0
2724,10,0,0
2724,11,0,0
2724,12,0,0
2725,0,1,5
2725,1,1,3
2725,2,1,2
2725,3,1,2
2725,4,1,3
2725,5,1,2
2725,6,1,3
2725,7,1,2
2725,8,0,0
2725,9,0,0
2725,10,0,0
2725,11,0,0
2725,12,0,0
2726,0,1,3
2726,1,0,0
2726,2,0,0
2726,3,0,0
2726,4,0,0
2726,5,0,0
2726,6,0,0
2726,7,0,0
2726,8,0,0
2726,9,0,0
2726,10,0,0
2726,11,0,0
2726,12,0,0
2727,0,1,3
2727,1,1,0
2727,2,0,0
2727,3,0,0
2727,4,0,0
2727,5,0,0
2727,6,0,0
2727,7,0,0
2727,8,0,0
2727,9,0,0
2727,10,0,0
2727,11,0,0
2727,12,0,0
2728,0,1,7
2728,1,1,4
2728,2,1,5
2728,3,1,4
2728,4,1,4
2728,5,1,3
2728,6,1,7
2728,7,1,8
2728,8,1,1
2728,9,1,5
2728,10,1,5
2728,11,1,3
2728,12,1,1
2729,0,1,5
2729,1,1,4
2729,2,1,2
2729,3,1,4
2729,4,1,6
2729,5,1,2
2729,6,1,5
2729,7,1,3
2729,8,1,4
2729,9,1,0
2729,10,1,0
2729,11,1,3
2729,12,0,0
2730,0,1,4
2730,1,1,1
2730,2,1,4
2730,3,1,1
2730,4,1,1
2730,5,1,6
2730,6,1,5
2730,7,1,8
2730,8,1,2
2730,9,1,1
2730,10,1,2
2730,11,1,0
2730,12,1,2
2731,0,1,4
2731,1,1,2
2731,2,1,4
2731,3,0,0
2731,4,0,0
2731,5,0,0
2731,6,0,0
2731,7,0,0
2731,8,0,0
2731,9,0,0
2731,10,0,0
2731,11,0,0
2731,12,0,0
2732,0,1,8
2732,1,1,4
2732,2,0,0
2732,3,0,0
2732,4,0,0
2732,5,0,0
2732,6,0,0
2732,7,0,0
2732,8,0,0
2732,9,0,0
2732,10,0,0
2732,11,0,0
2732,12,0,0
2733,0,1,2
2733,1,1,2
2733,2,1,3
2733,3,1,3
2733,4,1,5
2733,5,1,3
2733,6,1,5
2733,7,1,1
2733,8,1,1
2733,9,1,3
2733,10,1,6
2733,11,0,0
2733,12,0,0
2734,0,1,4
2734,1,1,0
2734,2,0,0
2734,3,0,0
2734,4,0,0
2734,5,0,0
2734,6,0,0
2734,7,0,0
2734,8,0,0
2734,9,0,0
2734,10,0,0
2734,11,0,0
2734,12,0,0
2735,0,1,3
2735,1,1,2
2735,2,1,2
2735,3,1,1
2735,4,1,1
2735,5,1,4
2735,6,1,4
2735,7,1,2
2735,8,1,2
2735,9,1,1
2735,10,1,4
2735,11,1,1
2735,12,1,1
2736,0,1,7
2736,1,1,6
2736,2,1,6
2736,3,1,5
2736,4,1,1
2736,5,1,3
2736,6,1,1
2736,7,1,3
2736,8,1,2
2736,9,1,5
2736,10,1,1
2736,11,1,9
2736,12,1,3
2737,0,1,4
2737,1,1,6
2737,2,1,4
2737,3,1,4
2737,4,1,4
2737,5,1,4
2737,6,1,4
2737,7,1,4
2737,8,0,0
2737,9,0,0
2737,10,0,0
2737,11,0,0
2737,12,0,0
2738,0,1,4
2738,1,1,1
2738,2,1,5
2738,3,0,0
2738,4,0,0
2738,5,0,0
2738,6,0,0
2738,7,0,0
2738,8,0,0
2738,9,0,0
2738,10,0,0
2738,11,0,0
2738,12,0,0
2739,0,1,4
2739,1,1,2
2739,2,1,2
2739,3,1,5
2739,4,0,0
2739,5,0,0
2739,6,0,0
2739,7,0,0
2739,8,0,0
2739,9,0,0
2739,10,0,0
2739,11,0,0
2739,12,0,0
2740,0,1,9
2740,1,1,3
2740,2,0,0
2740,3,0,0
2740,4,0,0
2740,5,0,0
2740,6,0,0
2740,7,0,0
2740,8,0,0
2740,9,0,0
2740,10,0,0
2740,11,0,0
2740,12,0,0
2741,0,1,2
2741,1,1,4
2741,2,1,6
2741,3,1,3
2741,4,1,1
2741,5,1,1
2741,6,1,1
2741,7,1,0
2741,8,1,1
2741,9,1,4
2741,10,1,1
2741,11,1,1
2741,12,1,2
2742,0,1,7
2742,1,1,4
2742,2,1,3
2742,3,1,3
2742,4,1,2
2742,5,1,1
2742,6,1,3
2742,7,1,3
2742,8,1,3
2742,9,1,2
2742,10,1,5
2742,11,1,6
2742,12,1,1
2743,0,1,5
2743,1,1,2
2743,2,1,2
2743,3,1,2
2743,4,1,2
2743,5,1,2
2743,6,1,0
2743,7,1,0
2743,8,1,2
2743,9,1,2
2743,10,1,6
2743,11,1,3
2743,12,1,4
2744,0,1,4
2744,1,1,4
2744,2,1,2
2744,3,1,12
2744,4,1,6
2744,5,1,2
2744,6,1,2
2744,7,1,8
2744,8,1,1
2744,9,1,5
2744,10,1,2
2744,11,1,4
2744,12,0,0
2745,0,1,7
2745,1,1,1
2745,2,1,2
2745,3,1,4
2745,4,1,2
2745,5,1,0
2745,6,1,2
2745,7,1,2
2745,8,1,3
2745,9,1,0
2745,10,1,3
2745,11,1,3
2745,12,1,1
2746,0,1,11
2746,1,1,6
2746,2,1,4
2746,3,1,1
2746,4,1,6
2746,5,1,3
2746,6,1,2
2746,7,1,4
2746,8,1,2
2746,9,1,3
2746,10,1,1
2746,11,1,5
2746,12,1,5
2747,0,1,2
2747,1,1,3
2747,2,1,3
2747,3,1,3
2747,4,1,6
2747,5,0,0
2747,6,0,0
2747,7,0,0
2747,8,0,0
2747,9,0,0
2747,10,0,0
2747,11,0,0
2747,12,0,0
2748,0,1,2
2748,1,1,2
2748,2,1,1
2748,3,0,0
2748,4,0,0
2748,5,0,0
2748,6,0,0
2748,7,0,0
2748,8,0,0
2748,9,0,0
2748,10,0,0
2748,11,0,0
2748,12,0,0
2749,0,1,9
2749,1,1,4
2749,2,1,3
2749,3,1,1
2749,4,1,1
2749,5,1,3
2749,6,1,2
2749,7,0,0
2749,8,0,0
2749,9,0,0
2749,10,0,0
2749,11,0,0
2749,12,0,0
2750,0,1,6
2750,1,1,1
2750,2,1,1
2750,3,1,4
2750,4,1,1
2750,5,1,1
2750,6,1,5
2750,7,1,5
2750,8,1,2
2750,9,1,3
2750,10,1,5
2750,11,1,3
2750,12,1,5
2751,0,1,4
2751,1,0,0
2751,2,0,0
2751,3,0,0
2751,4,0,0
2751,5,0,0
2751,6,0,0
2751,7,0,0
2751,8,0,0
2751,9,0,0
2751,10,0,0
2751,11,0,0
2751,12,0,0
2752,0,1,6
2752,1,1,2
2752,2,1,5
2752,3,1,2
2752,4,1,2
2752,5,1,3
2752,6,1,3
2752,7,1,1
2752,8,1,3
2752,9,1,5
2752,10,1,3
2752,11,1,3
2752,12,1,3
2753,0,1,4
2753,1,1,4
2753,2,1,3
2753,3,1,3
2753,4,1,1
2753,5,1,3
2753,6,1,2
2753,7,1,3
2753,8,1,0
2753,9,1,5
2753,10,1,2
2753,11,1,4
2753,12,1,1
2754,0,1,6
2754,1,1,4
2754,2,1,5
2754,3,1,1
2754,4,0,0
2754,5,0,0
2754,6,0,0
2754,7,0,0
2754,8,0,0
2754,9,0,0
2754,10,0,0
2754,11,0,0
2754,12,0,0
2755,0,1,2
2755,1,1,2
2755,2,1,2
2755,3,0,0
2755,4,0,0
2755,5,0,0
2755,6,0,0
2755,7,0,0
2755,8,0,0
2755,9,0,0
2755,10,0,0
2755,11,0,0
2755,12,0,0
2756,0,1,10
2756,1,1,2
2756,2,1,5
2756,3,0,0
2756,4,0,0
2756,5,0,0
2756,6,0,0
2756,7,0,0
2756,8,0,0
2756,9,0,0
2756,10,0,0
2756,11,0,0
2756,12,0,0
2757,0,1,3
2757,1,1,2
2757,2,0,0
2757,3,0,0
2757,4,0,0
2757,5,0,0
2757,6,0,0
2757,7,0,0
2757,8,0,0
2757,9,0,0
2757,10,0,0
2757,11,0,0
2757,12,0,0
2758,0,1,4
2758,1,1,4
2758,2,1,3
2758,3,1,2
2758,4,1,2
2758,5,1,8
2758,6,0,0
2758,7,0,0
2758,8,0,0
2758,9,0,0
2758,10,0,0
2758,11,0,0
2758,12,0,0
2759,0,1,2
2759,1,1,3
2759,2,1,2
2759,3,1,3
2759,4,1,4
2759,5,1,3
2759,6,1,1
2759,7,1,4
2759,8,1,6
2759,9,1,4
2759,10,1,3
2759,11,1,2
2759,12,1,5
2760,0,1,6
2760,1,1,4
2760,2,1,4
2760,3,1,2
2760,4,1,3
2760,5,1,4
2760,6,1,5
2760,7,1,6
2760,8,1,5
2760,9,0,0
2760,10,0,0
2760,11,0,0
2760,12,0,0
2761,0,1,4
2761,1,0,0
2761,2,0,0
2761,3,0,0
2761,4,0,0
2761,5,0,0
2761,6,0,0
2761,7,0,0
2761,8,0,0
2761,9,0,0
2761,10,0,0
2761,11,0,0
2761,12,0,0
2762,0,1,7
2762,1,1,1
2762,2,1,2
2762,3,1,5
2762,4,1,3
2762,5,1,1
2762,6,1,2
2762,7,1,4
2762,8,1,2
2762,9,1,4
2762,10,1,1
2762,11,1,1
2762,12,1,0
2763,0,1,3
2763,1,1,4
2763,2,1,4
2763,3,1,4
2763,4,1,1
2763,5,1,3
2763,6,1,7
2763,7,1,0
2763,8,1,1
2763,9,1,3
2763,10,0,0
2763,11,0,0
2763,12,0,0
2764,0,1,6
2764,1,1,0
2764,2,1,1
2764,3,1,3
2764,4,1,3
2764,5,1,1
2764,6,1,1
2764,7,1,3
2764,8,1,3
2764,9,1,2
2764,10,1,4
2764,11,1,2
2764,12,1,6
2765,0,1,2
2765,1,1,3
2765,2,0,0
2765,3,0,0
2765,4,0,0
2765,5,0,0
2765,6,0,0
2765,7,0,0
2765,8,0,0
2765,9,0,0
2765,10,0,0
2765,11,0,0
2765,12,0,0
2766,0,1,4
2766,1,1,3
2766,2,1,3
2766,3,1,4
2766,4,0,0
2766,5,0,0
2766,6,0,0
2766,7,0,0
2766,8,0,0
2766,9,0,0
2766,10,0,0
2766,11,0,0
2766,12,0,0
2767,0,1,6
2767,1,1,0
2767,2,1,1
2767,3,1,3
2767,4,1,2
2767,5,1,5
2767,6,1,4
2767,7,1,6
2767,8,1,2
2767,9,1,2
2767,10,1,5
2767,11,1,5
2767,12,0,0
2768,0,1,5
2768,1,1,3
2768,2,1,4
2768,3,1,6
2768,4,0,0
2768,5,0,0
2768,6,0,0
2768,7,0,0
2768,8,0,0
2768,9,0,0
2768,10,0,0
2768,11,0,0
2768,12,0,0
2769,0,1,4
2769,1,1,1
2769,2,1,2
2769,3,1,4
2769,4,1,3
2769,5,1,0
2769,6,1,1
2769,7,1,2
2769,8,1,4
2769,9,1,1
2769,10,1,2
2769,11,1,1
2769,12,1,0
2770,0,1,5
2770,1,1,2
2770,2,1,4
2770,3,0,0
2770,4,0,0
2770,5,0,0
2770,6,0,0
2770,7,0,0
2770,8,0,0
2770,9,0,0
2770,10,0,0
2770,11,0,0
2770,12,0,0
2771,0,1,3
2771,1,1,4
2771,2,1,0
2771,3,1,3
2771,4,1,6
2771,5,1,4
2771,6,1,3
2771,7,1,2
2771,8,1,4
2771,9,1,1
2771,10,1,4
2771,11,1,4
2771,12,1,2
2772,0,1,8
2772,1,1,5
2772,2,1,4
2772,3,1,4
2772,4,0,0
2772,5,0,0
2772,6,0,0
2772,7,0,0
2772,8,0,0
2772,9,0,0
2772,10,0,0
2772,11,0,0
2772,12,0,0
2773,0,1,1
2773,1,1,2
2773,2,1,3
2773,3,1,4
2773,4,1,8
2773,5,1,0
2773,6,1,2
2773,7,1,3
2773,8,1,4
2773,9,1,2
2773,10,0,0
2773,11,0,0
2773,12,0,0
2774,0,1,4
2774,1,1,1
2774,2,1,2
2774,3,1,2
2774,4,1,1
2774,5,1,4
2774,6,1,0
2774,7,1,1
2774,8,1,3
2774,9,1,0
2774,10,1,1
2774,11,1,0
2774,12,1,3
2775,0,1,4
2775,1,1,7
2775,2,1,2
2775,3,1,2
2775,4,1,3
2775,5,1,3
2775,6,1,4
2775,7,1,8
2775,8,1,5
2775,9,1,5
2775,10,1,4
2775,11,1,5
2775,12,1,4
2776,0,1,5
2776,1,0,0
2776,2,0,0
2776,3,0,0
2776,4,0,0
2776,5,0,0
2776,6,0,0
2776,7,0,0
2776,8,0,0
2776,9,0,0
2776,10,0,0
2776,11,0,0
2776,12,0,0
2777,0,1,6
2777,1,1,2
2777,2,1,3
2777,3,1,2
2777,4,1,1
2777,5,1,4
2777,6,1,3
2777,7,1,9
2777,8,1,2
2777,9,1,3
2777,10,1,3
2777,11,1,2
2777,12,1,4
2778,0,1,5
2778,1,1,4
2778,2,1,3
2778,3,1,3
2778,4,1,4
2778,5,1,3
2778,6,1,3
2778,7,1,8
2778,8,1,1
2778,9,1,3
2778,10,1,3
2778,11,1,3
2778,12,1,3
2779,0,1,4
2779,1,1,3
2779,2,0,0
2779,3,0,0
2779,4,0,0
2779,5,0,0
2779,6,0,0
2779,7,0,0
2779,8,0,0
2779,9,0,0
2779,10,0,0
2779,11,0,0
2779,12,0,0
2780,0,1,7
2780,1,1,2
2780,2,1,0
2780,3,1,2
2780,4,1,2
2780,5,1,0
2780,6,1,2
2780,7,1,2
2780,8,1,1
2780,9,1,0
2780,10,1,2
2780,11,1,2
2780,12,0,0
2781,0,1,6
2781,1,1,2
2781,2,1,3
2781,3,1,1
2781,4,1,3
2781,5,1,5
2781,6,0,0
2781,7,0,0
2781,8,0,0
2781,9,0,0
2781,10,0,0
2781,11,0,0
2781,12,0,0
2782,0,1,3
2782,1,1,2
2782,2,1,4
2782,3,1,2
2782,4,1,2
2782,5,1,1
2782,6,1,1
2782,7,0,0
2782,8,0,0
2782,9,0,0
2782,10,0,0
2782,11,0,0
2782,12,0,0
2783,0,1,5
2783,1,0,0
2783,2,0,0
2783,3,0,0
2783,4,0,0
2783,5,0,0
2783,6,0,0
2783,7,0,0
2783,8,0,0
2783,9,0,0
2783,10,0,0
2783,11,0,0
2783,12,0,0
2784,0,1,4
2784,1,1,4
2784,2,1,5
2784,3,1,2
2784,4,1,3
2784,5,1,5
2784,6,1,5
2784,7,1,2
2784,8,1,5
2784,9,0,0
2784,10,0,0
2784,11,0,0
2784,12,0,0
2785,0,1,8
2785,1,1,4
2785,2,1,5
2785,3,1,3
2785,4,1,7
2785,5,1,2
2785,6,1,1
2785,7,1,4
2785,8,1,2
2785,9,0,0
2785,10,0,0
2785,11,0,0
2785,12,0,0
2786,0,1,3
2786,1,1,3
2786,2,1,5
2786,3,1,1
2786,4,1,2
2786,5,1,4
2786,6,1,2
2786,7,1,4
2786,8,1,5
2786,9,1,3
2786,10,1,2
2786,11,1,4
2786,12,1,4
2787,0,1,9
2787,1,1,5
2787,2,1,6
2787,3,1,4
2787,4,1,3
2787,5,1,1
2787,6,1,2
2787,7,1,5
2787,8,1,3
2787,9,1,0
2787,10,1,3
2787,11,1,0
2787,12,1,4
2788,0,1,5
2788,1,1,3
2788,2,1,4
2788,3,1,1
2788,4,1,4
2788,5,1,3
2788,6,1,5
2788,7,1,4
2788,8,1,2
2788,9,1,4
2788,10,1,4
2788,11,1,3
2788,12,1,4
2789,0,1,5
2789,1,1,2
2789,2,1,2
2789,3,1,4
2789,4,1,4
2789,5,1,2
2789,6,1,7
2789,7,1,2
2789,8,1,2
2789,9,1,2
2789,10,1,1
2789,11,1,7
2789,12,0,0
2790,0,1,5
2790,1,1,4
2790,2,1,1
2790,3,0,0
2790,4,0,0
2790,5,0,0
2790,6,0,0
2790,7,0,0
2790,8,0,0
2790,9,0,0
2790,10,0,0
2790,11,0,0
2790,12,0,0
2791,0,1,5
2791,1,1,1
2791,2,1,3
2791,3,1,4
2791,4,1,4
2791,5,1,5
2791,6,1,4
2791,7,1,2
2791,8,1,3
2791,9,1,5
2791,10,1,5
2791,11,1,3
2791,12,1,3
2792,0,1,5
2792,1,1,4
2792,2,1,2
2792,3,1,5
2792,4,1,5
2792,5,1,4
2792,6,1,5
2792,7,0,0
2792,8,0,0
2792,9,0,0
2792,10,0,0
2792,11,0,0
2792,12,0,0
2793,0,1,7
2793,1,1,2
2793,2,1,3
2793,3,1,3
2793,4,1,4
2793,5,1,3
2793,6,1,3
2793,7,1,0
2793,8,1,3
2793,9,1,6
2793,10,0,0
2793,11,0,0
2793,12,0,0
2794,0,1,5
2794,1,1,2
2794,2,1,1
2794,3,0,0
2794,4,0,0
2794,5,0,0
2794,6,0,0
2794,7,0,0
2794,8,0,0
2794,9,0,0
2794,10,0,0
2794,11,0,0
2794,12,0,0
2795,0,1,4
2795,1,1,5
2795,2,1,5
2795,3,1,0
2795,4,1,3
2795,5,0,0
2795,6,0,0
2795,7,0,0
2795,8,0,0
2795,9,0,0
2795,10,0,0
2795,11,0,0
2795,12,0,0
2796,0,1,5
2796,1,1,3
2796,2,1,5
2796,3,1,5
2796,4,1,4
2796,5,1,2
2796,6,1,3
2796,7,1,4
2796,8,1,1
2796,9,1,6
2796,10,1,0
2796,11,1,6
2796,12,1,6
2797,0,1,5
2797,1,1,4
2797,2,1,4
2797,3,1,5
2797,4,1,2
2797,5,1,4
2797,6,1,2
2797,7,1,5
2797,8,1,3
2797,9,1,5
2797,10,1,2
2797,11,1,4
2797,12,1,1
2798,0,1,5
2798,1,1,2
2798,2,1,3
2798,3,1,3
2798,4,1,2
2798,5,1,4
2798,6,1,3
2798,7,1,2
2798,8,1,3
2798,9,1,4
2798,10,0,0
2798,11,0,0
2798,12,0,0
2799,0,1,6
2799,1,0,0
2799,2,0,0
2799,3,0,0
2799,4,0,0
2799,5,0,0
2799,6,0,0
2799,7,0,0
2799,8,0,0
2799,9,0,0
2799,10,0,0
2799,11,0,0
2799,12,0,0
2800,0,1,2
2800,1,1,2
2800,2,1,3
2800,3,1,4
2800,4,1,1
2800,5,1,0
2800,6,1,2
2800,7,1,0
2800,8,1,1
2800,9,1,4
2800,10,1,1
2800,11,1,2
2800,12,1,3
2801,0,1,5
2801,1,1,4
2801,2,1,4
2801,3,1,2
2801,4,1,1
2801,5,1,7
2801,6,1,2
2801,7,1,5
2801,8,0,0
2801,9,0,0
2801,10,0,0
2801,11,0,0
2801,12,0,0
2802,0,1,3
2802,1,1,1
2802,2,1,3
2802,3,0,0
2802,4,0,0
2802,5,0,0
2802,6,0,0
2802,7,0,0
2802,8,0,0
2802,9,0,0
2802,10,0,0
2802,11,0,0
2802,12,0,0
2803,0,1,8
2803,1,1,0
2803,2,1,2
2803,3,1,0
2803,4,1,5
2803,5,1,1
2803,6,1,1
2803,7,1,3
2803,8,1,3
2803,9,1,0
2803,10,1,4
2803,11,1,2
2803,12,1,1
2804,0,1,6
2804,1,1,3
2804,2,1,1
2804,3,1,5
2804,4,0,0
2804,5,0,0
2804,6,0,0
2804,7,0,0
2804,8,0,0
2804,9,0,0
2804,10,0,0
2804,11,0,0
2804,12,0,0
2805,0,1,5
2805,1,1,2
2805,2,1,5
2805,3,1,1
2805,4,1,5
2805,5,1,4
2805,6,1,3
2805,7,0,0
2805,8,0,0
2805,9,0,0
2805,10,0,0
2805,11,0,0
2805,12,0,0
2806,0,1,3
2806,1,0,0
2806,2,0,0
2806,3,0,0
2806,4,0,0
2806,5,0,0
2806,6,0,0
2806,7,0,0
2806,8,0,0
2806,9,0,0
2806,10,0,0
2806,11,0,0
2806,12,0,0
2807,0,1,8
2807,1,1,0
2807,2,1,3
2807,3,1,1
2807,4,0,0
2807,5,0,0
2807,6,0,0
2807,7,0,0
2807,8,0,0
2807,9,0,0
2807,10,0,0
2807,11,0,0
2807,12,0,0
2808,0,1,2
2808,1,1,4
2808,2,1,3
2808,3,1,4
2808,4,1,4
2808,5,1,1
2808,6,1,2
2808,7,1,6
2808,8,1,2
2808,9,1,3
2808,10,0,0
2808,11,0,0
2808,12,0,0
2809,0,1,6
2809,1,1,6
2809,2,0,0
2809,3,0,0
2809,4,0,0
2809,5,0,0
2809,6,0,0
2809,7,0,0
2809,8,0,0
2809,9,0,0
2809,10,0,0
2809,11,0,0
2809,12,0,0
2810,0,1,7
2810,1,1,3
2810,2,1,7
2810,3,1,3
2810,4,1,6
2810,5,1,6
2810,6,1,6
2810,7,1,4
2810,8,1,7
2810,9,1,2
2810,10,1,2
2810,11,1,10
2810,12,1,10
2811,0,1,6
2811,1,0,0
2811,2,0,0
2811,3,0,0
2811,4,0,0
2811,5,0,0
2811,6,0,0
2811,7,0,0
2811,8,0,0
2811,9,0,0
2811,10,0,0
2811,11,0,0
2811,12,0,0
2812,0,1,5
2812,1,1,1
2812,2,1,3
2812,3,1,4
2812,4,1,3
2812,5,1,1
2812,6,1,2
2812,7,1,3
2812,8,1,2
2812,9,1,1
2812,10,1,2
2812,11,1,0
2812,12,1,2
2813,0,1,6
2813,1,1,1
2813,2,1,5
2813,3,1,2
2813,4,1,4
2813,5,1,1
2813,6,1,4
2813,7,1,2
2813,8,1,2
2813,9,1,2
2813,10,1,1
2813,11,1,5
2813,12,1,3
2814,0,1,5
2814,1,1,1
2814,2,1,2
2814,3,0,0
2814,4,0,0
2814,5,0,0
2814,6,0,0
2814,7,0,0
2814,8,0,0
2814,9,0,0
2814,10,0,0
2814,11,0,0
2814,12,0,0
2815,0,1,6
2815,1,1,2
2815,2,0,0
2815,3,0,0
2815,4,0,0
2815,5,0,0
2815,6,0,0
2815,7,0,0
2815,8,0,0
2815,9,0,0
2815,10,0,0
2815,11,0,0
2815,12,0,0
2816,0,1,2
2816,1,1,2
2816,2,1,4
2816,3,1,1
2816,4,1,2
2816,5,1,2
2816,6,1,1
2816,7,1,4
2816,8,1,4
2816,9,1,6
2816,10,1,1
2816,11,1,2
2816,12,1,5
2817,0,1,3
2817,1,1,5
2817,2,1,4
2817,3,1,4
2817,4,1,2
2817,5,1,1
2817,6,1,1
2817,7,1,7
2817,8,1,5
2817,9,1,3
2817,10,0,0
2817,11,0,0
2817,12,0,0
2818,0,1,2
2818,1,1,4
2818,2,1,2
2818,3,1,2
2818,4,1,1
2818,5,1,0
2818,6,1,3
2818,7,1,2
2818,8,1,2
2818,9,1,2
2818,10,1,5
2818,11,1,0
2818,12,1,0
2819,0,1,2
2819,1,1,2
2819,2,1,5
2819,3,1,3
2819,4,1,1
2819,5,1,3
2819,6,1,4
2819,7,1,1
2819,8,1,3
2819,9,1,1
2819,10,1,5
2819,11,1,6
2819,12,1,3
2820,0,1,8
2820,1,1,2
2820,2,1,0
2820,3,0,0
2820,4,0,0
2820,5,0,0
2820,6,0,0
2820,7,0,0
2820,8,0,0
2820,9,0,0
2820,10,0,0
2820,11,0,0
2820,12,0,0
2821,0,1,3
2821,1,1,2
2821,2,1,9
2821,3,1,6
2821,4,1,5
2821,5,0,0
2821,6,0,0
2821,7,0,0
2821,8,0,0
2821,9,0,0
2821,10,0,0
2821,11,0,0
2821,12,0,0
2822,0,1,2
2822,1,1,3
2822,2,1,6
2822,3,1,1
2822,4,1,2
2822,5,1,2
2822,6,1,5
2822,7,1,5
2822,8,1,1
2822,9,1,7
2822,10,1,3
2822,11,1,1
2822,12,1,5
2823,0,1,2
2823,1,1,2
2823,2,1,3
2823,3,1,5
2823,4,1,3
2823,5,1,2
2823,6,1,4
2823,7,1,4
2823,8,1,5
2823,9,1,4
2823,10,1,4
2823,11,1,3
2823,12,1,3
2824,0,1,7
2824,1,1,3
2824,2,1,1
2824,3,1,4
2824,4,1,3
2824,5,1,3
2824,6,1,1
2824,7,1,1
2824,8,1,3
2824,9,1,2
2824,10,1,0
2824,11,1,3
2824,12,1,1
2825,0,1,3
2825,1,0,0
2825,2,0,0
2825,3,0,0
2825,4,0,0
2825,5,0,0
2825,6,0,0
2825,7,0,0
2825,8,0,0
2825,9,0,0
2825,10,0,0
2825,11,0,0
2825,12,0,0
2826,0,1,5
2826,1,1,3
2826,2,1,4
2826,3,1,3
2826,4,1,3
2826,5,0,0
2826,6,0,0
2826,7,0,0
2826,8,0,0
2826,9,0,0
2826,10,0,0
2826,11,0,0
2826,12,0,0
2827,0,1,2
2827,1,0,0
2827,2,0,0
2827,3,0,0
2827,4,0,0
2827,5,0,0
2827,6,0,0
2827,7,0,0
2827,8,0,0
2827,9,0,0
2827,10,0,0
2827,11,0,0
2827,12,0,0
2828,0,1,6
2828,1,1,5
2828,2,1,0
2828,3,1,0
2828,4,1,3
2828,5,1,0
2828,6,1,0
2828,7,1,2
2828,8,1,5
2828,9,1,3
2828,10,1,2
2828,11,1,3
2828,12,1,5
2829,0,1,2
2829,1,1,0
2829,2,1,2
2829,3,1,4
2829,4,1,1
2829,5,0,0
2829,6,0,0
2829,7,0,0
2829,8,0,0
2829,9,0,0
2829,10,0,0
2829,11,0,0
2829,12,0,0
2830,0,1,4
2830,1,1,2
2830,2,0,0
2830,3,0,0
2830,4,0,0
2830,5,0,0
2830,6,0,0
2830,7,0,0
2830,8,0,0
2830,9,0,0
2830,10,0,0
2830,11,0,0
2830,12,0,0
2831,0,1,7
2831,1,1,5
2831,2,1,3
2831,3,0,0
2831,4,0,0
2831,5,0,0
2831,6,0,0
2831,7,0,0
2831,8,0,0
2831,9,0,0
2831,10,0,0
2831,11,0,0
2831,12,0,0
2832,0,1,4
2832,1,1,3
2832,2,1,4
2832,3,1,1
2832,4,1,8
2832,5,1,5
2832,6,1,1
2832,7,1,1
2832,8,1,3
2832,9,1,0
2832,10,1,1
2832,11,1,4
2832,12,1,3
2833,0,1,7
2833,1,1,4
2833,2,1,3
2833,3,1,6
2833,4,1,4
2833,5,1,1
2833,6,1,4
2833,7,1,1
2833,8,1,7
2833,9,1,2
2833,10,1,5
2833,11,1,3
2833,12,1,3
2834,0,1,6
2834,1,1,2
2834,2,1,3
2834,3,1,2
2834,4,1,3
2834,5,0,0
2834,6,0,0
2834,7,0,0
2834,8,0,0
2834,9,0,0
2834,10,0,0
2834,11,0,0
2834,12,0,0
2835,0,1,6
2835,1,1,2
2835,2,1,6
2835,3,1,4
2835,4,0,0
2835,5,0,0
2835,6,0,0
2835,7,0,0
2835,8,0,0
2835,9,0,0
2835,10,0,0
2835,11,0,0
2835,12,0,0
2836,0,1,5
2836,1,1,3
2836,2,1,6
2836,3,1,5
2836,4,0,0
2836,5,0,0
2836,6,0,0
2836,7,0,0
2836,8,0,0
2836,9,0,0
2836,10,0,0
2836,11,0,0
2836,12,0,0
2837,0,1,3
2837,1,1,3
2837,2,1,2
2837,3,1,3
2837,4,1,3
2837,5,1,2
2837,6,1,2
2837,7,1,4
2837,8,1,3
2837,9,1,1
2837,10,1,2
2837,11,1,1
2837,12,1,3
2838,0,1,2
2838,1,1,4
2838,2,1,0
2838,3,1,4
2838,4,1,5
2838,5,1,0
2838,6,1,2
2838,7,1,4
2838,8,1,2
2838,9,1,5
2838,10,1,0
2838,11,1,1
2838,12,1,7
2839,0,1,3
2839,1,1,2
2839,2,1,6
2839,3,1,6
2839,4,0,0
2839,5,0,0
2839,6,0,0
2839,7,0,0
2839,8,0,0
2839,9,0,0
2839,10,0,0
2839,11,0,0
2839,12,0,0
2840,0,1,5
2840,1,1,3
2840,2,0,0
2840,3,0,0
2840,4,0,0
2840,5,0,0
2840,6,0,0
2840,7,0,0
2840,8,0,0
2840,9,0,0
2840,10,0,0
2840,11,0,0
2840,12,0,0
2841,0,1,10
2841,1,1,3
2841,2,1,5
2841,3,1,9
2841,4,1,1
2841,5,1,4
2841,6,1,2
2841,7,1,4
2841,8,0,0
2841,9,0,0
2841,10,0,0
2841,11,0,0
2841,12,0,0
2842,0,1,6
2842,1,1,2
2842,2,1,6
2842,3,1,1
2842,4,1,1
2842,5,1,2
2842,6,1,1
2842,7,1,2
2842,8,1,3
2842,9,1,4
2842,10,1,3
2842,11,1,2
2842,12,1,5
2843,0,1,2
2843,1,1,3
2843,2,1,3
2843,3,1,5
2843,4,1,3
2843,5,1,3
2843,6,0,0
2843,7,0,0
2843,8,0,0
2843,9,0,0
2843,10,0,0
2843,11,0,0
2843,12,0,0
2844,0,1,5
2844,1,1,2
2844,2,1,3
2844,3,1,3
2844,4,1,1
2844,5,1,6
2844,6,1,3
2844,7,1,2
2844,8,1,4
2844,9,1,6
2844,10,1,5
2844,11,1,5
2844,12,1,5
2845,0,1,1
2845,1,1,2
2845,2,1,2
2845,3,1,2
2845,4,1,7
2845,5,1,3
2845,6,1,6
2845,7,1,7
2845,8,1,6
2845,9,1,4
2845,10,1,3
2845,11,0,0
2845,12,0,0
2846,0,1,4
2846,1,1,1
2846,2,1,1
2846,3,1,2
2846,4,0,0
2846,5,0,0
2846,6,0,0
2846,7,0,0
2846,8,0,0
2846,9,0,0
2846,10,0,0
2846,11,0,0
2846,12,0,0
2847,0,1,7
2847,1,1,1
2847,2,1,8
2847,3,1,5
2847,4,1,2
2847,5,1,2
2847,6,1,8
2847,7,1,3
2847,8,0,0
2847,9,0,0
2847,10,0,0
2847,11,0,0
2847,12,0,0
2848,0,1,4
2848,1,1,5
2848,2,1,5
2848,3,1,3
2848,4,1,3
2848,5,1,1
2848,6,1,4
2848,7,0,0
2848,8,0,0
2848,9,0,0
2848,10,0,0
2848,11,0,0
2848,12,0,0
2849,0,1,3
2849,1,1,5
2849,2,1,2
2849,3,1,1
2849,4,1,2
2849,5,1,2
2849,6,1,2
2849,7,1,4
2849,8,1,3
2849,9,1,3
2849,10,1,2
2849,11,1,5
2849,12,1,3
2850,0,1,3
2850,1,1,2
2850,2,1,5
2850,3,1,2
2850,4,0,0
2850,5,0,0
2850,6,0,0
2850,7,0,0
2850,8,0,0
2850,9,0,0
2850,10,0,0
2850,11,0,0
2850,12,0,0
2851,0,1,4
2851,1,1,2
2851,2,1,5
2851,3,1,3
2851,4,1,2
2851,5,1,3
2851,6,1,2
2851,7,1,3
2851,8,1,4
2851,9,1,5
2851,10,1,2
2851,11,1,2
2851,12,1,1
2852,0,1,5
2852,1,0,0
2852,2,0,0
2852,3,0,0
2852,4,0,0
2852,5,0,0
2852,6,0,0
2852,7,0,0
2852,8,0,0
2852,9,0,0
2852,10,0,0
2852,11,0,0
2852,12,0,0
2853,0,1,8
2853,1,1,2
2853,2,1,5
2853,3,1,2
2853,4,1,4
2853,5,1,6
2853,6,1,4
2853,7,1,5
2853,8,1,7
2853,9,1,2
2853,10,1,4
2853,11,1,3
2853,12,1,2
2854,0,1,1
2854,1,1,1
2854,2,1,1
2854,3,1,2
2854,4,1,1
2854,5,1,2
2854,6,1,3
2854,7,1,0
2854,8,1,3
2854,9,1,2
2854,10,1,2
2854,11,1,5
2854,12,1,5
2855,0,1,2
2855,1,1,6
2855,2,1,4
2855,3,1,3
2855,4,1,3
2855,5,1,3
2855,6,1,6
2855,7,1,3
2855,8,1,4
2855,9,1,3
2855,10,1,1
2855,11,1,4
2855,12,1,6
2856,0,1,5
2856,1,1,5
2856,2,1,6
2856,3,1,3
2856,4,0,0
2856,5,0,0
2856,6,0,0
2856,7,0,0
2856,8,0,0
2856,9,0,0
2856,10,0,0
2856,11,0,0
2856,12,0,0
2857,0,1,2
2857,1,1,4
2857,2,0,0
2857,3,0,0
2857,4,0,0
2857,5,0,0
2857,6,0,0
2857,7,0,0
2857,8,0,0
2857,9,0,0
2857,10,0,0
2857,11,0,0
2857,12,0,0
2858,0,1,4
2858,1,1,2
2858,2,1,3
2858,3,1,2
2858,4,1,5
2858,5,1,2
2858,6,1,10
2858,7,1,4
2858,8,1,2
2858,9,1,4
2858,10,1,2
2858,11,0,0
2858,12,0,0
2859,0,1,4
2859,1,1,4
2859,2,1,4
2859,3,0,0
2859,4,0,0
2859,5,0,0
2859,6,0,0
2859,7,0,0
2859,8,0,0
2859,9,0,0
2859,10,0,0
2859,11,0,0
2859,12,0,0
2860,0,1,9
2860,1,1,5
2860,2,0,0
2860,3,0,0
2860,4,0,0
2860,5,0,0
2860,6,0,0
2860,7,0,0
2860,8,0,0
2860,9,0,0
2860,10,0,0
2860,11,0,0
2860,12,0,0
2861,0,1,7
2861,1,1,2
2861,2,1,3
2861,3,1,4
2861,4,1,3
2861,5,1,6
2861,6,1,3
2861,7,1,3
2861,8,1,5
2861,9,1,4
2861,10,0,0
2861,11,0,0
2861,12,0,0
2862,0,1,4
2862,1,0,0
2862,2,0,0
2862,3,0,0
2862,4,0,0
2862,5,0,0
2862,6,0,0
2862,7,0,0
2862,8,0,0
2862,9,0,0
2862,10,0,0
2862,11,0,0
2862,12,0,0
2863,0,1,3
2863,1,1,2
2863,2,1,5
2863,3,1,1
2863,4,1,4
2863,5,0,0
2863,6,0,0
2863,7,0,0
2863,8,0,0
2863,9,0,0
2863,10,0,0
2863,11,0,0
2863,12,0,0
2864,0,1,3
2864,1,1,2
2864,2,1,0
2864,3,1,0
2864,4,1,8
2864,5,1,2
2864,6,0,0
2864,7,0,0
2864,8,0,0
2864,9,0,0
2864,10,0,0
2864,11,0,0
2864,12,0,0
2865,0,1,3
2865,1,1,2
2865,2,1,3
2865,3,1,1
2865,4,1,6
2865,5,1,1
2865,6,1,4
2865,7,1,5
2865,8,1,2
2865,9,1,5
2865,10,1,4
2865,11,1,5
2865,12,1,0
2866,0,1,3
2866,1,1,2
2866,2,1,4
2866,3,1,5
2866,4,1,3
2866,5,1,2
2866,6,1,3
2866,7,1,3
2866,8,1,3
2866,9,1,4
2866,10,1,4
2866,11,1,5
2866,12,1,5
2867,0,1,2
2867,1,1,2
2867,2,1,1
2867,3,1,0
2867,4,1,5
2867,5,0,0
2867,6,0,0
2867,7,0,0
2867,8,0,0
2867,9,0,0
2867,10,0,0
2867,11,0,0
2867,12,0,0
2868,0,1,12
2868,1,1,5
2868,2,1,1
2868,3,1,0
2868,4,1,5
2868,5,1,2
2868,6,1,3
2868,7,1,2
2868,8,1,1
2868,9,1,2
2868,10,1,5
2868,11,1,4
2868,12,1,3
2869,0,1,8
2869,1,1,4
2869,2,1,2
2869,3,1,3
2869,4,1,1
2869,5,0,0
2869,6,0,0
2869,7,0,0
2869,8,0,0
2869,9,0,0
2869,10,0,0
2869,11,0,0
2869,12,0,0
2870,0,1,6
2870,1,1,2
2870,2,1,2
2870,3,1,3
2870,4,1,3
2870,5,1,5
2870,6,1,3
2870,7,1,5
2870,8,1,2
2870,9,1,1
2870,10,1,5
2870,11,1,7
2870,12,1,1
2871,0,1,7
2871,1,1,4
2871,2,1,5
2871,3,1,1
2871,4,1,4
2871,5,1,2
2871,6,1,3
2871,7,1,3
2871,8,1,2
2871,9,1,5
2871,10,0,0
2871,11,0,0
2871,12,0,0
2872,0,1,5
2872,1,1,2
2872,2,1,3
2872,3,1,4
2872,4,1,2
2872,5,1,1
2872,6,1,2
2872,7,1,0
2872,8,1,0
2872,9,1,3
2872,10,0,0
2872,11,0,0
2872,12,0,0
2873,0,1,6
2873,1,1,3
2873,2,1,5
2873,3,1,5
2873,4,1,4
2873,5,0,0
2873,6,0,0
2873,7,0,0
2873,8,0,0
2873,9,0,0
2873,10,0,0
2873,11,0,0
2873,12,0,0
2874,0,1,4
2874,1,1,2
2874,2,1,2
2874,3,1,2
2874,4,1,1
2874,5,1,6
2874,6,1,2
2874,7,1,3
2874,8,1,0
2874,9,1,2
2874,10,1,3
2874,11,1,0
2874,12,1,3
2875,0,1,7
2875,1,1,4
2875,2,1,2
2875,3,1,4
2875,4,1,3
2875,5,0,0
2875,6,0,0
2875,7,0,0
2875,8,0,0
2875,9,0,0
2875,10,0,0
2875,11,0,0
2875,12,0,0
2876,0,1,5
2876,1,1,5
2876,2,1,5
2876,3,1,1
2876,4,1,2
2876,5,1,4
2876,6,0,0
2876,7,0,0
2876,8,0,0
2876,9,0,0
2876,10,0,0
2876,11,0,0
2876,12,0,0
2877,0,1,6
2877,1,1,2
2877,2,1,2
2877,3,1,3
2877,4,1,1
2877,5,1,4
2877,6,1,2
2877,7,1,5
2877,8,1,1
2877,9,1,2
2877,10,1,2
2877,11,1,0
2877,12,1,3
2878,0,1,5
2878,1,1,1
2878,2,1,4
2878,3,1,2
2878,4,0,0
2878,5,0,0
2878,6,0,0
2878,7,0,0
2878,8,0,0
2878,9,0,0
2878,10,0,0
2878,11,0,0
2878,12,0,0
2879,0,1,4
2879,1,1,2
2879,2,1,5
2879,3,1,4
2879,4,1,2
2879,5,1,2
2879,6,1,4
2879,7,1,1
2879,8,1,2
2879,9,1,1
2879,10,1,2
2879,11,1,2
2879,12,1,3
2880,0,1,5
2880,1,1,1
2880,2,0,0
2880,3,0,0
2880,4,0,0
2880,5,0,0
2880,6,0,0
2880,7,0,0
2880,8,0,0
2880,9,0,0
2880,10,0,0
2880,11,0,0
2880,12,0,0
2881,0,1,3
2881,1,1,4
2881,2,1,4
2881,3,1,8
2881,4,0,0
2881,5,0,0
2881,6,0,0
2881,7,0,0
2881,8,0,0
2881,9,0,0
2881,10,0,0
2881,11,0,0
2881,12,0,0
2882,0,1,5
2882,1,1,2
2882,2,1,0
2882,3,1,5
2882,4,1,5
2882,5,1,1
2882,6,1,3
2882,7,1,1
2882,8,1,3
2882,9,1,2
2882,10,0,0
2882,11,0,0
2882,12,0,0
2883,0,1,4
2883,1,1,2
2883,2,1,4
2883,3,0,0
2883,4,0,0
2883,5,0,0
2883,6,0,0
2883,7,0,0
2883,8,0,0
2883,9,0,0
2883,10,0,0
2883,11,0,0
2883,12,0,0
2884,0,1,4
2884,1,0,0
2884,2,0,0
2884,3,0,0
2884,4,0,0
2884,5,0,0
2884,6,0,0
2884,7,0,0
2884,8,0,0
2884,9,0,0
2884,10,0,0
2884,11,0,0
2884,12,0,0
2885,0,1,5
2885,1,1,3
2885,2,1,6
2885,3,1,5
2885,4,1,2
2885,5,1,3
2885,6,1,9
2885,7,1,7
2885,8,1,5
2885,9,1,2
2885,10,1,5
2885,11,0,0
2885,12,0,0
2886,0,1,7
2886,1,1,1
2886,2,1,3
2886,3,1,2
2886,4,0,0
2886,5,0,0
2886,6,0,0
2886,7,0,0
2886,8,0,0
2886,9,0,0
2886,10,0,0
2886,11,0,0
2886,12,0,0
2887,0,1,5
2887,1,1,2
2887,2,0,0
2887,3,0,0
2887,4,0,0
2887,5,0,0
2887,6,0,0
2887,7,0,0
2887,8,0,0
2887,9,0,0
2887,10,0,0
2887,11,0,0
2887,12,0,0
2888,0,1,5
2888,1,0,0
2888,2,0,0
2888,3,0,0
2888,4,0,0
2888,5,0,0
2888,6,0,0
2888,7,0,0
2888,8,0,0
2888,9,0,0
2888,10,0,0
2888,11,0,0
2888,12,0,0
2889,0,1,3
2889,1,1,6
2889,2,1,3
2889,3,1,2
2889,4,1,5
2889,5,1,1
2889,6,1,3
2889,7,1,3
2889,8,1,5
2889,9,1,6
2889,10,1,5
2889,11,1,7
2889,12,1,1
2890,0,1,5
2890,1,1,6
2890,2,1,3
2890,3,1,4
2890,4,1,5
2890,5,1,2
2890,6,1,3
2890,7,1,0
2890,8,0,0
2890,9,0,0
2890,10,0,0
2890,11,0,0
2890,12,0,0
2891,0,1,3
2891,1,1,4
2891,2,0,0
2891,3,0,0
2891,4,0,0
2891,5,0,0
2891,6,0,0
2891,7,0,0
2891,8,0,0
2891,9,0,0
2891,10,0,0
2891,11,0,0
2891,12,0,0
2892,0,1,8
2892,1,1,3
2892,2,1,3
2892,3,1,4
2892,4,1,5
2892,5,1,1
2892,6,1,5
2892,7,1,2
2892,8,1,4
2892,9,1,4
2892,10,1,3
2892,11,0,0
2892,12,0,0
2893,0,1,4
2893,1,1,2
2893,2,1,3
2893,3,1,2
2893,4,0,0
2893,5,0,0
2893,6,0,0
2893,7,0,0
2893,8,0,0
2893,9,0,0
2893,10,0,0
2893,11,0,0
2893,12,0,0
2894,0,1,2
2894,1,1,6
2894,2,1,7
2894,3,1,3
2894,4,1,5
2894,5,1,2
2894,6,1,2
2894,7,1,6
2894,8,0,0
2894,9,0,0
2894,10,0,0
2894,11,0,0
2894,12,0,0
2895,0,1,1
2895,1,1,3
2895,2,1,3
2895,3,1,5
2895,4,1,6
2895,5,1,0
2895,6,1,4
2895,7,1,2
2895,8,1,3
2895,9,1,4
2895,10,1,4
2895,11,1,5
2895,12,1,3
2896,0,1,3
2896,1,1,4
2896,2,1,4
2896,3,1,4
2896,4,0,0
2896,5,0,0
2896,6,0,0
2896,7,0,0
2896,8,0,0
2896,9,0,0
2896,10,0,0
2896,11,0,0
2896,12,0,0
2897,0,1,4
2897,1,1,6
2897,2,1,2
2897,3,0,0
2897,4,0,0
2897,5,0,0
2897,6,0,0
2897,7,0,0
2897,8,0,0
2897,9,0,0
2897,10,0,0
2897,11,0,0
2897,12,0,0
2898,0,1,5
2898,1,1,3
2898,2,1,1
2898,3,1,0
2898,4,1,4
2898,5,1,4
2898,6,1,2
2898,7,1,9
2898,8,1,2
2898,9,1,2
2898,10,1,3
2898,11,1,4
2898,12,1,5
2899,0,1,7
2899,1,1,5
2899,2,0,0
2899,3,0,0
2899,4,0,0
2899,5,0,0
2899,6,0,0
2899,7,0,0
2899,8,0,0
2899,9,0,0
2899,10,0,0
2899,11,0,0
2899,12,0,0
2900,0,1,5
2900,1,1,2
2900,2,1,2
2900,3,1,1
2900,4,1,2
2900,5,1,4
2900,6,1,1
2900,7,1,1
2900,8,1,1
2900,9,1,1
2900,10,1,3
2900,11,1,2
2900,12,1,0
2901,0,1,2
2901,1,1,7
2901,2,1,2
2901,3,1,2
2901,4,1,3
2901,5,1,1
2901,6,1,5
2901,7,1,4
2901,8,1,1
2901,9,1,3
2901,10,1,5
2901,11,1,5
2901,12,1,2
2902,0,1,7
2902,1,1,2
2902,2,1,3
2902,3,1,3
2902,4,1,2
2902,5,1,3
2902,6,1,0
2902,7,1,1
2902,8,1,1
2902,9,0,0
2902,10,0,0
2902,11,0,0
2902,12,0,0
2903,0,1,2
2903,1,1,4
2903,2,1,3
2903,3,1,1
2903,4,1,5
2903,5,1,4
2903,6,1,2
2903,7,1,3
2903,8,1,7
2903,9,1,3
2903,10,1,5
2903,11,1,3
2903,12,1,3
2904,0,1,2
2904,1,1,3
2904,2,1,3
2904,3,1,2
2904,4,1,2
2904,5,1,1
2904,6,0,0
2904,7,0,0
2904,8,0,0
2904,9,0,0
2904,10,0,0
2904,11,0,0
2904,12,0,0
2905,0,1,5
2905,1,1,3
2905,2,1,3
2905,3,1,5
2905,4,1,6
2905,5,0,0
2905,6,0,0
2905,7,0,0
2905,8,0,0
2905,9,0,0
2905,10,0,0
2905,11,0,0
2905,12,0,0
2906,0,1,5
2906,1,1,1
2906,2,1,7
2906,3,1,7
2906,4,1,6
2906,5,1,2
2906,6,1,3
2906,7,1,8
2906,8,1,4
2906,9,1,2
2906,10,1,4
2906,11,1,2
2906,12,1,4
2907,0,1,4
2907,1,1,1
2907,2,1,3
2907,3,1,3
2907,4,0,0
2907,5,0,0
2907,6,0,0
2907,7,0,0
2907,8,0,0
2907,9,0,0
2907,10,0,0
2907,11,0,0
2907,12,0,0
2908,0,1,7
2908,1,1,3
2908,2,1,5
2908,3,1,7
2908,4,1,4
2908,5,0,0
2908,6,0,0
2908,7,0,0
2908,8,0,0
2908,9,0,0
2908,10,0,0
2908,11,0,0
2908,12,0,0
2909,0,1,6
2909,1,1,4
2909,2,1,4
2909,3,1,3
2909,4,0,0
2909,5,0,0
2909,6,0,0
2909,7,0,0
2909,8,0,0
2909,9,0,0
2909,10,0,0
2909,11,0,0
2909,12,0,0
2910,0,1,6
2910,1,1,6
2910,2,1,2
2910,3,1,5
2910,4,1,8
2910,5,1,2
2910,6,1,2
2910,7,0,0
2910,8,0,0
2910,9,0,0
2910,10,0,0
2910,11,0,0
2910,12,0,0
2911,0,1,2
2911,1,0,0
2911,2,0,0
2911,3,0,0
2911,4,0,0
2911,5,0,0
2911,6,0,0
2911,7,0,0
2911,8,0,0
2911,9,0,0
2911,10,0,0
2911,11,0,0
2911,12,0,0
2912,0,1,10
2912,1,1,2
2912,2,1,6
2912,3,1,6
2912,4,1,8
2912,5,1,2
2912,6,1,3
2912,7,1,1
2912,8,1,2
2912,9,1,8
2912,10,1,3
2912,11,1,4
2912,12,1,2
2913,0,1,5
2913,1,1,2
2913,2,1,1
2913,3,1,4
2913,4,1,0
2913,5,1,2
2913,6,1,2
2913,7,1,2
2913,8,1,0
2913,9,1,6
2913,10,1,1
2913,11,1,3
2913,12,0,0
2914,0,1,7
2914,1,1,2
2914,2,1,3
2914,3,1,2
2914,4,1,3
2914,5,1,0
2914,6,1,0
2914,7,1,4
2914,8,1,1
2914,9,1,1
2914,10,1,0
2914,11,1,1
2914,12,1,1
2915,0,1,6
2915,1,1,1
2915,2,1,0
2915,3,1,2
2915,4,1,4
2915,5,1,2
2915,6,1,3
2915,7,1,3
2915,8,1,3
2915,9,1,5
2915,10,1,1
2915,11,1,1
2915,12,1,3
2916,0,1,4
2916,1,1,7
2916,2,1,1
2916,3,1,1
2916,4,1,8
2916,5,1,3
2916,6,1,1
2916,7,1,6
2916,8,1,3
2916,9,1,3
2916,10,1,1
2916,11,1,0
2916,12,1,3
2917,0,1,6
2917,1,0,0
2917,2,0,0
2917,3,0,0
2917,4,0,0
2917,5,0,0
2917,6,0,0
2917,7,0,0
2917,8,0,0
2917,9,0,0
2917,10,0,0
2917,11,0,0
2917,12,0,0
2918,0,1,5
2918,1,1,3
2918,2,1,1
2918,3,1,0
2918,4,1,2
2918,5,1,2
2918,6,1,0
2918,7,1,2
2918,8,1,6
2918,9,1,3
2918,10,1,2
2918,11,1,1
2918,12,1,3
2919,0,1,1
2919,1,0,0
2919,2,0,0
2919,3,0,0
2919,4,0,0
2919,5,0,0
2919,6,0,0
2919,7,0,0
2919,8,0,0
2919,9,0,0
2919,10,0,0
2919,11,0,0
2919,12,0,0
2920,0,1,2
2920,1,1,1
2920,2,1,4
2920,3,1,5
2920,4,1,3
2920,5,1,5
2920,6,1,2
2920,7,1,5
2920,8,0,0
2920,9,0,0
2920,10,0,0
2920,11,0,0
2920,12,0,0
2921,0,1,2
2921,1,1,0
2921,2,1,5
2921,3,1,5
2921,4,1,1
2921,5,1,2
2921,6,1,1
2921,7,1,5
2921,8,1,3
2921,9,1,6
2921,10,1,5
2921,11,1,5
2921,12,1,5
2922,0,1,5
2922,1,1,6
2922,2,1,10
2922,3,1,2
2922,4,1,3
2922,5,1,3
2922,6,1,3
2922,7,1,6
2922,8,1,4
2922,9,1,2
2922,10,1,5
2922,11,1,3
2922,12,1,4
2923,0,1,2
2923,1,1,4
2923,2,1,4
2923,3,1,2
2923,4,1,6
2923,5,1,4
2923,6,1,4
2923,7,1,6
2923,8,1,6
2923,9,1,5
2923,10,1,3
2923,11,1,2
2923,12,1,4
2924,0,1,5
2924,1,1,2
2924,2,1,3
2924,3,1,0
2924,4,1,7
2924,5,1,4
2924,6,1,5
2924,7,1,4
2924,8,1,5
2924,9,1,2
2924,10,1,4
2924,11,1,4
2924,12,1,1
2925,0,1,7
2925,1,1,1
2925,2,1,3
2925,3,1,4
2925,4,1,2
2925,5,1,2
2925,6,1,0
2925,7,1,3
2925,8,1,4
2925,9,1,0
2925,10,0,0
2925,11,0,0
2925,12,0,0
2926,0,1,10
2926,1,0,0
2926,2,0,0
2926,3,0,0
2926,4,0,0
2926,5,0,0
2926,6,0,0
2926,7,0,0
2926,8,0,0
2926,9,0,0
2926,10,0,0
2926,11,0,0
2926,12,0,0
2927,0,1,5
2927,1,1,6
2927,2,1,2
2927,3,1,6
2927,4,0,0
2927,5,0,0
2927,6,0,0
2927,7,0,0
2927,8,0,0
2927,9,0,0
2927,10,0,0
2927,11,0,0
2927,12,0,0
2928,0,1,10
2928,1,1,0
2928,2,1,6
2928,3,1,3
2928,4,1,3
2928,5,1,2
2928,6,1,6
2928,7,0,0
2928,8,0,0
2928,9,0,0
2928,10,0,0
2928,11,0,0
2928,12,0,0
2929,0,1,2
2929,1,1,1
2929,2,1,2
2929,3,1,5
2929,4,0,0
2929,5,0,0
2929,6,0,0
2929,7,0,0
2929,8,0,0
2929,9,0,0
2929,10,0,0
2929,11,0,0
2929,12,0,0
2930,0,1,6
2930,1,0,0
2930,2,0,0
2930,3,0,0
2930,4,0,0
2930,5,0,0
2930,6,0,0
2930,7,0,0
2930,8,0,0
2930,9,0,0
2930,10,0,0
2930,11,0,0
2930,12,0,0
2931,0,1,5
2931,1,1,3
2931,2,1,3
2931,3,0,0
2931,4,0,0
2931,5,0,0
2931,6,0,0
2931,7,0,0
2931,8,0,0
2931,9,0,0
2931,10,0,0
2931,11,0,0
2931,12,0,0
2932,0,1,7
2932,1,1,3
2932,2,1,0
2932,3,1,0
2932,4,1,1
2932,5,1,5
2932,6,1,2
2932,7,1,0
2932,8,1,3
2932,9,1,4
2932,10,1,3
2932,11,1,2
2932,12,1,3
2933,0,1,3
2933,1,1,7
2933,2,1,2
2933,3,1,6
2933,4,1,5
2933,5,1,2
2933,6,1,4
2933,7,1,4
2933,8,1,2
2933,9,1,6
2933,10,1,5
2933,11,1,5
2933,12,1,5
2934,0,1,7
2934,1,1,3
2934,2,1,3
2934,3,1,6
2934,4,1,1
2934,5,1,4
2934,6,1,0
2934,7,1,6
2934,8,1,5
2934,9,1,6
2934,10,0,0
2934,11,0,0
2934,12,0,0
2935,0,1,2
2935,1,1,3
2935,2,1,2
2935,3,1,4
2935,4,1,1
2935,5,1,2
2935,6,1,3
2935,7,1,3
2935,8,1,3
2935,9,1,7
2935,10,1,1
2935,11,1,3
2935,12,1,1
2936,0,1,3
2936,1,1,2
2936,2,1,1
2936,3,1,2
2936,4,1,3
2936,5,1,1
2936,6,1,4
2936,7,1,2
2936,8,1,2
2936,9,1,2
2936,10,1,2
2936,11,0,0
2936,12,0,0
2937,0,1,8
2937,1,1,3
2937,2,1,0
2937,3,1,3
2937,4,1,3
2937,5,1,1
2937,6,1,1
2937,7,1,2
2937,8,1,2
2937,9,1,4
2937,10,1,1
2937,11,1,1
2937,12,1,0
2938,0,1,7
2938,1,1,0
2938,2,1,2
2938,3,1,0
2938,4,1,2
2938,5,1,2
2938,6,1,3
2938,7,1,1
2938,8,1,1
2938,9,1,2
2938,10,1,1
2938,11,1,2
2938,12,1,5
2939,0,1,4
2939,1,1,2
2939,2,1,5
2939,3,1,2
2939,4,1,6
2939,5,1,2
2939,6,1,3
2939,7,1,2
2939,8,1,2
2939,9,1,5
2939,10,1,4
2939,11,1,3
2939,12,1,6
2940,0,1,7
2940,1,1,1
2940,2,1,1
2940,3,1,1
2940,4,1,2
2940,5,1,2
2940,6,1,4
2940,7,1,0
2940,8,1,2
2940,9,1,2
2940,10,1,3
2940,11,1,2
2940,12,1,3
2941,0,1,6
2941,1,1,2
2941,2,0,0
2941,3,0,0
2941,4,0,0
2941,5,0,0
2941,6,0,0
2941,7,0,0
2941,8,0,0
2941,9,0,0
2941,10,0,0
2941,11,0,0
2941,12,0,0
2942,0,1,7
2942,1,1,4
2942,2,1,3
2942,3,1,5
2942,4,1,4
2942,5,1,1
2942,6,1,9
2942,7,1,3
2942,8,1,3
2942,9,1,1
2942,10,1,3
2942,11,1,3
2942,12,1,3
2943,0,1,2
2943,1,1,5
2943,2,1,2
2943,3,1,4
2943,4,0,0
2943,5,0,0
2943,6,0,0
2943,7,0,0
2943,8,0,0
2943,9,0,0
2943,10,0,0
2943,11,0,0
2943,12,0,0
2944,0,1,3
2944,1,1,1
2944,2,1,2
2944,3,1,2
2944,4,1,3
2944,5,1,3
2944,6,1,3
2944,7,1,1
2944,8,1,3
2944,9,1,4
2944,10,1,0
2944,11,1,3
2944,12,1,2
2945,0,1,3
2945,1,1,2
2945,2,1,4
2945,3,1,7
2945,4,1,1
2945,5,1,2
2945,6,1,1
2945,7,1,5
2945,8,1,3
2945,9,1,2
2945,10,1,3
2945,11,1,2
2945,12,1,6
2946,0,1,2
2946,1,1,3
2946,2,1,2
2946,3,1,5
2946,4,1,2
2946,5,1,6
2946,6,1,6
2946,7,1,4
2946,8,1,3
2946,9,1,5
2946,10,1,3
2946,11,1,5
2946,12,1,3
2947,0,1,6
2947,1,1,3
2947,2,1,2
2947,3,1,8
2947,4,1,2
2947,5,1,5
2947,6,1,4
2947,7,1,1
2947,8,1,8
2947,9,1,5
2947,10,1,4
2947,11,1,5
2947,12,1,4
2948,0,1,4
2948,1,1,2
2948,2,1,4
2948,3,0,0
2948,4,0,0
2948,5,0,0
2948,6,0,0
2948,7,0,0
2948,8,0,0
2948,9,0,0
2948,10,0,0
2948,11,0,0
2948,12,0,0
2949,0,1,5
2949,1,1,3
2949,2,0,0
2949,3,0,0
2949,4,0,0
2949,5,0,0
2949,6,0,0
2949,7,0,0
2949,8,0,0
2949,9,0,0
2949,10,0,0
2949,11,0,0
2949,12,0,0
2950,0,1,6
2950,1,0,0
2950,2,0,0
2950,3,0,0
2950,4,0,0
2950,5,0,0
2950,6,0,0
2950,7,0,0
2950,8,0,0
2950,9,0,0
2950,10,0,0
2950,11,0,0
2950,12,0,0
2951,0,1,4
2951,1,1,2
2951,2,1,3
2951,3,1,2
2951,4,1,1
2951,5,1,1
2951,6,1,1
2951,7,1,0
2951,8,1,0
2951,9,1,0
2951,10,1,5
2951,11,1,2
2951,12,1,1
2952,0,1,6
2952,1,1,1
2952,2,1,2
2952,3,1,4
2952,4,1,2
2952,5,1,2
2952,6,1,2
2952,7,1,1
2952,8,1,3
2952,9,1,0
2952,10,0,0
2952,11,0,0
2952,12,0,0
2953,0,1,6
2953,1,1,6
2953,2,1,3
2953,3,1,1
2953,4,1,3
2953,5,1,2
2953,6,1,5
2953,7,1,3
2953,8,1,1
2953,9,1,3
2953,10,1,2
2953,11,1,3
2953,12,1,1
2954,0,1,8
2954,1,1,2
2954,2,1,6
2954,3,1,1
2954,4,1,7
2954,5,0,0
2954,6,0,0
2954,7,0,0
2954,8,0,0
2954,9,0,0
2954,10,0,0
2954,11,0,0
2954,12,0,0
2955,0,1,3
2955,1,0,0
2955,2,0,0
2955,3,0,0
2955,4,0,0
2955,5,0,0
2955,6,0,0
2955,7,0,0
2955,8,0,0
2955,9,0,0
2955,10,0,0
2955,11,0,0
2955,12,0,0
2956,0,1,9
2956,1,1,4
2956,2,1,4
2956,3,1,3
2956,4,1,3
2956,5,1,5
2956,6,1,3
2956,7,1,2
2956,8,1,4
2956,9,1,4
2956,10,1,1
2956,11,1,3
2956,12,1,5
2957,0,1,5
2957,1,1,1
2957,2,1,6
2957,3,1,2
2957,4,1,5
2957,5,1,2
2957,6,1,2
2957,7,1,2
2957,8,1,5
2957,9,1,2
2957,10,1,3
2957,11,1,7
2957,12,1,4
2958,0,1,4
2958,1,1,3
2958,2,1,5
2958,3,1,5
2958,4,1,9
2958,5,1,3
2958,6,1,4
2958,7,1,2
2958,8,1,4
2958,9,1,0
2958,10,1,9
2958,11,1,3
2958,12,1,6
2959,0,1,4
2959,1,1,6
2959,2,1,4
2959,3,1,3
2959,4,1,4
2959,5,1,2
2959,6,1,3
2959,7,1,1
2959,8,1,4
2959,9,1,3
2959,10,1,2
2959,11,1,6
2959,12,0,0
2960,0,1,5
2960,1,1,3
2960,2,1,2
2960,3,1,1
2960,4,1,3
2960,5,1,2
2960,6,1,1
2960,7,1,1
2960,8,1,4
2960,9,1,1
2960,10,1,1
2960,11,1,1
2960,12,1,1
2961,0,1,5
2961,1,1,2
2961,2,1,2
2961,3,1,4
2961,4,0,0
2961,5,0,0
2961,6,0,0
2961,7,0,0
2961,8,0,0
2961,9,0,0
2961,10,0,0
2961,11,0,0
2961,12,0,0
2962,0,1,3
2962,1,0,0
2962,2,0,0
2962,3,0,0
2962,4,0,0
2962,5,0,0
2962,6,0,0
2962,7,0,0
2962,8,0,0
2962,9,0,0
2962,10,0,0
2962,11,0,0
2962,12,0,0
2963,0,1,8
2963,1,0,0
2963,2,0,0
2963,3,0,0
2963,4,0,0
2963,5,0,0
2963,6,0,0
2963,7,0,0
2963,8,0,0
2963,9,0,0
2963,10,0,0
2963,11,0,0
2963,12,0,0
2964,0,1,7
2964,1,1,8
2964,2,1,3
2964,3,1,4
2964,4,1,2
2964,5,1,3
2964,6,1,1
2964,7,1,5
2964,8,1,3
2964,9,1,2
2964,10,1,2
2964,11,1,2
2964,12,1,7
2965,0,1,4
2965,1,0,0
2965,2,0,0
2965,3,0,0
2965,4,0,0
2965,5,0,0
2965,6,0,0
2965,7,0,0
2965,8,0,0
2965,9,0,0
2965,10,0,0
2965,11,0,0
2965,12,0,0
2966,0,1,5
2966,1,1,0
2966,2,1,2
2966,3,1,1
2966,4,0,0
2966,5,0,0
2966,6,0,0
2966,7,0,0
2966,8,0,0
2966,9,0,0
2966,10,0,0
2966,11,0,0
2966,12,0,0
2967,0,1,4
2967,1,1,3
2967,2,1,3
2967,3,1,3
2967,4,1,5
2967,5,1,4
2967,6,1,1
2967,7,1,4
2967,8,1,1
2967,9,1,4
2967,10,1,4
2967,11,1,3
2967,12,1,7
2968,0,1,6
2968,1,1,7
2968,2,0,0
2968,3,0,0
2968,4,0,0
2968,5,0,0
2968,6,0,0
2968,7,0,0
2968,8,0,0
2968,9,0,0
2968,10,0,0
2968,11,0,0
2968,12,0,0
2969,0,1,5
2969,1,1,4
2969,2,1,5
2969,3,0,0
2969,4,0,0
2969,5,0,0
2969,6,0,0
2969,7,0,0
2969,8,0,0
2969,9,0,0
2969,10,0,0
2969,11,0,0
2969,12,0,0
2970,0,1,3
2970,1,1,4
2970,2,1,3
2970,3,1,5
2970,4,0,0
2970,5,0,0
2970,6,0,0
2970,7,0,0
2970,8,0,0
2970,9,0,0
2970,10,0,0
2970,11,0,0
2970,12,0,0
2971,0,1,9
2971,1,1,0
2971,2,1,2
2971,3,1,2
2971,4,1,1
2971,5,1,4
2971,6,1,1
2971,7,1,2
2971,8,1,3
2971,9,1,0
2971,10,1,2
2971,11,1,2
2971,12,1,1
2972,0,1,2
2972,1,1,7
2972,2,1,2
2972,3,1,3
2972,4,1,4
2972,5,1,6
2972,6,1,6
2972,7,1,6
2972,8,1,3
2972,9,1,4
2972,10,1,4
2972,11,1,5
2972,12,1,4
2973,0,1,3
2973,1,1,3
2973,2,1,2
2973,3,1,3
2973,4,1,4
2973,5,1,1
2973,6,1,1
2973,7,1,3
2973,8,1,4
2973,9,1,2
2973,10,1,1
2973,11,1,2
2973,12,1,5
2974,0,1,6
2974,1,0,0
2974,2,0,0
2974,3,0,0
2974,4,0,0
2974,5,0,0
2974,6,0,0
2974,7,0,0
2974,8,0,0
2974,9,0,0
2974,10,0,0
2974,11,0,0
2974,12,0,0
2975,0,1,3
2975,1,0,0
2975,2,0,0
2975,3,0,0
2975,4,0,0
2975,5,0,0
2975,6,0,0
2975,7,0,0
2975,8,0,0
2975,9,0,0
2975,10,0,0
2975,11,0,0
2975,12,0,0
2976,0,1,4
2976,1,1,5
2976,2,1,0
2976,3,1,1
2976,4,1,2
2976,5,1,1
2976,6,1,7
2976,7,1,7
2976,8,1,3
2976,9,1,3
2976,10,1,1
2976,11,1,3
2976,12,1,4
2977,0,1,3
2977,1,1,3
2977,2,1,1
2977,3,1,2
2977,4,1,2
2977,5,1,1
2977,6,1,4
2977,7,1,1
2977,8,1,6
2977,9,1,1
2977,10,0,0
2977,11,0,0
2977,12,0,0
2978,0,1,4
2978,1,1,3
2978,2,1,3
2978,3,1,7
2978,4,1,7
2978,5,1,3
2978,6,0,0
2978,7,0,0
2978,8,0,0
2978,9,0,0
2978,10,0,0
2978,11,0,0
2978,12,0,0
2979,0,1,6
2979,1,1,0
2979,2,1,0
2979,3,1,4
2979,4,1,1
2979,5,1,1
2979,6,1,4
2979,7,1,1
2979,8,1,1
2979,9,1,0
2979,10,1,3
2979,11,1,3
2979,12,1,1
2980,0,1,5
2980,1,1,6
2980,2,1,5
2980,3,1,2
2980,4,0,0
2980,5,0,0
2980,6,0,0
2980,7,0,0
2980,8,0,0
2980,9,0,0
2980,10,0,0
2980,11,0,0
2980,12,0,0
2981,0,1,6
2981,1,1,3
2981,2,0,0
2981,3,0,0
2981,4,0,0
2981,5,0,0
2981,6,0,0
2981,7,0,0
2981,8,0,0
2981,9,0,0
2981,10,0,0
2981,11,0,0
2981,12,0,0
2982,0,1,1
2982,1,1,0
2982,2,1,3
2982,3,1,3
2982,4,1,3
2982,5,1,4
2982,6,1,3
2982,7,1,2
2982,8,1,2
2982,9,1,3
2982,10,1,5
2982,11,1,2
2982,12,1,2
2983,0,1,4
2983,1,1,4
2983,2,1,7
2983,3,0,0
2983,4,0,0
2983,5,0,0
2983,6,0,0
2983,7,0,0
2983,8,0,0
2983,9,0,0
2983,10,0,0
2983,11,0,0
2983,12,0,0
2984,0,1,2
2984,1,1,1
2984,2,1,6
2984,3,1,2
2984,4,1,7
2984,5,1,2
2984,6,1,2
2984,7,1,5
2984,8,1,4
2984,9,1,1
2984,10,1,4
2984,11,1,3
2984,12,1,6
2985,0,1,6
2985,1,0,0
2985,2,0,0
2985,3,0,0
2985,4,0,0
2985,5,0,0
2985,6,0,0
2985,7,0,0
2985,8,0,0
2985,9,0,0
2985,10,0,0
2985,11,0,0
2985,12,0,0
2986,0,1,5
2986,1,0,0
2986,2,0,0
2986,3,0,0
2986,4,0,0
2986,5,0,0
2986,6,0,0
2986,7,0,0
2986,8,0,0
2986,9,0,0
2986,10,0,0
2986,11,0,0
2986,12,0,0
2987,0,1,6
2987,1,1,4
2987,2,1,2
2987,3,1,0
2987,4,1,2
2987,5,1,4
2987,6,1,1
2987,7,1,2
2987,8,1,3
2987,9,1,2
2987,10,1,4
2987,11,1,0
2987,12,1,5
2988,0,1,5
2988,1,1,3
2988,2,0,0
2988,3,0,0
2988,4,0,0
2988,5,0,0
2988,6,0,0
2988,7,0,0
2988,8,0,0
2988,9,0,0
2988,10,0,0
2988,11,0,0
2988,12,0,0
2989,0,1,3
2989,1,1,1
2989,2,1,5
2989,3,1,3
2989,4,1,3
2989,5,1,5
2989,6,1,2
2989,7,1,3
2989,8,1,7
2989,9,1,1
2989,10,1,4
2989,11,1,4
2989,12,1,2
2990,0,1,7
2990,1,1,4
2990,2,1,8
2990,3,1,2
2990,4,1,5
2990,5,0,0
2990,6,0,0
2990,7,0,0
2990,8,0,0
2990,9,0,0
2990,10,0,0
2990,11,0,0
2990,12,0,0
2991,0,1,3
2991,1,1,4
2991,2,1,4
2991,3,1,3
2991,4,1,2
2991,5,1,2
2991,6,1,5
2991,7,1,5
2991,8,1,1
2991,9,1,3
2991,10,1,7
2991,11,1,1
2991,12,1,0
2992,0,1,6
2992,1,1,6
2992,2,1,4
2992,3,1,5
2992,4,1,1
2992,5,1,2
2992,6,1,4
2992,7,0,0
2992,8,0,0
2992,9,0,0
2992,10,0,0
2992,11,0,0
2992,12,0,0
2993,0,1,7
2993,1,1,2
2993,2,1,1
2993,3,1,3
2993,4,1,4
2993,5,1,5
2993,6,1,3
2993,7,1,3
2993,8,1,4
2993,9,1,0
2993,10,1,5
2993,11,1,2
2993,12,1,2
2994,0,1,2
2994,1,1,4
2994,2,1,6
2994,3,1,2
2994,4,1,5
2994,5,1,2
2994,6,1,4
2994,7,1,6
2994,8,1,2
2994,9,1,4
2994,10,1,5
2994,11,1,5
2994,12,1,3
2995,0,1,5
2995,1,1,10
2995,2,1,2
2995,3,0,0
2995,4,0,0
2995,5,0,0
2995,6,0,0
2995,7,0,0
2995,8,0,0
2995,9,0,0
2995,10,0,0
2995,11,0,0
2995,12,0,0
2996,0,1,6
2996,1,1,0
2996,2,1,3
2996,3,1,0
2996,4,1,0
2996,5,1,2
2996,6,1,2
2996,7,1,3
2996,8,1,5
2996,9,1,2
2996,10,1,2
2996,11,1,6
2996,12,1,3
2997,0,1,7
2997,1,1,0
2997,2,1,1
2997,3,1,4
2997,4,1,3
2997,5,1,4
2997,6,1,2
2997,7,1,1
2997,8,1,2
2997,9,1,5
2997,10,1,2
2997,11,1,3
2997,12,1,1
2998,0,1,5
2998,1,1,5
2998,2,1,4
2998,3,1,5
2998,4,1,5
2998,5,1,1
2998,6,1,4
2998,7,1,4
2998,8,0,0
2998,9,0,0
2998,10,0,0
2998,11,0,0
2998,12,0,0
2999,0,1,4
2999,1,1,1
2999,2,1,4
2999,3,1,2
2999,4,1,3
2999,5,0,0
2999,6,0,0
2999,7,0,0
2999,8,0,0
2999,9,0,0
2999,10,0,0
2999,11,0,0
2999,12,0,0
3000,0,1,10
3000,1,1,3
3000,2,0,0
3000,3,0,0
3000,4,0,0
3000,5,0,0
3000,6,0,0
3000,7,0,0
3000,8,0,0
3000,9,0,0
3000,10,0,0
3000,11,0,0
3000,12,0,0
3001,0,1,8
3001,1,1,4
3001,2,1,4
3001,3,1,2
3001,4,1,1
3001,5,1,2
3001,6,1,1
3001,7,1,1
3001,8,1,6
3001,9,1,3
3001,10,1,3
3001,11,1,0
3001,12,1,2
3002,0,1,5
3002,1,1,2
3002,2,1,4
3002,3,1,1
3002,4,1,4
3002,5,1,4
3002,6,1,5
3002,7,1,2
3002,8,1,7
3002,9,1,5
3002,10,1,4
3002,11,1,5
3002,12,1,4
3003,0,1,4
3003,1,1,3
3003,2,1,2
3003,3,1,6
3003,4,1,5
3003,5,1,4
3003,6,1,4
3003,7,1,3
3003,8,1,3
3003,9,1,3
3003,10,1,3
3003,11,1,5
3003,12,1,3
3004,0,1,5
3004,1,1,1
3004,2,1,4
3004,3,1,0
3004,4,1,3
3004,5,1,2
3004,6,0,0
3004,7,0,0
3004,8,0,0
3004,9,0,0
3004,10,0,0
3004,11,0,0
3004,12,0,0
3005,0,1,3
3005,1,1,1
3005,2,1,5
3005,3,1,1
3005,4,1,2
3005,5,1,0
3005,6,1,4
3005,7,1,5
3005,8,1,4
3005,9,1,1
3005,10,1,1
3005,11,1,1
3005,12,1,2
3006,0,1,5
3006,1,1,2
3006,2,1,4
3006,3,1,8
3006,4,1,6
3006,5,1,3
3006,6,1,7
3006,7,1,4
3006,8,1,5
3006,9,1,2
3006,10,1,1
3006,11,1,3
3006,12,1,4
3007,0,1,5
3007,1,1,1
3007,2,1,1
3007,3,1,3
3007,4,1,6
3007,5,1,3
3007,6,0,0
3007,7,0,0
3007,8,0,0
3007,9,0,0
3007,10,0,0
3007,11,0,0
3007,12,0,0
3008,0,1,5
3008,1,1,1
3008,2,0,0
3008,3,0,0
3008,4,0,0
3008,5,0,0
3008,6,0,0
3008,7,0,0
3008,8,0,0
3008,9,0,0
3008,10,0,0
3008,11,0,0
3008,12,0,0
3009,0,1,3
3009,1,1,4
3009,2,1,2
3009,3,1,1
3009,4,1,1
3009,5,1,5
3009,6,1,6
3009,7,1,3
3009,8,1,0
3009,9,1,3
3009,10,1,1
3009,11,1,6
3009,12,0,0
3010,0,1,6
3010,1,1,4
3010,2,1,2
3010,3,1,3
3010,4,1,0
3010,5,1,1
3010,6,1,1
3010,7,1,2
3010,8,1,2
3010,9,1,2
3010,10,1,2
3010,11,1,1
3010,12,0,0
3011,0,1,3
3011,1,1,3
3011,2,1,2
3011,3,1,0
3011,4,1,1
3011,5,1,5
3011,6,1,4
3011,7,1,6
3011,8,1,9
3011,9,1,2
3011,10,1,7
3011,11,0,0
3011,12,0,0
3012,0,1,5
3012,1,0,0
3012,2,0,0
3012,3,0,0
3012,4,0,0
3012,5,0,0
3012,6,0,0
3012,7,0,0
3012,8,0,0
3012,9,0,0
3012,10,0,0
3012,11,0,0
3012,12,0,0
3013,0,1,9
3013,1,0,0
3013,2,0,0
3013,3,0,0
3013,4,0,0
3013,5,0,0
3013,6,0,0
3013,7,0,0
3013,8,0,0
3013,9,0,0
3013,10,0,0
3013,11,0,0
3013,12,0,0
3014,0,1,7
3014,1,1,4
3014,2,1,3
3014,3,1,3
3014,4,1,6
3014,5,1,3
3014,6,0,0
3014,7,0,0
3014,8,0,0
3014,9,0,0
3014,10,0,0
3014,11,0,0
3014,12,0,0
3015,0,1,4
3015,1,1,0
3015,2,1,0
3015,3,0,0
3015,4,0,0
3015,5,0,0
3015,6,0,0
3015,7,0,0
3015,8,0,0
3015,9,0,0
3015,10,0,0
3015,11,0,0
3015,12,0,0
3016,0,1,4
3016,1,0,0
3016,2,0,0
3016,3,0,0
3016,4,0,0
3016,5,0,0
3016,6,0,0
3016,7,0,0
3016,8,0,0
3016,9,0,0
3016,10,0,0
3016,11,0,0
3016,12,0,0
3017,0,1,9
3017,1,1,2
3017,2,1,5
3017,3,1,4
3017,4,1,4
3017,5,1,4
3017,6,1,4
3017,7,1,5
3017,8,1,1
3017,9,1,2
3017,10,1,4
3017,11,1,9
3017,12,1,5
3018,0,1,6
3018,1,1,2
3018,2,1,3
3018,3,1,5
3018,4,1,4
3018,5,1,5
3018,6,0,0
3018,7,0,0
3018,8,0,0
3018,9,0,0
3018,10,0,0
3018,11,0,0
3018,12,0,0
3019,0,1,4
3019,1,1,4
3019,2,1,4
3019,3,0,0
3019,4,0,0
3019,5,0,0
3019,6,0,0
3019,7,0,0
3019,8,0,0
3019,9,0,0
3019,10,0,0
3019,11,0,0
3019,12,0,0
3020,0,1,7
3020,1,1,4
3020,2,1,1
3020,3,1,0
3020,4,1,1
3020,5,1,4
3020,6,1,3
3020,7,1,1
3020,8,1,3
3020,9,1,5
3020,10,1,1
3020,11,1,1
3020,12,1,1
3021,0,1,7
3021,1,1,6
3021,2,1,1
3021,3,1,1
3021,4,1,4
3021,5,1,6
3021,6,1,3
3021,7,1,2
3021,8,1,2
3021,9,1,5
3021,10,0,0
3021,11,0,0
3021,12,0,0
3022,0,1,6
3022,1,1,2
3022,2,1,0
3022,3,1,3
3022,4,1,2
3022,5,1,1
3022,6,0,0
3022,7,0,0
3022,8,0,0
3022,9,0,0
3022,10,0,0
3022,11,0,0
3022,12,0,0
3023,0,1,6
3023,1,1,4
3023,2,1,5
3023,3,1,2
3023,4,1,4
3023,5,1,4
3023,6,1,3
3023,7,0,0
3023,8,0,0
3023,9,0,0
3023,10,0,0
3023,11,0,0
3023,12,0,0
3024,0,1,4
3024,1,1,1
3024,2,0,0
3024,3,0,0
3024,4,0,0
3024,5,0,0
3024,6,0,0
3024,7,0,0
3024,8,0,0
3024,9,0,0
3024,10,0,0
3024,11,0,0
3024,12,0,0
3025,0,1,5
3025,1,1,2
3025,2,1,2
3025,3,1,5
3025,4,1,4
3025,5,1,4
3025,6,1,4
3025,7,1,8
3025,8,1,1
3025,9,1,2
3025,10,1,4
3025,11,1,4
3025,12,1,4
3026,0,1,5
3026,1,1,3
3026,2,1,1
3026,3,0,0
3026,4,0,0
3026,5,0,0
3026,6,0,0
3026,7,0,0
3026,8,0,0
3026,9,0,0
3026,10,0,0
3026,11,0,0
3026,12,0,0
3027,0,1,4
3027,1,1,1
3027,2,1,1
3027,3,1,0
3027,4,0,0
3027,5,0,0
3027,6,0,0
3027,7,0,0
3027,8,0,0
3027,9,0,0
3027,10,0,0
3027,11,0,0
3027,12,0,0
3028,0,1,5
3028,1,1,2
3028,2,1,7
3028,3,1,2
3028,4,1,3
3028,5,1,1
3028,6,1,4
3028,7,1,4
3028,8,1,3
3028,9,1,3
3028,10,1,4
3028,11,1,4
3028,12,1,4
3029,0,1,4
3029,1,0,0
3029,2,0,0
3029,3,0,0
3029,4,0,0
3029,5,0,0
3029,6,0,0
3029,7,0,0
3029,8,0,0
3029,9,0,0
3029,10,0,0
3029,11,0,0
3029,12,0,0
3030,0,1,4
3030,1,1,3
3030,2,1,5
3030,3,1,7
3030,4,1,3
3030,5,1,5
3030,6,1,4
3030,7,1,4
3030,8,1,1
3030,9,1,2
3030,10,1,5
3030,11,1,1
3030,12,1,5
3031,0,1,4
3031,1,1,4
3031,2,1,4
3031,3,1,1
3031,4,1,5
3031,5,1,6
3031,6,1,4
3031,7,1,4
3031,8,1,2
3031,9,1,7
3031,10,1,2
3031,11,1,1
3031,12,1,3
3032,0,1,2
3032,1,1,4
3032,2,1,5
3032,3,1,5
3032,4,1,3
3032,5,1,2
3032,6,1,1
3032,7,1,2
3032,8,0,0
3032,9,0,0
3032,10,0,0
3032,11,0,0
3032,12,0,0
3033,0,1,4
3033,1,1,4
3033,2,1,2
3033,3,1,2
3033,4,1,0
3033,5,1,6
3033,6,1,5
3033,7,1,1
3033,8,1,2
3033,9,1,3
3033,10,1,1
3033,11,1,2
3033,12,1,2
3034,0,1,3
3034,1,1,3
3034,2,1,1
3034,3,1,3
3034,4,1,4
3034,5,1,1
3034,6,1,6
3034,7,1,2
3034,8,0,0
3034,9,0,0
3034,10,0,0
3034,11,0,0
3034,12,0,0
3035,0,1,5
3035,1,1,2
3035,2,1,6
3035,3,1,3
3035,4,1,4
3035,5,1,2
3035,6,0,0
3035,7,0,0
3035,8,0,0
3035,9,0,0
3035,10,0,0
3035,11,0,0
3035,12,0,0
3036,0,1,5
3036,1,1,3
3036,2,1,3
3036,3,1,2
3036,4,1,7
3036,5,1,3
3036,6,1,7
3036,7,1,5
3036,8,1,5
3036,9,1,6
3036,10,1,0
3036,11,1,3
3036,12,1,4
3037,0,1,6
3037,1,1,3
3037,2,1,5
3037,3,0,0
3037,4,0,0
3037,5,0,0
3037,6,0,0
3037,7,0,0
3037,8,0,0
3037,9,0,0
3037,10,0,0
3037,11,0,0
3037,12,0,0
3038,0,1,5
3038,1,1,1
3038,2,1,2
3038,3,1,6
3038,4,0,0
3038,5,0,0
3038,6,0,0
3038,7,0,0
3038,8,0,0
3038,9,0,0
3038,10,0,0
3038,11,0,0
3038,12,0,0
3039,0,1,3
3039,1,1,3
3039,2,1,4
3039,3,1,1
3039,4,1,1
3039,5,1,2
3039,6,1,3
3039,7,1,3
3039,8,1,0
3039,9,1,1
3039,10,1,4
3039,11,1,7
3039,12,1,1
3040,0,1,6
3040,1,1,4
3040,2,1,2
3040,3,1,3
3040,4,1,9
3040,5,1,2
3040,6,1,3
3040,7,1,2
3040,8,1,2
3040,9,1,4
3040,10,1,7
3040,11,1,2
3040,12,1,2
3041,0,1,3
3041,1,1,2
3041,2,1,1
3041,3,1,3
3041,4,1,2
3041,5,1,3
3041,6,1,0
3041,7,1,3
3041,8,1,2
3041,9,0,0
3041,10,0,0
3041,11,0,0
3041,12,0,0
3042,0,1,4
3042,1,1,4
3042,2,1,2
3042,3,1,7
3042,4,0,0
3042,5,0,0
3042,6,0,0
3042,7,0,0
3042,8,0,0
3042,9,0,0
3042,10,0,0
3042,11,0,0
3042,12,0,0
3043,0,1,6
3043,1,1,5
3043,2,1,0
3043,3,1,3
3043,4,1,2
3043,5,1,0
3043,6,1,3
3043,7,1,5
3043,8,1,5
3043,9,1,3
3043,10,1,3
3043,11,1,6
3043,12,1,4
3044,0,1,10
3044,1,1,2
3044,2,0,0
3044,3,0,0
3044,4,0,0
3044,5,0,0
3044,6,0,0
3044,7,0,0
3044,8,0,0
3044,9,0,0
3044,10,0,0
3044,11,0,0
3044,12,0,0
3045,0,1,6
3045,1,1,7
3045,2,1,3
3045,3,1,4
3045,4,1,4
3045,5,1,0
3045,6,1,9
3045,7,1,2
3045,8,1,3
3045,9,1,1
3045,10,1,6
3045,11,1,0
3045,12,1,0
3046,0,1,7
3046,1,1,1
3046,2,1,3
3046,3,1,0
3046,4,1,3
3046,5,1,1
3046,6,1,2
3046,7,0,0
3046,8,0,0
3046,9,0,0
3046,10,0,0
3046,11,0,0
3046,12,0,0
3047,0,1,3
3047,1,0,0
3047,2,0,0
3047,3,0,0
3047,4,0,0
3047,5,0,0
3047,6,0,0
3047,7,0,0
3047,8,0,0
3047,9,0,0
3047,10,0,0
3047,11,0,0
3047,12,0,0
3048,0,1,6
3048,1,1,3
3048,2,1,1
3048,3,1,1
3048,4,1,4
3048,5,1,5
3048,6,1,2
3048,7,1,3
3048,8,1,1
3048,9,1,2
3048,10,1,5
3048,11,1,2
3048,12,1,3
3049,0,1,5
3049,1,0,0
3049,2,0,0
3049,3,0,0
3049,4,0,0
3049,5,0,0
3049,6,0,0
3049,7,0,0
3049,8,0,0
3049,9,0,0
3049,10,0,0
3049,11,0,0
3049,12,0,0
3050,0,1,6
3050,1,1,5
3050,2,1,1
3050,3,0,0
3050,4,0,0
3050,5,0,0
3050,6,0,0
3050,7,0,0
3050,8,0,0
3050,9,0,0
3050,10,0,0
3050,11,0,0
3050,12,0,0
3051,0,1,5
3051,1,1,1
3051,2,1,3
3051,3,1,2
3051,4,1,2
3051,5,1,4
3051,6,1,0
3051,7,1,3
3051,8,1,2
3051,9,1,4
3051,10,1,0
3051,11,1,2
3051,12,1,1
3052,0,1,2
3052,1,0,0
3052,2,0,0
3052,3,0,0
3052,4,0,0
3052,5,0,0
3052,6,0,0
3052,7,0,0
3052,8,0,0
3052,9,0,0
3052,10,0,0
3052,11,0,0
3052,12,0,0
3053,0,1,10
3053,1,1,4
3053,2,1,2
3053,3,1,2
3053,4,1,6
3053,5,1,3
3053,6,1,2
3053,7,1,4
3053,8,1,4
3053,9,1,5
3053,10,1,4
3053,11,1,0
3053,12,1,2
3054,0,1,3
3054,1,1,5
3054,2,1,0
3054,3,0,0
3054,4,0,0
3054,5,0,0
3054,6,0,0
3054,7,0,0
3054,8,0,0
3054,9,0,0
3054,10,0,0
3054,11,0,0
3054,12,0,0
3055,0,1,5
3055,1,1,2
3055,2,1,3
3055,3,1,6
3055,4,1,3
3055,5,1,1
3055,6,1,4
3055,7,0,0
3055,8,0,0
3055,9,0,0
3055,10,0,0
3055,11,0,0
3055,12,0,0
3056,0,1,5
3056,1,0,0
3056,2,0,0
3056,3,0,0
3056,4,0,0
3056,5,0,0
3056,6,0,0
3056,7,0,0
3056,8,0,0
3056,9,0,0
3056,10,0,0
3056,11,0,0
3056,12,0,0
3057,0,1,8
3057,1,1,2
3057,2,1,2
3057,3,1,3
3057,4,1,1
3057,5,1,1
3057,6,1,4
3057,7,1,5
3057,8,1,4
3057,9,1,3
3057,10,1,2
3057,11,1,3
3057,12,1,5
3058,0,1,10
3058,1,1,2
3058,2,1,3
3058,3,1,5
3058,4,1,2
3058,5,1,1
3058,6,0,0
3058,7,0,0
3058,8,0,0
3058,9,0,0
3058,10,0,0
3058,11,0,0
3058,12,0,0
3059,0,1,3
3059,1,1,4
3059,2,1,4
3059,3,1,3
3059,4,1,5
3059,5,0,0
3059,6,0,0
3059,7,0,0
3059,8,0,0
3059,9,0,0
3059,10,0,0
3059,11,0,0
3059,12,0,0
3060,0,1,5
3060,1,1,7
3060,2,1,4
3060,3,1,7
3060,4,1,3
3060,5,1,2
3060,6,1,3
3060,7,1,3
3060,8,1,5
3060,9,1,5
3060,10,1,2
3060,11,1,6
3060,12,1,3
3061,0,1,5
3061,1,1,1
3061,2,1,7
3061,3,0,0
3061,4,0,0
3061,5,0,0
3061,6,0,0
3061,7,0,0
3061,8,0,0
3061,9,0,0
3061,10,0,0
3061,11,0,0
3061,12,0,0
3062,0,1,6
3062,1,1,1
3062,2,1,2
3062,3,1,2
3062,4,1,4
3062,5,0,0
3062,6,0,0
3062,7,0,0
3062,8,0,0
3062,9,0,0
3062,10,0,0
3062,11,0,0
3062,12,0,0
3063,0,1,8
3063,1,1,5
3063,2,1,3
3063,3,1,1
3063,4,1,2
3063,5,1,1
3063,6,1,2
3063,7,1,6
3063,8,0,0
3063,9,0,0
3063,10,0,0
3063,11,0,0
3063,12,0,0
3064,0,1,6
3064,1,1,1
3064,2,1,5
3064,3,1,7
3064,4,1,2
3064,5,1,2
3064,6,1,3
3064,7,1,3
3064,8,1,9
3064,9,1,9
3064,10,1,2
3064,11,1,8
3064,12,1,4
3065,0,1,2
3065,1,1,3
3065,2,1,6
3065,3,1,6
3065,4,1,2
3065,5,1,6
3065,6,1,1
3065,7,1,1
3065,8,1,5
3065,9,1,3
3065,10,1,5
3065,11,1,5
3065,12,0,0
3066,0,1,4
3066,1,1,3
3066,2,1,3
3066,3,1,4
3066,4,1,4
3066,5,1,3
3066,6,1,4
3066,7,1,4
3066,8,1,4
3066,9,1,2
3066,10,1,3
3066,11,1,8
3066,12,1,5
3067,0,1,7
3067,1,1,3
3067,2,1,2
3067,3,1,1
3067,4,1,1
3067,5,1,1
3067,6,1,3
3067,7,1,7
3067,8,1,3
3067,9,1,3
3067,10,1,2
3067,11,1,4
3067,12,1,3
3068,0,1,4
3068,1,1,4
3068,2,1,7
3068,3,1,5
3068,4,1,3
3068,5,1,7
3068,6,1,5
3068,7,1,2
3068,8,1,3
3068,9,1,8
3068,10,1,3
3068,11,1,0
3068,12,1,4
3069,0,1,6
3069,1,1,4
3069,2,0,0
3069,3,0,0
3069,4,0,0
3069,5,0,0
3069,6,0,0
3069,7,0,0
3069,8,0,0
3069,9,0,0
3069,10,0,0
3069,11,0,0
3069,12,0,0
3070,0,1,5
3070,1,1,4
3070,2,1,0
3070,3,1,0
3070,4,1,6
3070,5,1,3
3070,6,1,3
3070,7,1,1
3070,8,1,0
3070,9,1,2
3070,10,1,1
3070,11,1,2
3070,12,1,0
3071,0,1,3
3071,1,1,4
3071,2,1,1
3071,3,1,3
3071,4,1,1
3071,5,1,1
3071,6,1,3
3071,7,1,1
3071,8,1,7
3071,9,0,0
3071,10,0,0
3071,11,0,0
3071,12,0,0
3072,0,1,3
3072,1,1,4
3072,2,1,5
3072,3,1,4
3072,4,1,3
3072,5,1,3
3072,6,1,4
3072,7,1,4
3072,8,1,2
3072,9,1,0
3072,10,1,5
3072,11,1,4
3072,12,1,3
3073,0,1,4
3073,1,0,0
3073,2,0,0
3073,3,0,0
3073,4,0,0
3073,5,0,0
3073,6,0,0
3073,7,0,0
3073,8,0,0
3073,9,0,0
3073,10,0,0
3073,11,0,0
3073,12,0,0
3074,0,1,3
3074,1,1,2
3074,2,1,4
3074,3,1,6
3074,4,1,3
3074,5,1,2
3074,6,0,0
3074,7,0,0
3074,8,0,0
3074,9,0,0
3074,10,0,0
3074,11,0,0
3074,12,0,0
3075,0,1,6
3075,1,1,3
3075,2,0,0
3075,3,0,0
3075,4,0,0
3075,5,0,0
3075,6,0,0
3075,7,0,0
3075,8,0,0
3075,9,0,0
3075,10,0,0
3075,11,0,0
3075,12,0,0
3076,0,1,5
3076,1,1,2
3076,2,1,3
3076,3,0,0
3076,4,0,0
3076,5,0,0
3076,6,0,0
3076,7,0,0
3076,8,0,0
3076,9,0,0
3076,10,0,0
3076,11,0,0
3076,12,0,0
3077,0,1,4
3077,1,1,7
3077,2,1,3
3077,3,1,4
3077,4,0,0
3077,5,0,0
3077,6,0,0
3077,7,0,0
3077,8,0,0
3077,9,0,0
3077,10,0,0
3077,11,0,0
3077,12,0,0
3078,0,1,4
3078,1,1,4
3078,2,1,0
3078,3,0,0
3078,4,0,0
3078,5,0,0
3078,6,0,0
3078,7,0,0
3078,8,0,0
3078,9,0,0
3078,10,0,0
3078,11,0,0
3078,12,0,0
3079,0,1,2
3079,1,1,4
3079,2,1,3
3079,3,1,6
3079,4,1,0
3079,5,1,7
3079,6,1,4
3079,7,1,2
3079,8,1,6
3079,9,1,3
3079,10,1,4
3079,11,0,0
3079,12,0,0
3080,0,1,5
3080,1,1,1
3080,2,1,2
3080,3,1,4
3080,4,1,3
3080,5,1,2
3080,6,1,1
3080,7,1,0
3080,8,1,5
3080,9,1,1
3080,10,0,0
3080,11,0,0
3080,12,0,0
3081,0,1,5
3081,1,1,4
3081,2,1,2
3081,3,1,4
3081,4,0,0
3081,5,0,0
3081,6,0,0
3081,7,0,0
3081,8,0,0
3081,9,0,0
3081,10,0,0
3081,11,0,0
3081,12,0,0
3082,0,1,2
3082,1,1,2
3082,2,1,1
3082,3,1,4
3082,4,0,0
3082,5,0,0
3082,6,0,0
3082,7,0,0
3082,8,0,0
3082,9,0,0
3082,10,0,0
3082,11,0,0
3082,12,0,0
3083,0,1,6
3083,1,1,2
3083,2,1,2
3083,3,1,2
3083,4,1,3
3083,5,1,2
3083,6,1,5
3083,7,1,4
3083,8,1,6
3083,9,1,5
3083,10,1,5
3083,11,1,3
3083,12,1,4
3084,0,1,3
3084,1,1,4
3084,2,1,0
3084,3,1,1
3084,4,1,4
3084,5,1,1
3084,6,1,1
3084,7,1,3
3084,8,1,1
3084,9,1,1
3084,10,1,5
3084,11,1,2
3084,12,1,2
3085,0,1,6
3085,1,1,2
3085,2,1,4
3085,3,0,0
3085,4,0,0
3085,5,0,0
3085,6,0,0
3085,7,0,0
3085,8,0,0
3085,9,0,0
3085,10,0,0
3085,11,0,0
3085,12,0,0
3086,0,1,6
3086,1,1,5
3086,2,1,5
3086,3,1,3
3086,4,1,5
3086,5,1,1
3086,6,1,5
3086,7,0,0
3086,8,0,0
3086,9,0,0
3086,10,0,0
3086,11,0,0
3086,12,0,0
3087,0,1,7
3087,1,1,5
3087,2,1,3
3087,3,1,5
3087,4,1,3
3087,5,1,1
3087,6,1,3
3087,7,1,3
3087,8,1,1
3087,9,1,0
3087,10,1,5
3087,11,1,4
3087,12,1,1
3088,0,1,5
3088,1,0,0
3088,2,0,0
3088,3,0,0
3088,4,0,0
3088,5,0,0
3088,6,0,0
3088,7,0,0
3088,8,0,0
3088,9,0,0
3088,10,0,0
3088,11,0,0
3088,12,0,0
3089,0,1,4
3089,1,1,1
3089,2,1,1
3089,3,1,2
3089,4,1,1
3089,5,1,2
3089,6,1,5
3089,7,1,3
3089,8,1,1
3089,9,1,2
3089,10,1,3
3089,11,1,4
3089,12,1,1
3090,0,1,6
3090,1,1,3
3090,2,0,0
3090,3,0,0
3090,4,0,0
3090,5,0,0
3090,6,0,0
3090,7,0,0
3090,8,0,0
3090,9,0,0
3090,10,0,0
3090,11,0,0
3090,12,0,0
3091,0,1,4
3091,1,1,3
3091,2,1,1
3091,3,1,2
3091,4,1,2
3091,5,1,2
3091,6,1,1
3091,7,1,3
3091,8,1,0
3091,9,0,0
3091,10,0,0
3091,11,0,0
3091,12,0,0
3092,0,1,10
3092,1,1,6
3092,2,1,2
3092,3,0,0
3092,4,0,0
3092,5,0,0
3092,6,0,0
3092,7,0,0
3092,8,0,0
3092,9,0,0
3092,10,0,0
3092,11,0,0
3092,12,0,0
3093,0,1,6
3093,1,1,4
3093,2,1,3
3093,3,1,0
3093,4,0,0
3093,5,0,0
3093,6,0,0
3093,7,0,0
3093,8,0,0
3093,9,0,0
3093,10,0,0
3093,11,0,0
3093,12,0,0
3094,0,1,5
3094,1,1,1
3094,2,1,1
3094,3,1,4
3094,4,1,2
3094,5,1,3
3094,6,1,3
3094,7,1,1
3094,8,1,4
3094,9,1,1
3094,10,1,0
3094,11,1,3
3094,12,1,2
3095,0,1,4
3095,1,1,2
3095,2,1,1
3095,3,1,1
3095,4,1,1
3095,5,1,2
3095,6,1,3
3095,7,1,6
3095,8,1,3
3095,9,1,0
3095,10,1,2
3095,11,1,1
3095,12,1,0
3096,0,1,5
3096,1,1,5
3096,2,1,4
3096,3,1,4
3096,4,1,2
3096,5,1,5
3096,6,1,1
3096,7,1,4
3096,8,1,8
3096,9,1,2
3096,10,1,4
3096,11,1,1
3096,12,1,1
3097,0,1,7
3097,1,1,4
3097,2,1,4
3097,3,1,1
3097,4,1,0
3097,5,1,7
3097,6,1,7
3097,7,1,2
3097,8,1,5
3097,9,1,11
3097,10,1,5
3097,11,1,2
3097,12,1,2
3098,0,1,4
3098,1,1,4
3098,2,1,3
3098,3,1,3
3098,4,1,6
3098,5,1,3
3098,6,1,3
3098,7,1,2
3098,8,1,5
3098,9,1,7
3098,10,1,6
3098,11,1,5
3098,12,1,2
3099,0,1,2
3099,1,1,4
3099,2,1,0
3099,3,1,2
3099,4,1,1
3099,5,1,4
3099,6,1,4
3099,7,1,4
3099,8,1,2
3099,9,1,3
3099,10,1,2
3099,11,1,3
3099,12,1,7
3100,0,1,8
3100,1,1,2
3100,2,1,2
3100,3,1,1
3100,4,1,3
3100,5,1,11
3100,6,1,2
3100,7,1,6
3100,8,1,3
3100,9,1,4
3100,10,0,0
3100,11,0,0
3100,12,0,0
3101,0,1,9
3101,1,1,3
3101,2,1,1
3101,3,0,0
3101,4,0,0
3101,5,0,0
3101,6,0,0
3101,7,0,0
3101,8,0,0
3101,9,0,0
3101,10,0,0
3101,11,0,0
3101,12,0,0
3102,0,1,3
3102,1,1,4
3102,2,1,2
3102,3,0,0
3102,4,0,0
3102,5,0,0
3102,6,0,0
3102,7,0,0
3102,8,0,0
3102,9,0,0
3102,10,0,0
3102,11,0,0
3102,12,0,0
3103,0,1,1
3103,1,0,0
3103,2,0,0
3103,3,0,0
3103,4,0,0
3103,5,0,0
3103,6,0,0
3103,7,0,0
3103,8,0,0
3103,9,0,0
3103,10,0,0
3103,11,0,0
3103,12,0,0
3104,0,1,4
3104,1,1,2
3104,2,1,2
3104,3,1,5
3104,4,1,5
3104,5,0,0
3104,6,0,0
3104,7,0,0
3104,8,0,0
3104,9,0,0
3104,10,0,0
3104,11,0,0
3104,12,0,0
3105,0,1,7
3105,1,1,5
3105,2,1,4
3105,3,1,0
3105,4,1,1
3105,5,1,6
3105,6,1,5
3105,7,1,2
3105,8,1,3
3105,9,1,2
3105,10,1,2
3105,11,1,1
3105,12,1,0
3106,0,1,8
3106,1,0,0
3106,2,0,0
3106,3,0,0
3106,4,0,0
3106,5,0,0
3106,6,0,0
3106,7,0,0
3106,8,0,0
3106,9,0,0
3106,10,0,0
3106,11,0,0
3106,12,0,0
3107,0,1,4
3107,1,1,3
3107,2,1,3
3107,3,1,3
3107,4,1,3
3107,5,1,6
3107,6,1,5
3107,7,1,4
3107,8,0,0
3107,9,0,0
3107,10,0,0
3107,11,0,0
3107,12,0,0
3108,0,1,4
3108,1,1,1
3108,2,1,0
3108,3,1,2
3108,4,1,4
3108,5,1,3
3108,6,1,4
3108,7,1,6
3108,8,1,7
3108,9,1,1
3108,10,1,6
3108,11,1,3
3108,12,1,4
3109,0,1,3
3109,1,1,4
3109,2,1,3
3109,3,1,2
3109,4,1,1
3109,5,1,3
3109,6,1,0
3109,7,1,3
3109,8,1,1
3109,9,1,2
3109,10,1,2
3109,11,1,2
3109,12,1,3
3110,0,1,6
3110,1,1,4
3110,2,1,1
3110,3,1,6
3110,4,0,0
3110,5,0,0
3110,6,0,0
3110,7,0,0
3110,8,0,0
3110,9,0,0
3110,10,0,0
3110,11,0,0
3110,12,0,0
3111,0,1,9
3111,1,1,3
3111,2,1,4
3111,3,1,3
3111,4,1,2
3111,5,1,3
3111,6,1,2
3111,7,1,2
3111,8,1,0
3111,9,1,2
3111,10,1,0
3111,11,0,0
3111,12,0,0
3112,0,1,5
3112,1,1,1
3112,2,1,0
3112,3,1,2
3112,4,1,2
3112,5,1,4
3112,6,1,4
3112,7,1,2
3112,8,1,2
3112,9,1,2
3112,10,1,4
3112,11,1,1
3112,12,1,1
3113,0,1,9
3113,1,1,6
3113,2,1,4
3113,3,1,1
3113,4,1,5
3113,5,1,3
3113,6,1,5
3113,7,1,2
3113,8,1,5
3113,9,1,2
3113,10,0,0
3113,11,0,0
3113,12,0,0
3114,0,1,5
3114,1,1,4
3114,2,1,3
3114,3,1,2
3114,4,1,3
3114,5,1,3
3114,6,1,1
3114,7,1,3
3114,8,1,2
3114,9,0,0
3114,10,0,0
3114,11,0,0
3114,12,0,0
3115,0,1,7
3115,1,0,0
3115,2,0,0
3115,3,0,0
3115,4,0,0
3115,5,0,0
3115,6,0,0
3115,7,0,0
3115,8,0,0
3115,9,0,0
3115,10,0,0
3115,11,0,0
3115,12,0,0
3116,0,1,2
3116,1,1,1
3116,2,0,0
3116,3,0,0
3116,4,0,0
3116,5,0,0
3116,6,0,0
3116,7,0,0
3116,8,0,0
3116,9,0,0
3116,10,0,0
3116,11,0,0
3116,12,0,0
3117,0,1,2
3117,1,0,0
3117,2,0,0
3117,3,0,0
3117,4,0,0
3117,5,0,0
3117,6,0,0
3117,7,0,0
3117,8,0,0
3117,9,0,0
3117,10,0,0
3117,11,0,0
3117,12,0,0
3118,0,1,3
3118,1,1,2
3118,2,1,2
3118,3,1,7
3118,4,1,1
3118,5,1,6
3118,6,1,3
3118,7,1,3
3118,8,0,0
3118,9,0,0
3118,10,0,0
3118,11,0,0
3118,12,0,0
3119,0,1,6
3119,1,1,2
3119,2,1,4
3119,3,1,5
3119,4,1,3
3119,5,1,0
3119,6,1,3
3119,7,1,2
3119,8,1,2
3119,9,1,0
3119,10,1,1
3119,11,1,1
3119,12,0,0
3120,0,1,4
3120,1,1,2
3120,2,1,3
3120,3,1,4
3120,4,1,1
3120,5,0,0
3120,6,0,0
3120,7,0,0
3120,8,0,0
3120,9,0,0
3120,10,0,0
3120,11,0,0
3120,12,0,0
3121,0,1,4
3121,1,1,2
3121,2,1,1
3121,3,1,4
3121,4,1,1
3121,5,1,2
3121,6,0,0
3121,7,0,0
3121,8,0,0
3121,9,0,0
3121,10,0,0
3121,11,0,0
3121,12,0,0
3122,0,1,2
3122,1,1,4
3122,2,1,1
3122,3,1,4
3122,4,1,5
3122,5,1,5
3122,6,0,0
3122,7,0,0
3122,8,0,0
3122,9,0,0
3122,10,0,0
3122,11,0,0
3122,12,0,0
3123,0,1,7
3123,1,1,0
3123,2,1,10
3123,3,1,1
3123,4,1,5
3123,5,1,7
3123,6,1,3
3123,7,1,5
3123,8,0,0
3123,9,0,0
3123,10,0,0
3123,11,0,0
3123,12,0,0
3124,0,1,5
3124,1,1,5
3124,2,1,4
3124,3,0,0
3124,4,0,0
3124,5,0,0
3124,6,0,0
3124,7,0,0
3124,8,0,0
3124,9,0,0
3124,10,0,0
3124,11,0,0
3124,12,0,0
3125,0,1,4
3125,1,1,2
3125,2,1,4
3125,3,1,3
3125,4,1,2
3125,5,1,2
3125,6,1,4
3125,7,1,3
3125,8,1,6
3125,9,1,3
3125,10,1,3
3125,11,1,3
3125,12,1,1
3126,0,1,7
3126,1,1,2
3126,2,1,2
3126,3,1,1
3126,4,1,5
3126,5,1,1
3126,6,1,2
3126,7,1,1
3126,8,1,2
3126,9,1,1
3126,10,1,2
3126,11,1,3
3126,12,1,3
3127,0,1,8
3127,1,1,11
3127,2,1,3
3127,3,1,4
3127,4,1,4
3127,5,1,3
3127,6,1,5
3127,7,1,2
3127,8,1,3
3127,9,1,3
3127,10,1,6
3127,11,1,4
3127,12,1,4
3128,0,1,6
3128,1,1,5
3128,2,1,2
3128,3,1,3
3128,4,1,4
3128,5,1,5
3128,6,1,6
3128,7,1,4
3128,8,1,3
3128,9,1,1
3128,10,0,0
3128,11,0,0
3128,12,0,0
3129,0,1,2
3129,1,1,3
3129,2,1,1
3129,3,1,5
3129,4,1,5
3129,5,1,4
3129,6,1,3
3129,7,1,3
3129,8,1,1
3129,9,1,2
3129,10,0,0
3129,11,0,0
3129,12,0,0
3130,0,1,5
3130,1,1,6
3130,2,1,0
3130,3,1,0
3130,4,1,2
3130,5,1,1
3130,6,1,2
3130,7,1,3
3130,8,0,0
3130,9,0,0
3130,10,0,0
3130,11,0,0
3130,12,0,0
3131,0,1,6
3131,1,0,0
3131,2,0,0
3131,3,0,0
3131,4,0,0
3131,5,0,0
3131,6,0,0
3131,7,0,0
3131,8,0,0
3131,9,0,0
3131,10,0,0
3131,11,0,0
3131,12,0,0
3132,0,1,8
3132,1,1,4
3132,2,1,4
3132,3,1,1
3132,4,1,2
3132,5,1,3
3132,6,1,1
3132,7,1,6
3132,8,1,3
3132,9,0,0
3132,10,0,0
3132,11,0,0
3132,12,0,0
3133,0,1,5
3133,1,1,4
3133,2,1,4
3133,3,1,5
3133,4,0,0
3133,5,0,0
3133,6,0,0
3133,7,0,0
3133,8,0,0
3133,9,0,0
3133,10,0,0
3133,11,0,0
3133,12,0,0
3134,0,1,5
3134,1,1,3
3134,2,1,7
3134,3,1,3
3134,4,0,0
3134,5,0,0
3134,6,0,0
3134,7,0,0
3134,8,0,0
3134,9,0,0
3134,10,0,0
3134,11,0,0
3134,12,0,0
3135,0,1,6
3135,1,1,5
3135,2,1,6
3135,3,1,3
3135,4,1,4
3135,5,1,4
3135,6,1,3
3135,7,1,2
3135,8,1,3
3135,9,1,2
3135,10,1,1
3135,11,1,3
3135,12,1,4
3136,0,1,6
3136,1,1,1
3136,2,0,0
3136,3,0,0
3136,4,0,0
3136,5,0,0
3136,6,0,0
3136,7,0,0
3136,8,0,0
3136,9,0,0
3136,10,0,0
3136,11,0,0
3136,12,0,0
3137,0,1,2
3137,1,1,7
3137,2,1,3
3137,3,1,2
3137,4,0,0
3137,5,0,0
3137,6,0,0
3137,7,0,0
3137,8,0,0
3137,9,0,0
3137,10,0,0
3137,11,0,0
3137,12,0,0
3138,0,1,3
3138,1,1,4
3138,2,1,2
3138,3,1,5
3138,4,1,6
3138,5,1,7
3138,6,1,5
3138,7,1,7
3138,8,1,6
3138,9,1,0
3138,10,1,4
3138,11,1,3
3138,12,1,4
3139,0,1,5
3139,1,1,3
3139,2,1,3
3139,3,1,2
3139,4,1,3
3139,5,1,2
3139,6,1,4
3139,7,1,5
3139,8,0,0
3139,9,0,0
3139,10,0,0
3139,11,0,0
3139,12,0,0
3140,0,1,3
3140,1,1,2
3140,2,1,5
3140,3,1,3
3140,4,1,5
3140,5,1,5
3140,6,1,2
3140,7,0,0
3140,8,0,0
3140,9,0,0
3140,10,0,0
3140,11,0,0
3140,12,0,0
3141,0,1,4
3141,1,1,4
3141,2,1,2
3141,3,1,3
3141,4,1,2
3141,5,0,0
3141,6,0,0
3141,7,0,0
3141,8,0,0
3141,9,0,0
3141,10,0,0
3141,11,0,0
3141,12,0,0
3142,0,1,3
3142,1,0,0
3142,2,0,0
3142,3,0,0
3142,4,0,0
3142,5,0,0
3142,6,0,0
3142,7,0,0
3142,8,0,0
3142,9,0,0
3142,10,0,0
3142,11,0,0
3142,12,0,0
3143,0,1,3
3143,1,1,0
3143,2,1,2
3143,3,0,0
3143,4,0,0
3143,5,0,0
3143,6,0,0
3143,7,0,0
3143,8,0,0
3143,9,0,0
3143,10,0,0
3143,11,0,0
3143,12,0,0
3144,0,1,4
3144,1,1,4
3144,2,1,5
3144,3,1,2
3144,4,1,2
3144,5,1,7
3144,6,1,4
3144,7,1,1
3144,8,1,4
3144,9,1,6
3144,10,1,3
3144,11,1,3
3144,12,1,3
3145,0,1,6
3145,1,1,3
3145,2,1,3
3145,3,1,5
3145,4,1,9
3145,5,1,4
3145,6,1,3
3145,7,1,2
3145,8,1,6
3145,9,1,6
3145,10,1,4
3145,11,1,2
3145,12,1,1
3146,0,1,5
3146,1,1,3
3146,2,1,5
3146,3,1,7
3146,4,1,3
3146,5,1,2
3146,6,1,6
3146,7,1,5
3146,8,1,2
3146,9,1,4
3146,10,0,0
3146,11,0,0
3146,12,0,0
3147,0,1,5
3147,1,0,0
3147,2,0,0
3147,3,0,0
3147,4,0,0
3147,5,0,0
3147,6,0,0
3147,7,0,0
3147,8,0,0
3147,9,0,0
3147,10,0,0
3147,11,0,0
3147,12,0,0
3148,0,1,4
3148,1,1,1
3148,2,1,3
3148,3,1,2
3148,4,0,0
3148,5,0,0
3148,6,0,0
3148,7,0,0
3148,8,0,0
3148,9,0,0
3148,10,0,0
3148,11,0,0
3148,12,0,0
3149,0,1,6
3149,1,1,0
3149,2,1,3
3149,3,1,4
3149,4,1,2
3149,5,1,3
3149,6,1,4
3149,7,1,0
3149,8,1,1
3149,9,1,1
3149,10,1,3
3149,11,1,1
3149,12,1,4
3150,0,1,2
3150,1,0,0
3150,2,0,0
3150,3,0,0
3150,4,0,0
3150,5,0,0
3150,6,0,0
3150,7,0,0
3150,8,0,0
3150,9,0,0
3150,10,0,0
3150,11,0,0
3150,12,0,0
3151,0,1,4
3151,1,1,2
3151,2,1,3
3151,3,1,1
3151,4,1,2
3151,5,1,1
3151,6,1,3
3151,7,1,1
3151,8,1,1
3151,9,1,7
3151,10,1,3
3151,11,1,0
3151,12,1,2
3152,0,1,2
3152,1,1,1
3152,2,1,3
3152,3,1,2
3152,4,1,2
3152,5,1,5
3152,6,1,6
3152,7,1,4
3152,8,1,4
3152,9,1,4
3152,10,1,1
3152,11,1,3
3152,12,1,1
3153,0,1,3
3153,1,1,3
3153,2,1,5
3153,3,1,4
3153,4,1,4
3153,5,1,2
3153,6,1,6
3153,7,1,4
3153,8,1,3
3153,9,1,2
3153,10,0,0
3153,11,0,0
3153,12,0,0
3154,0,1,5
3154,1,1,1
3154,2,0,0
3154,3,0,0
3154,4,0,0
3154,5,0,0
3154,6,0,0
3154,7,0,0
3154,8,0,0
3154,9,0,0
3154,10,0,0
3154,11,0,0
3154,12,0,0
3155,0,1,6
3155,1,0,0
3155,2,0,0
3155,3,0,0
3155,4,0,0
3155,5,0,0
3155,6,0,0
3155,7,0,0
3155,8,0,0
3155,9,0,0
3155,10,0,0
3155,11,0,0
3155,12,0,0
3156,0,1,4
3156,1,1,1
3156,2,1,1
3156,3,1,3
3156,4,0,0
3156,5,0,0
3156,6,0,0
3156,7,0,0
3156,8,0,0
3156,9,0,0
3156,10,0,0
3156,11,0,0
3156,12,0,0
3157,0,1,4
3157,1,0,0
3157,2,0,0
3157,3,0,0
3157,4,0,0
3157,5,0,0
3157,6,0,0
3157,7,0,0
3157,8,0,0
3157,9,0,0
3157,10,0,0
3157,11,0,0
3157,12,0,0
3158,0,1,10
3158,1,1,10
3158,2,1,3
3158,3,1,4
3158,4,1,3
3158,5,1,2
3158,6,0,0
3158,7,0,0
3158,8,0,0
3158,9,0,0
3158,10,0,0
3158,11,0,0
3158,12,0,0
3159,0,1,8
3159,1,1,4
3159,2,1,1
3159,3,1,5
3159,4,0,0
3159,5,0,0
3159,6,0,0
3159,7,0,0
3159,8,0,0
3159,9,0,0
3159,10,0,0
3159,11,0,0
3159,12,0,0
3160,0,1,8
3160,1,0,0
3160,2,0,0
3160,3,0,0
3160,4,0,0
3160,5,0,0
3160,6,0,0
3160,7,0,0
3160,8,0,0
3160,9,0,0
3160,10,0,0
3160,11,0,0
3160,12,0,0
3161,0,1,3
3161,1,1,5
3161,2,1,2
3161,3,1,2
3161,4,1,5
3161,5,0,0
3161,6,0,0
3161,7,0,0
3161,8,0,0
3161,9,0,0
3161,10,0,0
3161,11,0,0
3161,12,0,0
3162,0,1,4
3162,1,1,5
3162,2,1,0
3162,3,1,1
3162,4,1,2
3162,5,1,1
3162,6,1,3
3162,7,1,3
3162,8,1,3
3162,9,1,3
3162,10,1,1
3162,11,1,5
3162,12,1,3
3163,0,1,3
3163,1,1,2
3163,2,1,1
3163,3,1,2
3163,4,1,1
3163,5,1,2
3163,6,0,0
3163,7,0,0
3163,8,0,0
3163,9,0,0
3163,10,0,0
3163,11,0,0
3163,12,0,0
3164,0,1,7
3164,1,1,3
3164,2,0,0
3164,3,0,0
3164,4,0,0
3164,5,0,0
3164,6,0,0
3164,7,0,0
3164,8,0,0
3164,9,0,0
3164,10,0,0
3164,11,0,0
3164,12,0,0
3165,0,1,3
3165,1,1,2
3165,2,1,4
3165,3,1,4
3165,4,1,4
3165,5,1,3
3165,6,1,0
3165,7,1,5
3165,8,1,3
3165,9,1,2
3165,10,1,6
3165,11,1,1
3165,12,1,2
3166,0,1,5
3166,1,1,2
3166,2,1,3
3166,3,1,5
3166,4,1,6
3166,5,1,4
3166,6,1,3
3166,7,0,0
3166,8,0,0
3166,9,0,0
3166,10,0,0
3166,11,0,0
3166,12,0,0
3167,0,1,4
3167,1,0,0
3167,2,0,0
3167,3,0,0
3167,4,0,0
3167,5,0,0
3167,6,0,0
3167,7,0,0
3167,8,0,0
3167,9,0,0
3167,10,0,0
3167,11,0,0
3167,12,0,0
3168,0,1,3
3168,1,1,7
3168,2,1,4
3168,3,1,8
3168,4,0,0
3168,5,0,0
3168,6,0,0
3168,7,0,0
3168,8,0,0
3168,9,0,0
3168,10,0,0
3168,11,0,0
3168,12,0,0
3169,0,1,4
3169,1,1,2
3169,2,1,6
3169,3,1,5
3169,4,1,5
3169,5,1,4
3169,6,1,6
3169,7,1,1
3169,8,1,4
3169,9,1,4
3169,10,1,3
3169,11,1,3
3169,12,1,4
3170,0,1,8
3170,1,1,4
3170,2,1,5
3170,3,1,9
3170,4,1,5
3170,5,1,7
3170,6,1,5
3170,7,1,3
3170,8,1,7
3170,9,1,7
3170,10,1,4
3170,11,1,3
3170,12,1,3
3171,0,1,4
3171,1,1,2
3171,2,1,1
3171,3,1,3
3171,4,1,5
3171,5,1,3
3171,6,1,3
3171,7,1,3
3171,8,1,2
3171,9,1,2
3171,10,1,1
3171,11,1,1
3171,12,1,2
3172,0,1,5
3172,1,1,3
3172,2,0,0
3172,3,0,0
3172,4,0,0
3172,5,0,0
3172,6,0,0
3172,7,0,0
3172,8,0,0
3172,9,0,0
3172,10,0,0
3172,11,0,0
3172,12,0,0
3173,0,1,6
3173,1,0,0
3173,2,0,0
3173,3,0,0
3173,4,0,0
3173,5,0,0
3173,6,0,0
3173,7,0,0
3173,8,0,0
3173,9,0,0
3173,10,0,0
3173,11,0,0
3173,12,0,0
3174,0,1,4
3174,1,1,3
3174,2,1,5
3174,3,1,1
3174,4,1,6
3174,5,1,4
3174,6,1,2
3174,7,1,1
3174,8,1,1
3174,9,1,3
3174,10,1,2
3174,11,0,0
3174,12,0,0
3175,0,1,4
3175,1,1,4
3175,2,1,2
3175,3,1,3
3175,4,1,2
3175,5,1,3
3175,6,1,4
3175,7,1,3
3175,8,1,1
3175,9,1,5
3175,10,1,3
3175,11,1,3
3175,12,1,3
3176,0,1,4
3176,1,1,2
3176,2,1,3
3176,3,1,3
3176,4,1,4
3176,5,1,8
3176,6,1,4
3176,7,1,3
3176,8,1,6
3176,9,1,5
3176,10,1,4
3176,11,1,3
3176,12,1,1
3177,0,1,5
3177,1,1,5
3177,2,1,5
3177,3,0,0
3177,4,0,0
3177,5,0,0
3177,6,0,0
3177,7,0,0
3177,8,0,0
3177,9,0,0
3177,10,0,0
3177,11,0,0
3177,12,0,0
3178,0,1,1
3178,1,1,2
3178,2,1,4
3178,3,1,4
3178,4,1,4
3178,5,1,1
3178,6,1,4
3178,7,1,4
3178,8,1,4
3178,9,1,2
3178,10,0,0
3178,11,0,0
3178,12,0,0
3179,0,1,2
3179,1,1,3
3179,2,1,8
3179,3,1,4
3179,4,1,7
3179,5,1,5
3179,6,1,2
3179,7,1,7
3179,8,1,4
3179,9,1,4
3179,10,1,3
3179,11,1,4
3179,12,1,6
3180,0,1,6
3180,1,1,2
3180,2,1,5
3180,3,1,2
3180,4,1,6
3180,5,1,5
3180,6,1,5
3180,7,1,2
3180,8,1,4
3180,9,0,0
3180,10,0,0
3180,11,0,0
3180,12,0,0
3181,0,1,7
3181,1,1,1
3181,2,1,3
3181,3,1,2
3181,4,1,2
3181,5,1,1
3181,6,1,2
3181,7,1,0
3181,8,1,0
3181,9,1,2
3181,10,1,1
3181,11,1,2
3181,12,1,0
3182,0,1,7
3182,1,1,2
3182,2,1,3
3182,3,1,0
3182,4,0,0
3182,5,0,0
3182,6,0,0
3182,7,0,0
3182,8,0,0
3182,9,0,0
3182,10,0,0
3182,11,0,0
3182,12,0,0
3183,0,1,7
3183,1,1,3
3183,2,1,2
3183,3,1,4
3183,4,1,1
3183,5,1,6
3183,6,1,1
3183,7,1,2
3183,8,1,3
3183,9,0,0
3183,10,0,0
3183,11,0,0
3183,12,0,0
3184,0,1,5
3184,1,1,2
3184,2,0,0
3184,3,0,0
3184,4,0,0
3184,5,0,0
3184,6,0,0
3184,7,0,0
3184,8,0,0
3184,9,0,0
3184,10,0,0
3184,11,0,0
3184,12,0,0
3185,0,1,3
3185,1,1,1
3185,2,0,0
3185,3,0,0
3185,4,0,0
3185,5,0,0
3185,6,0,0
3185,7,0,0
3185,8,0,0
3185,9,0,0
3185,10,0,0
3185,11,0,0
3185,12,0,0
3186,0,1,6
3186,1,1,5
3186,2,0,0
3186,3,0,0
3186,4,0,0
3186,5,0,0
3186,6,0,0
3186,7,0,0
3186,8,0,0
3186,9,0,0
3186,10,0,0
3186,11,0,0
3186,12,0,0
3187,0,1,9
3187,1,1,0
3187,2,1,5
3187,3,1,2
3187,4,1,2
3187,5,0,0
3187,6,0,0
3187,7,0,0
3187,8,0,0
3187,9,0,0
3187,10,0,0
3187,11,0,0
3187,12,0,0
3188,0,1,5
3188,1,1,5
3188,2,1,5
3188,3,1,3
3188,4,1,4
3188,5,1,3
3188,6,1,1
3188,7,1,1
3188,8,1,7
3188,9,1,3
3188,10,1,3
3188,11,0,0
3188,12,0,0
3189,0,1,4
3189,1,1,2
3189,2,0,0
3189,3,0,0
3189,4,0,0
3189,5,0,0
3189,6,0,0
3189,7,0,0
3189,8,0,0
3189,9,0,0
3189,10,0,0
3189,11,0,0
3189,12,0,0
3190,0,1,5
3190,1,1,1
3190,2,1,1
3190,3,1,5
3190,4,1,2
3190,5,1,1
3190,6,1,3
3190,7,0,0
3190,8,0,0
3190,9,0,0
3190,10,0,0
3190,11,0,0
3190,12,0,0
3191,0,1,5
3191,1,1,1
3191,2,1,6
3191,3,1,2
3191,4,1,1
3191,5,1,2
3191,6,1,1
3191,7,1,6
3191,8,1,3
3191,9,0,0
3191,10,0,0
3191,11,0,0
3191,12,0,0
3192,0,1,3
3192,1,1,2
3192,2,1,7
3192,3,1,0
3192,4,1,2
3192,5,1,5
3192,6,1,3
3192,7,1,5
3192,8,1,2
3192,9,1,6
3192,10,1,7
3192,11,1,3
3192,12,0,0
3193,0,1,4
3193,1,1,4
3193,2,1,5
3193,3,1,5
3193,4,0,0
3193,5,0,0
3193,6,0,0
3193,7,0,0
3193,8,0,0
3193,9,0,0
3193,10,0,0
3193,11,0,0
3193,12,0,0
3194,0,1,6
3194,1,1,2
3194,2,1,1
3194,3,1,3
3194,4,1,7
3194,5,1,4
3194,6,1,3
3194,7,1,3
3194,8,1,4
3194,9,1,4
3194,10,1,9
3194,11,1,2
3194,12,1,5
3195,0,1,4
3195,1,1,5
3195,2,1,4
3195,3,1,4
3195,4,0,0
3195,5,0,0
3195,6,0,0
3195,7,0,0
3195,8,0,0
3195,9,0,0
3195,10,0,0
3195,11,0,0
3195,12,0,0
3196,0,1,4
3196,1,1,2
3196,2,1,4
3196,3,0,0
3196,4,0,0
3196,5,0,0
3196,6,0,0
3196,7,0,0
3196,8,0,0
3196,9,0,0
3196,10,0,0
3196,11,0,0
3196,12,0,0
3197,0,1,9
3197,1,1,4
3197,2,1,2
3197,3,1,3
3197,4,1,4
3197,5,1,4
3197,6,1,2
3197,7,1,3
3197,8,1,0
3197,9,0,0
3197,10,0,0
3197,11,0,0
3197,12,0,0
3198,0,1,6
3198,1,1,3
3198,2,1,6
3198,3,1,3
3198,4,1,1
3198,5,1,5
3198,6,1,3
3198,7,1,4
3198,8,1,2
3198,9,1,4
3198,10,1,6
3198,11,1,3
3198,12,1,1
3199,0,1,6
3199,1,0,0
3199,2,0,0
3199,3,0,0
3199,4,0,0
3199,5,0,0
3199,6,0,0
3199,7,0,0
3199,8,0,0
3199,9,0,0
3199,10,0,0
3199,11,0,0
3199,12,0,0
3200,0,1,7
3200,1,1,2
3200,2,1,1
3200,3,1,4
3200,4,1,3
3200,5,1,3
3200,6,1,3
3200,7,1,2
3200,8,1,3
3200,9,1,2
3200,10,1,2
3200,11,1,1
3200,12,1,0
3201,0,1,5
3201,1,1,1
3201,2,1,2
3201,3,0,0
3201,4,0,0
3201,5,0,0
3201,6,0,0
3201,7,0,0
3201,8,0,0
3201,9,0,0
3201,10,0,0
3201,11,0,0
3201,12,0,0
3202,0,1,2
3202,1,1,2
3202,2,1,3
3202,3,1,1
3202,4,1,3
3202,5,1,4
3202,6,1,4
3202,7,1,5
3202,8,1,5
3202,9,1,1
3202,10,1,2
3202,11,0,0
3202,12,0,0
3203,0,1,8
3203,1,1,3
3203,2,1,5
3203,3,1,1
3203,4,1,8
3203,5,1,4
3203,6,1,4
3203,7,1,2
3203,8,1,2
3203,9,1,2
3203,10,1,1
3203,11,0,0
3203,12,0,0
3204,0,1,7
3204,1,1,3
3204,2,1,4
3204,3,1,2
3204,4,1,0
3204,5,1,2
3204,6,1,0
3204,7,1,0
3204,8,1,2
3204,9,1,1
3204,10,1,2
3204,11,1,2
3204,12,1,1
3205,0,1,5
3205,1,0,0
3205,2,0,0
3205,3,0,0
3205,4,0,0
3205,5,0,0
3205,6,0,0
3205,7,0,0
3205,8,0,0
3205,9,0,0
3205,10,0,0
3205,11,0,0
3205,12,0,0
3206,0,1,1
3206,1,1,3
3206,2,1,1
3206,3,1,1
3206,4,1,3
3206,5,1,3
3206,6,0,0
3206,7,0,0
3206,8,0,0
3206,9,0,0
3206,10,0,0
3206,11,0,0
3206,12,0,0
3207,0,1,8
3207,1,1,0
3207,2,1,4
3207,3,1,2
3207,4,1,2
3207,5,1,1
3207,6,1,2
3207,7,1,3
3207,8,1,3
3207,9,0,0
3207,10,0,0
3207,11,0,0
3207,12,0,0
3208,0,1,9
3208,1,1,1
3208,2,1,2
3208,3,1,2
3208,4,1,2
3208,5,1,2
3208,6,1,1
3208,7,1,3
3208,8,1,1
3208,9,1,4
3208,10,1,4
3208,11,1,1
3208,12,1,3
3209,0,1,4
3209,1,1,5
3209,2,1,3
3209,3,1,1
3209,4,1,6
3209,5,1,3
3209,6,1,4
3209,7,1,6
3209,8,1,6
3209,9,1,3
3209,10,1,5
3209,11,1,1
3209,12,1,5
3210,0,1,6
3210,1,1,5
3210,2,1,2
3210,3,1,3
3210,4,1,2
3210,5,0,0
3210,6,0,0
3210,7,0,0
3210,8,0,0
3210,9,0,0
3210,10,0,0
3210,11,0,0
3210,12,0,0
3211,0,1,1
3211,1,1,1
3211,2,1,5
3211,3,1,3
3211,4,0,0
3211,5,0,0
3211,6,0,0
3211,7,0,0
3211,8,0,0
3211,9,0,0
3211,10,0,0
3211,11,0,0
3211,12,0,0
3212,0,1,6
3212,1,1,2
3212,2,1,4
3212,3,1,3
3212,4,1,3
3212,5,1,0
3212,6,1,3
3212,7,1,2
3212,8,1,4
3212,9,1,6
3212,10,1,6
3212,11,1,2
3212,12,1,4
3213,0,1,8
3213,1,1,1
3213,2,1,6
3213,3,1,4
3213,4,1,5
3213,5,1,2
3213,6,1,2
3213,7,1,4
3213,8,1,2
3213,9,1,4
3213,10,1,2
3213,11,1,4
3213,12,1,2
3214,0,1,9
3214,1,1,2
3214,2,1,3
3214,3,1,0
3214,4,0,0
3214,5,0,0
3214,6,0,0
3214,7,0,0
3214,8,0,0
3214,9,0,0
3214,10,0,0
3214,11,0,0
3214,12,0,0
3215,0,1,2
3215,1,1,2
3215,2,1,2
3215,3,1,3
3215,4,1,4
3215,5,1,0
3215,6,1,3
3215,7,1,0
3215,8,1,0
3215,9,1,5
3215,10,1,1
3215,11,1,1
3215,12,1,1
3216,0,1,6
3216,1,1,2
3216,2,1,7
3216,3,1,4
3216,4,1,6
3216,5,1,2
3216,6,1,3
3216,7,1,2
3216,8,1,4
3216,9,1,3
3216,10,1,3
3216,11,1,5
3216,12,1,4
3217,0,1,6
3217,1,1,7
3217,2,1,1
3217,3,1,5
3217,4,0,0
3217,5,0,0
3217,6,0,0
3217,7,0,0
3217,8,0,0
3217,9,0,0
3217,10,0,0
3217,11,0,0
3217,12,0,0
3218,0,1,7
3218,1,1,0
3218,2,1,2
3218,3,1,1
3218,4,1,1
3218,5,1,3
3218,6,1,1
3218,7,0,0
3218,8,0,0
3218,9,0,0
3218,10,0,0
3218,11,0,0
3218,12,0,0
3219,0,1,5
3219,1,1,2
3219,2,1,3
3219,3,1,4
3219,4,1,2
3219,5,1,6
3219,6,1,5
3219,7,1,4
3219,8,1,6
3219,9,1,4
3219,10,1,4
3219,11,1,2
3219,12,1,4
3220,0,1,3
3220,1,1,4
3220,2,1,3
3220,3,1,5
3220,4,1,3
3220,5,1,6
3220,6,1,3
3220,7,1,4
3220,8,1,7
3220,9,1,1
3220,10,1,2
3220,11,1,0
3220,12,1,2
3221,0,1,6
3221,1,1,3
3221,2,1,4
3221,3,1,1
3221,4,1,3
3221,5,1,3
3221,6,1,2
3221,7,1,3
3221,8,1,2
3221,9,1,6
3221,10,1,4
3221,11,1,3
3221,12,1,4
3222,0,1,7
3222,1,1,0
3222,2,1,3
3222,3,1,2
3222,4,1,5
3222,5,1,1
3222,6,1,3
3222,7,1,0
3222,8,1,2
3222,9,1,2
3222,10,1,1
3222,11,1,2
3222,12,1,2
3223,0,1,3
3223,1,1,3
3223,2,1,3
3223,3,1,3
3223,4,1,0
3223,5,1,1
3223,6,1,3
3223,7,1,2
3223,8,1,3
3223,9,1,3
3223,10,0,0
3223,11,0,0
3223,12,0,0
3224,0,1,3
3224,1,1,5
3224,2,1,7
3224,3,1,3
3224,4,1,3
3224,5,1,6
3224,6,1,2
3224,7,1,1
3224,8,1,2
3224,9,1,4
3224,10,1,5
3224,11,1,4
3224,12,1,6
3225,0,1,5
3225,1,1,4
3225,2,1,5
3225,3,1,2
3225,4,1,3
3225,5,0,0
3225,6,0,0
3225,7,0,0
3225,8,0,0
3225,9,0,0
3225,10,0,0
3225,11,0,0
3225,12,0,0
3226,0,1,8
3226,1,1,4
3226,2,0,0
3226,3,0,0
3226,4,0,0
3226,5,0,0
3226,6,0,0
3226,7,0,0
3226,8,0,0
3226,9,0,0
3226,10,0,0
3226,11,0,0
3226,12,0,0
3227,0,1,8
3227,1,1,4
3227,2,1,5
3227,3,1,2
3227,4,1,4
3227,5,1,3
3227,6,1,1
3227,7,1,2
3227,8,1,6
3227,9,1,8
3227,10,1,2
3227,11,1,3
3227,12,1,2
3228,0,1,7
3228,1,1,2
3228,2,1,3
3228,3,1,5
3228,4,1,3
3228,5,1,6
3228,6,1,8
3228,7,1,3
3228,8,1,8
3228,9,1,0
3228,10,1,3
3228,11,1,4
3228,12,1,1
3229,0,1,6
3229,1,1,7
3229,2,1,2
3229,3,1,3
3229,4,1,5
3229,5,1,3
3229,6,1,3
3229,7,1,2
3229,8,1,1
3229,9,1,4
3229,10,1,1
3229,11,1,2
3229,12,1,5
3230,0,1,6
3230,1,1,6
3230,2,1,1
3230,3,1,5
3230,4,1,6
3230,5,1,5
3230,6,1,6
3230,7,1,7
3230,8,0,0
3230,9,0,0
3230,10,0,0
3230,11,0,0
3230,12,0,0
3231,0,1,2
3231,1,1,1
3231,2,1,3
3231,3,0,0
3231,4,0,0
3231,5,0,0
3231,6,0,0
3231,7,0,0
3231,8,0,0
3231,9,0,0
3231,10,0,0
3231,11,0,0
3231,12,0,0
3232,0,1,4
3232,1,0,0
3232,2,0,0
3232,3,0,0
3232,4,0,0
3232,5,0,0
3232,6,0,0
3232,7,0,0
3232,8,0,0
3232,9,0,0
3232,10,0,0
3232,11,0,0
3232,12,0,0
3233,0,1,8
3233,1,1,1
3233,2,1,4
3233,3,0,0
3233,4,0,0
3233,5,0,0
3233,6,0,0
3233,7,0,0
3233,8,0,0
3233,9,0,0
3233,10,0,0
3233,11,0,0
3233,12,0,0
3234,0,1,5
3234,1,1,5
3234,2,1,3
3234,3,1,2
3234,4,1,5
3234,5,1,11
3234,6,1,3
3234,7,1,3
3234,8,1,4
3234,9,1,3
3234,10,1,3
3234,11,1,4
3234,12,1,6
3235,0,1,5
3235,1,1,4
3235,2,1,5
3235,3,1,5
3235,4,1,2
3235,5,1,2
3235,6,0,0
3235,7,0,0
3235,8,0,0
3235,9,0,0
3235,10,0,0
3235,11,0,0
3235,12,0,0
3236,0,1,4
3236,1,1,1
3236,2,1,4
3236,3,1,5
3236,4,1,7
3236,5,1,3
3236,6,1,3
3236,7,1,4
3236,8,1,2
3236,9,1,3
3236,10,1,4
3236,11,1,4
3236,12,1,6
3237,0,1,4
3237,1,0,0
3237,2,0,0
3237,3,0,0
3237,4,0,0
3237,5,0,0
3237,6,0,0
3237,7,0,0
3237,8,0,0
3237,9,0,0
3237,10,0,0
3237,11,0,0
3237,12,0,0
3238,0,1,8
3238,1,1,3
3238,2,1,3
3238,3,1,0
3238,4,1,4
3238,5,0,0
3238,6,0,0
3238,7,0,0
3238,8,0,0
3238,9,0,0
3238,10,0,0
3238,11,0,0
3238,12,0,0
3239,0,1,6
3239,1,1,5
3239,2,1,5
3239,3,1,7
3239,4,1,4
3239,5,1,1
3239,6,1,3
3239,7,1,4
3239,8,1,6
3239,9,1,0
3239,10,1,4
3239,11,1,3
3239,12,1,2
3240,0,1,6
3240,1,1,4
3240,2,0,0
3240,3,0,0
3240,4,0,0
3240,5,0,0
3240,6,0,0
3240,7,0,0
3240,8,0,0
3240,9,0,0
3240,10,0,0
3240,11,0,0
3240,12,0,0
3241,0,1,7
3241,1,1,3
3241,2,1,3
3241,3,0,0
3241,4,0,0
3241,5,0,0
3241,6,0,0
3241,7,0,0
3241,8,0,0
3241,9,0,0
3241,10,0,0
3241,11,0,0
3241,12,0,0
3242,0,1,5
3242,1,1,6
3242,2,1,5
3242,3,1,2
3242,4,1,2
3242,5,1,2
3242,6,1,0
3242,7,1,2
3242,8,1,3
3242,9,1,4
3242,10,1,2
3242,11,1,3
3242,12,1,1
3243,0,1,7
3243,1,1,2
3243,2,1,3
3243,3,1,1
3243,4,1,2
3243,5,1,2
3243,6,1,0
3243,7,1,3
3243,8,1,4
3243,9,1,2
3243,10,1,2
3243,11,1,1
3243,12,1,1
3244,0,1,4
3244,1,0,0
3244,2,0,0
3244,3,0,0
3244,4,0,0
3244,5,0,0
3244,6,0,0
3244,7,0,0
3244,8,0,0
3244,9,0,0
3244,10,0,0
3244,11,0,0
3244,12,0,0
3245,0,1,7
3245,1,1,2
3245,2,1,5
3245,3,1,6
3245,4,1,3
3245,5,1,5
3245,6,1,3
3245,7,1,2
3245,8,1,3
3245,9,1,5
3245,10,1,5
3245,11,1,3
3245,12,1,0
3246,0,1,7
3246,1,1,3
3246,2,1,8
3246,3,1,5
3246,4,1,3
3246,5,1,3
3246,6,1,2
3246,7,1,5
3246,8,1,4
3246,9,1,5
3246,10,1,3
3246,11,1,4
3246,12,1,2
3247,0,1,9
3247,1,1,1
3247,2,1,2
3247,3,1,6
3247,4,1,5
3247,5,1,5
3247,6,1,4
3247,7,1,6
3247,8,1,6
3247,9,1,4
3247,10,1,8
3247,11,1,1
3247,12,1,4
3248,0,1,3
3248,1,0,0
3248,2,0,0
3248,3,0,0
3248,4,0,0
3248,5,0,0
3248,6,0,0
3248,7,0,0
3248,8,0,0
3248,9,0,0
3248,10,0,0
3248,11,0,0
3248,12,0,0
3249,0,1,5
3249,1,1,2
3249,2,1,1
3249,3,1,4
3249,4,1,3
3249,5,1,8
3249,6,1,2
3249,7,1,4
3249,8,0,0
3249,9,0,0
3249,10,0,0
3249,11,0,0
3249,12,0,0
3250,0,1,6
3250,1,1,5
3250,2,0,0
3250,3,0,0
3250,4,0,0
3250,5,0,0
3250,6,0,0
3250,7,0,0
3250,8,0,0
3250,9,0,0
3250,10,0,0
3250,11,0,0
3250,12,0,0
3251,0,1,5
3251,1,1,3
3251,2,1,2
3251,3,1,2
3251,4,1,2
3251,5,1,7
3251,6,1,1
3251,7,1,5
3251,8,1,4
3251,9,1,2
3251,10,1,1
3251,11,1,2
3251,12,1,5
3252,0,1,1
3252,1,1,2
3252,2,1,7
3252,3,1,8
3252,4,1,3
3252,5,1,3
3252,6,1,5
3252,7,1,9
3252,8,1,4
3252,9,1,1
3252,10,1,6
3252,11,1,5
3252,12,0,0
3253,0,1,4
3253,1,1,6
3253,2,1,3
3253,3,1,3
3253,4,1,5
3253,5,1,6
3253,6,1,4
3253,7,1,3
3253,8,1,1
3253,9,1,3
3253,10,1,5
3253,11,0,0
3253,12,0,0
3254,0,1,9
3254,1,1,3
3254,2,1,1
3254,3,1,3
3254,4,1,2
3254,5,1,4
3254,6,1,0
3254,7,1,3
3254,8,0,0
3254,9,0,0
3254,10,0,0
3254,11,0,0
3254,12,0,0
3255,0,1,7
3255,1,0,0
3255,2,0,0
3255,3,0,0
3255,4,0,0
3255,5,0,0
3255,6,0,0
3255,7,0,0
3255,8,0,0
3255,9,0,0
3255,10,0,0
3255,11,0,0
3255,12,0,0
3256,0,1,6
3256,1,1,3
3256,2,1,6
3256,3,1,4
3256,4,1,3
3256,5,1,7
3256,6,0,0
3256,7,0,0
3256,8,0,0
3256,9,0,0
3256,10,0,0
3256,11,0,0
3256,12,0,0
3257,0,1,9
3257,1,1,2
3257,2,1,3
3257,3,1,1
3257,4,1,0
3257,5,0,0
3257,6,0,0
3257,7,0,0
3257,8,0,0
3257,9,0,0
3257,10,0,0
3257,11,0,0
3257,12,0,0
3258,0,1,9
3258,1,1,3
3258,2,1,3
3258,3,1,1
3258,4,1,1
3258,5,1,1
3258,6,1,4
3258,7,1,3
3258,8,1,1
3258,9,0,0
3258,10,0,0
3258,11,0,0
3258,12,0,0
3259,0,1,5
3259,1,1,0
3259,2,1,3
3259,3,1,2
3259,4,1,3
3259,5,1,3
3259,6,1,0
3259,7,1,4
3259,8,1,4
3259,9,1,1
3259,10,1,3
3259,11,1,3
3259,12,1,3
3260,0,1,3
3260,1,1,7
3260,2,1,5
3260,3,1,5
3260,4,1,2
3260,5,0,0
3260,6,0,0
3260,7,0,0
3260,8,0,0
3260,9,0,0
3260,10,0,0
3260,11,0,0
3260,12,0,0
3261,0,1,4
3261,1,1,2
3261,2,1,1
3261,3,1,4
3261,4,0,0
3261,5,0,0
3261,6,0,0
3261,7,0,0
3261,8,0,0
3261,9,0,0
3261,10,0,0
3261,11,0,0
3261,12,0,0
3262,0,1,4
3262,1,0,0
3262,2,0,0
3262,3,0,0
3262,4,0,0
3262,5,0,0
3262,6,0,0
3262,7,0,0
3262,8,0,0
3262,9,0,0
3262,10,0,0
3262,11,0,0
3262,12,0,0
3263,0,1,6
3263,1,0,0
3263,2,0,0
3263,3,0,0
3263,4,0,0
3263,5,0,0
3263,6,0,0
3263,7,0,0
3263,8,0,0
3263,9,0,0
3263,10,0,0
3263,11,0,0
3263,12,0,0
3264,0,1,5
3264,1,1,1
3264,2,1,4
3264,3,1,3
3264,4,1,1
3264,5,1,0
3264,6,1,1
3264,7,1,3
3264,8,1,0
3264,9,1,1
3264,10,1,2
3264,11,1,5
3264,12,1,2
3265,0,1,2
3265,1,1,1
3265,2,1,9
3265,3,1,2
3265,4,1,3
3265,5,1,3
3265,6,1,6
3265,7,1,3
3265,8,1,1
3265,9,1,2
3265,10,1,2
3265,11,1,3
3265,12,1,4
3266,0,1,3
3266,1,1,2
3266,2,1,0
3266,3,1,3
3266,4,1,5
3266,5,0,0
3266,6,0,0
3266,7,0,0
3266,8,0,0
3266,9,0,0
3266,10,0,0
3266,11,0,0
3266,12,0,0
3267,0,1,8
3267,1,1,2
3267,2,0,0
3267,3,0,0
3267,4,0,0
3267,5,0,0
3267,6,0,0
3267,7,0,0
3267,8,0,0
3267,9,0,0
3267,10,0,0
3267,11,0,0
3267,12,0,0
3268,0,1,3
3268,1,1,4
3268,2,1,4
3268,3,1,3
3268,4,1,4
3268,5,1,7
3268,6,0,0
3268,7,0,0
3268,8,0,0
3268,9,0,0
3268,10,0,0
3268,11,0,0
3268,12,0,0
3269,0,1,6
3269,1,1,1
3269,2,1,1
3269,3,1,3
3269,4,1,0
3269,5,1,6
3269,6,1,1
3269,7,0,0
3269,8,0,0
3269,9,0,0
3269,10,0,0
3269,11,0,0
3269,12,0,0
3270,0,1,3
3270,1,1,7
3270,2,1,5
3270,3,1,3
3270,4,1,2
3270,5,1,4
3270,6,1,1
3270,7,1,3
3270,8,1,2
3270,9,1,1
3270,10,1,7
3270,11,1,3
3270,12,1,1
3271,0,1,11
3271,1,1,2
3271,2,1,3
3271,3,1,4
3271,4,1,2
3271,5,1,4
3271,6,1,3
3271,7,1,0
3271,8,1,3
3271,9,1,0
3271,10,0,0
3271,11,0,0
3271,12,0,0
3272,0,1,5
3272,1,1,2
3272,2,1,2
3272,3,1,1
3272,4,1,2
3272,5,1,1
3272,6,1,1
3272,7,1,1
3272,8,1,2
3272,9,1,2
3272,10,1,2
3272,11,1,1
3272,12,1,3
3273,0,1,4
3273,1,1,2
3273,2,1,1
3273,3,1,5
3273,4,1,3
3273,5,1,6
3273,6,1,1
3273,7,1,7
3273,8,1,2
3273,9,1,1
3273,10,1,4
3273,11,1,1
3273,12,1,3
3274,0,1,5
3274,1,1,3
3274,2,1,2
3274,3,1,5
3274,4,1,3
3274,5,1,5
3274,6,1,2
3274,7,1,2
3274,8,1,3
3274,9,1,5
3274,10,1,1
3274,11,1,2
3274,12,1,2
3275,0,1,7
3275,1,1,3
3275,2,1,1
3275,3,1,5
3275,4,1,5
3275,5,1,1
3275,6,1,1
3275,7,1,2
3275,8,1,2
3275,9,1,5
3275,10,0,0
3275,11,0,0
3275,12,0,0
3276,0,1,3
3276,1,1,1
3276,2,1,4
3276,3,1,2
3276,4,1,5
3276,5,1,2
3276,6,1,2
3276,7,1,5
3276,8,1,6
3276,9,1,2
3276,10,1,4
3276,11,1,6
3276,12,1,5
3277,0,1,6
3277,1,1,4
3277,2,1,6
3277,3,1,4
3277,4,1,5
3277,5,1,2
3277,6,1,4
3277,7,1,2
3277,8,1,4
3277,9,1,1
3277,10,1,1
3277,11,1,7
3277,12,1,7
3278,0,1,6
3278,1,1,2
3278,2,1,5
3278,3,0,0
3278,4,0,0
3278,5,0,0
3278,6,0,0
3278,7,0,0
3278,8,0,0
3278,9,0,0
3278,10,0,0
3278,11,0,0
3278,12,0,0
3279,0,1,4
3279,1,1,3
3279,2,1,4
3279,3,1,1
3279,4,1,2
3279,5,1,3
3279,6,1,3
3279,7,1,5
3279,8,1,1
3279,9,1,2
3279,10,1,3
3279,11,1,6
3279,12,1,3
3280,0,1,5
3280,1,1,7
3280,2,1,2
3280,3,1,5
3280,4,1,3
3280,5,0,0
3280,6,0,0
3280,7,0,0
3280,8,0,0
3280,9,0,0
3280,10,0,0
3280,11,0,0
3280,12,0,0
3281,0,1,4
3281,1,1,2
3281,2,1,2
3281,3,1,1
3281,4,1,1
3281,5,0,0
3281,6,0,0
3281,7,0,0
3281,8,0,0
3281,9,0,0
3281,10,0,0
3281,11,0,0
3281,12,0,0
3282,0,1,7
3282,1,1,2
3282,2,1,1
3282,3,1,1
3282,4,1,0
3282,5,1,3
3282,6,1,1
3282,7,1,3
3282,8,1,6
3282,9,1,2
3282,10,1,2
3282,11,1,2
3282,12,1,2
3283,0,1,4
3283,1,1,3
3283,2,1,4
3283,3,1,2
3283,4,1,2
3283,5,1,3
3283,6,1,1
3283,7,1,2
3283,8,1,1
3283,9,1,0
3283,10,0,0
3283,11,0,0
3283,12,0,0
3284,0,1,6
3284,1,1,0
3284,2,1,7
3284,3,1,2
3284,4,1,4
3284,5,1,3
3284,6,1,2
3284,7,1,3
3284,8,1,1
3284,9,1,2
3284,10,1,0
3284,11,1,4
3284,12,1,0
3285,0,1,7
3285,1,1,3
3285,2,0,0
3285,3,0,0
3285,4,0,0
3285,5,0,0
3285,6,0,0
3285,7,0,0
3285,8,0,0
3285,9,0,0
3285,10,0,0
3285,11,0,0
3285,12,0,0
3286,0,1,8
3286,1,1,4
3286,2,1,4
3286,3,1,2
3286,4,1,4
3286,5,0,0
3286,6,0,0
3286,7,0,0
3286,8,0,0
3286,9,0,0
3286,10,0,0
3286,11,0,0
3286,12,0,0
3287,0,1,6
3287,1,1,5
3287,2,1,1
3287,3,1,3
3287,4,1,3
3287,5,1,3
3287,6,1,4
3287,7,1,1
3287,8,1,2
3287,9,1,7
3287,10,1,0
3287,11,1,3
3287,12,1,2
3288,0,1,7
3288,1,1,2
3288,2,1,2
3288,3,1,1
3288,4,0,0
3288,5,0,0
3288,6,0,0
3288,7,0,0
3288,8,0,0
3288,9,0,0
3288,10,0,0
3288,11,0,0
3288,12,0,0
3289,0,1,5
3289,1,1,1
3289,2,1,1
3289,3,1,0
3289,4,1,3
3289,5,1,0
3289,6,1,0
3289,7,1,2
3289,8,1,2
3289,9,1,1
3289,10,1,2
3289,11,1,4
3289,12,1,2
3290,0,1,8
3290,1,1,4
3290,2,1,2
3290,3,1,1
3290,4,1,0
3290,5,1,1
3290,6,1,5
3290,7,1,1
3290,8,1,3
3290,9,1,2
3290,10,1,2
3290,11,0,0
3290,12,0,0
3291,0,1,4
3291,1,1,3
3291,2,1,1
3291,3,1,2
3291,4,1,1
3291,5,0,0
3291,6,0,0
3291,7,0,0
3291,8,0,0
3291,9,0,0
3291,10,0,0
3291,11,0,0
3291,12,0,0
3292,0,1,5
3292,1,1,1
3292,2,1,3
3292,3,1,0
3292,4,1,0
3292,5,1,3
3292,6,0,0
3292,7,0,0
3292,8,0,0
3292,9,0,0
3292,10,0,0
3292,11,0,0
3292,12,0,0
3293,0,1,8
3293,1,1,4
3293,2,1,6
3293,3,1,4
3293,4,1,4
3293,5,1,2
3293,6,1,5
3293,7,1,2
3293,8,1,5
3293,9,1,1
3293,10,1,5
3293,11,1,3
3293,12,1,5
3294,0,1,1
3294,1,1,1
3294,2,1,4
3294,3,1,3
3294,4,1,5
3294,5,1,3
3294,6,1,5
3294,7,1,4
3294,8,0,0
3294,9,0,0
3294,10,0,0
3294,11,0,0
3294,12,0,0
3295,0,1,10
3295,1,1,4
3295,2,1,2
3295,3,1,3
3295,4,1,3
3295,5,1,1
3295,6,1,5
3295,7,1,4
3295,8,1,5
3295,9,0,0
3295,10,0,0
3295,11,0,0
3295,12,0,0
3296,0,1,5
3296,1,0,0
3296,2,0,0
3296,3,0,0
3296,4,0,0
3296,5,0,0
3296,6,0,0
3296,7,0,0
3296,8,0,0
3296,9,0,0
3296,10,0,0
3296,11,0,0
3296,12,0,0
3297,0,1,6
3297,1,1,3
3297,2,1,3
3297,3,1,2
3297,4,1,1
3297,5,1,6
3297,6,1,7
3297,7,1,3
3297,8,1,2
3297,9,1,1
3297,10,1,3
3297,11,1,0
3297,12,1,0
3298,0,1,3
3298,1,1,0
3298,2,1,1
3298,3,1,2
3298,4,1,5
3298,5,1,4
3298,6,1,8
3298,7,1,6
3298,8,1,4
3298,9,1,6
3298,10,1,2
3298,11,1,4
3298,12,1,2
3299,0,1,4
3299,1,1,3
3299,2,1,3
3299,3,1,0
3299,4,1,3
3299,5,1,2
3299,6,1,4
3299,7,1,0
3299,8,1,4
3299,9,1,4
3299,10,1,4
3299,11,1,4
3299,12,1,3
3300,0,1,3
3300,1,1,3
3300,2,1,4
3300,3,1,4
3300,4,1,6
3300,5,1,3
3300,6,1,4
3300,7,1,0
3300,8,1,3
3300,9,1,7
3300,10,1,5
3300,11,1,8
3300,12,1,4
3301,0,1,2
3301,1,1,4
3301,2,0,0
3301,3,0,0
3301,4,0,0
3301,5,0,0
3301,6,0,0
3301,7,0,0
3301,8,0,0
3301,9,0,0
3301,10,0,0
3301,11,0,0
3301,12,0,0
3302,0,1,2
3302,1,0,0
3302,2,0,0
3302,3,0,0
3302,4,0,0
3302,5,0,0
3302,6,0,0
3302,7,0,0
3302,8,0,0
3302,9,0,0
3302,10,0,0
3302,11,0,0
3302,12,0,0
3303,0,1,5
3303,1,1,4
3303,2,1,9
3303,3,1,3
3303,4,1,2
3303,5,1,2
3303,6,0,0
3303,7,0,0
3303,8,0,0
3303,9,0,0
3303,10,0,0
3303,11,0,0
3303,12,0,0
3304,0,1,3
3304,1,1,3
3304,2,1,5
3304,3,1,1
3304,4,1,3
3304,5,1,2
3304,6,0,0
3304,7,0,0
3304,8,0,0
3304,9,0,0
3304,10,0,0
3304,11,0,0
3304,12,0,0
3305,0,1,8
3305,1,1,1
3305,2,1,1
3305,3,1,2
3305,4,1,2
3305,5,1,1
3305,6,1,0
3305,7,1,2
3305,8,1,1
3305,9,1,4
3305,10,1,3
3305,11,1,3
3305,12,1,2
3306,0,1,4
3306,1,1,2
3306,2,1,4
3306,3,1,2
3306,4,1,3
3306,5,1,7
3306,6,1,0
3306,7,1,2
3306,8,1,2
3306,9,1,3
3306,10,1,2
3306,11,1,5
3306,12,1,3
3307,0,1,11
3307,1,1,3
3307,2,1,6
3307,3,1,5
3307,4,1,3
3307,5,1,7
3307,6,1,1
3307,7,1,4
3307,8,1,7
3307,9,1,2
3307,10,1,3
3307,11,1,3
3307,12,1,5
3308,0,1,3
3308,1,1,2
3308,2,1,3
3308,3,0,0
3308,4,0,0
3308,5,0,0
3308,6,0,0
3308,7,0,0
3308,8,0,0
3308,9,0,0
3308,10,0,0
3308,11,0,0
3308,12,0,0
3309,0,1,7
3309,1,1,0
3309,2,1,3
3309,3,1,3
3309,4,1,0
3309,5,1,6
3309,6,1,3
3309,7,1,2
3309,8,1,0
3309,9,1,2
3309,10,1,6
3309,11,1,0
3309,12,1,4
3310,0,1,2
3310,1,1,0
3310,2,0,0
3310,3,0,0
3310,4,0,0
3310,5,0,0
3310,6,0,0
3310,7,0,0
3310,8,0,0
3310,9,0,0
3310,10,0,0
3310,11,0,0
3310,12,0,0
3311,0,1,5
3311,1,1,5
3311,2,1,5
3311,3,1,2
3311,4,1,3
3311,5,0,0
3311,6,0,0
3311,7,0,0
3311,8,0,0
3311,9,0,0
3311,10,0,0
3311,11,0,0
3311,12,0,0
3312,0,1,5
3312,1,1,2
3312,2,1,1
3312,3,1,3
3312,4,1,5
3312,5,1,3
3312,6,1,5
3312,7,0,0
3312,8,0,0
3312,9,0,0
3312,10,0,0
3312,11,0,0
3312,12,0,0
3313,0,1,5
3313,1,1,1
3313,2,0,0
3313,3,0,0
3313,4,0,0
3313,5,0,0
3313,6,0,0
3313,7,0,0
3313,8,0,0
3313,9,0,0
3313,10,0,0
3313,11,0,0
3313,12,0,0
3314,0,1,4
3314,1,1,4
3314,2,1,2
3314,3,1,1
3314,4,1,3
3314,5,1,3
3314,6,1,1
3314,7,1,4
3314,8,1,2
3314,9,1,2
3314,10,1,5
3314,11,1,7
3314,12,1,0
3315,0,1,6
3315,1,1,2
3315,2,1,2
3315,3,1,2
3315,4,1,2
3315,5,1,5
3315,6,1,2
3315,7,1,2
3315,8,1,0
3315,9,1,1
3315,10,1,2
3315,11,1,1
3315,12,1,3
3316,0,1,5
3316,1,1,1
3316,2,1,2
3316,3,1,4
3316,4,1,1
3316,5,1,2
3316,6,1,1
3316,7,1,0
3316,8,1,2
3316,9,1,1
3316,10,1,1
3316,11,0,0
3316,12,0,0
3317,0,1,5
3317,1,1,4
3317,2,1,1
3317,3,1,5
3317,4,1,4
3317,5,0,0
3317,6,0,0
3317,7,0,0
3317,8,0,0
3317,9,0,0
3317,10,0,0
3317,11,0,0
3317,12,0,0
3318,0,1,5
3318,1,1,6
3318,2,1,2
3318,3,1,1
3318,4,1,4
3318,5,1,4
3318,6,1,1
3318,7,1,5
3318,8,1,2
3318,9,0,0
3318,10,0,0
3318,11,0,0
3318,12,0,0
3319,0,1,5
3319,1,1,6
3319,2,1,4
3319,3,1,5
3319,4,1,5
3319,5,1,3
3319,6,1,7
3319,7,1,4
3319,8,1,2
3319,9,1,2
3319,10,1,1
3319,11,1,5
3319,12,1,4
3320,0,1,8
3320,1,1,5
3320,2,1,2
3320,3,1,3
3320,4,1,2
3320,5,1,0
3320,6,1,5
3320,7,1,2
3320,8,1,4
3320,9,1,1
3320,10,1,3
3320,11,1,4
3320,12,1,3
3321,0,1,8
3321,1,1,1
3321,2,1,1
3321,3,1,3
3321,4,1,2
3321,5,1,0
3321,6,1,0
3321,7,1,1
3321,8,1,2
3321,9,1,2
3321,10,1,2
3321,11,0,0
3321,12,0,0
3322,0,1,5
3322,1,1,3
3322,2,1,1
3322,3,1,1
3322,4,1,3
3322,5,1,4
3322,6,1,2
3322,7,1,4
3322,8,1,2
3322,9,1,2
3322,10,0,0
3322,11,0,0
3322,12,0,0
3323,0,1,6
3323,1,1,3
3323,2,1,3
3323,3,1,0
3323,4,1,4
3323,5,1,2
3323,6,0,0
3323,7,0,0
3323,8,0,0
3323,9,0,0
3323,10,0,0
3323,11,0,0
3323,12,0,0
3324,0,1,3
3324,1,1,2
3324,2,1,2
3324,3,1,3
3324,4,1,2
3324,5,1,3
3324,6,1,4
3324,7,1,2
3324,8,1,1
3324,9,1,2
3324,10,1,2
3324,11,1,5
3324,12,1,2
3325,0,1,3
3325,1,1,5
3325,2,1,2
3325,3,1,5
3325,4,1,0
3325,5,1,6
3325,6,1,6
3325,7,1,8
3325,8,1,5
3325,9,1,2
3325,10,1,4
3325,11,1,2
3325,12,1,2
3326,0,1,1
3326,1,1,2
3326,2,1,2
3326,3,1,5
3326,4,1,1
3326,5,0,0
3326,6,0,0
3326,7,0,0
3326,8,0,0
3326,9,0,0
3326,10,0,0
3326,11,0,0
3326,12,0,0
3327,0,1,7
3327,1,1,2
3327,2,1,1
3327,3,1,5
3327,4,1,4
3327,5,1,2
3327,6,0,0
3327,7,0,0
3327,8,0,0
3327,9,0,0
3327,10,0,0
3327,11,0,0
3327,12,0,0
3328,0,1,8
3328,1,0,0
3328,2,0,0
3328,3,0,0
3328,4,0,0
3328,5,0,0
3328,6,0,0
3328,7,0,0
3328,8,0,0
3328,9,0,0
3328,10,0,0
3328,11,0,0
3328,12,0,0
3329,0,1,7
3329,1,1,3
3329,2,1,1
3329,3,1,4
3329,4,1,3
3329,5,1,6
3329,6,1,6
3329,7,1,3
3329,8,1,2
3329,9,1,2
3329,10,1,3
3329,11,0,0
3329,12,0,0
3330,0,1,4
3330,1,0,0
3330,2,0,0
3330,3,0,0
3330,4,0,0
3330,5,0,0
3330,6,0,0
3330,7,0,0
3330,8,0,0
3330,9,0,0
3330,10,0,0
3330,11,0,0
3330,12,0,0
3331,0,1,5
3331,1,1,2
3331,2,1,6
3331,3,1,4
3331,4,1,4
3331,5,1,2
3331,6,1,2
3331,7,1,4
3331,8,1,4
3331,9,1,2
3331,10,1,1
3331,11,1,4
3331,12,1,2
3332,0,1,8
3332,1,1,4
3332,2,1,4
3332,3,1,0
3332,4,1,3
3332,5,1,5
3332,6,1,8
3332,7,1,1
3332,8,1,2
3332,9,1,5
3332,10,1,3
3332,11,1,4
3332,12,1,6
3333,0,1,12
3333,1,1,3
3333,2,1,2
3333,3,1,4
3333,4,1,2
3333,5,1,5
3333,6,1,2
3333,7,1,3
3333,8,1,6
3333,9,1,5
3333,10,1,4
3333,11,1,3
3333,12,1,1
3334,0,1,4
3334,1,1,1
3334,2,1,1
3334,3,1,1
3334,4,1,3
3334,5,1,3
3334,6,0,0
3334,7,0,0
3334,8,0,0
3334,9,0,0
3334,10,0,0
3334,11,0,0
3334,12,0,0
3335,0,1,6
3335,1,1,1
3335,2,0,0
3335,3,0,0
3335,4,0,0
3335,5,0,0
3335,6,0,0
3335,7,0,0
3335,8,0,0
3335,9,0,0
3335,10,0,0
3335,11,0,0
3335,12,0,0
3336,0,1,3
3336,1,1,6
3336,2,1,1
3336,3,1,2
3336,4,1,4
3336,5,1,4
3336,6,1,3
3336,7,1,3
3336,8,1,3
3336,9,1,3
3336,10,1,2
3336,11,1,4
3336,12,1,5
3337,0,1,5
3337,1,1,2
3337,2,1,4
3337,3,1,1
3337,4,1,1
3337,5,1,0
3337,6,0,0
3337,7,0,0
3337,8,0,0
3337,9,0,0
3337,10,0,0
3337,11,0,0
3337,12,0,0
3338,0,1,3
3338,1,1,3
3338,2,1,5
3338,3,1,2
3338,4,1,3
3338,5,1,4
3338,6,1,0
3338,7,1,1
3338,8,1,0
3338,9,1,3
3338,10,0,0
3338,11,0,0
3338,12,0,0
3339,0,1,5
3339,1,1,5
3339,2,1,5
3339,3,1,3
3339,4,1,6
3339,5,1,3
3339,6,1,2
3339,7,1,5
3339,8,1,5
3339,9,1,6
3339,10,1,2
3339,11,1,1
3339,12,1,6
3340,0,1,8
3340,1,1,1
3340,2,1,2
3340,3,1,3
3340,4,1,3
3340,5,1,2
3340,6,1,2
3340,7,1,2
3340,8,1,2
3340,9,1,3
3340,10,1,2
3340,11,1,5
3340,12,0,0
3341,0,1,5
3341,1,1,6
3341,2,1,6
3341,3,1,5
3341,4,1,3
3341,5,1,4
3341,6,1,3
3341,7,1,4
3341,8,0,0
3341,9,0,0
3341,10,0,0
3341,11,0,0
3341,12,0,0
3342,0,1,2
3342,1,1,2
3342,2,1,2
3342,3,1,0
3342,4,1,4
3342,5,1,1
3342,6,1,4
3342,7,1,2
3342,8,1,1
3342,9,1,4
3342,10,1,2
3342,11,1,1
3342,12,1,2
3343,0,1,5
3343,1,1,1
3343,2,1,2
3343,3,1,2
3343,4,1,4
3343,5,1,1
3343,6,1,2
3343,7,1,1
3343,8,1,1
3343,9,1,5
3343,10,1,4
3343,11,1,1
3343,12,1,3
3344,0,1,4
3344,1,0,0
3344,2,0,0
3344,3,0,0
3344,4,0,0
3344,5,0,0
3344,6,0,0
3344,7,0,0
3344,8,0,0
3344,9,0,0
3344,10,0,0
3344,11,0,0
3344,12,0,0
3345,0,1,8
3345,1,1,3
3345,2,1,1
3345,3,1,3
3345,4,1,6
3345,5,1,4
3345,6,1,1
3345,7,1,4
3345,8,0,0
3345,9,0,0
3345,10,0,0
3345,11,0,0
3345,12,0,0
3346,0,1,4
3346,1,1,2
3346,2,1,3
3346,3,1,6
3346,4,1,4
3346,5,1,3
3346,6,1,5
3346,7,1,3
3346,8,1,6
3346,9,1,2
3346,10,1,6
3346,11,1,4
3346,12,1,1
3347,0,1,7
3347,1,1,3
3347,2,1,3
3347,3,1,6
3347,4,1,7
3347,5,1,1
3347,6,1,3
3347,7,1,6
3347,8,1,4
3347,9,1,2
3347,10,1,4
3347,11,0,0
3347,12,0,0
3348,0,1,6
3348,1,1,3
3348,2,1,4
3348,3,1,2
3348,4,1,2
3348,5,1,4
3348,6,1,4
3348,7,1,0
3348,8,1,7
3348,9,1,3
3348,10,1,2
3348,11,1,2
3348,12,1,0
3349,0,1,5
3349,1,0,0
3349,2,0,0
3349,3,0,0
3349,4,0,0
3349,5,0,0
3349,6,0,0
3349,7,0,0
3349,8,0,0
3349,9,0,0
3349,10,0,0
3349,11,0,0
3349,12,0,0
3350,0,1,5
3350,1,1,3
3350,2,1,3
3350,3,1,1
3350,4,1,1
3350,5,1,2
3350,6,1,1
3350,7,1,2
3350,8,1,1
3350,9,1,0
3350,10,1,2
3350,11,1,4
3350,12,1,2
3351,0,1,8
3351,1,1,5
3351,2,1,4
3351,3,0,0
3351,4,0,0
3351,5,0,0
3351,6,0,0
3351,7,0,0
3351,8,0,0
3351,9,0,0
3351,10,0,0
3351,11,0,0
3351,12,0,0
3352,0,1,5
3352,1,1,7
3352,2,1,3
3352,3,1,9
3352,4,1,2
3352,5,1,2
3352,6,1,6
3352,7,1,3
3352,8,1,5
3352,9,1,3
3352,10,0,0
3352,11,0,0
3352,12,0,0
3353,0,1,5
3353,1,1,4
3353,2,1,1
3353,3,1,4
3353,4,1,5
3353,5,1,3
3353,6,1,1
3353,7,0,0
3353,8,0,0
3353,9,0,0
3353,10,0,0
3353,11,0,0
3353,12,0,0
3354,0,1,4
3354,1,1,2
3354,2,1,3
3354,3,1,3
3354,4,1,6
3354,5,1,4
3354,6,1,2
3354,7,0,0
3354,8,0,0
3354,9,0,0
3354,10,0,0
3354,11,0,0
3354,12,0,0
3355,0,1,5
3355,1,1,2
3355,2,1,4
3355,3,0,0
3355,4,0,0
3355,5,0,0
3355,6,0,0
3355,7,0,0
3355,8,0,0
3355,9,0,0
3355,10,0,0
3355,11,0,0
3355,12,0,0
3356,0,1,4
3356,1,1,4
3356,2,1,4
3356,3,1,3
3356,4,1,3
3356,5,0,0
3356,6,0,0
3356,7,0,0
3356,8,0,0
3356,9,0,0
3356,10,0,0
3356,11,0,0
3356,12,0,0
3357,0,1,5
3357,1,1,5
3357,2,1,0
3357,3,0,0
3357,4,0,0
3357,5,0,0
3357,6,0,0
3357,7,0,0
3357,8,0,0
3357,9,0,0
3357,10,0,0
3357,11,0,0
3357,12,0,0
3358,0,1,5
3358,1,1,1
3358,2,1,3
3358,3,1,0
3358,4,1,4
3358,5,1,1
3358,6,1,1
3358,7,1,6
3358,8,1,5
3358,9,1,6
3358,10,1,5
3358,11,1,5
3358,12,1,6
3359,0,1,4
3359,1,1,1
3359,2,1,3
3359,3,0,0
3359,4,0,0
3359,5,0,0
3359,6,0,0
3359,7,0,0
3359,8,0,0
3359,9,0,0
3359,10,0,0
3359,11,0,0
3359,12,0,0
3360,0,1,5
3360,1,1,2
3360,2,0,0
3360,3,0,0
3360,4,0,0
3360,5,0,0
3360,6,0,0
3360,7,0,0
3360,8,0,0
3360,9,0,0
3360,10,0,0
3360,11,0,0
3360,12,0,0
3361,0,1,5
3361,1,1,4
3361,2,1,1
3361,3,1,5
3361,4,1,6
3361,5,1,1
3361,6,1,1
3361,7,1,3
3361,8,1,6
3361,9,1,5
3361,10,1,5
3361,11,1,4
3361,12,1,4
3362,0,1,2
3362,1,1,2
3362,2,1,3
3362,3,1,2
3362,4,0,0
3362,5,0,0
3362,6,0,0
3362,7,0,0
3362,8,0,0
3362,9,0,0
3362,10,0,0
3362,11,0,0
3362,12,0,0
3363,0,1,6
3363,1,1,3
3363,2,1,3
3363,3,1,1
3363,4,1,1
3363,5,0,0
3363,6,0,0
3363,7,0,0
3363,8,0,0
3363,9,0,0
3363,10,0,0
3363,11,0,0
3363,12,0,0
3364,0,1,2
3364,1,1,1
3364,2,1,3
3364,3,1,2
3364,4,1,2
3364,5,1,2
3364,6,1,2
3364,7,1,3
3364,8,1,0
3364,9,1,3
3364,10,1,1
3364,11,1,2
3364,12,1,0
3365,0,1,5
3365,1,1,5
3365,2,1,4
3365,3,0,0
3365,4,0,0
3365,5,0,0
3365,6,0,0
3365,7,0,0
3365,8,0,0
3365,9,0,0
3365,10,0,0
3365,11,0,0
3365,12,0,0
3366,0,1,7
3366,1,1,2
3366,2,1,4
3366,3,1,4
3366,4,1,5
3366,5,1,2
3366,6,1,5
3366,7,1,6
3366,8,0,0
3366,9,0,0
3366,10,0,0
3366,11,0,0
3366,12,0,0
3367,0,1,4
3367,1,1,0
3367,2,1,4
3367,3,0,0
3367,4,0,0
3367,5,0,0
3367,6,0,0
3367,7,0,0
3367,8,0,0
3367,9,0,0
3367,10,0,0
3367,11,0,0
3367,12,0,0
3368,0,1,2
3368,1,1,1
3368,2,1,1
3368,3,1,2
3368,4,1,2
3368,5,1,3
3368,6,1,2
3368,7,1,1
3368,8,1,1
3368,9,1,3
3368,10,1,3
3368,11,1,0
3368,12,1,2
3369,0,1,6
3369,1,1,4
3369,2,1,1
3369,3,1,4
3369,4,1,6
3369,5,1,4
3369,6,1,1
3369,7,1,1
3369,8,0,0
3369,9,0,0
3369,10,0,0
3369,11,0,0
3369,12,0,0
3370,0,1,3
3370,1,1,2
3370,2,1,4
3370,3,0,0
3370,4,0,0
3370,5,0,0
3370,6,0,0
3370,7,0,0
3370,8,0,0
3370,9,0,0
3370,10,0,0
3370,11,0,0
3370,12,0,0
3371,0,1,2
3371,1,1,4
3371,2,1,6
3371,3,1,1
3371,4,1,3
3371,5,0,0
3371,6,0,0
3371,7,0,0
3371,8,0,0
3371,9,0,0
3371,10,0,0
3371,11,0,0
3371,12,0,0
3372,0,1,6
3372,1,1,3
3372,2,1,1
3372,3,0,0
3372,4,0,0
3372,5,0,0
3372,6,0,0
3372,7,0,0
3372,8,0,0
3372,9,0,0
3372,10,0,0
3372,11,0,0
3372,12,0,0
3373,0,1,5
3373,1,1,4
3373,2,1,4
3373,3,1,3
3373,4,1,2
3373,5,1,5
3373,6,1,6
3373,7,1,4
3373,8,1,3
3373,9,1,1
3373,10,1,3
3373,11,1,4
3373,12,1,3
3374,0,1,3
3374,1,1,4
3374,2,1,6
3374,3,1,2
3374,4,1,2
3374,5,1,1
3374,6,1,4
3374,7,1,6
3374,8,1,5
3374,9,1,9
3374,10,1,3
3374,11,1,2
3374,12,1,6
3375,0,1,9
3375,1,1,3
3375,2,1,4
3375,3,1,9
3375,4,1,4
3375,5,1,4
3375,6,1,3
3375,7,1,3
3375,8,1,3
3375,9,1,7
3375,10,1,6
3375,11,1,1
3375,12,1,3
3376,0,1,5
3376,1,1,1
3376,2,1,1
3376,3,1,0
3376,4,1,0
3376,5,1,1
3376,6,1,1
3376,7,1,1
3376,8,1,0
3376,9,1,2
3376,10,1,1
3376,11,1,1
3376,12,1,1
3377,0,1,4
3377,1,1,4
3377,2,1,2
3377,3,1,2
3377,4,0,0
3377,5,0,0
3377,6,0,0
3377,7,0,0
3377,8,0,0
3377,9,0,0
3377,10,0,0
3377,11,0,0
3377,12,0,0
3378,0,1,5
3378,1,1,5
3378,2,1,3
3378,3,1,6
3378,4,1,2
3378,5,1,2
3378,6,1,4
3378,7,1,2
3378,8,1,1
3378,9,1,0
3378,10,1,3
3378,11,1,2
3378,12,1,3
3379,0,1,2
3379,1,0,0
3379,2,0,0
3379,3,0,0
3379,4,0,0
3379,5,0,0
3379,6,0,0
3379,7,0,0
3379,8,0,0
3379,9,0,0
3379,10,0,0
3379,11,0,0
3379,12,0,0
3380,0,1,6
3380,1,1,7
3380,2,1,1
3380,3,1,0
3380,4,1,2
3380,5,1,2
3380,6,1,1
3380,7,1,8
3380,8,1,4
3380,9,1,1
3380,10,1,1
3380,11,1,3
3380,12,1,3
3381,0,1,7
3381,1,1,0
3381,2,1,2
3381,3,1,6
3381,4,0,0
3381,5,0,0
3381,6,0,0
3381,7,0,0
3381,8,0,0
3381,9,0,0
3381,10,0,0
3381,11,0,0
3381,12,0,0
3382,0,1,6
3382,1,1,2
3382,2,1,4
3382,3,0,0
3382,4,0,0
3382,5,0,0
3382,6,0,0
3382,7,0,0
3382,8,0,0
3382,9,0,0
3382,10,0,0
3382,11,0,0
3382,12,0,0
3383,0,1,2
3383,1,1,4
3383,2,1,6
3383,3,0,0
3383,4,0,0
3383,5,0,0
3383,6,0,0
3383,7,0,0
3383,8,0,0
3383,9,0,0
3383,10,0,0
3383,11,0,0
3383,12,0,0
3384,0,1,4
3384,1,1,4
3384,2,1,3
3384,3,1,2
3384,4,1,2
3384,5,1,2
3384,6,1,5
3384,7,1,3
3384,8,1,5
3384,9,1,4
3384,10,1,2
3384,11,1,4
3384,12,1,2
3385,0,1,5
3385,1,0,0
3385,2,0,0
3385,3,0,0
3385,4,0,0
3385,5,0,0
3385,6,0,0
3385,7,0,0
3385,8,0,0
3385,9,0,0
3385,10,0,0
3385,11,0,0
3385,12,0,0
3386,0,1,2
3386,1,1,2
3386,2,1,2
3386,3,0,0
3386,4,0,0
3386,5,0,0
3386,6,0,0
3386,7,0,0
3386,8,0,0
3386,9,0,0
3386,10,0,0
3386,11,0,0
3386,12,0,0
3387,0,1,4
3387,1,1,4
3387,2,1,1
3387,3,1,3
3387,4,1,0
3387,5,1,2
3387,6,1,4
3387,7,1,3
3387,8,0,0
3387,9,0,0
3387,10,0,0
3387,11,0,0
3387,12,0,0
3388,0,1,5
3388,1,1,4
3388,2,1,2
3388,3,1,4
3388,4,1,4
3388,5,1,3
3388,6,1,2
3388,7,0,0
3388,8,0,0
3388,9,0,0
3388,10,0,0
3388,11,0,0
3388,12,0,0
3389,0,1,3
3389,1,1,2
3389,2,1,1
3389,3,1,2
3389,4,1,2
3389,5,1,1
3389,6,1,1
3389,7,1,2
3389,8,1,3
3389,9,1,4
3389,10,1,4
3389,11,1,2
3389,12,1,3
3390,0,1,6
3390,1,1,5
3390,2,1,2
3390,3,1,1
3390,4,1,5
3390,5,1,5
3390,6,1,3
3390,7,1,6
3390,8,1,6
3390,9,1,3
3390,10,1,3
3390,11,1,2
3390,12,1,2
3391,0,1,4
3391,1,1,4
3391,2,1,4
3391,3,1,2
3391,4,1,3
3391,5,0,0
3391,6,0,0
3391,7,0,0
3391,8,0,0
3391,9,0,0
3391,10,0,0
3391,11,0,0
3391,12,0,0
3392,0,1,7
3392,1,0,0
3392,2,0,0
3392,3,0,0
3392,4,0,0
3392,5,0,0
3392,6,0,0
3392,7,0,0
3392,8,0,0
3392,9,0,0
3392,10,0,0
3392,11,0,0
3392,12,0,0
3393,0,1,5
3393,1,1,5
3393,2,1,6
3393,3,1,5
3393,4,1,2
3393,5,1,1
3393,6,1,4
3393,7,1,5
3393,8,1,3
3393,9,1,4
3393,10,1,1
3393,11,1,5
3393,12,1,3
3394,0,1,3
3394,1,0,0
3394,2,0,0
3394,3,0,0
3394,4,0,0
3394,5,0,0
3394,6,0,0
3394,7,0,0
3394,8,0,0
3394,9,0,0
3394,10,0,0
3394,11,0,0
3394,12,0,0
3395,0,1,7
3395,1,1,1
3395,2,1,3
3395,3,1,2
3395,4,1,5
3395,5,0,0
3395,6,0,0
3395,7,0,0
3395,8,0,0
3395,9,0,0
3395,10,0,0
3395,11,0,0
3395,12,0,0
3396,0,1,8
3396,1,0,0
3396,2,0,0
3396,3,0,0
3396,4,0,0
3396,5,0,0
3396,6,0,0
3396,7,0,0
3396,8,0,0
3396,9,0,0
3396,10,0,0
3396,11,0,0
3396,12,0,0
3397,0,1,2
3397,1,1,2
3397,2,1,3
3397,3,1,7
3397,4,1,1
3397,5,1,3
3397,6,1,1
3397,7,1,5
3397,8,1,6
3397,9,1,3
3397,10,1,5
3397,11,1,3
3397,12,1,4
3398,0,1,7
3398,1,0,0
3398,2,0,0
3398,3,0,0
3398,4,0,0
3398,5,0,0
3398,6,0,0
3398,7,0,0
3398,8,0,0
3398,9,0,0
3398,10,0,0
3398,11,0,0
3398,12,0,0
3399,0,1,8
3399,1,1,1
3399,2,1,2
3399,3,1,3
3399,4,1,3
3399,5,1,3
3399,6,1,2
3399,7,1,2
3399,8,1,6
3399,9,1,1
3399,10,1,4
3399,11,1,0
3399,12,1,3
3400,0,1,4
3400,1,0,0
3400,2,0,0
3400,3,0,0
3400,4,0,0
3400,5,0,0
3400,6,0,0
3400,7,0,0
3400,8,0,0
3400,9,0,0
3400,10,0,0
3400,11,0,0
3400,12,0,0
3401,0,1,3
3401,1,1,5
3401,2,0,0
3401,3,0,0
3401,4,0,0
3401,5,0,0
3401,6,0,0
3401,7,0,0
3401,8,0,0
3401,9,0,0
3401,10,0,0
3401,11,0,0
3401,12,0,0
3402,0,1,6
3402,1,1,6
3402,2,1,7
3402,3,1,4
3402,4,1,3
3402,5,1,1
3402,6,1,1
3402,7,1,5
3402,8,1,7
3402,9,1,3
3402,10,1,7
3402,11,0,0
3402,12,0,0
3403,0,1,9
3403,1,1,2
3403,2,1,4
3403,3,1,4
3403,4,1,1
3403,5,1,3
3403,6,1,3
3403,7,1,1
3403,8,1,1
3403,9,1,3
3403,10,0,0
3403,11,0,0
3403,12,0,0
3404,0,1,7
3404,1,1,2
3404,2,1,2
3404,3,1,4
3404,4,1,0
3404,5,1,1
3404,6,1,3
3404,7,1,3
3404,8,1,3
3404,9,1,3
3404,10,1,3
3404,11,1,1
3404,12,1,4
3405,0,1,7
3405,1,1,2
3405,2,1,2
3405,3,1,2
3405,4,1,3
3405,5,1,2
3405,6,0,0
3405,7,0,0
3405,8,0,0
3405,9,0,0
3405,10,0,0
3405,11,0,0
3405,12,0,0
3406,0,1,4
3406,1,1,3
3406,2,1,1
3406,3,1,1
3406,4,1,2
3406,5,1,5
3406,6,1,0
3406,7,0,0
3406,8,0,0
3406,9,0,0
3406,10,0,0
3406,11,0,0
3406,12,0,0
3407,0,1,6
3407,1,1,1
3407,2,1,2
3407,3,1,2
3407,4,1,3
3407,5,1,4
3407,6,1,6
3407,7,1,4
3407,8,1,3
3407,9,1,4
3407,10,1,2
3407,11,0,0
3407,12,0,0
3408,0,1,4
3408,1,1,1
3408,2,1,2
3408,3,1,3
3408,4,1,3
3408,5,1,1
3408,6,1,1
3408,7,1,2
3408,8,1,0
3408,9,1,2
3408,10,1,3
3408,11,1,1
3408,12,1,4
3409,0,1,8
3409,1,1,3
3409,2,1,2
3409,3,1,6
3409,4,1,4
3409,5,1,3
3409,6,1,0
3409,7,1,2
3409,8,0,0
3409,9,0,0
3409,10,0,0
3409,11,0,0
3409,12,0,0
3410,0,1,3
3410,1,1,4
3410,2,1,2
3410,3,0,0
3410,4,0,0
3410,5,0,0
3410,6,0,0
3410,7,0,0
3410,8,0,0
3410,9,0,0
3410,10,0,0
3410,11,0,0
3410,12,0,0
3411,0,1,10
3411,1,1,3
3411,2,1,10
3411,3,1,5
3411,4,1,3
3411,5,1,7
3411,6,1,2
3411,7,1,3
3411,8,1,7
3411,9,1,4
3411,10,1,3
3411,11,1,4
3411,12,0,0
3412,0,1,6
3412,1,1,1
3412,2,1,4
3412,3,1,6
3412,4,0,0
3412,5,0,0
3412,6,0,0
3412,7,0,0
3412,8,0,0
3412,9,0,0
3412,10,0,0
3412,11,0,0
3412,12,0,0
3413,0,1,9
3413,1,1,1
3413,2,1,6
3413,3,1,1
3413,4,1,1
3413,5,1,2
3413,6,1,0
3413,7,1,2
3413,8,1,1
3413,9,1,1
3413,10,1,2
3413,11,1,2
3413,12,1,5
3414,0,1,3
3414,1,1,6
3414,2,1,2
3414,3,1,2
3414,4,1,3
3414,5,0,0
3414,6,0,0
3414,7,0,0
3414,8,0,0
3414,9,0,0
3414,10,0,0
3414,11,0,0
3414,12,0,0
3415,0,1,4
3415,1,1,3
3415,2,1,7
3415,3,1,3
3415,4,1,1
3415,5,1,4
3415,6,1,3
3415,7,1,2
3415,8,1,2
3415,9,1,5
3415,10,1,1
3415,11,1,4
3415,12,1,5
3416,0,1,4
3416,1,1,1
3416,2,0,0
3416,3,0,0
3416,4,0,0
3416,5,0,0
3416,6,0,0
3416,7,0,0
3416,8,0,0
3416,9,0,0
3416,10,0,0
3416,11,0,0
3416,12,0,0
3417,0,1,5
3417,1,1,4
3417,2,1,3
3417,3,1,3
3417,4,1,1
3417,5,1,3
3417,6,0,0
3417,7,0,0
3417,8,0,0
3417,9,0,0
3417,10,0,0
3417,11,0,0
3417,12,0,0
3418,0,1,3
3418,1,1,1
3418,2,1,2
3418,3,1,2
3418,4,1,8
3418,5,1,3
3418,6,0,0
3418,7,0,0
3418,8,0,0
3418,9,0,0
3418,10,0,0
3418,11,0,0
3418,12,0,0
3419,0,1,7
3419,1,0,0
3419,2,0,0
3419,3,0,0
3419,4,0,0
3419,5,0,0
3419,6,0,0
3419,7,0,0
3419,8,0,0
3419,9,0,0
3419,10,0,0
3419,11,0,0
3419,12,0,0
3420,0,1,6
3420,1,0,0
3420,2,0,0
3420,3,0,0
3420,4,0,0
3420,5,0,0
3420,6,0,0
3420,7,0,0
3420,8,0,0
3420,9,0,0
3420,10,0,0
3420,11,0,0
3420,12,0,0
3421,0,1,3
3421,1,1,4
3421,2,0,0
3421,3,0,0
3421,4,0,0
3421,5,0,0
3421,6,0,0
3421,7,0,0
3421,8,0,0
3421,9,0,0
3421,10,0,0
3421,11,0,0
3421,12,0,0
3422,0,1,5
3422,1,1,2
3422,2,1,3
3422,3,1,5
3422,4,1,2
3422,5,1,6
3422,6,1,4
3422,7,1,3
3422,8,1,3
3422,9,1,8
3422,10,1,1
3422,11,1,2
3422,12,1,2
3423,0,1,5
3423,1,1,1
3423,2,1,0
3423,3,1,0
3423,4,1,2
3423,5,1,1
3423,6,1,4
3423,7,1,1
3423,8,1,1
3423,9,1,3
3423,10,1,4
3423,11,1,2
3423,12,1,3
3424,0,1,3
3424,1,1,1
3424,2,1,0
3424,3,1,3
3424,4,1,1
3424,5,1,0
3424,6,1,4
3424,7,1,1
3424,8,1,4
3424,9,1,1
3424,10,1,5
3424,11,1,3
3424,12,1,0
3425,0,1,1
3425,1,1,5
3425,2,1,0
3425,3,1,3
3425,4,1,2
3425,5,1,3
3425,6,1,2
3425,7,0,0
3425,8,0,0
3425,9,0,0
3425,10,0,0
3425,11,0,0
3425,12,0,0
3426,0,1,5
3426,1,0,0
3426,2,0,0
3426,3,0,0
3426,4,0,0
3426,5,0,0
3426,6,0,0
3426,7,0,0
3426,8,0,0
3426,9,0,0
3426,10,0,0
3426,11,0,0
3426,12,0,0
3427,0,1,4
3427,1,1,2
3427,2,1,1
3427,3,1,0
3427,4,1,3
3427,5,1,0
3427,6,1,1
3427,7,1,2
3427,8,1,1
3427,9,1,0
3427,10,1,3
3427,11,1,3
3427,12,0,0
3428,0,1,6
3428,1,1,6
3428,2,1,2
3428,3,1,0
3428,4,1,3
3428,5,1,1
3428,6,1,1
3428,7,1,2
3428,8,1,5
3428,9,1,0
3428,10,1,0
3428,11,1,1
3428,12,0,0
3429,0,1,7
3429,1,1,4
3429,2,1,4
3429,3,1,5
3429,4,1,3
3429,5,1,1
3429,6,1,2
3429,7,1,3
3429,8,1,1
3429,9,1,2
3429,10,0,0
3429,11,0,0
3429,12,0,0
3430,0,1,5
3430,1,1,3
3430,2,1,3
3430,3,1,4
3430,4,1,3
3430,5,1,3
3430,6,1,2
3430,7,1,4
3430,8,1,5
3430,9,1,4
3430,10,0,0
3430,11,0,0
3430,12,0,0
3431,0,1,5
3431,1,1,2
3431,2,1,4
3431,3,0,0
3431,4,0,0
3431,5,0,0
3431,6,0,0
3431,7,0,0
3431,8,0,0
3431,9,0,0
3431,10,0,0
3431,11,0,0
3431,12,0,0
3432,0,1,3
3432,1,1,1
3432,2,1,2
3432,3,1,3
3432,4,1,2
3432,5,0,0
3432,6,0,0
3432,7,0,0
3432,8,0,0
3432,9,0,0
3432,10,0,0
3432,11,0,0
3432,12,0,0
3433,0,1,5
3433,1,1,2
3433,2,1,0
3433,3,1,0
3433,4,0,0
3433,5,0,0
3433,6,0,0
3433,7,0,0
3433,8,0,0
3433,9,0,0
3433,10,0,0
3433,11,0,0
3433,12,0,0
3434,0,1,3
3434,1,1,6
3434,2,0,0
3434,3,0,0
3434,4,0,0
3434,5,0,0
3434,6,0,0
3434,7,0,0
3434,8,0,0
3434,9,0,0
3434,10,0,0
3434,11,0,0
3434,12,0,0
3435,0,1,9
3435,1,1,3
3435,2,1,2
3435,3,1,1
3435,4,1,3
3435,5,1,2
3435,6,1,2
3435,7,1,2
3435,8,1,5
3435,9,1,3
3435,10,1,3
3435,11,1,4
3435,12,0,0
3436,0,1,4
3436,1,1,6
3436,2,1,3
3436,3,1,4
3436,4,1,2
3436,5,1,2
3436,6,0,0
3436,7,0,0
3436,8,0,0
3436,9,0,0
3436,10,0,0
3436,11,0,0
3436,12,0,0
3437,0,1,4
3437,1,1,2
3437,2,0,0
3437,3,0,0
3437,4,0,0
3437,5,0,0
3437,6,0,0
3437,7,0,0
3437,8,0,0
3437,9,0,0
3437,10,0,0
3437,11,0,0
3437,12,0,0
3438,0,1,3
3438,1,1,4
3438,2,1,5
3438,3,1,3
3438,4,1,4
3438,5,1,6
3438,6,1,2
3438,7,1,2
3438,8,1,6
3438,9,1,2
3438,10,0,0
3438,11,0,0
3438,12,0,0
3439,0,1,2
3439,1,1,3
3439,2,1,3
3439,3,1,4
3439,4,1,1
3439,5,1,1
3439,6,1,2
3439,7,1,3
3439,8,1,1
3439,9,1,2
3439,10,1,1
3439,11,1,2
3439,12,1,1
3440,0,1,4
3440,1,1,3
3440,2,1,2
3440,3,1,1
3440,4,0,0
3440,5,0,0
3440,6,0,0
3440,7,0,0
3440,8,0,0
3440,9,0,0
3440,10,0,0
3440,11,0,0
3440,12,0,0
3441,0,1,8
3441,1,1,0
3441,2,0,0
3441,3,0,0
3441,4,0,0
3441,5,0,0
3441,6,0,0
3441,7,0,0
3441,8,0,0
3441,9,0,0
3441,10,0,0
3441,11,0,0
3441,12,0,0
3442,0,1,5
3442,1,1,3
3442,2,1,3
3442,3,0,0
3442,4,0,0
3442,5,0,0
3442,6,0,0
3442,7,0,0
3442,8,0,0
3442,9,0,0
3442,10,0,0
3442,11,0,0
3442,12,0,0
3443,0,1,3
3443,1,1,1
3443,2,1,6
3443,3,0,0
3443,4,0,0
3443,5,0,0
3443,6,0,0
3443,7,0,0
3443,8,0,0
3443,9,0,0
3443,10,0,0
3443,11,0,0
3443,12,0,0
3444,0,1,10
3444,1,1,3
3444,2,1,4
3444,3,1,2
3444,4,1,6
3444,5,1,4
3444,6,1,2
3444,7,1,1
3444,8,1,6
3444,9,1,5
3444,10,1,4
3444,11,1,4
3444,12,1,2
3445,0,1,3
3445,1,1,0
3445,2,1,3
3445,3,1,6
3445,4,1,2
3445,5,1,1
3445,6,1,2
3445,7,1,4
3445,8,1,3
3445,9,1,5
3445,10,1,0
3445,11,1,4
3445,12,1,2
3446,0,1,5
3446,1,1,2
3446,2,1,4
3446,3,1,5
3446,4,1,2
3446,5,0,0
3446,6,0,0
3446,7,0,0
3446,8,0,0
3446,9,0,0
3446,10,0,0
3446,11,0,0
3446,12,0,0
3447,0,1,4
3447,1,1,5
3447,2,0,0
3447,3,0,0
3447,4,0,0
3447,5,0,0
3447,6,0,0
3447,7,0,0
3447,8,0,0
3447,9,0,0
3447,10,0,0
3447,11,0,0
3447,12,0,0
3448,0,1,4
3448,1,1,4
3448,2,1,4
3448,3,1,2
3448,4,1,6
3448,5,1,2
3448,6,1,0
3448,7,1,4
3448,8,1,2
3448,9,1,1
3448,10,1,1
3448,11,1,1
3448,12,1,3
3449,0,1,6
3449,1,1,2
3449,2,1,5
3449,3,1,4
3449,4,1,11
3449,5,1,5
3449,6,1,4
3449,7,1,5
3449,8,1,3
3449,9,0,0
3449,10,0,0
3449,11,0,0
3449,12,0,0
3450,0,1,3
3450,1,1,2
3450,2,1,1
3450,3,1,4
3450,4,1,1
3450,5,1,2
3450,6,1,2
3450,7,1,0
3450,8,1,3
3450,9,1,4
3450,10,1,6
3450,11,1,2
3450,12,1,3
3451,0,1,5
3451,1,1,8
3451,2,1,0
3451,3,1,1
3451,4,1,1
3451,5,1,3
3451,6,1,3
3451,7,1,4
3451,8,1,3
3451,9,1,2
3451,10,1,5
3451,11,1,6
3451,12,1,4
3452,0,1,6
3452,1,1,1
3452,2,1,2
3452,3,1,4
3452,4,0,0
3452,5,0,0
3452,6,0,0
3452,7,0,0
3452,8,0,0
3452,9,0,0
3452,10,0,0
3452,11,0,0
3452,12,0,0
3453,0,1,5
3453,1,1,4
3453,2,1,3
3453,3,1,7
3453,4,1,4
3453,5,1,6
3453,6,1,1
3453,7,1,3
3453,8,1,4
3453,9,1,2
3453,10,1,5
3453,11,1,3
3453,12,0,0
3454,0,1,4
3454,1,0,0
3454,2,0,0
3454,3,0,0
3454,4,0,0
3454,5,0,0
3454,6,0,0
3454,7,0,0
3454,8,0,0
3454,9,0,0
3454,10,0,0
3454,11,0,0
3454,12,0,0
3455,0,1,8
3455,1,1,2
3455,2,1,1
3455,3,1,4
3455,4,1,0
3455,5,1,1
3455,6,1,1
3455,7,1,3
3455,8,1,3
3455,9,1,2
3455,10,1,2
3455,11,1,1
3455,12,1,3
3456,0,1,9
3456,1,1,3
3456,2,1,1
3456,3,1,2
3456,4,1,3
3456,5,1,6
3456,6,1,4
3456,7,1,2
3456,8,1,2
3456,9,1,4
3456,10,1,0
3456,11,1,2
3456,12,1,0
3457,0,1,4
3457,1,0,0
3457,2,0,0
3457,3,0,0
3457,4,0,0
3457,5,0,0
3457,6,0,0
3457,7,0,0
3457,8,0,0
3457,9,0,0
3457,10,0,0
3457,11,0,0
3457,12,0,0
3458,0,1,5
3458,1,1,3
3458,2,1,4
3458,3,0,0
3458,4,0,0
3458,5,0,0
3458,6,0,0
3458,7,0,0
3458,8,0,0
3458,9,0,0
3458,10,0,0
3458,11,0,0
3458,12,0,0
3459,0,1,8
3459,1,1,7
3459,2,1,1
3459,3,0,0
3459,4,0,0
3459,5,0,0
3459,6,0,0
3459,7,0,0
3459,8,0,0
3459,9,0,0
3459,10,0,0
3459,11,0,0
3459,12,0,0
3460,0,1,3
3460,1,1,4
3460,2,0,0
3460,3,0,0
3460,4,0,0
3460,5,0,0
3460,6,0,0
3460,7,0,0
3460,8,0,0
3460,9,0,0
3460,10,0,0
3460,11,0,0
3460,12,0,0
3461,0,1,4
3461,1,1,6
3461,2,1,4
3461,3,1,2
3461,4,1,0
3461,5,1,4
3461,6,0,0
3461,7,0,0
3461,8,0,0
3461,9,0,0
3461,10,0,0
3461,11,0,0
3461,12,0,0
3462,0,1,4
3462,1,1,0
3462,2,1,4
3462,3,0,0
3462,4,0,0
3462,5,0,0
3462,6,0,0
3462,7,0,0
3462,8,0,0
3462,9,0,0
3462,10,0,0
3462,11,0,0
3462,12,0,0
3463,0,1,8
3463,1,1,9
3463,2,1,8
3463,3,1,3
3463,4,1,1
3463,5,1,3
3463,6,1,3
3463,7,1,4
3463,8,1,4
3463,9,1,0
3463,10,1,4
3463,11,1,5
3463,12,1,3
3464,0,1,4
3464,1,1,1
3464,2,1,3
3464,3,1,2
3464,4,1,2
3464,5,1,1
3464,6,1,1
3464,7,1,1
3464,8,1,3
3464,9,1,3
3464,10,1,5
3464,11,1,3
3464,12,1,4
3465,0,1,9
3465,1,1,4
3465,2,1,2
3465,3,0,0
3465,4,0,0
3465,5,0,0
3465,6,0,0
3465,7,0,0
3465,8,0,0
3465,9,0,0
3465,10,0,0
3465,11,0,0
3465,12,0,0
3466,0,1,5
3466,1,1,3
3466,2,1,3
3466,3,1,3
3466,4,1,1
3466,5,0,0
3466,6,0,0
3466,7,0,0
3466,8,0,0
3466,9,0,0
3466,10,0,0
3466,11,0,0
3466,12,0,0
3467,0,1,3
3467,1,1,3
3467,2,1,0
3467,3,1,3
3467,4,1,3
3467,5,1,0
3467,6,1,4
3467,7,1,1
3467,8,1,4
3467,9,1,3
3467,10,1,6
3467,11,1,3
3467,12,1,5
3468,0,1,3
3468,1,1,2
3468,2,1,2
3468,3,1,2
3468,4,1,1
3468,5,0,0
3468,6,0,0
3468,7,0,0
3468,8,0,0
3468,9,0,0
3468,10,0,0
3468,11,0,0
3468,12,0,0
3469,0,1,3
3469,1,1,6
3469,2,1,5
3469,3,1,2
3469,4,0,0
3469,5,0,0
3469,6,0,0
3469,7,0,0
3469,8,0,0
3469,9,0,0
3469,10,0,0
3469,11,0,0
3469,12,0,0
3470,0,1,7
3470,1,1,3
3470,2,0,0
3470,3,0,0
3470,4,0,0
3470,5,0,0
3470,6,0,0
3470,7,0,0
3470,8,0,0
3470,9,0,0
3470,10,0,0
3470,11,0,0
3470,12,0,0
3471,0,1,4
3471,1,1,3
3471,2,1,2
3471,3,0,0
3471,4,0,0
3471,5,0,0
3471,6,0,0
3471,7,0,0
3471,8,0,0
3471,9,0,0
3471,10,0,0
3471,11,0,0
3471,12,0,0
3472,0,1,7
3472,1,1,4
3472,2,1,5
3472,3,1,3
3472,4,1,3
3472,5,1,3
3472,6,1,3
3472,7,1,4
3472,8,1,4
3472,9,1,4
3472,10,1,4
3472,11,1,6
3472,12,1,5
3473,0,1,4
3473,1,1,3
3473,2,1,7
3473,3,1,2
3473,4,1,1
3473,5,1,2
3473,6,1,3
3473,7,1,3
3473,8,1,3
3473,9,1,4
3473,10,1,3
3473,11,1,4
3473,12,1,2
3474,0,1,8
3474,1,1,4
3474,2,1,6
3474,3,1,4
3474,4,1,4
3474,5,1,6
3474,6,1,6
3474,7,1,3
3474,8,1,2
3474,9,1,3
3474,10,1,2
3474,11,1,2
3474,12,1,1
3475,0,1,4
3475,1,1,5
3475,2,1,2
3475,3,1,4
3475,4,1,8
3475,5,1,1
3475,6,1,4
3475,7,1,0
3475,8,1,4
3475,9,1,5
3475,10,1,2
3475,11,1,3
3475,12,1,4
3476,0,1,3
3476,1,1,6
3476,2,1,1
3476,3,1,4
3476,4,1,4
3476,5,1,2
3476,6,1,6
3476,7,1,6
3476,8,1,3
3476,9,1,2
3476,10,1,2
3476,11,1,0
3476,12,1,0
3477,0,1,4
3477,1,1,4
3477,2,1,3
3477,3,0,0
3477,4,0,0
3477,5,0,0
3477,6,0,0
3477,7,0,0
3477,8,0,0
3477,9,0,0
3477,10,0,0
3477,11,0,0
3477,12,0,0
3478,0,1,8
3478,1,1,1
3478,2,1,4
3478,3,1,0
3478,4,1,2
3478,5,1,2
3478,6,1,5
3478,7,1,3
3478,8,1,2
3478,9,1,1
3478,10,1,2
3478,11,1,1
3478,12,1,2
3479,0,1,8
3479,1,1,4
3479,2,0,0
3479,3,0,0
3479,4,0,0
3479,5,0,0
3479,6,0,0
3479,7,0,0
3479,8,0,0
3479,9,0,0
3479,10,0,0
3479,11,0,0
3479,12,0,0
3480,0,1,6
3480,1,1,3
3480,2,0,0
3480,3,0,0
3480,4,0,0
3480,5,0,0
3480,6,0,0
3480,7,0,0
3480,8,0,0
3480,9,0,0
3480,10,0,0
3480,11,0,0
3480,12,0,0
3481,0,1,4
3481,1,1,3
3481,2,1,2
3481,3,1,4
3481,4,1,1
3481,5,1,1
3481,6,1,5
3481,7,1,0
3481,8,1,2
3481,9,1,2
3481,10,1,3
3481,11,1,2
3481,12,1,3
3482,0,1,2
3482,1,1,1
3482,2,1,0
3482,3,1,2
3482,4,1,2
3482,5,0,0
3482,6,0,0
3482,7,0,0
3482,8,0,0
3482,9,0,0
3482,10,0,0
3482,11,0,0
3482,12,0,0
3483,0,1,3
3483,1,0,0
3483,2,0,0
3483,3,0,0
3483,4,0,0
3483,5,0,0
3483,6,0,0
3483,7,0,0
3483,8,0,0
3483,9,0,0
3483,10,0,0
3483,11,0,0
3483,12,0,0
3484,0,1,10
3484,1,1,1
3484,2,1,2
3484,3,0,0
3484,4,0,0
3484,5,0,0
3484,6,0,0
3484,7,0,0
3484,8,0,0
3484,9,0,0
3484,10,0,0
3484,11,0,0
3484,12,0,0
3485,0,1,5
3485,1,1,3
3485,2,1,6
3485,3,1,5
3485,4,1,3
3485,5,0,0
3485,6,0,0
3485,7,0,0
3485,8,0,0
3485,9,0,0
3485,10,0,0
3485,11,0,0
3485,12,0,0
3486,0,1,4
3486,1,1,3
3486,2,1,1
3486,3,1,1
3486,4,1,1
3486,5,1,1
3486,6,1,1
3486,7,1,0
3486,8,1,2
3486,9,1,3
3486,10,1,1
3486,11,1,1
3486,12,1,2
3487,0,1,5
3487,1,1,6
3487,2,1,2
3487,3,1,2
3487,4,1,3
3487,5,1,4
3487,6,1,2
3487,7,1,3
3487,8,0,0
3487,9,0,0
3487,10,0,0
3487,11,0,0
3487,12,0,0
3488,0,1,9
3488,1,1,2
3488,2,1,3
3488,3,1,1
3488,4,1,2
3488,5,0,0
3488,6,0,0
3488,7,0,0
3488,8,0,0
3488,9,0,0
3488,10,0,0
3488,11,0,0
3488,12,0,0
3489,0,1,6
3489,1,1,5
3489,2,1,5
3489,3,0,0
3489,4,0,0
3489,5,0,0
3489,6,0,0
3489,7,0,0
3489,8,0,0
3489,9,0,0
3489,10,0,0
3489,11,0,0
3489,12,0,0
3490,0,1,5
3490,1,1,0
3490,2,1,7
3490,3,1,4
3490,4,1,7
3490,5,1,6
3490,6,1,7
3490,7,0,0
3490,8,0,0
3490,9,0,0
3490,10,0,0
3490,11,0,0
3490,12,0,0
3491,0,1,6
3491,1,1,1
3491,2,1,5
3491,3,1,7
3491,4,1,3
3491,5,1,6
3491,6,1,4
3491,7,1,5
3491,8,1,4
3491,9,1,4
3491,10,1,2
3491,11,1,1
3491,12,1,3
3492,0,1,6
3492,1,1,6
3492,2,1,4
3492,3,1,5
3492,4,1,4
3492,5,1,7
3492,6,0,0
3492,7,0,0
3492,8,0,0
3492,9,0,0
3492,10,0,0
3492,11,0,0
3492,12,0,0
3493,0,1,4
3493,1,1,2
3493,2,1,1
3493,3,1,2
3493,4,1,3
3493,5,1,2
3493,6,1,5
3493,7,1,2
3493,8,1,2
3493,9,1,4
3493,10,1,1
3493,11,1,4
3493,12,1,2
3494,0,1,3
3494,1,1,2
3494,2,0,0
3494,3,0,0
3494,4,0,0
3494,5,0,0
3494,6,0,0
3494,7,0,0
3494,8,0,0
3494,9,0,0
3494,10,0,0
3494,11,0,0
3494,12,0,0
3495,0,1,6
3495,1,1,3
3495,2,1,6
3495,3,1,2
3495,4,1,8
3495,5,1,1
3495,6,1,7
3495,7,1,7
3495,8,1,7
3495,9,1,1
3495,10,1,1
3495,11,1,3
3495,12,1,5
3496,0,1,5
3496,1,1,2
3496,2,1,2
3496,3,1,2
3496,4,1,3
3496,5,1,5
3496,6,0,0
3496,7,0,0
3496,8,0,0
3496,9,0,0
3496,10,0,0
3496,11,0,0
3496,12,0,0
3497,0,1,3
3497,1,1,0
3497,2,1,0
3497,3,1,1
3497,4,1,1
3497,5,1,1
3497,6,0,0
3497,7,0,0
3497,8,0,0
3497,9,0,0
3497,10,0,0
3497,11,0,0
3497,12,0,0
3498,0,1,5
3498,1,1,3
3498,2,1,3
3498,3,0,0
3498,4,0,0
3498,5,0,0
3498,6,0,0
3498,7,0,0
3498,8,0,0
3498,9,0,0
3498,10,0,0
3498,11,0,0
3498,12,0,0
3499,0,1,4
3499,1,1,3
3499,2,1,2
3499,3,1,4
3499,4,1,1
3499,5,1,3
3499,6,1,1
3499,7,0,0
3499,8,0,0
3499,9,0,0
3499,10,0,0
3499,11,0,0
3499,12,0,0
3500,0,1,5
3500,1,1,3
3500,2,1,6
3500,3,1,3
3500,4,1,6
3500,5,1,5
3500,6,1,3
3500,7,1,5
3500,8,1,0
3500,9,1,1
3500,10,1,4
3500,11,1,5
3500,12,1,5
3501,0,1,7
3501,1,1,6
3501,2,1,3
3501,3,0,0
3501,4,0,0
3501,5,0,0
3501,6,0,0
3501,7,0,0
3501,8,0,0
3501,9,0,0
3501,10,0,0
3501,11,0,0
3501,12,0,0
3502,0,1,9
3502,1,1,7
3502,2,1,1
3502,3,1,6
3502,4,1,7
3502,5,1,2
3502,6,1,5
3502,7,1,2
3502,8,1,5
3502,9,0,0
3502,10,0,0
3502,11,0,0
3502,12,0,0
3503,0,1,3
3503,1,1,5
3503,2,1,3
3503,3,1,3
3503,4,1,4
3503,5,1,2
3503,6,1,0
3503,7,1,5
3503,8,1,5
3503,9,1,3
3503,10,1,2
3503,11,1,3
3503,12,1,2
3504,0,1,6
3504,1,1,3
3504,2,1,4
3504,3,1,5
3504,4,1,4
3504,5,1,5
3504,6,1,5
3504,7,1,3
3504,8,1,2
3504,9,1,2
3504,10,1,2
3504,11,1,4
3504,12,1,3
3505,0,1,4
3505,1,1,4
3505,2,1,0
3505,3,1,3
3505,4,1,4
3505,5,1,3
3505,6,1,3
3505,7,1,2
3505,8,1,4
3505,9,1,0
3505,10,1,1
3505,11,0,0
3505,12,0,0
3506,0,1,4
3506,1,1,1
3506,2,1,6
3506,3,1,2
3506,4,1,0
3506,5,1,0
3506,6,1,0
3506,7,1,1
3506,8,0,0
3506,9,0,0
3506,10,0,0
3506,11,0,0
3506,12,0,0
3507,0,1,4
3507,1,1,3
3507,2,1,2
3507,3,1,2
3507,4,1,7
3507,5,0,0
3507,6,0,0
3507,7,0,0
3507,8,0,0
3507,9,0,0
3507,10,0,0
3507,11,0,0
3507,12,0,0
3508,0,1,4
3508,1,1,5
3508,2,1,4
3508,3,1,5
3508,4,0,0
3508,5,0,0
3508,6,0,0
3508,7,0,0
3508,8,0,0
3508,9,0,0
3508,10,0,0
3508,11,0,0
3508,12,0,0
3509,0,1,3
3509,1,1,2
3509,2,1,2
3509,3,1,3
3509,4,1,1
3509,5,1,3
3509,6,1,2
3509,7,1,1
3509,8,1,3
3509,9,1,7
3509,10,1,1
3509,11,1,5
3509,12,1,1
3510,0,1,5
3510,1,1,2
3510,2,1,3
3510,3,1,3
3510,4,1,3
3510,5,1,5
3510,6,1,1
3510,7,1,1
3510,8,1,5
3510,9,1,2
3510,10,1,2
3510,11,1,4
3510,12,1,4
3511,0,1,4
3511,1,1,4
3511,2,1,1
3511,3,1,6
3511,4,1,4
3511,5,0,0
3511,6,0,0
3511,7,0,0
3511,8,0,0
3511,9,0,0
3511,10,0,0
3511,11,0,0
3511,12,0,0
3512,0,1,5
3512,1,1,5
3512,2,1,4
3512,3,0,0
3512,4,0,0
3512,5,0,0
3512,6,0,0
3512,7,0,0
3512,8,0,0
3512,9,0,0
3512,10,0,0
3512,11,0,0
3512,12,0,0
3513,0,1,7
3513,1,1,7
3513,2,1,0
3513,3,1,6
3513,4,0,0
3513,5,0,0
3513,6,0,0
3513,7,0,0
3513,8,0,0
3513,9,0,0
3513,10,0,0
3513,11,0,0
3513,12,0,0
3514,0,1,6
3514,1,1,1
3514,2,1,5
3514,3,1,5
3514,4,1,4
3514,5,1,3
3514,6,1,3
3514,7,1,3
3514,8,1,3
3514,9,1,4
3514,10,1,3
3514,11,1,2
3514,12,0,0
3515,0,1,6
3515,1,1,4
3515,2,1,5
3515,3,0,0
3515,4,0,0
3515,5,0,0
3515,6,0,0
3515,7,0,0
3515,8,0,0
3515,9,0,0
3515,10,0,0
3515,11,0,0
3515,12,0,0
3516,0,1,6
3516,1,1,5
3516,2,1,1
3516,3,1,1
3516,4,1,6
3516,5,1,2
3516,6,0,0
3516,7,0,0
3516,8,0,0
3516,9,0,0
3516,10,0,0
3516,11,0,0
3516,12,0,0
3517,0,1,6
3517,1,1,1
3517,2,1,0
3517,3,1,2
3517,4,1,0
3517,5,1,4
3517,6,1,3
3517,7,1,4
3517,8,1,1
3517,9,1,2
3517,10,1,1
3517,11,1,2
3517,12,1,4
3518,0,1,6
3518,1,1,2
3518,2,1,5
3518,3,1,2
3518,4,1,1
3518,5,1,2
3518,6,1,3
3518,7,1,2
3518,8,1,1
3518,9,1,7
3518,10,1,0
3518,11,1,2
3518,12,1,0
3519,0,1,3
3519,1,1,4
3519,2,1,2
3519,3,1,1
3519,4,1,5
3519,5,1,6
3519,6,1,3
3519,7,1,3
3519,8,1,7
3519,9,1,6
3519,10,1,1
3519,11,1,3
3519,12,1,6
3520,0,1,7
3520,1,1,2
3520,2,1,8
3520,3,1,2
3520,4,0,0
3520,5,0,0
3520,6,0,0
3520,7,0,0
3520,8,0,0
3520,9,0,0
3520,10,0,0
3520,11,0,0
3520,12,0,0
3521,0,1,3
3521,1,1,4
3521,2,1,2
3521,3,1,1
3521,4,1,5
3521,5,1,4
3521,6,0,0
3521,7,0,0
3521,8,0,0
3521,9,0,0
3521,10,0,0
3521,11,0,0
3521,12,0,0
3522,0,1,5
3522,1,1,7
3522,2,1,4
3522,3,1,4
3522,4,0,0
3522,5,0,0
3522,6,0,0
3522,7,0,0
3522,8,0,0
3522,9,0,0
3522,10,0,0
3522,11,0,0
3522,12,0,0
3523,0,1,2
3523,1,1,2
3523,2,1,2
3523,3,0,0
3523,4,0,0
3523,5,0,0
3523,6,0,0
3523,7,0,0
3523,8,0,0
3523,9,0,0
3523,10,0,0
3523,11,0,0
3523,12,0,0
3524,0,1,5
3524,1,1,4
3524,2,1,5
3524,3,1,2
3524,4,1,4
3524,5,1,4
3524,6,1,2
3524,7,1,5
3524,8,1,5
3524,9,1,1
3524,10,1,4
3524,11,1,1
3524,12,1,3
3525,0,1,5
3525,1,1,1
3525,2,1,3
3525,3,1,2
3525,4,1,2
3525,5,1,1
3525,6,1,0
3525,7,0,0
3525,8,0,0
3525,9,0,0
3525,10,0,0
3525,11,0,0
3525,12,0,0
3526,0,1,8
3526,1,1,3
3526,2,1,2
3526,3,1,1
3526,4,0,0
3526,5,0,0
3526,6,0,0
3526,7,0,0
3526,8,0,0
3526,9,0,0
3526,10,0,0
3526,11,0,0
3526,12,0,0
3527,0,1,7
3527,1,1,1
3527,2,1,4
3527,3,1,2
3527,4,1,2
3527,5,1,1
3527,6,1,3
3527,7,1,3
3527,8,1,1
3527,9,1,1
3527,10,1,0
3527,11,1,1
3527,12,1,3
3528,0,1,5
3528,1,1,6
3528,2,1,4
3528,3,1,3
3528,4,1,1
3528,5,1,3
3528,6,0,0
3528,7,0,0
3528,8,0,0
3528,9,0,0
3528,10,0,0
3528,11,0,0
3528,12,0,0
3529,0,1,2
3529,1,1,3
3529,2,1,6
3529,3,1,5
3529,4,1,3
3529,5,1,4
3529,6,1,5
3529,7,0,0
3529,8,0,0
3529,9,0,0
3529,10,0,0
3529,11,0,0
3529,12,0,0
3530,0,1,6
3530,1,1,1
3530,2,1,9
3530,3,1,3
3530,4,1,5
3530,5,1,3
3530,6,1,1
3530,7,0,0
3530,8,0,0
3530,9,0,0
3530,10,0,0
3530,11,0,0
3530,12,0,0
3531,0,1,5
3531,1,1,0
3531,2,1,2
3531,3,1,4
3531,4,1,7
3531,5,1,2
3531,6,1,3
3531,7,1,4
3531,8,1,0
3531,9,1,2
3531,10,1,3
3531,11,1,3
3531,12,1,3
3532,0,1,6
3532,1,1,6
3532,2,1,2
3532,3,1,0
3532,4,1,4
3532,5,1,0
3532,6,1,1
3532,7,1,3
3532,8,1,6
3532,9,1,5
3532,10,1,5
3532,11,1,1
3532,12,1,5
3533,0,1,4
3533,1,1,8
3533,2,1,2
3533,3,1,2
3533,4,1,3
3533,5,1,4
3533,6,1,6
3533,7,1,2
3533,8,1,0
3533,9,1,1
3533,10,1,4
3533,11,1,5
3533,12,1,5
3534,0,1,5
3534,1,1,1
3534,2,1,2
3534,3,1,2
3534,4,1,5
3534,5,1,0
3534,6,1,4
3534,7,1,3
3534,8,1,2
3534,9,1,7
3534,10,1,2
3534,11,1,1
3534,12,1,3
3535,0,1,6
3535,1,1,4
3535,2,1,2
3535,3,1,2
3535,4,0,0
3535,5,0,0
3535,6,0,0
3535,7,0,0
3535,8,0,0
3535,9,0,0
3535,10,0,0
3535,11,0,0
3535,12,0,0
3536,0,1,2
3536,1,1,1
3536,2,1,4
3536,3,1,0
3536,4,1,3
3536,5,1,2
3536,6,1,3
3536,7,1,1
3536,8,1,0
3536,9,1,3
3536,10,1,2
3536,11,1,2
3536,12,1,2
3537,0,1,5
3537,1,1,3
3537,2,1,3
3537,3,1,1
3537,4,1,4
3537,5,1,3
3537,6,1,1
3537,7,1,3
3537,8,1,3
3537,9,1,2
3537,10,1,4
3537,11,1,2
3537,12,1,3
3538,0,1,5
3538,1,1,5
3538,2,1,1
3538,3,1,2
3538,4,0,0
3538,5,0,0
3538,6,0,0
3538,7,0,0
3538,8,0,0
3538,9,0,0
3538,10,0,0
3538,11,0,0
3538,12,0,0
3539,0,1,6
3539,1,1,1
3539,2,1,2
3539,3,0,0
3539,4,0,0
3539,5,0,0
3539,6,0,0
3539,7,0,0
3539,8,0,0
3539,9,0,0
3539,10,0,0
3539,11,0,0
3539,12,0,0
3540,0,1,3
3540,1,1,4
3540,2,1,2
3540,3,1,3
3540,4,1,3
3540,5,1,6
3540,6,1,3
3540,7,1,5
3540,8,1,4
3540,9,1,4
3540,10,1,5
3540,11,1,5
3540,12,1,6
3541,0,1,5
3541,1,1,1
3541,2,0,0
3541,3,0,0
3541,4,0,0
3541,5,0,0
3541,6,0,0
3541,7,0,0
3541,8,0,0
3541,9,0,0
3541,10,0,0
3541,11,0,0
3541,12,0,0
3542,0,1,7
3542,1,1,4
3542,2,1,2
3542,3,1,3
3542,4,1,7
3542,5,1,0
3542,6,1,3
3542,7,1,2
3542,8,1,2
3542,9,0,0
3542,10,0,0
3542,11,0,0
3542,12,0,0
3543,0,1,3
3543,1,1,2
3543,2,1,6
3543,3,1,3
3543,4,1,5
3543,5,1,7
3543,6,1,3
3543,7,1,1
3543,8,0,0
3543,9,0,0
3543,10,0,0
3543,11,0,0
3543,12,0,0
3544,0,1,2
3544,1,1,3
3544,2,1,4
3544,3,1,4
3544,4,1,1
3544,5,1,2
3544,6,1,3
3544,7,0,0
3544,8,0,0
3544,9,0,0
3544,10,0,0
3544,11,0,0
3544,12,0,0
3545,0,1,6
3545,1,1,2
3545,2,1,5
3545,3,1,1
3545,4,1,7
3545,5,1,4
3545,6,1,2
3545,7,1,6
3545,8,1,1
3545,9,1,3
3545,10,1,5
3545,11,1,1
3545,12,1,2
3546,0,1,4
3546,1,1,3
3546,2,1,6
3546,3,1,4
3546,4,1,3
3546,5,1,4
3546,6,1,4
3546,7,1,4
3546,8,1,3
3546,9,1,4
3546,10,1,3
3546,11,1,4
3546,12,1,2
3547,0,1,9
3547,1,1,3
3547,2,1,2
3547,3,1,2
3547,4,1,1
3547,5,1,1
3547,6,1,4
3547,7,1,2
3547,8,1,4
3547,9,1,4
3547,10,1,2
3547,11,1,2
3547,12,1,2
3548,0,1,6
3548,1,1,1
3548,2,1,2
3548,3,1,2
3548,4,1,5
3548,5,1,0
3548,6,1,2
3548,7,1,2
3548,8,1,4
3548,9,0,0
3548,10,0,0
3548,11,0,0
3548,12,0,0
3549,0,1,8
3549,1,1,5
3549,2,1,4
3549,3,1,4
3549,4,1,3
3549,5,1,2
3549,6,1,6
3549,7,0,0
3549,8,0,0
3549,9,0,0
3549,10,0,0
3549,11,0,0
3549,12,0,0
3550,0,1,3
3550,1,1,4
3550,2,1,2
3550,3,1,2
3550,4,1,2
3550,5,1,3
3550,6,1,4
3550,7,1,5
3550,8,0,0
3550,9,0,0
3550,10,0,0
3550,11,0,0
3550,12,0,0
3551,0,1,6
3551,1,1,3
3551,2,1,5
3551,3,1,3
3551,4,1,4
3551,5,0,0
3551,6,0,0
3551,7,0,0
3551,8,0,0
3551,9,0,0
3551,10,0,0
3551,11,0,0
3551,12,0,0
3552,0,1,5
3552,1,1,5
3552,2,1,5
3552,3,1,5
3552,4,1,2
3552,5,1,1
3552,6,1,0
3552,7,1,2
3552,8,1,3
3552,9,1,3
3552,10,1,2
3552,11,1,3
3552,12,1,3
3553,0,1,3
3553,1,1,3
3553,2,0,0
3553,3,0,0
3553,4,0,0
3553,5,0,0
3553,6,0,0
3553,7,0,0
3553,8,0,0
3553,9,0,0
3553,10,0,0
3553,11,0,0
3553,12,0,0
3554,0,1,5
3554,1,1,0
3554,2,0,0
3554,3,0,0
3554,4,0,0
3554,5,0,0
3554,6,0,0
3554,7,0,0
3554,8,0,0
3554,9,0,0
3554,10,0,0
3554,11,0,0
3554,12,0,0
3555,0,1,6
3555,1,1,2
3555,2,1,3
3555,3,1,2
3555,4,1,4
3555,5,0,0
3555,6,0,0
3555,7,0,0
3555,8,0,0
3555,9,0,0
3555,10,0,0
3555,11,0,0
3555,12,0,0
3556,0,1,7
3556,1,1,2
3556,2,1,5
3556,3,1,0
3556,4,1,4
3556,5,1,7
3556,6,1,3
3556,7,1,4
3556,8,1,0
3556,9,1,6
3556,10,1,6
3556,11,1,5
3556,12,1,2
3557,0,1,4
3557,1,1,2
3557,2,0,0
3557,3,0,0
3557,4,0,0
3557,5,0,0
3557,6,0,0
3557,7,0,0
3557,8,0,0
3557,9,0,0
3557,10,0,0
3557,11,0,0
3557,12,0,0
3558,0,1,6
3558,1,0,0
3558,2,0,0
3558,3,0,0
3558,4,0,0
3558,5,0,0
3558,6,0,0
3558,7,0,0
3558,8,0,0
3558,9,0,0
3558,10,0,0
3558,11,0,0
3558,12,0,0
3559,0,1,2
3559,1,1,2
3559,2,1,2
3559,3,1,4
3559,4,1,2
3559,5,1,2
3559,6,1,3
3559,7,1,1
3559,8,1,1
3559,9,1,4
3559,10,1,6
3559,11,1,1
3559,12,1,3
3560,0,1,7
3560,1,1,3
3560,2,1,3
3560,3,1,5
3560,4,1,3
3560,5,1,2
3560,6,1,5
3560,7,1,4
3560,8,1,5
3560,9,1,1
3560,10,1,2
3560,11,1,2
3560,12,1,1
3561,0,1,7
3561,1,1,2
3561,2,1,3
3561,3,0,0
3561,4,0,0
3561,5,0,0
3561,6,0,0
3561,7,0,0
3561,8,0,0
3561,9,0,0
3561,10,0,0
3561,11,0,0
3561,12,0,0
3562,0,1,3
3562,1,1,3
3562,2,1,4
3562,3,1,3
3562,4,1,1
3562,5,1,0
3562,6,1,2
3562,7,1,1
3562,8,1,3
3562,9,1,0
3562,10,1,1
3562,11,1,1
3562,12,1,4
3563,0,1,4
3563,1,1,2
3563,2,1,1
3563,3,0,0
3563,4,0,0
3563,5,0,0
3563,6,0,0
3563,7,0,0
3563,8,0,0
3563,9,0,0
3563,10,0,0
3563,11,0,0
3563,12,0,0
3564,0,1,6
3564,1,1,1
3564,2,1,3
3564,3,1,6
3564,4,1,5
3564,5,1,4
3564,6,1,4
3564,7,1,4
3564,8,1,2
3564,9,1,0
3564,10,1,3
3564,11,0,0
3564,12,0,0
3565,0,1,5
3565,1,1,5
3565,2,0,0
3565,3,0,0
3565,4,0,0
3565,5,0,0
3565,6,0,0
3565,7,0,0
3565,8,0,0
3565,9,0,0
3565,10,0,0
3565,11,0,0
3565,12,0,0
3566,0,1,3
3566,1,1,5
3566,2,0,0
3566,3,0,0
3566,4,0,0
3566,5,0,0
3566,6,0,0
3566,7,0,0
3566,8,0,0
3566,9,0,0
3566,10,0,0
3566,11,0,0
3566,12,0,0
3567,0,1,4
3567,1,1,3
3567,2,1,4
3567,3,1,1
3567,4,1,3
3567,5,1,5
3567,6,1,3
3567,7,1,3
3567,8,1,4
3567,9,1,4
3567,10,1,3
3567,11,1,3
3567,12,1,5
3568,0,1,4
3568,1,1,6
3568,2,1,2
3568,3,0,0
3568,4,0,0
3568,5,0,0
3568,6,0,0
3568,7,0,0
3568,8,0,0
3568,9,0,0
3568,10,0,0
3568,11,0,0
3568,12,0,0
3569,0,1,2
3569,1,1,5
3569,2,1,4
3569,3,0,0
3569,4,0,0
3569,5,0,0
3569,6,0,0
3569,7,0,0
3569,8,0,0
3569,9,0,0
3569,10,0,0
3569,11,0,0
3569,12,0,0
3570,0,1,5
3570,1,0,0
3570,2,0,0
3570,3,0,0
3570,4,0,0
3570,5,0,0
3570,6,0,0
3570,7,0,0
3570,8,0,0
3570,9,0,0
3570,10,0,0
3570,11,0,0
3570,12,0,0
3571,0,1,3
3571,1,1,1
3571,2,1,2
3571,3,1,3
3571,4,1,0
3571,5,1,4
3571,6,1,1
3571,7,1,2
3571,8,1,0
3571,9,1,4
3571,10,0,0
3571,11,0,0
3571,12,0,0
3572,0,1,4
3572,1,1,5
3572,2,1,4
3572,3,0,0
3572,4,0,0
3572,5,0,0
3572,6,0,0
3572,7,0,0
3572,8,0,0
3572,9,0,0
3572,10,0,0
3572,11,0,0
3572,12,0,0
3573,0,1,4
3573,1,1,4
3573,2,1,7
3573,3,1,2
3573,4,1,3
3573,5,1,6
3573,6,1,1
3573,7,1,4
3573,8,1,3
3573,9,1,3
3573,10,1,2
3573,11,1,2
3573,12,1,1
3574,0,1,8
3574,1,1,4
3574,2,1,4
3574,3,1,10
3574,4,1,5
3574,5,1,1
3574,6,1,4
3574,7,1,5
3574,8,1,4
3574,9,1,4
3574,10,1,3
3574,11,1,2
3574,12,1,4
3575,0,1,3
3575,1,1,7
3575,2,1,2
3575,3,1,1
3575,4,1,4
3575,5,1,2
3575,6,0,0
3575,7,0,0
3575,8,0,0
3575,9,0,0
3575,10,0,0
3575,11,0,0
3575,12,0,0
3576,0,1,3
3576,1,1,8
3576,2,1,3
3576,3,1,4
3576,4,1,3
3576,5,1,2
3576,6,0,0
3576,7,0,0
3576,8,0,0
3576,9,0,0
3576,10,0,0
3576,11,0,0
3576,12,0,0
3577,0,1,5
3577,1,1,2
3577,2,1,1
3577,3,1,3
3577,4,1,2
3577,5,1,1
3577,6,1,2
3577,7,1,1
3577,8,1,3
3577,9,1,1
3577,10,1,2
3577,11,1,3
3577,12,1,3
3578,0,1,4
3578,1,1,3
3578,2,1,3
3578,3,0,0
3578,4,0,0
3578,5,0,0
3578,6,0,0
3578,7,0,0
3578,8,0,0
3578,9,0,0
3578,10,0,0
3578,11,0,0
3578,12,0,0
3579,0,1,3
3579,1,1,3
3579,2,1,1
3579,3,1,5
3579,4,1,6
3579,5,1,4
3579,6,1,8
3579,7,1,6
3579,8,1,1
3579,9,1,4
3579,10,1,1
3579,11,1,5
3579,12,1,5
3580,0,1,3
3580,1,1,2
3580,2,1,2
3580,3,1,2
3580,4,1,1
3580,5,1,3
3580,6,1,2
3580,7,1,2
3580,8,1,2
3580,9,1,4
3580,10,1,4
3580,11,1,4
3580,12,1,3
3581,0,1,5
3581,1,1,4
3581,2,1,1
3581,3,1,2
3581,4,1,4
3581,5,1,1
3581,6,0,0
3581,7,0,0
3581,8,0,0
3581,9,0,0
3581,10,0,0
3581,11,0,0
3581,12,0,0
3582,0,1,5
3582,1,1,1
3582,2,1,2
3582,3,1,2
3582,4,1,2
3582,5,1,1
3582,6,1,3
3582,7,1,2
3582,8,1,1
3582,9,1,0
3582,10,1,2
3582,11,1,3
3582,12,1,1
3583,0,1,3
3583,1,1,2
3583,2,1,6
3583,3,0,0
3583,4,0,0
3583,5,0,0
3583,6,0,0
3583,7,0,0
3583,8,0,0
3583,9,0,0
3583,10,0,0
3583,11,0,0
3583,12,0,0
3584,0,1,6
3584,1,1,4
3584,2,1,6
3584,3,1,3
3584,4,1,6
3584,5,1,2
3584,6,1,5
3584,7,1,1
3584,8,1,3
3584,9,1,4
3584,10,1,2
3584,11,1,2
3584,12,1,7
3585,0,1,9
3585,1,1,6
3585,2,1,4
3585,3,1,1
3585,4,1,2
3585,5,0,0
3585,6,0,0
3585,7,0,0
3585,8,0,0
3585,9,0,0
3585,10,0,0
3585,11,0,0
3585,12,0,0
3586,0,1,6
3586,1,1,1
3586,2,1,1
3586,3,1,3
3586,4,1,6
3586,5,1,2
3586,6,1,3
3586,7,1,4
3586,8,1,5
3586,9,1,4
3586,10,1,3
3586,11,1,2
3586,12,1,4
3587,0,1,3
3587,1,1,3
3587,2,1,9
3587,3,1,2
3587,4,1,4
3587,5,1,3
3587,6,1,2
3587,7,1,5
3587,8,1,2
3587,9,0,0
3587,10,0,0
3587,11,0,0
3587,12,0,0
3588,0,1,6
3588,1,1,3
3588,2,1,4
3588,3,1,4
3588,4,1,3
3588,5,1,3
3588,6,1,2
3588,7,1,3
3588,8,1,4
3588,9,1,1
3588,10,1,3
3588,11,1,4
3588,12,1,3
3589,0,1,7
3589,1,1,2
3589,2,1,2
3589,3,1,5
3589,4,1,3
3589,5,1,4
3589,6,1,2
3589,7,1,4
3589,8,1,2
3589,9,1,1
3589,10,1,2
3589,11,1,4
3589,12,1,1
3590,0,1,4
3590,1,1,0
3590,2,1,4
3590,3,1,1
3590,4,1,1
3590,5,1,3
3590,6,1,3
3590,7,1,4
3590,8,0,0
3590,9,0,0
3590,10,0,0
3590,11,0,0
3590,12,0,0
3591,0,1,7
3591,1,1,1
3591,2,1,1
3591,3,1,4
3591,4,1,0
3591,5,1,4
3591,6,1,5
3591,7,1,0
3591,8,1,2
3591,9,1,1
3591,10,1,3
3591,11,1,3
3591,12,0,0
3592,0,1,8
3592,1,1,5
3592,2,1,4
3592,3,1,7
3592,4,1,6
3592,5,1,7
3592,6,1,5
3592,7,0,0
3592,8,0,0
3592,9,0,0
3592,10,0,0
3592,11,0,0
3592,12,0,0
3593,0,1,4
3593,1,0,0
3593,2,0,0
3593,3,0,0
3593,4,0,0
3593,5,0,0
3593,6,0,0
3593,7,0,0
3593,8,0,0
3593,9,0,0
3593,10,0,0
3593,11,0,0
3593,12,0,0
3594,0,1,6
3594,1,1,4
3594,2,1,3
3594,3,1,1
3594,4,1,2
3594,5,1,1
3594,6,0,0
3594,7,0,0
3594,8,0,0
3594,9,0,0
3594,10,0,0
3594,11,0,0
3594,12,0,0
3595,0,1,2
3595,1,1,6
3595,2,1,1
3595,3,1,2
3595,4,1,2
3595,5,1,4
3595,6,0,0
3595,7,0,0
3595,8,0,0
3595,9,0,0
3595,10,0,0
3595,11,0,0
3595,12,0,0
3596,0,1,5
3596,1,1,5
3596,2,1,2
3596,3,1,7
3596,4,1,2
3596,5,1,4
3596,6,1,4
3596,7,0,0
3596,8,0,0
3596,9,0,0
3596,10,0,0
3596,11,0,0
3596,12,0,0
3597,0,1,4
3597,1,1,4
3597,2,1,4
3597,3,1,5
3597,4,1,6
3597,5,1,3
3597,6,1,4
3597,7,1,5
3597,8,1,3
3597,9,1,0
3597,10,1,2
3597,11,1,2
3597,12,1,7
3598,0,1,3
3598,1,1,2
3598,2,1,1
3598,3,1,5
3598,4,0,0
3598,5,0,0
3598,6,0,0
3598,7,0,0
3598,8,0,0
3598,9,0,0
3598,10,0,0
3598,11,0,0
3598,12,0,0
3599,0,1,5
3599,1,1,1
3599,2,1,4
3599,3,1,0
3599,4,1,4
3599,5,1,4
3599,6,1,3
3599,7,1,0
3599,8,1,1
3599,9,1,2
3599,10,1,0
3599,11,1,3
3599,12,1,3
3600,0,1,9
3600,1,1,4
3600,2,1,7
3600,3,1,3
3600,4,0,0
3600,5,0,0
3600,6,0,0
3600,7,0,0
3600,8,0,0
3600,9,0,0
3600,10,0,0
3600,11,0,0
3600,12,0,0
3601,0,1,8
3601,1,0,0
3601,2,0,0
3601,3,0,0
3601,4,0,0
3601,5,0,0
3601,6,0,0
3601,7,0,0
3601,8,0,0
3601,9,0,0
3601,10,0,0
3601,11,0,0
3601,12,0,0
3602,0,1,3
3602,1,1,3
3602,2,1,4
3602,3,1,4
3602,4,1,2
3602,5,1,1
3602,6,1,4
3602,7,1,2
3602,8,1,2
3602,9,1,1
3602,10,1,4
3602,11,1,3
3602,12,1,4
3603,0,1,7
3603,1,1,2
3603,2,1,5
3603,3,1,6
3603,4,1,3
3603,5,1,1
3603,6,1,3
3603,7,1,3
3603,8,1,3
3603,9,1,4
3603,10,1,1
3603,11,0,0
3603,12,0,0
3604,0,1,9
3604,1,1,5
3604,2,1,2
3604,3,1,2
3604,4,1,1
3604,5,1,2
3604,6,1,3
3604,7,1,1
3604,8,1,1
3604,9,1,2
3604,10,1,4
3604,11,1,4
3604,12,1,5
3605,0,1,6
3605,1,0,0
3605,2,0,0
3605,3,0,0
3605,4,0,0
3605,5,0,0
3605,6,0,0
3605,7,0,0
3605,8,0,0
3605,9,0,0
3605,10,0,0
3605,11,0,0
3605,12,0,0
3606,0,1,3
3606,1,1,3
3606,2,1,8
3606,3,1,2
3606,4,1,5
3606,5,0,0
3606,6,0,0
3606,7,0,0
3606,8,0,0
3606,9,0,0
3606,10,0,0
3606,11,0,0
3606,12,0,0
3607,0,1,3
3607,1,1,3
3607,2,1,3
3607,3,1,3
3607,4,0,0
3607,5,0,0
3607,6,0,0
3607,7,0,0
3607,8,0,0
3607,9,0,0
3607,10,0,0
3607,11,0,0
3607,12,0,0
3608,0,1,5
3608,1,1,2
3608,2,1,2
3608,3,1,3
3608,4,1,3
3608,5,1,1
3608,6,1,4
3608,7,1,3
3608,8,1,1
3608,9,1,4
3608,10,1,7
3608,11,1,2
3608,12,1,1
3609,0,1,8
3609,1,1,2
3609,2,1,2
3609,3,1,2
3609,4,1,2
3609,5,1,0
3609,6,1,1
3609,7,1,1
3609,8,1,1
3609,9,1,1
3609,10,1,1
3609,11,1,7
3609,12,0,0
3610,0,1,5
3610,1,1,2
3610,2,1,4
3610,3,1,4
3610,4,0,0
3610,5,0,0
3610,6,0,0
3610,7,0,0
3610,8,0,0
3610,9,0,0
3610,10,0,0
3610,11,0,0
3610,12,0,0
3611,0,1,7
3611,1,1,4
3611,2,1,4
3611,3,1,7
3611,4,1,8
3611,5,1,3
3611,6,1,7
3611,7,1,4
3611,8,1,4
3611,9,1,1
3611,10,1,4
3611,11,1,3
3611,12,0,0
3612,0,1,5
3612,1,1,2
3612,2,1,1
3612,3,1,3
3612,4,0,0
3612,5,0,0
3612,6,0,0
3612,7,0,0
3612,8,0,0
3612,9,0,0
3612,10,0,0
3612,11,0,0
3612,12,0,0
3613,0,1,4
3613,1,1,4
3613,2,1,3
3613,3,1,3
3613,4,1,1
3613,5,1,2
3613,6,1,1
3613,7,1,2
3613,8,1,3
3613,9,0,0
3613,10,0,0
3613,11,0,0
3613,12,0,0
3614,0,1,4
3614,1,1,3
3614,2,1,3
3614,3,1,3
3614,4,1,4
3614,5,1,1
3614,6,1,2
3614,7,1,2
3614,8,1,8
3614,9,0,0
3614,10,0,0
3614,11,0,0
3614,12,0,0
3615,0,1,6
3615,1,1,3
3615,2,1,2
3615,3,0,0
3615,4,0,0
3615,5,0,0
3615,6,0,0
3615,7,0,0
3615,8,0,0
3615,9,0,0
3615,10,0,0
3615,11,0,0
3615,12,0,0
3616,0,1,5
3616,1,1,0
3616,2,1,4
3616,3,1,2
3616,4,0,0
3616,5,0,0
3616,6,0,0
3616,7,0,0
3616,8,0,0
3616,9,0,0
3616,10,0,0
3616,11,0,0
3616,12,0,0
3617,0,1,8
3617,1,1,2
3617,2,1,2
3617,3,1,6
3617,4,1,2
3617,5,1,1
3617,6,1,3
3617,7,1,3
3617,8,1,4
3617,9,1,3
3617,10,1,5
3617,11,1,1
3617,12,1,2
3618,0,1,4
3618,1,0,0
3618,2,0,0
3618,3,0,0
3618,4,0,0
3618,5,0,0
3618,6,0,0
3618,7,0,0
3618,8,0,0
3618,9,0,0
3618,10,0,0
3618,11,0,0
3618,12,0,0
3619,0,1,5
3619,1,1,2
3619,2,0,0
3619,3,0,0
3619,4,0,0
3619,5,0,0
3619,6,0,0
3619,7,0,0
3619,8,0,0
3619,9,0,0
3619,10,0,0
3619,11,0,0
3619,12,0,0
3620,0,1,3
3620,1,1,3
3620,2,1,4
3620,3,1,2
3620,4,1,4
3620,5,1,3
3620,6,1,4
3620,7,1,3
3620,8,1,0
3620,9,0,0
3620,10,0,0
3620,11,0,0
3620,12,0,0
3621,0,1,5
3621,1,1,1
3621,2,1,1
3621,3,1,4
3621,4,1,1
3621,5,1,5
3621,6,1,2
3621,7,1,1
3621,8,1,3
3621,9,1,3
3621,10,1,5
3621,11,1,2
3621,12,1,1
3622,0,1,5
3622,1,1,3
3622,2,1,2
3622,3,1,3
3622,4,1,4
3622,5,1,3
3622,6,1,5
3622,7,1,5
3622,8,1,6
3622,9,1,6
3622,10,1,1
3622,11,1,4
3622,12,1,3
3623,0,1,3
3623,1,1,7
3623,2,1,3
3623,3,1,3
3623,4,1,6
3623,5,1,5
3623,6,1,2
3623,7,1,7
3623,8,1,5
3623,9,1,3
3623,10,0,0
3623,11,0,0
3623,12,0,0
3624,0,1,3
3624,1,1,2
3624,2,1,0
3624,3,1,1
3624,4,1,2
3624,5,1,4
3624,6,1,4
3624,7,1,0
3624,8,1,2
3624,9,1,2
3624,10,1,2
3624,11,1,3
3624,12,1,3
3625,0,1,3
3625,1,1,5
3625,2,1,2
3625,3,1,4
3625,4,1,2
3625,5,1,1
3625,6,1,5
3625,7,1,2
3625,8,1,6
3625,9,1,2
3625,10,1,1
3625,11,1,1
3625,12,1,4
3626,0,1,7
3626,1,1,7
3626,2,1,5
3626,3,1,5
3626,4,1,4
3626,5,1,6
3626,6,1,2
3626,7,1,1
3626,8,0,0
3626,9,0,0
3626,10,0,0
3626,11,0,0
3626,12,0,0
3627,0,1,4
3627,1,1,3
3627,2,1,5
3627,3,1,2
3627,4,1,7
3627,5,1,3
3627,6,1,1
3627,7,1,0
3627,8,1,3
3627,9,1,3
3627,10,1,2
3627,11,1,3
3627,12,1,4
3628,0,1,7
3628,1,1,3
3628,2,1,3
3628,3,1,4
3628,4,0,0
3628,5,0,0
3628,6,0,0
3628,7,0,0
3628,8,0,0
3628,9,0,0
3628,10,0,0
3628,11,0,0
3628,12,0,0
3629,0,1,6
3629,1,1,0
3629,2,1,2
3629,3,1,1
3629,4,1,0
3629,5,1,3
3629,6,1,1
3629,7,1,1
3629,8,1,2
3629,9,1,3
3629,10,1,0
3629,11,1,3
3629,12,1,1
3630,0,1,5
3630,1,1,3
3630,2,1,3
3630,3,1,3
3630,4,0,0
3630,5,0,0
3630,6,0,0
3630,7,0,0
3630,8,0,0
3630,9,0,0
3630,10,0,0
3630,11,0,0
3630,12,0,0
3631,0,1,3
3631,1,1,5
3631,2,1,4
3631,3,0,0
3631,4,0,0
3631,5,0,0
3631,6,0,0
3631,7,0,0
3631,8,0,0
3631,9,0,0
3631,10,0,0
3631,11,0,0
3631,12,0,0
3632,0,1,5
3632,1,1,1
3632,2,1,2
3632,3,1,3
3632,4,1,5
3632,5,1,2
3632,6,1,4
3632,7,1,0
3632,8,1,2
3632,9,1,3
3632,10,1,0
3632,11,1,2
3632,12,1,0
3633,0,1,5
3633,1,0,0
3633,2,0,0
3633,3,0,0
3633,4,0,0
3633,5,0,0
3633,6,0,0
3633,7,0,0
3633,8,0,0
3633,9,0,0
3633,10,0,0
3633,11,0,0
3633,12,0,0
3634,0,1,5
3634,1,1,2
3634,2,1,4
3634,3,1,1
3634,4,1,2
3634,5,1,1
3634,6,1,7
3634,7,1,5
3634,8,1,3
3634,9,1,4
3634,10,1,9
3634,11,1,5
3634,12,1,2
3635,0,1,3
3635,1,1,3
3635,2,1,5
3635,3,1,7
3635,4,1,4
3635,5,0,0
3635,6,0,0
3635,7,0,0
3635,8,0,0
3635,9,0,0
3635,10,0,0
3635,11,0,0
3635,12,0,0
3636,0,1,8
3636,1,1,5
3636,2,1,1
3636,3,1,1
3636,4,0,0
3636,5,0,0
3636,6,0,0
3636,7,0,0
3636,8,0,0
3636,9,0,0
3636,10,0,0
3636,11,0,0
3636,12,0,0
3637,0,1,4
3637,1,1,4
3637,2,1,4
3637,3,1,2
3637,4,1,6
3637,5,1,3
3637,6,1,4
3637,7,1,0
3637,8,0,0
3637,9,0,0
3637,10,0,0
3637,11,0,0
3637,12,0,0
3638,0,1,3
3638,1,1,5
3638,2,1,4
3638,3,1,2
3638,4,1,4
3638,5,1,5
3638,6,1,4
3638,7,1,3
3638,8,1,6
3638,9,1,2
3638,10,1,3
3638,11,0,0
3638,12,0,0
3639,0,1,3
3639,1,1,0
3639,2,1,4
3639,3,1,5
3639,4,1,3
3639,5,1,3
3639,6,1,5
3639,7,1,2
3639,8,1,2
3639,9,1,6
3639,10,1,4
3639,11,1,0
3639,12,1,6
3640,0,1,9
3640,1,1,5
3640,2,1,1
3640,3,1,5
3640,4,1,5
3640,5,1,5
3640,6,1,4
3640,7,1,4
3640,8,1,6
3640,9,1,4
3640,10,1,1
3640,11,1,5
3640,12,1,7
3641,0,1,6
3641,1,1,0
3641,2,1,2
3641,3,1,5
3641,4,0,0
3641,5,0,0
3641,6,0,0
3641,7,0,0
3641,8,0,0
3641,9,0,0
3641,10,0,0
3641,11,0,0
3641,12,0,0
3642,0,1,2
3642,1,1,0
3642,2,1,2
3642,3,1,3
3642,4,1,4
3642,5,1,6
3642,6,1,1
3642,7,1,1
3642,8,1,2
3642,9,1,2
3642,10,1,4
3642,11,1,4
3642,12,1,4
3643,0,1,7
3643,1,1,3
3643,2,1,2
3643,3,1,8
3643,4,1,5
3643,5,1,2
3643,6,1,1
3643,7,1,2
3643,8,0,0
3643,9,0,0
3643,10,0,0
3643,11,0,0
3643,12,0,0
3644,0,1,5
3644,1,1,4
3644,2,0,0
3644,3,0,0
3644,4,0,0
3644,5,0,0
3644,6,0,0
3644,7,0,0
3644,8,0,0
3644,9,0,0
3644,10,0,0
3644,11,0,0
3644,12,0,0
3645,0,1,4
3645,1,1,6
3645,2,1,1
3645,3,1,3
3645,4,1,6
3645,5,1,2
3645,6,1,1
3645,7,1,3
3645,8,1,2
3645,9,1,3
3645,10,1,3
3645,11,1,6
3645,12,1,5
3646,0,1,4
3646,1,1,2
3646,2,0,0
3646,3,0,0
3646,4,0,0
3646,5,0,0
3646,6,0,0
3646,7,0,0
3646,8,0,0
3646,9,0,0
3646,10,0,0
3646,11,0,0
3646,12,0,0
3647,0,1,9
3647,1,1,5
3647,2,0,0
3647,3,0,0
3647,4,0,0
3647,5,0,0
3647,6,0,0
3647,7,0,0
3647,8,0,0
3647,9,0,0
3647,10,0,0
3647,11,0,0
3647,12,0,0
3648,0,1,6
3648,1,0,0
3648,2,0,0
3648,3,0,0
3648,4,0,0
3648,5,0,0
3648,6,0,0
3648,7,0,0
3648,8,0,0
3648,9,0,0
3648,10,0,0
3648,11,0,0
3648,12,0,0
3649,0,1,8
3649,1,1,4
3649,2,1,3
3649,3,1,4
3649,4,1,1
3649,5,1,4
3649,6,1,3
3649,7,1,1
3649,8,1,1
3649,9,1,2
3649,10,1,2
3649,11,1,1
3649,12,1,4
3650,0,1,3
3650,1,1,5
3650,2,1,5
3650,3,1,6
3650,4,1,1
3650,5,0,0
3650,6,0,0
3650,7,0,0
3650,8,0,0
3650,9,0,0
3650,10,0,0
3650,11,0,0
3650,12,0,0
3651,0,1,5
3651,1,1,4
3651,2,1,5
3651,3,1,0
3651,4,1,4
3651,5,1,5
3651,6,1,3
3651,7,1,6
3651,8,0,0
3651,9,0,0
3651,10,0,0
3651,11,0,0
3651,12,0,0
3652,0,1,6
3652,1,1,4
3652,2,1,1
3652,3,1,3
3652,4,1,2
3652,5,1,2
3652,6,1,4
3652,7,0,0
3652,8,0,0
3652,9,0,0
3652,10,0,0
3652,11,0,0
3652,12,0,0
3653,0,1,8
3653,1,1,5
3653,2,1,4
3653,3,1,2
3653,4,1,3
3653,5,1,3
3653,6,1,3
3653,7,1,4
3653,8,1,4
3653,9,1,2
3653,10,1,2
3653,11,1,4
3653,12,1,3
3654,0,1,4
3654,1,1,6
3654,2,1,1
3654,3,1,3
3654,4,1,6
3654,5,1,4
3654,6,1,5
3654,7,1,3
3654,8,1,5
3654,9,1,2
3654,10,1,3
3654,11,1,1
3654,12,0,0
3655,0,1,3
3655,1,0,0
3655,2,0,0
3655,3,0,0
3655,4,0,0
3655,5,0,0
3655,6,0,0
3655,7,0,0
3655,8,0,0
3655,9,0,0
3655,10,0,0
3655,11,0,0
3655,12,0,0
3656,0,1,3
3656,1,1,0
3656,2,1,1
3656,3,1,5
3656,4,1,1
3656,5,0,0
3656,6,0,0
3656,7,0,0
3656,8,0,0
3656,9,0,0
3656,10,0,0
3656,11,0,0
3656,12,0,0
3657,0,1,8
3657,1,1,0
3657,2,1,4
3657,3,1,1
3657,4,1,8
3657,5,1,1
3657,6,1,1
3657,7,1,3
3657,8,1,1
3657,9,1,3
3657,10,1,1
3657,11,0,0
3657,12,0,0
3658,0,1,6
3658,1,1,2
3658,2,1,6
3658,3,1,2
3658,4,1,4
3658,5,0,0
3658,6,0,0
3658,7,0,0
3658,8,0,0
3658,9,0,0
3658,10,0,0
3658,11,0,0
3658,12,0,0
3659,0,1,4
3659,1,1,7
3659,2,1,6
3659,3,1,3
3659,4,1,7
3659,5,1,2
3659,6,1,6
3659,7,1,4
3659,8,1,5
3659,9,1,9
3659,10,1,1
3659,11,1,1
3659,12,1,5
3660,0,1,6
3660,1,1,1
3660,2,1,6
3660,3,1,3
3660,4,0,0
3660,5,0,0
3660,6,0,0
3660,7,0,0
3660,8,0,0
3660,9,0,0
3660,10,0,0
3660,11,0,0
3660,12,0,0
3661,0,1,4
3661,1,1,1
3661,2,0,0
3661,3,0,0
3661,4,0,0
3661,5,0,0
3661,6,0,0
3661,7,0,0
3661,8,0,0
3661,9,0,0
3661,10,0,0
3661,11,0,0
3661,12,0,0
3662,0,1,7
3662,1,1,3
3662,2,1,3
3662,3,0,0
3662,4,0,0
3662,5,0,0
3662,6,0,0
3662,7,0,0
3662,8,0,0
3662,9,0,0
3662,10,0,0
3662,11,0,0
3662,12,0,0
3663,0,1,4
3663,1,1,1
3663,2,1,1
3663,3,1,2
3663,4,1,1
3663,5,1,1
3663,6,1,0
3663,7,1,6
3663,8,1,1
3663,9,1,2
3663,10,1,2
3663,11,1,2
3663,12,1,0
3664,0,1,4
3664,1,1,4
3664,2,1,3
3664,3,1,4
3664,4,1,2
3664,5,1,4
3664,6,1,3
3664,7,1,6
3664,8,1,4
3664,9,1,5
3664,10,1,2
3664,11,1,3
3664,12,1,6
3665,0,1,5
3665,1,1,4
3665,2,1,4
3665,3,1,2
3665,4,0,0
3665,5,0,0
3665,6,0,0
3665,7,0,0
3665,8,0,0
3665,9,0,0
3665,10,0,0
3665,11,0,0
3665,12,0,0
3666,0,1,4
3666,1,1,4
3666,2,1,2
3666,3,1,2
3666,4,1,3
3666,5,1,3
3666,6,1,3
3666,7,1,2
3666,8,0,0
3666,9,0,0
3666,10,0,0
3666,11,0,0
3666,12,0,0
3667,0,1,9
3667,1,1,4
3667,2,1,5
3667,3,1,2
3667,4,1,0
3667,5,1,4
3667,6,1,5
3667,7,1,3
3667,8,1,5
3667,9,1,2
3667,10,1,5
3667,11,1,6
3667,12,1,5
3668,0,1,4
3668,1,1,2
3668,2,1,2
3668,3,1,3
3668,4,1,4
3668,5,1,2
3668,6,1,3
3668,7,1,3
3668,8,1,3
3668,9,1,1
3668,10,1,4
3668,11,0,0
3668,12,0,0
3669,0,1,2
3669,1,1,2
3669,2,1,6
3669,3,1,1
3669,4,1,2
3669,5,1,3
3669,6,1,2
3669,7,1,1
3669,8,1,4
3669,9,1,2
3669,10,1,2
3669,11,1,2
3669,12,1,1
3670,0,1,4
3670,1,1,3
3670,2,1,2
3670,3,1,3
3670,4,1,4
3670,5,1,1
3670,6,1,4
3670,7,1,2
3670,8,1,5
3670,9,1,4
3670,10,0,0
3670,11,0,0
3670,12,0,0
3671,0,1,5
3671,1,1,4
3671,2,1,4
3671,3,1,2
3671,4,1,4
3671,5,1,2
3671,6,1,2
3671,7,1,5
3671,8,1,9
3671,9,1,4
3671,10,1,4
3671,11,1,1
3671,12,1,2
3672,0,1,8
3672,1,1,2
3672,2,1,4
3672,3,1,1
3672,4,1,1
3672,5,1,0
3672,6,1,3
3672,7,1,2
3672,8,1,4
3672,9,1,2
3672,10,1,2
3672,11,0,0
3672,12,0,0
3673,0,1,10
3673,1,1,2
3673,2,1,2
3673,3,1,2
3673,4,1,0
3673,5,1,3
3673,6,1,3
3673,7,1,0
3673,8,0,0
3673,9,0,0
3673,10,0,0
3673,11,0,0
3673,12,0,0
3674,0,1,5
3674,1,1,3
3674,2,1,2
3674,3,0,0
3674,4,0,0
3674,5,0,0
3674,6,0,0
3674,7,0,0
3674,8,0,0
3674,9,0,0
3674,10,0,0
3674,11,0,0
3674,12,0,0
3675,0,1,3
3675,1,1,0
3675,2,1,2
3675,3,1,1
3675,4,1,1
3675,5,1,2
3675,6,1,1
3675,7,1,5
3675,8,1,3
3675,9,1,5
3675,10,1,2
3675,11,1,7
3675,12,1,1
3676,0,1,2
3676,1,1,2
3676,2,1,3
3676,3,1,0
3676,4,1,1
3676,5,1,1
3676,6,1,2
3676,7,1,1
3676,8,1,3
3676,9,1,2
3676,10,1,3
3676,11,1,2
3676,12,1,3
3677,0,1,1
3677,1,1,2
3677,2,1,4
3677,3,0,0
3677,4,0,0
3677,5,0,0
3677,6,0,0
3677,7,0,0
3677,8,0,0
3677,9,0,0
3677,10,0,0
3677,11,0,0
3677,12,0,0
3678,0,1,6
3678,1,0,0
3678,2,0,0
3678,3,0,0
3678,4,0,0
3678,5,0,0
3678,6,0,0
3678,7,0,0
3678,8,0,0
3678,9,0,0
3678,10,0,0
3678,11,0,0
3678,12,0,0
3679,0,1,3
3679,1,1,3
3679,2,1,6
3679,3,1,4
3679,4,1,4
3679,5,1,6
3679,6,1,2
3679,7,1,4
3679,8,1,1
3679,9,1,3
3679,10,1,5
3679,11,1,8
3679,12,1,2
3680,0,1,6
3680,1,1,3
3680,2,1,6
3680,3,1,2
3680,4,1,1
3680,5,1,3
3680,6,1,7
3680,7,0,0
3680,8,0,0
3680,9,0,0
3680,10,0,0
3680,11,0,0
3680,12,0,0
3681,0,1,6
3681,1,1,2
3681,2,1,2
3681,3,1,7
3681,4,1,0
3681,5,1,3
3681,6,1,1
3681,7,1,4
3681,8,1,2
3681,9,1,3
3681,10,1,2
3681,11,1,5
3681,12,1,1
3682,0,1,4
3682,1,1,5
3682,2,1,5
3682,3,1,1
3682,4,1,4
3682,5,1,7
3682,6,1,2
3682,7,1,1
3682,8,1,3
3682,9,1,3
3682,10,1,3
3682,11,1,7
3682,12,1,2
3683,0,1,4
3683,1,1,1
3683,2,1,2
3683,3,1,2
3683,4,1,1
3683,5,1,2
3683,6,1,4
3683,7,1,3
3683,8,1,3
3683,9,1,1
3683,10,1,4
3683,11,1,2
3683,12,1,2
3684,0,1,5
3684,1,1,3
3684,2,1,4
3684,3,1,0
3684,4,1,2
3684,5,1,3
3684,6,1,3
3684,7,1,3
3684,8,1,2
3684,9,0,0
3684,10,0,0
3684,11,0,0
3684,12,0,0
3685,0,1,6
3685,1,1,4
3685,2,1,4
3685,3,1,3
3685,4,1,1
3685,5,0,0
3685,6,0,0
3685,7,0,0
3685,8,0,0
3685,9,0,0
3685,10,0,0
3685,11,0,0
3685,12,0,0
3686,0,1,4
3686,1,1,2
3686,2,1,6
3686,3,1,2
3686,4,1,4
3686,5,0,0
3686,6,0,0
3686,7,0,0
3686,8,0,0
3686,9,0,0
3686,10,0,0
3686,11,0,0
3686,12,0,0
3687,0,1,5
3687,1,1,3
3687,2,1,5
3687,3,1,3
3687,4,1,0
3687,5,1,2
3687,6,1,2
3687,7,1,2
3687,8,1,3
3687,9,1,2
3687,10,1,4
3687,11,0,0
3687,12,0,0
3688,0,1,10
3688,1,1,3
3688,2,0,0
3688,3,0,0
3688,4,0,0
3688,5,0,0
3688,6,0,0
3688,7,0,0
3688,8,0,0
3688,9,0,0
3688,10,0,0
3688,11,0,0
3688,12,0,0
3689,0,1,6
3689,1,1,1
3689,2,1,2
3689,3,1,2
3689,4,1,7
3689,5,1,5
3689,6,1,3
3689,7,1,6
3689,8,1,2
3689,9,1,2
3689,10,1,2
3689,11,1,0
3689,12,1,3
3690,0,1,7
3690,1,1,4
3690,2,1,5
3690,3,1,2
3690,4,1,7
3690,5,1,3
3690,6,1,4
3690,7,1,3
3690,8,1,4
3690,9,1,4
3690,10,1,2
3690,11,1,0
3690,12,1,3
3691,0,1,5
3691,1,1,5
3691,2,1,1
3691,3,1,2
3691,4,1,3
3691,5,1,2
3691,6,1,2
3691,7,1,5
3691,8,1,2
3691,9,1,2
3691,10,1,3
3691,11,1,4
3691,12,1,1
3692,0,1,5
3692,1,1,3
3692,2,1,4
3692,3,1,3
3692,4,1,6
3692,5,1,4
3692,6,0,0
3692,7,0,0
3692,8,0,0
3692,9,0,0
3692,10,0,0
3692,11,0,0
3692,12,0,0
3693,0,1,2
3693,1,1,2
3693,2,1,3
3693,3,1,4
3693,4,1,1
3693,5,1,2
3693,6,1,8
3693,7,1,6
3693,8,1,6
3693,9,1,9
3693,10,1,4
3693,11,1,1
3693,12,1,2
3694,0,1,2
3694,1,0,0
3694,2,0,0
3694,3,0,0
3694,4,0,0
3694,5,0,0
3694,6,0,0
3694,7,0,0
3694,8,0,0
3694,9,0,0
3694,10,0,0
3694,11,0,0
3694,12,0,0
3695,0,1,1
3695,1,1,4
3695,2,1,2
3695,3,1,4
3695,4,1,7
3695,5,1,3
3695,6,1,1
3695,7,1,4
3695,8,1,2
3695,9,1,3
3695,10,1,2
3695,11,1,3
3695,12,1,6
3696,0,1,4
3696,1,1,1
3696,2,1,3
3696,3,1,1
3696,4,1,3
3696,5,1,1
3696,6,1,2
3696,7,1,2
3696,8,1,1
3696,9,1,4
3696,10,1,1
3696,11,1,3
3696,12,1,1
3697,0,1,5
3697,1,1,6
3697,2,1,2
3697,3,1,1
3697,4,0,0
3697,5,0,0
3697,6,0,0
3697,7,0,0
3697,8,0,0
3697,9,0,0
3697,10,0,0
3697,11,0,0
3697,12,0,0
3698,0,1,7
3698,1,1,2
3698,2,1,2
3698,3,1,1
3698,4,1,4
3698,5,1,1
3698,6,1,2
3698,7,1,4
3698,8,1,2
3698,9,1,2
3698,10,1,3
3698,11,1,1
3698,12,1,0
3699,0,1,2
3699,1,1,5
3699,2,1,5
3699,3,1,4
3699,4,1,3
3699,5,1,3
3699,6,1,3
3699,7,1,10
3699,8,1,2
3699,9,1,2
3699,10,1,3
3699,11,1,7
3699,12,1,3
3700,0,1,5
3700,1,0,0
3700,2,0,0
3700,3,0,0
3700,4,0,0
3700,5,0,0
3700,6,0,0
3700,7,0,0
3700,8,0,0
3700,9,0,0
3700,10,0,0
3700,11,0,0
3700,12,0,0
3701,0,1,6
3701,1,1,1
3701,2,1,0
3701,3,1,2
3701,4,0,0
3701,5,0,0
3701,6,0,0
3701,7,0,0
3701,8,0,0
3701,9,0,0
3701,10,0,0
3701,11,0,0
3701,12,0,0
3702,0,1,5
3702,1,1,2
3702,2,1,4
3702,3,0,0
3702,4,0,0
3702,5,0,0
3702,6,0,0
3702,7,0,0
3702,8,0,0
3702,9,0,0
3702,10,0,0
3702,11,0,0
3702,12,0,0
3703,0,1,9
3703,1,1,5
3703,2,1,2
3703,3,1,0
3703,4,1,4
3703,5,1,4
3703,6,1,4
3703,7,1,5
3703,8,1,3
3703,9,1,6
3703,10,1,4
3703,11,0,0
3703,12,0,0
3704,0,1,6
3704,1,1,2
3704,2,1,2
3704,3,1,2
3704,4,1,4
3704,5,1,7
3704,6,1,5
3704,7,1,3
3704,8,1,4
3704,9,1,3
3704,10,1,2
3704,11,1,5
3704,12,1,1
3705,0,1,5
3705,1,1,0
3705,2,1,4
3705,3,1,7
3705,4,1,5
3705,5,1,6
3705,6,1,6
3705,7,1,2
3705,8,1,3
3705,9,1,3
3705,10,1,4
3705,11,1,6
3705,12,1,3
3706,0,1,7
3706,1,1,0
3706,2,1,1
3706,3,1,3
3706,4,1,1
3706,5,1,3
3706,6,1,3
3706,7,1,4
3706,8,1,0
3706,9,1,2
3706,10,1,4
3706,11,1,4
3706,12,1,3
3707,0,1,5
3707,1,1,2
3707,2,1,1
3707,3,1,1
3707,4,1,3
3707,5,1,3
3707,6,1,6
3707,7,1,4
3707,8,1,2
3707,9,1,5
3707,10,1,3
3707,11,1,2
3707,12,1,2
3708,0,1,3
3708,1,1,2
3708,2,1,3
3708,3,1,1
3708,4,1,3
3708,5,1,7
3708,6,1,2
3708,7,1,4
3708,8,1,0
3708,9,1,1
3708,10,1,2
3708,11,1,1
3708,12,1,3
3709,0,1,5
3709,1,1,1
3709,2,1,2
3709,3,1,4
3709,4,1,3
3709,5,1,2
3709,6,1,6
3709,7,1,3
3709,8,1,4
3709,9,1,3
3709,10,0,0
3709,11,0,0
3709,12,0,0
3710,0,1,5
3710,1,1,1
3710,2,1,4
3710,3,1,2
3710,4,1,6
3710,5,1,4
3710,6,1,4
3710,7,1,3
3710,8,1,2
3710,9,1,3
3710,10,1,5
3710,11,1,5
3710,12,0,0
3711,0,1,8
3711,1,1,3
3711,2,1,7
3711,3,1,3
3711,4,1,5
3711,5,1,3
3711,6,1,3
3711,7,1,3
3711,8,1,1
3711,9,1,3
3711,10,1,4
3711,11,1,3
3711,12,1,3
3712,0,1,5
3712,1,1,2
3712,2,1,4
3712,3,1,2
3712,4,1,1
3712,5,1,1
3712,6,1,0
3712,7,1,2
3712,8,1,4
3712,9,1,3
3712,10,1,0
3712,11,0,0
3712,12,0,0
3713,0,1,5
3713,1,1,2
3713,2,1,2
3713,3,1,2
3713,4,1,6
3713,5,1,4
3713,6,1,3
3713,7,1,1
3713,8,1,3
3713,9,1,2
3713,10,0,0
3713,11,0,0
3713,12,0,0
3714,0,1,4
3714,1,1,3
3714,2,1,3
3714,3,0,0
3714,4,0,0
3714,5,0,0
3714,6,0,0
3714,7,0,0
3714,8,0,0
3714,9,0,0
3714,10,0,0
3714,11,0,0
3714,12,0,0
3715,0,1,6
3715,1,1,2
3715,2,0,0
3715,3,0,0
3715,4,0,0
3715,5,0,0
3715,6,0,0
3715,7,0,0
3715,8,0,0
3715,9,0,0
3715,10,0,0
3715,11,0,0
3715,12,0,0
3716,0,1,5
3716,1,1,1
3716,2,1,1
3716,3,1,6
3716,4,1,1
3716,5,1,1
3716,6,1,0
3716,7,1,2
3716,8,1,3
3716,9,1,1
3716,10,1,6
3716,11,1,0
3716,12,1,3
3717,0,1,5
3717,1,1,3
3717,2,1,7
3717,3,1,2
3717,4,1,1
3717,5,1,1
3717,6,1,1
3717,7,1,3
3717,8,1,3
3717,9,1,2
3717,10,1,2
3717,11,1,2
3717,12,1,1
3718,0,1,3
3718,1,1,3
3718,2,1,3
3718,3,0,0
3718,4,0,0
3718,5,0,0
3718,6,0,0
3718,7,0,0
3718,8,0,0
3718,9,0,0
3718,10,0,0
3718,11,0,0
3718,12,0,0
3719,0,1,5
3719,1,1,8
3719,2,1,0
3719,3,0,0
3719,4,0,0
3719,5,0,0
3719,6,0,0
3719,7,0,0
3719,8,0,0
3719,9,0,0
3719,10,0,0
3719,11,0,0
3719,12,0,0
3720,0,1,5
3720,1,1,3
3720,2,1,2
3720,3,1,4
3720,4,0,0
3720,5,0,0
3720,6,0,0
3720,7,0,0
3720,8,0,0
3720,9,0,0
3720,10,0,0
3720,11,0,0
3720,12,0,0
3721,0,1,5
3721,1,1,7
3721,2,0,0
3721,3,0,0
3721,4,0,0
3721,5,0,0
3721,6,0,0
3721,7,0,0
3721,8,0,0
3721,9,0,0
3721,10,0,0
3721,11,0,0
3721,12,0,0
3722,0,1,6
3722,1,1,2
3722,2,1,7
3722,3,1,0
3722,4,1,1
3722,5,1,2
3722,6,0,0
3722,7,0,0
3722,8,0,0
3722,9,0,0
3722,10,0,0
3722,11,0,0
3722,12,0,0
3723,0,1,9
3723,1,1,2
3723,2,1,2
3723,3,1,1
3723,4,1,3
3723,5,1,0
3723,6,1,1
3723,7,1,4
3723,8,1,2
3723,9,0,0
3723,10,0,0
3723,11,0,0
3723,12,0,0
3724,0,1,4
3724,1,1,1
3724,2,1,7
3724,3,1,1
3724,4,1,2
3724,5,1,2
3724,6,1,1
3724,7,1,4
3724,8,1,3
3724,9,1,1
3724,10,1,2
3724,11,1,3
3724,12,1,3
3725,0,1,5
3725,1,1,2
3725,2,1,1
3725,3,1,7
3725,4,1,6
3725,5,1,6
3725,6,1,4
3725,7,0,0
3725,8,0,0
3725,9,0,0
3725,10,0,0
3725,11,0,0
3725,12,0,0
3726,0,1,5
3726,1,1,1
3726,2,1,2
3726,3,1,5
3726,4,1,4
3726,5,1,2
3726,6,1,3
3726,7,1,6
3726,8,1,4
3726,9,0,0
3726,10,0,0
3726,11,0,0
3726,12,0,0
3727,0,1,5
3727,1,1,3
3727,2,1,5
3727,3,1,3
3727,4,1,2
3727,5,0,0
3727,6,0,0
3727,7,0,0
3727,8,0,0
3727,9,0,0
3727,10,0,0
3727,11,0,0
3727,12,0,0
3728,0,1,4
3728,1,1,4
3728,2,1,1
3728,3,1,1
3728,4,0,0
3728,5,0,0
3728,6,0,0
3728,7,0,0
3728,8,0,0
3728,9,0,0
3728,10,0,0
3728,11,0,0
3728,12,0,0
3729,0,1,2
3729,1,1,3
3729,2,1,4
3729,3,0,0
3729,4,0,0
3729,5,0,0
3729,6,0,0
3729,7,0,0
3729,8,0,0
3729,9,0,0
3729,10,0,0
3729,11,0,0
3729,12,0,0
3730,0,1,5
3730,1,1,1
3730,2,1,3
3730,3,1,3
3730,4,1,3
3730,5,1,1
3730,6,1,3
3730,7,1,4
3730,8,1,1
3730,9,1,0
3730,10,1,3
3730,11,1,3
3730,12,1,4
3731,0,1,9
3731,1,1,4
3731,2,1,2
3731,3,1,4
3731,4,1,1
3731,5,1,5
3731,6,1,4
3731,7,1,5
3731,8,1,4
3731,9,1,2
3731,10,1,4
3731,11,1,3
3731,12,1,4
3732,0,1,5
3732,1,1,4
3732,2,1,4
3732,3,1,4
3732,4,1,4
3732,5,1,1
3732,6,1,4
3732,7,1,6
3732,8,1,10
3732,9,1,2
3732,10,1,5
3732,11,1,4
3732,12,0,0
3733,0,1,3
3733,1,1,4
3733,2,0,0
3733,3,0,0
3733,4,0,0
3733,5,0,0
3733,6,0,0
3733,7,0,0
3733,8,0,0
3733,9,0,0
3733,10,0,0
3733,11,0,0
3733,12,0,0
3734,0,1,6
3734,1,0,0
3734,2,0,0
3734,3,0,0
3734,4,0,0
3734,5,0,0
3734,6,0,0
3734,7,0,0
3734,8,0,0
3734,9,0,0
3734,10,0,0
3734,11,0,0
3734,12,0,0
3735,0,1,4
3735,1,1,4
3735,2,1,8
3735,3,1,0
3735,4,1,8
3735,5,1,3
3735,6,1,7
3735,7,1,3
3735,8,1,6
3735,9,1,5
3735,10,1,3
3735,11,1,6
3735,12,1,3
3736,0,1,7
3736,1,1,5
3736,2,1,1
3736,3,1,3
3736,4,1,1
3736,5,1,3
3736,6,1,1
3736,7,1,4
3736,8,1,4
3736,9,1,1
3736,10,0,0
3736,11,0,0
3736,12,0,0
3737,0,1,5
3737,1,1,2
3737,2,0,0
3737,3,0,0
3737,4,0,0
3737,5,0,0
3737,6,0,0
3737,7,0,0
3737,8,0,0
3737,9,0,0
3737,10,0,0
3737,11,0,0
3737,12,0,0
3738,0,1,3
3738,1,1,4
3738,2,1,2
3738,3,1,3
3738,4,1,3
3738,5,1,4
3738,6,0,0
3738,7,0,0
3738,8,0,0
3738,9,0,0
3738,10,0,0
3738,11,0,0
3738,12,0,0
3739,0,1,6
3739,1,1,1
3739,2,1,2
3739,3,1,3
3739,4,1,1
3739,5,1,4
3739,6,1,2
3739,7,0,0
3739,8,0,0
3739,9,0,0
3739,10,0,0
3739,11,0,0
3739,12,0,0
3740,0,1,7
3740,1,1,0
3740,2,1,4
3740,3,1,3
3740,4,1,3
3740,5,1,1
3740,6,1,3
3740,7,1,5
3740,8,1,5
3740,9,1,0
3740,10,1,2
3740,11,1,1
3740,12,1,0
3741,0,1,4
3741,1,0,0
3741,2,0,0
3741,3,0,0
3741,4,0,0
3741,5,0,0
3741,6,0,0
3741,7,0,0
3741,8,0,0
3741,9,0,0
3741,10,0,0
3741,11,0,0
3741,12,0,0
3742,0,1,5
3742,1,1,1
3742,2,1,7
3742,3,1,5
3742,4,1,3
3742,5,1,7
3742,6,1,1
3742,7,1,3
3742,8,1,1
3742,9,1,4
3742,10,1,2
3742,11,1,4
3742,12,0,0
3743,0,1,5
3743,1,1,2
3743,2,0,0
3743,3,0,0
3743,4,0,0
3743,5,0,0
3743,6,0,0
3743,7,0,0
3743,8,0,0
3743,9,0,0
3743,10,0,0
3743,11,0,0
3743,12,0,0
3744,0,1,4
3744,1,1,1
3744,2,1,2
3744,3,1,3
3744,4,1,2
3744,5,1,4
3744,6,1,2
3744,7,1,4
3744,8,1,0
3744,9,0,0
3744,10,0,0
3744,11,0,0
3744,12,0,0
3745,0,1,7
3745,1,1,4
3745,2,1,1
3745,3,1,4
3745,4,1,2
3745,5,0,0
3745,6,0,0
3745,7,0,0
3745,8,0,0
3745,9,0,0
3745,10,0,0
3745,11,0,0
3745,12,0,0
3746,0,1,4
3746,1,1,0
3746,2,1,1
3746,3,1,0
3746,4,1,1
3746,5,1,4
3746,6,1,2
3746,7,0,0
3746,8,0,0
3746,9,0,0
3746,10,0,0
3746,11,0,0
3746,12,0,0
3747,0,1,4
3747,1,1,1
3747,2,1,2
3747,3,1,3
3747,4,1,4
3747,5,1,2
3747,6,1,5
3747,7,1,6
3747,8,1,2
3747,9,1,3
3747,10,1,4
3747,11,1,3
3747,12,1,0
3748,0,1,7
3748,1,0,0
3748,2,0,0
3748,3,0,0
3748,4,0,0
3748,5,0,0
3748,6,0,0
3748,7,0,0
3748,8,0,0
3748,9,0,0
3748,10,0,0
3748,11,0,0
3748,12,0,0
3749,0,1,3
3749,1,1,3
3749,2,1,3
3749,3,1,6
3749,4,1,2
3749,5,1,1
3749,6,0,0
3749,7,0,0
3749,8,0,0
3749,9,0,0
3749,10,0,0
3749,11,0,0
3749,12,0,0
3750,0,1,3
3750,1,1,4
3750,2,1,6
3750,3,1,3
3750,4,1,3
3750,5,1,1
3750,6,1,5
3750,7,1,2
3750,8,1,5
3750,9,1,3
3750,10,0,0
3750,11,0,0
3750,12,0,0
3751,0,1,6
3751,1,1,4
3751,2,1,1
3751,3,1,0
3751,4,1,4
3751,5,1,4
3751,6,1,2
3751,7,1,5
3751,8,1,5
3751,9,1,0
3751,10,0,0
3751,11,0,0
3751,12,0,0
3752,0,1,7
3752,1,1,0
3752,2,1,1
3752,3,1,2
3752,4,1,5
3752,5,0,0
3752,6,0,0
3752,7,0,0
3752,8,0,0
3752,9,0,0
3752,10,0,0
3752,11,0,0
3752,12,0,0
3753,0,1,4
3753,1,1,2
3753,2,1,1
3753,3,1,5
3753,4,1,4
3753,5,0,0
3753,6,0,0
3753,7,0,0
3753,8,0,0
3753,9,0,0
3753,10,0,0
3753,11,0,0
3753,12,0,0
3754,0,1,2
3754,1,1,2
3754,2,0,0
3754,3,0,0
3754,4,0,0
3754,5,0,0
3754,6,0,0
3754,7,0,0
3754,8,0,0
3754,9,0,0
3754,10,0,0
3754,11,0,0
3754,12,0,0
3755,0,1,5
3755,1,1,2
3755,2,1,2
3755,3,1,2
3755,4,1,2
3755,5,1,4
3755,6,1,6
3755,7,1,3
3755,8,1,4
3755,9,1,2
3755,10,1,4
3755,11,1,1
3755,12,1,1
3756,0,1,4
3756,1,1,8
3756,2,1,3
3756,3,1,3
3756,4,1,5
3756,5,1,1
3756,6,1,4
3756,7,1,3
3756,8,1,1
3756,9,1,6
3756,10,1,5
3756,11,1,3
3756,12,0,0
3757,0,1,4
3757,1,0,0
3757,2,0,0
3757,3,0,0
3757,4,0,0
3757,5,0,0
3757,6,0,0
3757,7,0,0
3757,8,0,0
3757,9,0,0
3757,10,0,0
3757,11,0,0
3757,12,0,0
3758,0,1,6
3758,1,1,0
3758,2,1,3
3758,3,1,1
3758,4,1,5
3758,5,1,5
3758,6,0,0
3758,7,0,0
3758,8,0,0
3758,9,0,0
3758,10,0,0
3758,11,0,0
3758,12,0,0
3759,0,1,6
3759,1,1,4
3759,2,0,0
3759,3,0,0
3759,4,0,0
3759,5,0,0
3759,6,0,0
3759,7,0,0
3759,8,0,0
3759,9,0,0
3759,10,0,0
3759,11,0,0
3759,12,0,0
3760,0,1,5
3760,1,1,1
3760,2,1,4
3760,3,1,7
3760,4,1,2
3760,5,1,6
3760,6,1,2
3760,7,1,1
3760,8,1,4
3760,9,0,0
3760,10,0,0
3760,11,0,0
3760,12,0,0
3761,0,1,3
3761,1,1,4
3761,2,1,0
3761,3,1,2
3761,4,1,1
3761,5,1,2
3761,6,1,3
3761,7,1,4
3761,8,1,4
3761,9,1,1
3761,10,1,1
3761,11,1,1
3761,12,1,1
3762,0,1,4
3762,1,1,2
3762,2,1,4
3762,3,1,2
3762,4,1,5
3762,5,1,6
3762,6,1,6
3762,7,1,4
3762,8,1,2
3762,9,1,4
3762,10,1,4
3762,11,1,4
3762,12,1,7
3763,0,1,4
3763,1,1,3
3763,2,1,4
3763,3,1,3
3763,4,1,2
3763,5,1,4
3763,6,0,0
3763,7,0,0
3763,8,0,0
3763,9,0,0
3763,10,0,0
3763,11,0,0
3763,12,0,0
3764,0,1,4
3764,1,1,3
3764,2,1,1
3764,3,1,1
3764,4,1,0
3764,5,1,2
3764,6,1,2
3764,7,1,3
3764,8,1,3
3764,9,1,3
3764,10,1,1
3764,11,1,5
3764,12,1,3
3765,0,1,5
3765,1,0,0
3765,2,0,0
3765,3,0,0
3765,4,0,0
3765,5,0,0
3765,6,0,0
3765,7,0,0
3765,8,0,0
3765,9,0,0
3765,10,0,0
3765,11,0,0
3765,12,0,0
3766,0,1,2
3766,1,1,2
3766,2,1,1
3766,3,1,2
3766,4,1,4
3766,5,1,1
3766,6,1,6
3766,7,1,5
3766,8,1,3
3766,9,1,3
3766,10,1,4
3766,11,1,4
3766,12,1,0
3767,0,1,7
3767,1,1,5
3767,2,1,5
3767,3,1,1
3767,4,1,3
3767,5,1,0
3767,6,1,7
3767,7,1,5
3767,8,1,3
3767,9,1,8
3767,10,1,5
3767,11,1,3
3767,12,1,5
3768,0,1,3
3768,1,1,4
3768,2,1,5
3768,3,1,5
3768,4,1,3
3768,5,1,3
3768,6,1,2
3768,7,1,3
3768,8,1,3
3768,9,1,6
3768,10,1,8
3768,11,1,2
3768,12,1,0
3769,0,1,6
3769,1,1,6
3769,2,1,1
3769,3,1,2
3769,4,1,4
3769,5,1,2
3769,6,1,2
3769,7,1,2
3769,8,1,3
3769,9,0,0
3769,10,0,0
3769,11,0,0
3769,12,0,0
3770,0,1,5
3770,1,1,3
3770,2,1,2
3770,3,1,2
3770,4,0,0
3770,5,0,0
3770,6,0,0
3770,7,0,0
3770,8,0,0
3770,9,0,0
3770,10,0,0
3770,11,0,0
3770,12,0,0
3771,0,1,6
3771,1,0,0
3771,2,0,0
3771,3,0,0
3771,4,0,0
3771,5,0,0
3771,6,0,0
3771,7,0,0
3771,8,0,0
3771,9,0,0
3771,10,0,0
3771,11,0,0
3771,12,0,0
3772,0,1,2
3772,1,1,3
3772,2,1,2
3772,3,1,3
3772,4,1,2
3772,5,0,0
3772,6,0,0
3772,7,0,0
3772,8,0,0
3772,9,0,0
3772,10,0,0
3772,11,0,0
3772,12,0,0
3773,0,1,2
3773,1,1,0
3773,2,1,2
3773,3,1,0
3773,4,0,0
3773,5,0,0
3773,6,0,0
3773,7,0,0
3773,8,0,0
3773,9,0,0
3773,10,0,0
3773,11,0,0
3773,12,0,0
3774,0,1,5
3774,1,1,1
3774,2,1,4
3774,3,1,4
3774,4,1,3
3774,5,1,2
3774,6,1,1
3774,7,1,1
3774,8,1,3
3774,9,1,2
3774,10,1,4
3774,11,1,3
3774,12,1,4
3775,0,1,5
3775,1,1,4
3775,2,1,1
3775,3,0,0
3775,4,0,0
3775,5,0,0
3775,6,0,0
3775,7,0,0
3775,8,0,0
3775,9,0,0
3775,10,0,0
3775,11,0,0
3775,12,0,0
3776,0,1,4
3776,1,1,0
3776,2,1,0
3776,3,1,2
3776,4,1,2
3776,5,1,3
3776,6,1,1
3776,7,1,2
3776,8,1,3
3776,9,0,0
3776,10,0,0
3776,11,0,0
3776,12,0,0
3777,0,1,8
3777,1,1,1
3777,2,1,4
3777,3,1,1
3777,4,1,1
3777,5,1,3
3777,6,1,1
3777,7,1,4
3777,8,0,0
3777,9,0,0
3777,10,0,0
3777,11,0,0
3777,12,0,0
3778,0,1,5
3778,1,1,2
3778,2,1,1
3778,3,1,5
3778,4,1,1
3778,5,1,2
3778,6,1,1
3778,7,1,2
3778,8,1,1
3778,9,1,3
3778,10,0,0
3778,11,0,0
3778,12,0,0
3779,0,1,5
3779,1,1,3
3779,2,0,0
3779,3,0,0
3779,4,0,0
3779,5,0,0
3779,6,0,0
3779,7,0,0
3779,8,0,0
3779,9,0,0
3779,10,0,0
3779,11,0,0
3779,12,0,0
3780,0,1,6
3780,1,0,0
3780,2,0,0
3780,3,0,0
3780,4,0,0
3780,5,0,0
3780,6,0,0
3780,7,0,0
3780,8,0,0
3780,9,0,0
3780,10,0,0
3780,11,0,0
3780,12,0,0
3781,0,1,5
3781,1,1,3
3781,2,1,3
3781,3,1,5
3781,4,0,0
3781,5,0,0
3781,6,0,0
3781,7,0,0
3781,8,0,0
3781,9,0,0
3781,10,0,0
3781,11,0,0
3781,12,0,0
3782,0,1,7
3782,1,1,10
3782,2,1,3
3782,3,1,2
3782,4,1,3
3782,5,1,6
3782,6,1,3
3782,7,1,3
3782,8,1,3
3782,9,1,3
3782,10,1,2
3782,11,1,3
3782,12,1,5
3783,0,1,11
3783,1,0,0
3783,2,0,0
3783,3,0,0
3783,4,0,0
3783,5,0,0
3783,6,0,0
3783,7,0,0
3783,8,0,0
3783,9,0,0
3783,10,0,0
3783,11,0,0
3783,12,0,0
3784,0,1,2
3784,1,1,2
3784,2,1,0
3784,3,1,3
3784,4,1,2
3784,5,0,0
3784,6,0,0
3784,7,0,0
3784,8,0,0
3784,9,0,0
3784,10,0,0
3784,11,0,0
3784,12,0,0
3785,0,1,3
3785,1,1,2
3785,2,1,3
3785,3,1,4
3785,4,1,5
3785,5,1,11
3785,6,1,3
3785,7,1,2
3785,8,1,5
3785,9,1,4
3785,10,1,6
3785,11,1,4
3785,12,1,4
3786,0,1,7
3786,1,1,3
3786,2,1,2
3786,3,1,3
3786,4,1,4
3786,5,1,3
3786,6,1,2
3786,7,1,6
3786,8,1,6
3786,9,1,2
3786,10,1,3
3786,11,1,3
3786,12,1,3
3787,0,1,4
3787,1,1,5
3787,2,1,1
3787,3,1,2
3787,4,1,5
3787,5,1,2
3787,6,1,4
3787,7,1,3
3787,8,1,3
3787,9,1,2
3787,10,1,2
3787,11,1,2
3787,12,1,2
3788,0,1,9
3788,1,1,2
3788,2,1,2
3788,3,1,1
3788,4,0,0
3788,5,0,0
3788,6,0,0
3788,7,0,0
3788,8,0,0
3788,9,0,0
3788,10,0,0
3788,11,0,0
3788,12,0,0
3789,0,1,6
3789,1,1,1
3789,2,1,5
3789,3,1,1
3789,4,1,2
3789,5,1,5
3789,6,0,0
3789,7,0,0
3789,8,0,0
3789,9,0,0
3789,10,0,0
3789,11,0,0
3789,12,0,0
3790,0,1,4
3790,1,1,4
3790,2,1,4
3790,3,1,2
3790,4,1,4
3790,5,1,3
3790,6,0,0
3790,7,0,0
3790,8,0,0
3790,9,0,0
3790,10,0,0
3790,11,0,0
3790,12,0,0
3791,0,1,4
3791,1,1,4
3791,2,1,3
3791,3,1,2
3791,4,1,5
3791,5,0,0
3791,6,0,0
3791,7,0,0
3791,8,0,0
3791,9,0,0
3791,10,0,0
3791,11,0,0
3791,12,0,0
3792,0,1,6
3792,1,1,3
3792,2,1,1
3792,3,1,0
3792,4,1,4
3792,5,1,2
3792,6,1,1
3792,7,1,2
3792,8,1,2
3792,9,1,4
3792,10,1,5
3792,11,1,2
3792,12,1,4
3793,0,1,5
3793,1,1,4
3793,2,1,2
3793,3,1,5
3793,4,1,2
3793,5,1,2
3793,6,1,7
3793,7,1,3
3793,8,1,4
3793,9,1,4
3793,10,1,7
3793,11,1,3
3793,12,1,3
3794,0,1,7
3794,1,1,1
3794,2,1,3
3794,3,1,5
3794,4,1,4
3794,5,1,2
3794,6,1,5
3794,7,1,3
3794,8,1,2
3794,9,1,3
3794,10,1,3
3794,11,1,4
3794,12,1,3
3795,0,1,3
3795,1,1,5
3795,2,1,3
3795,3,1,3
3795,4,0,0
3795,5,0,0
3795,6,0,0
3795,7,0,0
3795,8,0,0
3795,9,0,0
3795,10,0,0
3795,11,0,0
3795,12,0,0
3796,0,1,8
3796,1,1,2
3796,2,1,1
3796,3,1,3
3796,4,1,1
3796,5,0,0
3796,6,0,0
3796,7,0,0
3796,8,0,0
3796,9,0,0
3796,10,0,0
3796,11,0,0
3796,12,0,0
3797,0,1,5
3797,1,1,2
3797,2,0,0
3797,3,0,0
3797,4,0,0
3797,5,0,0
3797,6,0,0
3797,7,0,0
3797,8,0,0
3797,9,0,0
3797,10,0,0
3797,11,0,0
3797,12,0,0
3798,0,1,6
3798,1,1,3
3798,2,1,5
3798,3,1,3
3798,4,1,3
3798,5,1,8
3798,6,1,5
3798,7,0,0
3798,8,0,0
3798,9,0,0
3798,10,0,0
3798,11,0,0
3798,12,0,0
3799,0,1,3
3799,1,1,6
3799,2,1,3
3799,3,0,0
3799,4,0,0
3799,5,0,0
3799,6,0,0
3799,7,0,0
3799,8,0,0
3799,9,0,0
3799,10,0,0
3799,11,0,0
3799,12,0,0
3800,0,1,4
3800,1,1,1
3800,2,1,3
3800,3,1,7
3800,4,1,3
3800,5,1,4
3800,6,1,3
3800,7,1,4
3800,8,1,3
3800,9,1,6
3800,10,1,9
3800,11,1,1
3800,12,1,3
3801,0,1,1
3801,1,1,1
3801,2,1,8
3801,3,1,5
3801,4,1,4
3801,5,1,5
3801,6,1,10
3801,7,1,3
3801,8,1,2
3801,9,1,2
3801,10,1,4
3801,11,1,5
3801,12,1,2
3802,0,1,6
3802,1,1,4
3802,2,1,5
3802,3,1,4
3802,4,1,5
3802,5,1,1
3802,6,0,0
3802,7,0,0
3802,8,0,0
3802,9,0,0
3802,10,0,0
3802,11,0,0
3802,12,0,0
3803,0,1,5
3803,1,1,2
3803,2,1,1
3803,3,1,1
3803,4,1,0
3803,5,1,3
3803,6,1,4
3803,7,1,3
3803,8,1,3
3803,9,1,4
3803,10,1,4
3803,11,1,3
3803,12,1,3
3804,0,1,7
3804,1,1,0
3804,2,1,1
3804,3,0,0
3804,4,0,0
3804,5,0,0
3804,6,0,0
3804,7,0,0
3804,8,0,0
3804,9,0,0
3804,10,0,0
3804,11,0,0
3804,12,0,0
3805,0,1,9
3805,1,1,3
3805,2,1,6
3805,3,1,1
3805,4,1,3
3805,5,1,0
3805,6,0,0
3805,7,0,0
3805,8,0,0
3805,9,0,0
3805,10,0,0
3805,11,0,0
3805,12,0,0
3806,0,1,5
3806,1,1,2
3806,2,1,0
3806,3,1,1
3806,4,1,4
3806,5,1,4
3806,6,1,2
3806,7,1,4
3806,8,1,2
3806,9,0,0
3806,10,0,0
3806,11,0,0
3806,12,0,0
3807,0,1,7
3807,1,1,4
3807,2,1,3
3807,3,1,4
3807,4,0,0
3807,5,0,0
3807,6,0,0
3807,7,0,0
3807,8,0,0
3807,9,0,0
3807,10,0,0
3807,11,0,0
3807,12,0,0
3808,0,1,5
3808,1,0,0
3808,2,0,0
3808,3,0,0
3808,4,0,0
3808,5,0,0
3808,6,0,0
3808,7,0,0
3808,8,0,0
3808,9,0,0
3808,10,0,0
3808,11,0,0
3808,12,0,0
3809,0,1,3
3809,1,1,2
3809,2,1,1
3809,3,1,2
3809,4,1,1
3809,5,1,1
3809,6,1,1
3809,7,1,5
3809,8,1,3
3809,9,1,2
3809,10,1,1
3809,11,1,0
3809,12,1,3
3810,0,1,6
3810,1,1,0
3810,2,1,3
3810,3,1,4
3810,4,0,0
3810,5,0,0
3810,6,0,0
3810,7,0,0
3810,8,0,0
3810,9,0,0
3810,10,0,0
3810,11,0,0
3810,12,0,0
3811,0,1,5
3811,1,1,5
3811,2,1,3
3811,3,1,4
3811,4,1,2
3811,5,1,2
3811,6,1,5
3811,7,1,4
3811,8,1,4
3811,9,1,4
3811,10,1,2
3811,11,1,1
3811,12,1,4
3812,0,1,2
3812,1,1,7
3812,2,1,3
3812,3,1,3
3812,4,1,3
3812,5,1,3
3812,6,1,2
3812,7,0,0
3812,8,0,0
3812,9,0,0
3812,10,0,0
3812,11,0,0
3812,12,0,0
3813,0,1,8
3813,1,1,3
3813,2,1,5
3813,3,1,5
3813,4,1,2
3813,5,1,3
3813,6,1,5
3813,7,1,4
3813,8,1,6
3813,9,1,1
3813,10,1,3
3813,11,1,4
3813,12,1,7
3814,0,1,4
3814,1,1,4
3814,2,1,4
3814,3,1,1
3814,4,1,8
3814,5,1,4
3814,6,1,6
3814,7,1,5
3814,8,1,3
3814,9,1,3
3814,10,1,4
3814,11,1,2
3814,12,1,1
3815,0,1,4
3815,1,1,5
3815,2,1,2
3815,3,1,3
3815,4,1,3
3815,5,1,3
3815,6,1,3
3815,7,0,0
3815,8,0,0
3815,9,0,0
3815,10,0,0
3815,11,0,0
3815,12,0,0
3816,0,1,5
3816,1,1,1
3816,2,1,3
3816,3,1,4
3816,4,1,2
3816,5,1,7
3816,6,1,7
3816,7,0,0
3816,8,0,0
3816,9,0,0
3816,10,0,0
3816,11,0,0
3816,12,0,0
3817,0,1,5
3817,1,0,0
3817,2,0,0
3817,3,0,0
3817,4,0,0
3817,5,0,0
3817,6,0,0
3817,7,0,0
3817,8,0,0
3817,9,0,0
3817,10,0,0
3817,11,0,0
3817,12,0,0
3818,0,1,6
3818,1,1,3
3818,2,1,2
3818,3,1,4
3818,4,1,1
3818,5,1,7
3818,6,1,6
3818,7,1,3
3818,8,1,2
3818,9,1,3
3818,10,1,5
3818,11,1,3
3818,12,1,1
3819,0,1,3
3819,1,1,1
3819,2,1,1
3819,3,0,0
3819,4,0,0
3819,5,0,0
3819,6,0,0
3819,7,0,0
3819,8,0,0
3819,9,0,0
3819,10,0,0
3819,11,0,0
3819,12,0,0
3820,0,1,5
3820,1,1,5
3820,2,1,3
3820,3,1,5
3820,4,1,1
3820,5,1,3
3820,6,1,3
3820,7,1,3
3820,8,1,3
3820,9,1,3
3820,10,1,3
3820,11,1,2
3820,12,1,1
3821,0,1,6
3821,1,1,2
3821,2,1,1
3821,3,1,3
3821,4,1,0
3821,5,0,0
3821,6,0,0
3821,7,0,0
3821,8,0,0
3821,9,0,0
3821,10,0,0
3821,11,0,0
3821,12,0,0
3822,0,1,4
3822,1,1,6
3822,2,1,4
3822,3,1,6
3822,4,1,7
3822,5,0,0
3822,6,0,0
3822,7,0,0
3822,8,0,0
3822,9,0,0
3822,10,0,0
3822,11,0,0
3822,12,0,0
3823,0,1,3
3823,1,0,0
3823,2,0,0
3823,3,0,0
3823,4,0,0
3823,5,0,0
3823,6,0,0
3823,7,0,0
3823,8,0,0
3823,9,0,0
3823,10,0,0
3823,11,0,0
3823,12,0,0
3824,0,1,3
3824,1,1,5
3824,2,1,1
3824,3,0,0
3824,4,0,0
3824,5,0,0
3824,6,0,0
3824,7,0,0
3824,8,0,0
3824,9,0,0
3824,10,0,0
3824,11,0,0
3824,12,0,0
3825,0,1,3
3825,1,1,4
3825,2,1,1
3825,3,1,2
3825,4,1,4
3825,5,1,4
3825,6,1,4
3825,7,1,7
3825,8,1,2
3825,9,1,2
3825,10,1,4
3825,11,1,4
3825,12,1,6
3826,0,1,5
3826,1,1,6
3826,2,1,2
3826,3,1,4
3826,4,1,3
3826,5,1,4
3826,6,1,6
3826,7,1,1
3826,8,1,5
3826,9,1,1
3826,10,1,7
3826,11,1,4
3826,12,1,2
3827,0,1,6
3827,1,1,4
3827,2,1,2
3827,3,1,4
3827,4,1,2
3827,5,0,0
3827,6,0,0
3827,7,0,0
3827,8,0,0
3827,9,0,0
3827,10,0,0
3827,11,0,0
3827,12,0,0
3828,0,1,6
3828,1,1,3
3828,2,1,4
3828,3,1,8
3828,4,1,4
3828,5,1,4
3828,6,1,3
3828,7,1,4
3828,8,1,3
3828,9,1,2
3828,10,1,2
3828,11,1,1
3828,12,1,1
3829,0,1,3
3829,1,1,2
3829,2,1,4
3829,3,1,1
3829,4,1,2
3829,5,1,6
3829,6,1,2
3829,7,1,3
3829,8,1,3
3829,9,1,1
3829,10,1,2
3829,11,1,0
3829,12,1,1
3830,0,1,3
3830,1,1,3
3830,2,1,4
3830,3,1,4
3830,4,0,0
3830,5,0,0
3830,6,0,0
3830,7,0,0
3830,8,0,0
3830,9,0,0
3830,10,0,0
3830,11,0,0
3830,12,0,0
3831,0,1,4
3831,1,1,2
3831,2,1,0
3831,3,1,3
3831,4,1,3
3831,5,1,4
3831,6,1,1
3831,7,1,1
3831,8,1,1
3831,9,1,5
3831,10,1,3
3831,11,0,0
3831,12,0,0
3832,0,1,5
3832,1,1,5
3832,2,1,2
3832,3,1,6
3832,4,1,7
3832,5,1,2
3832,6,0,0
3832,7,0,0
3832,8,0,0
3832,9,0,0
3832,10,0,0
3832,11,0,0
3832,12,0,0
3833,0,1,5
3833,1,1,7
3833,2,1,2
3833,3,1,3
3833,4,1,3
3833,5,1,3
3833,6,1,3
3833,7,1,4
3833,8,1,4
3833,9,1,6
3833,10,1,8
3833,11,1,2
3833,12,0,0
3834,0,1,3
3834,1,1,2
3834,2,1,0
3834,3,1,2
3834,4,0,0
3834,5,0,0
3834,6,0,0
3834,7,0,0
3834,8,0,0
3834,9,0,0
3834,10,0,0
3834,11,0,0
3834,12,0,0
3835,0,1,5
3835,1,1,4
3835,2,1,3
3835,3,0,0
3835,4,0,0
3835,5,0,0
3835,6,0,0
3835,7,0,0
3835,8,0,0
3835,9,0,0
3835,10,0,0
3835,11,0,0
3835,12,0,0
3836,0,1,3
3836,1,1,1
3836,2,1,3
3836,3,1,1
3836,4,0,0
3836,5,0,0
3836,6,0,0
3836,7,0,0
3836,8,0,0
3836,9,0,0
3836,10,0,0
3836,11,0,0
3836,12,0,0
3837,0,1,7
3837,1,1,4
3837,2,1,2
3837,3,1,0
3837,4,1,5
3837,5,1,1
3837,6,1,3
3837,7,1,1
3837,8,1,3
3837,9,1,4
3837,10,1,0
3837,11,1,0
3837,12,0,0
3838,0,1,4
3838,1,1,4
3838,2,1,4
3838,3,0,0
3838,4,0,0
3838,5,0,0
3838,6,0,0
3838,7,0,0
3838,8,0,0
3838,9,0,0
3838,10,0,0
3838,11,0,0
3838,12,0,0
3839,0,1,4
3839,1,1,0
3839,2,0,0
3839,3,0,0
3839,4,0,0
3839,5,0,0
3839,6,0,0
3839,7,0,0
3839,8,0,0
3839,9,0,0
3839,10,0,0
3839,11,0,0
3839,12,0,0
3840,0,1,4
3840,1,1,7
3840,2,1,2
3840,3,0,0
3840,4,0,0
3840,5,0,0
3840,6,0,0
3840,7,0,0
3840,8,0,0
3840,9,0,0
3840,10,0,0
3840,11,0,0
3840,12,0,0
3841,0,1,5
3841,1,1,5
3841,2,0,0
3841,3,0,0
3841,4,0,0
3841,5,0,0
3841,6,0,0
3841,7,0,0
3841,8,0,0
3841,9,0,0
3841,10,0,0
3841,11,0,0
3841,12,0,0
3842,0,1,5
3842,1,1,3
3842,2,1,6
3842,3,1,5
3842,4,1,2
3842,5,1,3
3842,6,1,3
3842,7,0,0
3842,8,0,0
3842,9,0,0
3842,10,0,0
3842,11,0,0
3842,12,0,0
3843,0,1,4
3843,1,0,0
3843,2,0,0
3843,3,0,0
3843,4,0,0
3843,5,0,0
3843,6,0,0
3843,7,0,0
3843,8,0,0
3843,9,0,0
3843,10,0,0
3843,11,0,0
3843,12,0,0
3844,0,1,4
3844,1,1,5
3844,2,1,0
3844,3,1,5
3844,4,1,4
3844,5,1,4
3844,6,1,1
3844,7,1,3
3844,8,1,4
3844,9,1,6
3844,10,1,4
3844,11,1,1
3844,12,1,2
3845,0,1,5
3845,1,1,1
3845,2,1,5
3845,3,1,0
3845,4,1,3
3845,5,1,5
3845,6,1,2
3845,7,1,4
3845,8,1,4
3845,9,1,5
3845,10,1,2
3845,11,1,6
3845,12,1,3
3846,0,1,6
3846,1,1,2
3846,2,1,1
3846,3,1,1
3846,4,1,4
3846,5,0,0
3846,6,0,0
3846,7,0,0
3846,8,0,0
3846,9,0,0
3846,10,0,0
3846,11,0,0
3846,12,0,0
3847,0,1,5
3847,1,1,3
3847,2,0,0
3847,3,0,0
3847,4,0,0
3847,5,0,0
3847,6,0,0
3847,7,0,0
3847,8,0,0
3847,9,0,0
3847,10,0,0
3847,11,0,0
3847,12,0,0
3848,0,1,3
3848,1,1,5
3848,2,1,3
3848,3,1,2
3848,4,1,6
3848,5,1,7
3848,6,1,10
3848,7,1,5
3848,8,1,6
3848,9,1,3
3848,10,1,5
3848,11,1,4
3848,12,0,0
3849,0,1,4
3849,1,1,2
3849,2,1,0
3849,3,1,5
3849,4,1,2
3849,5,1,4
3849,6,1,4
3849,7,1,1
3849,8,1,2
3849,9,1,5
3849,10,1,2
3849,11,1,1
3849,12,1,4
3850,0,1,7
3850,1,1,2
3850,2,1,0
3850,3,1,3
3850,4,1,0
3850,5,1,1
3850,6,1,1
3850,7,1,2
3850,8,1,1
3850,9,1,1
3850,10,1,1
3850,11,1,4
3850,12,1,1
3851,0,1,6
3851,1,1,3
3851,2,1,5
3851,3,1,6
3851,4,1,8
3851,5,1,2
3851,6,1,4
3851,7,1,4
3851,8,1,4
3851,9,1,4
3851,10,1,5
3851,11,1,6
3851,12,1,1
3852,0,1,8
3852,1,1,0
3852,2,1,2
3852,3,1,5
3852,4,1,2
3852,5,1,3
3852,6,1,4
3852,7,1,4
3852,8,1,3
3852,9,1,6
3852,10,1,5
3852,11,1,4
3852,12,0,0
3853,0,1,7
3853,1,1,2
3853,2,1,3
3853,3,1,2
3853,4,1,7
3853,5,1,5
3853,6,1,4
3853,7,1,5
3853,8,1,5
3853,9,1,3
3853,10,1,3
3853,11,1,2
3853,12,1,1
3854,0,1,3
3854,1,1,5
3854,2,1,4
3854,3,1,2
3854,4,1,3
3854,5,1,5
3854,6,1,3
3854,7,1,3
3854,8,1,1
3854,9,1,4
3854,10,1,3
3854,11,1,4
3854,12,1,6
3855,0,1,3
3855,1,1,3
3855,2,1,2
3855,3,1,1
3855,4,1,2
3855,5,1,4
3855,6,1,2
3855,7,1,4
3855,8,1,3
3855,9,1,4
3855,10,1,2
3855,11,1,0
3855,12,1,2
3856,0,1,5
3856,1,1,7
3856,2,1,6
3856,3,1,3
3856,4,1,2
3856,5,1,2
3856,6,0,0
3856,7,0,0
3856,8,0,0
3856,9,0,0
3856,10,0,0
3856,11,0,0
3856,12,0,0
3857,0,1,6
3857,1,1,2
3857,2,1,3
3857,3,1,3
3857,4,0,0
3857,5,0,0
3857,6,0,0
3857,7,0,0
3857,8,0,0
3857,9,0,0
3857,10,0,0
3857,11,0,0
3857,12,0,0
3858,0,1,4
3858,1,1,5
3858,2,1,5
3858,3,1,2
3858,4,1,3
3858,5,1,3
3858,6,1,6
3858,7,1,6
3858,8,1,4
3858,9,1,2
3858,10,1,1
3858,11,1,4
3858,12,1,4
3859,0,1,6
3859,1,1,4
3859,2,1,1
3859,3,1,1
3859,4,0,0
3859,5,0,0
3859,6,0,0
3859,7,0,0
3859,8,0,0
3859,9,0,0
3859,10,0,0
3859,11,0,0
3859,12,0,0
3860,0,1,6
3860,1,1,5
3860,2,1,1
3860,3,1,3
3860,4,1,4
3860,5,1,2
3860,6,1,3
3860,7,1,3
3860,8,1,4
3860,9,1,1
3860,10,1,4
3860,11,0,0
3860,12,0,0
3861,0,1,4
3861,1,1,1
3861,2,1,7
3861,3,1,6
3861,4,1,3
3861,5,1,4
3861,6,1,7
3861,7,1,4
3861,8,1,5
3861,9,1,0
3861,10,1,4
3861,11,1,4
3861,12,1,3
3862,0,1,7
3862,1,1,3
3862,2,1,3
3862,3,1,3
3862,4,1,5
3862,5,1,2
3862,6,1,1
3862,7,1,3
3862,8,1,4
3862,9,1,3
3862,10,1,3
3862,11,1,2
3862,12,1,1
3863,0,1,8
3863,1,1,2
3863,2,1,10
3863,3,1,1
3863,4,0,0
3863,5,0,0
3863,6,0,0
3863,7,0,0
3863,8,0,0
3863,9,0,0
3863,10,0,0
3863,11,0,0
3863,12,0,0
3864,0,1,5
3864,1,1,9
3864,2,1,4
3864,3,1,3
3864,4,1,4
3864,5,1,2
3864,6,1,2
3864,7,1,2
3864,8,1,1
3864,9,1,4
3864,10,1,3
3864,11,1,4
3864,12,1,3
3865,0,1,2
3865,1,1,4
3865,2,1,2
3865,3,1,1
3865,4,1,5
3865,5,1,4
3865,6,1,3
3865,7,1,5
3865,8,1,6
3865,9,1,6
3865,10,1,3
3865,11,1,5
3865,12,1,2
3866,0,1,3
3866,1,1,2
3866,2,1,4
3866,3,1,6
3866,4,1,1
3866,5,1,0
3866,6,1,3
3866,7,1,10
3866,8,1,1
3866,9,0,0
3866,10,0,0
3866,11,0,0
3866,12,0,0
3867,0,1,2
3867,1,1,4
3867,2,1,1
3867,3,1,3
3867,4,1,4
3867,5,1,2
3867,6,1,7
3867,7,1,4
3867,8,1,3
3867,9,1,3
3867,10,1,2
3867,11,1,2
3867,12,1,5
3868,0,1,5
3868,1,1,3
3868,2,1,2
3868,3,1,6
3868,4,1,1
3868,5,1,5
3868,6,1,4
3868,7,1,3
3868,8,1,3
3868,9,1,4
3868,10,1,4
3868,11,1,3
3868,12,1,1
3869,0,1,7
3869,1,1,7
3869,2,1,4
3869,3,1,6
3869,4,1,3
3869,5,1,4
3869,6,1,1
3869,7,1,4
3869,8,1,3
3869,9,1,2
3869,10,1,7
3869,11,1,1
3869,12,0,0
3870,0,1,5
3870,1,1,2
3870,2,1,5
3870,3,1,4
3870,4,1,2
3870,5,1,0
3870,6,0,0
3870,7,0,0
3870,8,0,0
3870,9,0,0
3870,10,0,0
3870,11,0,0
3870,12,0,0
3871,0,1,4
3871,1,1,1
3871,2,1,5
3871,3,1,1
3871,4,1,3
3871,5,1,1
3871,6,1,5
3871,7,1,2
3871,8,1,1
3871,9,1,5
3871,10,1,5
3871,11,1,1
3871,12,1,3
3872,0,1,4
3872,1,1,4
3872,2,1,0
3872,3,1,3
3872,4,1,5
3872,5,1,6
3872,6,1,3
3872,7,1,3
3872,8,1,2
3872,9,1,4
3872,10,1,4
3872,11,1,1
3872,12,1,5
3873,0,1,11
3873,1,1,5
3873,2,1,3
3873,3,1,1
3873,4,1,6
3873,5,1,2
3873,6,1,2
3873,7,1,4
3873,8,1,1
3873,9,1,3
3873,10,0,0
3873,11,0,0
3873,12,0,0
3874,0,1,3
3874,1,1,4
3874,2,1,4
3874,3,1,1
3874,4,1,1
3874,5,1,2
3874,6,1,1
3874,7,1,2
3874,8,1,3
3874,9,1,3
3874,10,1,2
3874,11,1,4
3874,12,1,1
3875,0,1,8
3875,1,1,3
3875,2,1,8
3875,3,1,4
3875,4,1,2
3875,5,1,3
3875,6,1,2
3875,7,1,2
3875,8,1,4
3875,9,1,3
3875,10,1,3
3875,11,1,3
3875,12,1,4
3876,0,1,6
3876,1,1,5
3876,2,1,2
3876,3,0,0
3876,4,0,0
3876,5,0,0
3876,6,0,0
3876,7,0,0
3876,8,0,0
3876,9,0,0
3876,10,0,0
3876,11,0,0
3876,12,0,0
3877,0,1,6
3877,1,1,5
3877,2,1,2
3877,3,1,2
3877,4,1,7
3877,5,1,3
3877,6,0,0
3877,7,0,0
3877,8,0,0
3877,9,0,0
3877,10,0,0
3877,11,0,0
3877,12,0,0
3878,0,1,2
3878,1,1,3
3878,2,1,6
3878,3,1,3
3878,4,1,5
3878,5,1,5
3878,6,1,2
3878,7,0,0
3878,8,0,0
3878,9,0,0
3878,10,0,0
3878,11,0,0
3878,12,0,0
3879,0,1,4
3879,1,1,0
3879,2,1,4
3879,3,1,3
3879,4,1,2
3879,5,1,3
3879,6,1,0
3879,7,1,2
3879,8,1,0
3879,9,1,8
3879,10,1,4
3879,11,0,0
3879,12,0,0
3880,0,1,3
3880,1,1,2
3880,2,1,3
3880,3,1,3
3880,4,1,3
3880,5,1,2
3880,6,1,4
3880,7,1,4
3880,8,1,5
3880,9,1,1
3880,10,1,5
3880,11,1,2
3880,12,1,4
3881,0,1,5
3881,1,1,4
3881,2,1,9
3881,3,0,0
3881,4,0,0
3881,5,0,0
3881,6,0,0
3881,7,0,0
3881,8,0,0
3881,9,0,0
3881,10,0,0
3881,11,0,0
3881,12,0,0
3882,0,1,5
3882,1,1,4
3882,2,1,4
3882,3,1,5
3882,4,1,2
3882,5,1,2
3882,6,1,3
3882,7,1,2
3882,8,1,6
3882,9,1,6
3882,10,1,3
3882,11,1,2
3882,12,1,2
3883,0,1,5
3883,1,1,5
3883,2,1,5
3883,3,1,4
3883,4,1,5
3883,5,1,8
3883,6,1,3
3883,7,1,3
3883,8,1,1
3883,9,1,4
3883,10,1,3
3883,11,0,0
3883,12,0,0
3884,0,1,8
3884,1,1,3
3884,2,1,3
3884,3,0,0
3884,4,0,0
3884,5,0,0
3884,6,0,0
3884,7,0,0
3884,8,0,0
3884,9,0,0
3884,10,0,0
3884,11,0,0
3884,12,0,0
3885,0,1,2
3885,1,0,0
3885,2,0,0
3885,3,0,0
3885,4,0,0
3885,5,0,0
3885,6,0,0
3885,7,0,0
3885,8,0,0
3885,9,0,0
3885,10,0,0
3885,11,0,0
3885,12,0,0
3886,0,1,7
3886,1,0,0
3886,2,0,0
3886,3,0,0
3886,4,0,0
3886,5,0,0
3886,6,0,0
3886,7,0,0
3886,8,0,0
3886,9,0,0
3886,10,0,0
3886,11,0,0
3886,12,0,0
3887,0,1,4
3887,1,1,2
3887,2,1,3
3887,3,1,6
3887,4,0,0
3887,5,0,0
3887,6,0,0
3887,7,0,0
3887,8,0,0
3887,9,0,0
3887,10,0,0
3887,11,0,0
3887,12,0,0
3888,0,1,7
3888,1,1,2
3888,2,0,0
3888,3,0,0
3888,4,0,0
3888,5,0,0
3888,6,0,0
3888,7,0,0
3888,8,0,0
3888,9,0,0
3888,10,0,0
3888,11,0,0
3888,12,0,0
3889,0,1,3
3889,1,1,1
3889,2,0,0
3889,3,0,0
3889,4,0,0
3889,5,0,0
3889,6,0,0
3889,7,0,0
3889,8,0,0
3889,9,0,0
3889,10,0,0
3889,11,0,0
3889,12,0,0
3890,0,1,10
3890,1,1,2
3890,2,1,7
3890,3,1,0
3890,4,1,1
3890,5,0,0
3890,6,0,0
3890,7,0,0
3890,8,0,0
3890,9,0,0
3890,10,0,0
3890,11,0,0
3890,12,0,0
3891,0,1,9
3891,1,1,0
3891,2,1,1
3891,3,1,2
3891,4,1,3
3891,5,1,4
3891,6,1,6
3891,7,1,5
3891,8,1,1
3891,9,1,2
3891,10,1,3
3891,11,1,0
3891,12,1,1
3892,0,1,9
3892,1,1,1
3892,2,1,4
3892,3,1,5
3892,4,1,5
3892,5,1,5
3892,6,1,2
3892,7,1,7
3892,8,1,4
3892,9,1,4
3892,10,1,1
3892,11,0,0
3892,12,0,0
3893,0,1,5
3893,1,0,0
3893,2,0,0
3893,3,0,0
3893,4,0,0
3893,5,0,0
3893,6,0,0
3893,7,0,0
3893,8,0,0
3893,9,0,0
3893,10,0,0
3893,11,0,0
3893,12,0,0
3894,0,1,6
3894,1,1,8
3894,2,1,4
3894,3,1,2
3894,4,1,3
3894,5,1,3
3894,6,1,5
3894,7,1,1
3894,8,0,0
3894,9,0,0
3894,10,0,0
3894,11,0,0
3894,12,0,0
3895,0,1,2
3895,1,1,2
3895,2,1,4
3895,3,1,4
3895,4,1,3
3895,5,1,2
3895,6,1,1
3895,7,1,3
3895,8,0,0
3895,9,0,0
3895,10,0,0
3895,11,0,0
3895,12,0,0
3896,0,1,4
3896,1,1,2
3896,2,1,3
3896,3,1,1
3896,4,1,2
3896,5,1,5
3896,6,1,2
3896,7,1,0
3896,8,1,5
3896,9,1,2
3896,10,1,0
3896,11,1,4
3896,12,1,0
3897,0,1,5
3897,1,1,1
3897,2,1,2
3897,3,1,4
3897,4,1,1
3897,5,1,3
3897,6,1,0
3897,7,1,1
3897,8,1,1
3897,9,1,0
3897,10,1,5
3897,11,1,4
3897,12,1,3
3898,0,1,5
3898,1,1,5
3898,2,0,0
3898,3,0,0
3898,4,0,0
3898,5,0,0
3898,6,0,0
3898,7,0,0
3898,8,0,0
3898,9,0,0
3898,10,0,0
3898,11,0,0
3898,12,0,0
3899,0,1,3
3899,1,1,7
3899,2,1,3
3899,3,1,2
3899,4,1,6
3899,5,0,0
3899,6,0,0
3899,7,0,0
3899,8,0,0
3899,9,0,0
3899,10,0,0
3899,11,0,0
3899,12,0,0
3900,0,1,5
3900,1,1,1
3900,2,1,2
3900,3,1,1
3900,4,1,0
3900,5,1,3
3900,6,1,5
3900,7,1,4
3900,8,1,2
3900,9,1,1
3900,10,1,4
3900,11,1,3
3900,12,1,4
3901,0,1,3
3901,1,1,2
3901,2,1,4
3901,3,1,8
3901,4,1,0
3901,5,1,1
3901,6,1,2
3901,7,0,0
3901,8,0,0
3901,9,0,0
3901,10,0,0
3901,11,0,0
3901,12,0,0
3902,0,1,7
3902,1,0,0
3902,2,0,0
3902,3,0,0
3902,4,0,0
3902,5,0,0
3902,6,0,0
3902,7,0,0
3902,8,0,0
3902,9,0,0
3902,10,0,0
3902,11,0,0
3902,12,0,0
3903,0,1,4
3903,1,1,3
3903,2,1,8
3903,3,1,4
3903,4,1,3
3903,5,1,1
3903,6,1,3
3903,7,0,0
3903,8,0,0
3903,9,0,0
3903,10,0,0
3903,11,0,0
3903,12,0,0
3904,0,1,2
3904,1,1,1
3904,2,1,2
3904,3,1,0
3904,4,1,7
3904,5,1,2
3904,6,1,1
3904,7,1,4
3904,8,1,3
3904,9,1,5
3904,10,1,1
3904,11,1,0
3904,12,1,0
3905,0,1,2
3905,1,1,2
3905,2,1,2
3905,3,1,5
3905,4,1,3
3905,5,1,1
3905,6,1,7
3905,7,1,3
3905,8,1,3
3905,9,1,2
3905,10,1,4
3905,11,1,1
3905,12,1,5
3906,0,1,3
3906,1,1,2
3906,2,1,3
3906,3,1,2
3906,4,1,3
3906,5,1,1
3906,6,1,3
3906,7,1,3
3906,8,1,2
3906,9,1,0
3906,10,1,1
3906,11,1,2
3906,12,1,4
3907,0,1,8
3907,1,1,3
3907,2,0,0
3907,3,0,0
3907,4,0,0
3907,5,0,0
3907,6,0,0
3907,7,0,0
3907,8,0,0
3907,9,0,0
3907,10,0,0
3907,11,0,0
3907,12,0,0
3908,0,1,3
3908,1,1,1
3908,2,1,2
3908,3,1,4
3908,4,1,1
3908,5,1,2
3908,6,1,2
3908,7,1,2
3908,8,1,1
3908,9,1,4
3908,10,1,2
3908,11,1,0
3908,12,1,2
3909,0,1,4
3909,1,1,3
3909,2,1,2
3909,3,0,0
3909,4,0,0
3909,5,0,0
3909,6,0,0
3909,7,0,0
3909,8,0,0
3909,9,0,0
3909,10,0,0
3909,11,0,0
3909,12,0,0
3910,0,1,6
3910,1,1,1
3910,2,1,0
3910,3,1,0
3910,4,1,2
3910,5,1,2
3910,6,1,2
3910,7,1,1
3910,8,1,2
3910,9,1,2
3910,10,1,4
3910,11,1,1
3910,12,1,1
3911,0,1,4
3911,1,1,2
3911,2,1,3
3911,3,1,1
3911,4,1,3
3911,5,1,3
3911,6,1,2
3911,7,1,1
3911,8,1,4
3911,9,1,1
3911,10,1,4
3911,11,1,1
3911,12,0,0
3912,0,1,4
3912,1,1,6
3912,2,1,3
3912,3,1,3
3912,4,1,6
3912,5,1,4
3912,6,1,4
3912,7,1,3
3912,8,1,1
3912,9,1,6
3912,10,1,4
3912,11,1,1
3912,12,1,6
3913,0,1,3
3913,1,1,5
3913,2,0,0
3913,3,0,0
3913,4,0,0
3913,5,0,0
3913,6,0,0
3913,7,0,0
3913,8,0,0
3913,9,0,0
3913,10,0,0
3913,11,0,0
3913,12,0,0
3914,0,1,5
3914,1,1,2
3914,2,1,2
3914,3,1,3
3914,4,1,2
3914,5,1,0
3914,6,0,0
3914,7,0,0
3914,8,0,0
3914,9,0,0
3914,10,0,0
3914,11,0,0
3914,12,0,0
3915,0,1,4
3915,1,1,3
3915,2,1,4
3915,3,1,3
3915,4,0,0
3915,5,0,0
3915,6,0,0
3915,7,0,0
3915,8,0,0
3915,9,0,0
3915,10,0,0
3915,11,0,0
3915,12,0,0
3916,0,1,2
3916,1,1,1
3916,2,1,3
3916,3,0,0
3916,4,0,0
3916,5,0,0
3916,6,0,0
3916,7,0,0
3916,8,0,0
3916,9,0,0
3916,10,0,0
3916,11,0,0
3916,12,0,0
3917,0,1,7
3917,1,1,2
3917,2,1,5
3917,3,1,6
3917,4,1,3
3917,5,1,5
3917,6,1,5
3917,7,1,1
3917,8,0,0
3917,9,0,0
3917,10,0,0
3917,11,0,0
3917,12,0,0
3918,0,1,6
3918,1,1,3
3918,2,1,1
3918,3,1,1
3918,4,1,1
3918,5,0,0
3918,6,0,0
3918,7,0,0
3918,8,0,0
3918,9,0,0
3918,10,0,0
3918,11,0,0
3918,12,0,0
3919,0,1,4
3919,1,1,3
3919,2,0,0
3919,3,0,0
3919,4,0,0
3919,5,0,0
3919,6,0,0
3919,7,0,0
3919,8,0,0
3919,9,0,0
3919,10,0,0
3919,11,0,0
3919,12,0,0
3920,0,1,7
3920,1,1,4
3920,2,1,4
3920,3,1,6
3920,4,1,3
3920,5,1,4
3920,6,1,2
3920,7,1,3
3920,8,1,3
3920,9,1,3
3920,10,1,3
3920,11,1,2
3920,12,1,4
3921,0,1,4
3921,1,1,3
3921,2,1,1
3921,3,1,2
3921,4,1,5
3921,5,1,3
3921,6,1,0
3921,7,1,1
3921,8,1,4
3921,9,1,6
3921,10,1,2
3921,11,0,0
3921,12,0,0
3922,0,1,4
3922,1,1,3
3922,2,1,2
3922,3,1,2
3922,4,1,2
3922,5,1,2
3922,6,0,0
3922,7,0,0
3922,8,0,0
3922,9,0,0
3922,10,0,0
3922,11,0,0
3922,12,0,0
3923,0,1,4
3923,1,1,5
3923,2,1,1
3923,3,0,0
3923,4,0,0
3923,5,0,0
3923,6,0,0
3923,7,0,0
3923,8,0,0
3923,9,0,0
3923,10,0,0
3923,11,0,0
3923,12,0,0
3924,0,1,3
3924,1,1,0
3924,2,1,3
3924,3,0,0
3924,4,0,0
3924,5,0,0
3924,6,0,0
3924,7,0,0
3924,8,0,0
3924,9,0,0
3924,10,0,0
3924,11,0,0
3924,12,0,0
3925,0,1,8
3925,1,1,3
3925,2,1,0
3925,3,1,3
3925,4,1,5
3925,5,0,0
3925,6,0,0
3925,7,0,0
3925,8,0,0
3925,9,0,0
3925,10,0,0
3925,11,0,0
3925,12,0,0
3926,0,1,7
3926,1,1,5
3926,2,1,5
3926,3,1,1
3926,4,1,3
3926,5,0,0
3926,6,0,0
3926,7,0,0
3926,8,0,0
3926,9,0,0
3926,10,0,0
3926,11,0,0
3926,12,0,0
3927,0,1,6
3927,1,1,2
3927,2,0,0
3927,3,0,0
3927,4,0,0
3927,5,0,0
3927,6,0,0
3927,7,0,0
3927,8,0,0
3927,9,0,0
3927,10,0,0
3927,11,0,0
3927,12,0,0
3928,0,1,3
3928,1,0,0
3928,2,0,0
3928,3,0,0
3928,4,0,0
3928,5,0,0
3928,6,0,0
3928,7,0,0
3928,8,0,0
3928,9,0,0
3928,10,0,0
3928,11,0,0
3928,12,0,0
3929,0,1,3
3929,1,1,0
3929,2,1,5
3929,3,1,4
3929,4,1,2
3929,5,1,3
3929,6,0,0
3929,7,0,0
3929,8,0,0
3929,9,0,0
3929,10,0,0
3929,11,0,0
3929,12,0,0
3930,0,1,5
3930,1,1,4
3930,2,1,4
3930,3,1,5
3930,4,0,0
3930,5,0,0
3930,6,0,0
3930,7,0,0
3930,8,0,0
3930,9,0,0
3930,10,0,0
3930,11,0,0
3930,12,0,0
3931,0,1,6
3931,1,1,3
3931,2,1,1
3931,3,1,2
3931,4,1,4
3931,5,1,1
3931,6,1,2
3931,7,1,1
3931,8,1,3
3931,9,1,2
3931,10,1,3
3931,11,0,0
3931,12,0,0
3932,0,1,7
3932,1,1,3
3932,2,1,1
3932,3,0,0
3932,4,0,0
3932,5,0,0
3932,6,0,0
3932,7,0,0
3932,8,0,0
3932,9,0,0
3932,10,0,0
3932,11,0,0
3932,12,0,0
3933,0,1,5
3933,1,0,0
3933,2,0,0
3933,3,0,0
3933,4,0,0
3933,5,0,0
3933,6,0,0
3933,7,0,0
3933,8,0,0
3933,9,0,0
3933,10,0,0
3933,11,0,0
3933,12,0,0
3934,0,1,2
3934,1,1,3
3934,2,0,0
3934,3,0,0
3934,4,0,0
3934,5,0,0
3934,6,0,0
3934,7,0,0
3934,8,0,0
3934,9,0,0
3934,10,0,0
3934,11,0,0
3934,12,0,0
3935,0,1,2
3935,1,0,0
3935,2,0,0
3935,3,0,0
3935,4,0,0
3935,5,0,0
3935,6,0,0
3935,7,0,0
3935,8,0,0
3935,9,0,0
3935,10,0,0
3935,11,0,0
3935,12,0,0
3936,0,1,3
3936,1,1,1
3936,2,1,3
3936,3,1,3
3936,4,1,1
3936,5,1,4
3936,6,1,2
3936,7,1,4
3936,8,1,4
3936,9,1,1
3936,10,1,2
3936,11,1,1
3936,12,1,4
3937,0,1,7
3937,1,1,3
3937,2,0,0
3937,3,0,0
3937,4,0,0
3937,5,0,0
3937,6,0,0
3937,7,0,0
3937,8,0,0
3937,9,0,0
3937,10,0,0
3937,11,0,0
3937,12,0,0
3938,0,1,6
3938,1,1,2
3938,2,1,4
3938,3,1,4
3938,4,1,3
3938,5,1,1
3938,6,1,3
3938,7,1,3
3938,8,1,1
3938,9,1,3
3938,10,1,2
3938,11,1,5
3938,12,1,0
3939,0,1,6
3939,1,1,0
3939,2,1,1
3939,3,1,4
3939,4,1,2
3939,5,1,2
3939,6,1,3
3939,7,1,4
3939,8,1,3
3939,9,1,0
3939,10,1,2
3939,11,1,1
3939,12,1,1
3940,0,1,2
3940,1,1,1
3940,2,1,1
3940,3,1,3
3940,4,1,1
3940,5,1,4
3940,6,1,1
3940,7,1,3
3940,8,1,1
3940,9,1,2
3940,10,1,3
3940,11,1,3
3940,12,1,2
3941,0,1,5
3941,1,1,2
3941,2,1,5
3941,3,1,8
3941,4,1,1
3941,5,1,7
3941,6,1,4
3941,7,1,2
3941,8,1,4
3941,9,1,2
3941,10,1,5
3941,11,1,2
3941,12,1,5
3942,0,1,4
3942,1,1,6
3942,2,1,2
3942,3,1,5
3942,4,1,3
3942,5,1,3
3942,6,1,2
3942,7,0,0
3942,8,0,0
3942,9,0,0
3942,10,0,0
3942,11,0,0
3942,12,0,0
3943,0,1,2
3943,1,1,5
3943,2,1,6
3943,3,0,0
3943,4,0,0
3943,5,0,0
3943,6,0,0
3943,7,0,0
3943,8,0,0
3943,9,0,0
3943,10,0,0
3943,11,0,0
3943,12,0,0
3944,0,1,5
3944,1,1,0
3944,2,1,3
3944,3,1,0
3944,4,0,0
3944,5,0,0
3944,6,0,0
3944,7,0,0
3944,8,0,0
3944,9,0,0
3944,10,0,0
3944,11,0,0
3944,12,0,0
3945,0,1,5
3945,1,1,4
3945,2,1,1
3945,3,1,1
3945,4,1,1
3945,5,1,1
3945,6,1,3
3945,7,1,2
3945,8,1,3
3945,9,1,0
3945,10,1,4
3945,11,1,1
3945,12,1,1
3946,0,1,2
3946,1,1,3
3946,2,1,1
3946,3,1,7
3946,4,1,3
3946,5,1,6
3946,6,1,3
3946,7,0,0
3946,8,0,0
3946,9,0,0
3946,10,0,0
3946,11,0,0
3946,12,0,0
3947,0,1,3
3947,1,1,7
3947,2,1,5
3947,3,1,5
3947,4,1,2
3947,5,1,5
3947,6,1,3
3947,7,1,6
3947,8,1,4
3947,9,1,3
3947,10,1,2
3947,11,1,5
3947,12,1,2
3948,0,1,6
3948,1,1,6
3948,2,1,2
3948,3,1,1
3948,4,1,7
3948,5,1,6
3948,6,1,3
3948,7,1,0
3948,8,1,2
3948,9,0,0
3948,10,0,0
3948,11,0,0
3948,12,0,0
3949,0,1,2
3949,1,1,2
3949,2,1,2
3949,3,1,4
3949,4,0,0
3949,5,0,0
3949,6,0,0
3949,7,0,0
3949,8,0,0
3949,9,0,0
3949,10,0,0
3949,11,0,0
3949,12,0,0
3950,0,1,4
3950,1,1,10
3950,2,1,5
3950,3,1,3
3950,4,1,6
3950,5,1,3
3950,6,1,1
3950,7,1,4
3950,8,1,3
3950,9,1,5
3950,10,1,4
3950,11,1,4
3950,12,1,3
3951,0,1,6
3951,1,0,0
3951,2,0,0
3951,3,0,0
3951,4,0,0
3951,5,0,0
3951,6,0,0
3951,7,0,0
3951,8,0,0
3951,9,0,0
3951,10,0,0
3951,11,0,0
3951,12,0,0
3952,0,1,7
3952,1,1,1
3952,2,1,2
3952,3,0,0
3952,4,0,0
3952,5,0,0
3952,6,0,0
3952,7,0,0
3952,8,0,0
3952,9,0,0
3952,10,0,0
3952,11,0,0
3952,12,0,0
3953,0,1,5
3953,1,1,2
3953,2,1,1
3953,3,1,3
3953,4,0,0
3953,5,0,0
3953,6,0,0
3953,7,0,0
3953,8,0,0
3953,9,0,0
3953,10,0,0
3953,11,0,0
3953,12,0,0
3954,0,1,4
3954,1,1,1
3954,2,1,2
3954,3,1,2
3954,4,0,0
3954,5,0,0
3954,6,0,0
3954,7,0,0
3954,8,0,0
3954,9,0,0
3954,10,0,0
3954,11,0,0
3954,12,0,0
3955,0,1,8
3955,1,1,3
3955,2,1,5
3955,3,1,4
3955,4,1,2
3955,5,0,0
3955,6,0,0
3955,7,0,0
3955,8,0,0
3955,9,0,0
3955,10,0,0
3955,11,0,0
3955,12,0,0
3956,0,1,9
3956,1,1,10
3956,2,1,1
3956,3,1,6
3956,4,1,4
3956,5,1,2
3956,6,0,0
3956,7,0,0
3956,8,0,0
3956,9,0,0
3956,10,0,0
3956,11,0,0
3956,12,0,0
3957,0,1,5
3957,1,1,4
3957,2,1,1
3957,3,1,4
3957,4,1,9
3957,5,1,1
3957,6,1,6
3957,7,1,3
3957,8,0,0
3957,9,0,0
3957,10,0,0
3957,11,0,0
3957,12,0,0
3958,0,1,6
3958,1,1,4
3958,2,1,4
3958,3,1,5
3958,4,1,6
3958,5,1,2
3958,6,1,5
3958,7,1,2
3958,8,0,0
3958,9,0,0
3958,10,0,0
3958,11,0,0
3958,12,0,0
3959,0,1,8
3959,1,1,1
3959,2,1,3
3959,3,0,0
3959,4,0,0
3959,5,0,0
3959,6,0,0
3959,7,0,0
3959,8,0,0
3959,9,0,0
3959,10,0,0
3959,11,0,0
3959,12,0,0
3960,0,1,6
3960,1,1,3
3960,2,1,4
3960,3,0,0
3960,4,0,0
3960,5,0,0
3960,6,0,0
3960,7,0,0
3960,8,0,0
3960,9,0,0
3960,10,0,0
3960,11,0,0
3960,12,0,0
3961,0,1,4
3961,1,1,0
3961,2,1,1
3961,3,1,2
3961,4,1,3
3961,5,1,3
3961,6,1,3
3961,7,1,3
3961,8,1,4
3961,9,1,4
3961,10,1,2
3961,11,1,3
3961,12,1,1
3962,0,1,8
3962,1,0,0
3962,2,0,0
3962,3,0,0
3962,4,0,0
3962,5,0,0
3962,6,0,0
3962,7,0,0
3962,8,0,0
3962,9,0,0
3962,10,0,0
3962,11,0,0
3962,12,0,0
3963,0,1,7
3963,1,1,2
3963,2,1,1
3963,3,0,0
3963,4,0,0
3963,5,0,0
3963,6,0,0
3963,7,0,0
3963,8,0,0
3963,9,0,0
3963,10,0,0
3963,11,0,0
3963,12,0,0
3964,0,1,2
3964,1,1,1
3964,2,1,1
3964,3,1,4
3964,4,1,4
3964,5,1,2
3964,6,1,4
3964,7,1,4
3964,8,1,1
3964,9,1,0
3964,10,1,1
3964,11,1,3
3964,12,1,4
3965,0,1,9
3965,1,1,2
3965,2,1,1
3965,3,1,2
3965,4,1,2
3965,5,1,4
3965,6,1,4
3965,7,1,4
3965,8,1,3
3965,9,1,8
3965,10,1,5
3965,11,1,2
3965,12,1,3
3966,0,1,7
3966,1,1,4
3966,2,1,5
3966,3,1,1
3966,4,1,0
3966,5,1,5
3966,6,1,1
3966,7,1,3
3966,8,0,0
3966,9,0,0
3966,10,0,0
3966,11,0,0
3966,12,0,0
3967,0,1,12
3967,1,0,0
3967,2,0,0
3967,3,0,0
3967,4,0,0
3967,5,0,0
3967,6,0,0
3967,7,0,0
3967,8,0,0
3967,9,0,0
3967,10,0,0
3967,11,0,0
3967,12,0,0
3968,0,1,5
3968,1,0,0
3968,2,0,0
3968,3,0,0
3968,4,0,0
3968,5,0,0
3968,6,0,0
3968,7,0,0
3968,8,0,0
3968,9,0,0
3968,10,0,0
3968,11,0,0
3968,12,0,0
3969,0,1,4
3969,1,1,3
3969,2,1,1
3969,3,1,1
3969,4,1,3
3969,5,1,0
3969,6,1,3
3969,7,1,3
3969,8,1,2
3969,9,1,1
3969,10,1,3
3969,11,1,1
3969,12,1,2
3970,0,1,4
3970,1,1,1
3970,2,1,4
3970,3,1,2
3970,4,1,4
3970,5,1,1
3970,6,1,0
3970,7,1,1
3970,8,1,6
3970,9,1,1
3970,10,1,3
3970,11,1,6
3970,12,1,2
3971,0,1,7
3971,1,1,7
3971,2,1,5
3971,3,1,5
3971,4,1,3
3971,5,1,3
3971,6,1,6
3971,7,1,3
3971,8,0,0
3971,9,0,0
3971,10,0,0
3971,11,0,0
3971,12,0,0
3972,0,1,7
3972,1,1,3
3972,2,1,3
3972,3,1,7
3972,4,1,8
3972,5,1,4
3972,6,1,3
3972,7,1,7
3972,8,1,5
3972,9,1,3
3972,10,1,1
3972,11,1,0
3972,12,1,3
3973,0,1,5
3973,1,1,6
3973,2,1,3
3973,3,1,3
3973,4,1,3
3973,5,1,5
3973,6,1,4
3973,7,1,3
3973,8,1,3
3973,9,1,8
3973,10,1,4
3973,11,1,5
3973,12,1,5
3974,0,1,5
3974,1,1,4
3974,2,1,4
3974,3,1,4
3974,4,1,4
3974,5,1,7
3974,6,1,1
3974,7,1,1
3974,8,1,1
3974,9,1,3
3974,10,1,1
3974,11,1,10
3974,12,1,4
3975,0,1,4
3975,1,1,1
3975,2,1,2
3975,3,1,4
3975,4,0,0
3975,5,0,0
3975,6,0,0
3975,7,0,0
3975,8,0,0
3975,9,0,0
3975,10,0,0
3975,11,0,0
3975,12,0,0
3976,0,1,4
3976,1,1,5
3976,2,1,0
3976,3,1,5
3976,4,1,1
3976,5,1,5
3976,6,1,1
3976,7,1,4
3976,8,1,7
3976,9,1,5
3976,10,1,4
3976,11,1,3
3976,12,1,0
3977,0,1,5
3977,1,1,5
3977,2,1,3
3977,3,1,2
3977,4,1,3
3977,5,1,2
3977,6,1,6
3977,7,0,0
3977,8,0,0
3977,9,0,0
3977,10,0,0
3977,11,0,0
3977,12,0,0
3978,0,1,7
3978,1,1,4
3978,2,0,0
3978,3,0,0
3978,4,0,0
3978,5,0,0
3978,6,0,0
3978,7,0,0
3978,8,0,0
3978,9,0,0
3978,10,0,0
3978,11,0,0
3978,12,0,0
3979,0,1,2
3979,1,1,3
3979,2,1,3
3979,3,1,2
3979,4,1,8
3979,5,1,6
3979,6,1,6
3979,7,0,0
3979,8,0,0
3979,9,0,0
3979,10,0,0
3979,11,0,0
3979,12,0,0
3980,0,1,4
3980,1,1,2
3980,2,1,2
3980,3,1,4
3980,4,1,3
3980,5,1,0
3980,6,1,1
3980,7,1,1
3980,8,1,3
3980,9,0,0
3980,10,0,0
3980,11,0,0
3980,12,0,0
3981,0,1,7
3981,1,1,0
3981,2,1,3
3981,3,1,0
3981,4,1,2
3981,5,0,0
3981,6,0,0
3981,7,0,0
3981,8,0,0
3981,9,0,0
3981,10,0,0
3981,11,0,0
3981,12,0,0
3982,0,1,9
3982,1,1,8
3982,2,1,4
3982,3,1,5
3982,4,1,12
3982,5,1,4
3982,6,1,3
3982,7,1,3
3982,8,1,1
3982,9,1,3
3982,10,1,1
3982,11,1,1
3982,12,1,2
3983,0,1,5
3983,1,1,2
3983,2,0,0
3983,3,0,0
3983,4,0,0
3983,5,0,0
3983,6,0,0
3983,7,0,0
3983,8,0,0
3983,9,0,0
3983,10,0,0
3983,11,0,0
3983,12,0,0
3984,0,1,6
3984,1,1,8
3984,2,1,6
3984,3,1,4
3984,4,1,0
3984,5,1,4
3984,6,1,3
3984,7,1,3
3984,8,1,4
3984,9,1,7
3984,10,1,5
3984,11,1,3
3984,12,0,0
3985,0,1,7
3985,1,0,0
3985,2,0,0
3985,3,0,0
3985,4,0,0
3985,5,0,0
3985,6,0,0
3985,7,0,0
3985,8,0,0
3985,9,0,0
3985,10,0,0
3985,11,0,0
3985,12,0,0
3986,0,1,3
3986,1,1,3
3986,2,1,4
3986,3,0,0
3986,4,0,0
3986,5,0,0
3986,6,0,0
3986,7,0,0
3986,8,0,0
3986,9,0,0
3986,10,0,0
3986,11,0,0
3986,12,0,0
3987,0,1,3
3987,1,1,4
3987,2,1,1
3987,3,1,3
3987,4,1,1
3987,5,1,2
3987,6,1,0
3987,7,1,0
3987,8,1,2
3987,9,1,5
3987,10,0,0
3987,11,0,0
3987,12,0,0
3988,0,1,4
3988,1,1,6
3988,2,1,3
3988,3,0,0
3988,4,0,0
3988,5,0,0
3988,6,0,0
3988,7,0,0
3988,8,0,0
3988,9,0,0
3988,10,0,0
3988,11,0,0
3988,12,0,0
3989,0,1,5
3989,1,1,2
3989,2,0,0
3989,3,0,0
3989,4,0,0
3989,5,0,0
3989,6,0,0
3989,7,0,0
3989,8,0,0
3989,9,0,0
3989,10,0,0
3989,11,0,0
3989,12,0,0
3990,0,1,4
3990,1,1,5
3990,2,1,6
3990,3,1,7
3990,4,1,9
3990,5,1,4
3990,6,1,2
3990,7,1,2
3990,8,1,1
3990,9,1,2
3990,10,1,3
3990,11,1,4
3990,12,1,4
3991,0,1,2
3991,1,0,0
3991,2,0,0
3991,3,0,0
3991,4,0,0
3991,5,0,0
3991,6,0,0
3991,7,0,0
3991,8,0,0
3991,9,0,0
3991,10,0,0
3991,11,0,0
3991,12,0,0
3992,0,1,4
3992,1,1,6
3992,2,1,4
3992,3,1,4
3992,4,1,4
3992,5,1,3
3992,6,1,4
3992,7,1,3
3992,8,1,3
3992,9,1,1
3992,10,1,4
3992,11,1,5
3992,12,1,4
3993,0,1,3
3993,1,1,2
3993,2,1,0
3993,3,1,0
3993,4,1,5
3993,5,1,2
3993,6,1,4
3993,7,1,5
3993,8,1,7
3993,9,1,2
3993,10,1,1
3993,11,0,0
3993,12,0,0
3994,0,1,6
3994,1,1,3
3994,2,1,1
3994,3,1,2
3994,4,1,6
3994,5,1,4
3994,6,1,4
3994,7,1,5
3994,8,1,5
3994,9,1,6
3994,10,1,3
3994,11,1,3
3994,12,1,3
3995,0,1,8
3995,1,1,4
3995,2,0,0
3995,3,0,0
3995,4,0,0
3995,5,0,0
3995,6,0,0
3995,7,0,0
3995,8,0,0
3995,9,0,0
3995,10,0,0
3995,11,0,0
3995,12,0,0
3996,0,1,5
3996,1,1,5
3996,2,1,3
3996,3,0,0
3996,4,0,0
3996,5,0,0
3996,6,0,0
3996,7,0,0
3996,8,0,0
3996,9,0,0
3996,10,0,0
3996,11,0,0
3996,12,0,0
3997,0,1,6
3997,1,1,2
3997,2,1,0
3997,3,1,2
3997,4,1,5
3997,5,1,1
3997,6,1,0
3997,7,0,0
3997,8,0,0
3997,9,0,0
3997,10,0,0
3997,11,0,0
3997,12,0,0
3998,0,1,7
3998,1,1,6
3998,2,1,2
3998,3,1,3
3998,4,1,2
3998,5,1,3
3998,6,1,2
3998,7,0,0
3998,8,0,0
3998,9,0,0
3998,10,0,0
3998,11,0,0
3998,12,0,0
3999,0,1,8
3999,1,1,2
3999,2,1,7
3999,3,1,6
3999,4,1,4
3999,5,1,4
3999,6,0,0
3999,7,0,0
3999,8,0,0
3999,9,0,0
3999,10,0,0
3999,11,0,0
3999,12,0,0
4000,0,1,6
4000,1,1,3
4000,2,1,2
4000,3,1,2
4000,4,1,3
4000,5,1,3
4000,6,1,1
4000,7,1,1
4000,8,1,9
4000,9,1,3
4000,10,1,2
4000,11,1,3
4000,12,1,0
4001,0,1,4
4001,1,1,3
4001,2,1,3
4001,3,1,2
4001,4,1,6
4001,5,1,2
4001,6,1,3
4001,7,1,5
4001,8,1,3
4001,9,1,2
4001,10,1,1
4001,11,1,1
4001,12,1,6
4002,0,1,6
4002,1,1,0
4002,2,1,3
4002,3,1,6
4002,4,1,3
4002,5,1,7
4002,6,0,0
4002,7,0,0
4002,8,0,0
4002,9,0,0
4002,10,0,0
4002,11,0,0
4002,12,0,0
4003,0,1,5
4003,1,1,5
4003,2,1,3
4003,3,1,3
4003,4,0,0
4003,5,0,0
4003,6,0,0
4003,7,0,0
4003,8,0,0
4003,9,0,0
4003,10,0,0
4003,11,0,0
4003,12,0,0
4004,0,1,7
4004,1,1,3
4004,2,1,3
4004,3,1,3
4004,4,1,2
4004,5,1,3
4004,6,1,4
4004,7,1,2
4004,8,1,1
4004,9,1,2
4004,10,1,2
4004,11,1,2
4004,12,1,5
4005,0,1,7
4005,1,1,2
4005,2,1,5
4005,3,1,0
4005,4,1,2
4005,5,1,3
4005,6,1,5
4005,7,1,5
4005,8,0,0
4005,9,0,0
4005,10,0,0
4005,11,0,0
4005,12,0,0
4006,0,1,3
4006,1,1,3
4006,2,1,2
4006,3,1,1
4006,4,1,4
4006,5,1,3
4006,6,1,3
4006,7,1,0
4006,8,1,2
4006,9,1,0
4006,10,1,1
4006,11,1,0
4006,12,1,3
4007,0,1,11
4007,1,1,3
4007,2,1,4
4007,3,1,2
4007,4,1,2
4007,5,1,5
4007,6,1,4
4007,7,1,3
4007,8,1,4
4007,9,1,1
4007,10,1,5
4007,11,1,5
4007,12,1,4
4008,0,1,5
4008,1,1,3
4008,2,0,0
4008,3,0,0
4008,4,0,0
4008,5,0,0
4008,6,0,0
4008,7,0,0
4008,8,0,0
4008,9,0,0
4008,10,0,0
4008,11,0,0
4008,12,0,0
4009,0,1,6
4009,1,1,3
4009,2,1,2
4009,3,1,2
4009,4,1,1
4009,5,1,2
4009,6,1,3
4009,7,1,3
4009,8,1,4
4009,9,1,2
4009,10,1,2
4009,11,1,4
4009,12,0,0
4010,0,1,3
4010,1,1,6
4010,2,1,3
4010,3,1,1
4010,4,1,2
4010,5,0,0
4010,6,0,0
4010,7,0,0
4010,8,0,0
4010,9,0,0
4010,10,0,0
4010,11,0,0
4010,12,0,0
4011,0,1,5
4011,1,1,3
4011,2,1,6
4011,3,0,0
4011,4,0,0
4011,5,0,0
4011,6,0,0
4011,7,0,0
4011,8,0,0
4011,9,0,0
4011,10,0,0
4011,11,0,0
4011,12,0,0
4012,0,1,2
4012,1,1,5
4012,2,1,1
4012,3,1,3
4012,4,1,2
4012,5,1,4
4012,6,1,4
4012,7,1,2
4012,8,0,0
4012,9,0,0
4012,10,0,0
4012,11,0,0
4012,12,0,0
4013,0,1,6
4013,1,1,4
4013,2,1,4
4013,3,1,1
4013,4,1,3
4013,5,1,4
4013,6,1,5
4013,7,1,7
4013,8,1,3
4013,9,1,4
4013,10,1,4
4013,11,1,2
4013,12,1,0
4014,0,1,6
4014,1,1,4
4014,2,1,2
4014,3,1,2
4014,4,1,4
4014,5,1,0
4014,6,1,5
4014,7,1,3
4014,8,1,3
4014,9,1,0
4014,10,1,1
4014,11,1,0
4014,12,1,1
4015,0,1,8
4015,1,1,6
4015,2,1,7
4015,3,1,7
4015,4,1,6
4015,5,1,4
4015,6,1,2
4015,7,1,1
4015,8,1,0
4015,9,1,3
4015,10,1,2
4015,11,1,4
4015,12,1,3
4016,0,1,6
4016,1,1,3
4016,2,1,1
4016,3,1,4
4016,4,1,3
4016,5,1,3
4016,6,1,4
4016,7,1,2
4016,8,1,4
4016,9,1,2
4016,10,1,1
4016,11,1,0
4016,12,1,8
4017,0,1,5
4017,1,1,2
4017,2,1,2
4017,3,1,8
4017,4,0,0
4017,5,0,0
4017,6,0,0
4017,7,0,0
4017,8,0,0
4017,9,0,0
4017,10,0,0
4017,11,0,0
4017,12,0,0
4018,0,1,10
4018,1,1,4
4018,2,1,6
4018,3,1,5
4018,4,1,4
4018,5,1,4
4018,6,1,4
4018,7,1,4
4018,8,1,4
4018,9,1,1
4018,10,1,1
4018,11,0,0
4018,12,0,0
4019,0,1,3
4019,1,1,2
4019,2,1,1
4019,3,1,5
4019,4,1,5
4019,5,1,4
4019,6,1,0
4019,7,1,1
4019,8,1,8
4019,9,1,1
4019,10,1,3
4019,11,1,1
4019,12,0,0
4020,0,1,8
4020,1,1,6
4020,2,1,5
4020,3,1,3
4020,4,1,5
4020,5,1,6
4020,6,1,7
4020,7,1,5
4020,8,1,4
4020,9,1,7
4020,10,1,1
4020,11,1,4
4020,12,1,5
4021,0,1,4
4021,1,1,1
4021,2,1,3
4021,3,1,2
4021,4,1,3
4021,5,1,4
4021,6,1,0
4021,7,1,1
4021,8,1,5
4021,9,1,2
4021,10,1,3
4021,11,0,0
4021,12,0,0
4022,0,1,7
4022,1,1,9
4022,2,1,4
4022,3,1,2
4022,4,1,2
4022,5,1,7
4022,6,1,7
4022,7,1,3
4022,8,1,2
4022,9,1,4
4022,10,1,1
4022,11,1,2
4022,12,1,2
4023,0,1,8
4023,1,1,1
4023,2,1,0
4023,3,1,3
4023,4,1,3
4023,5,1,3
4023,6,1,5
4023,7,1,3
4023,8,1,1
4023,9,1,6
4023,10,1,3
4023,11,1,4
4023,12,1,4
4024,0,1,2
4024,1,1,3
4024,2,1,6
4024,3,1,3
4024,4,1,2
4024,5,1,2
4024,6,1,6
4024,7,1,7
4024,8,1,3
4024,9,1,2
4024,10,1,3
4024,11,1,2
4024,12,1,3
4025,0,1,2
4025,1,1,3
4025,2,1,3
4025,3,1,5
4025,4,0,0
4025,5,0,0
4025,6,0,0
4025,7,0,0
4025,8,0,0
4025,9,0,0
4025,10,0,0
4025,11,0,0
4025,12,0,0
4026,0,1,3
4026,1,1,3
4026,2,1,6
4026,3,1,3
4026,4,1,5
4026,5,1,6
4026,6,1,3
4026,7,1,3
4026,8,1,1
4026,9,1,4
4026,10,1,0
4026,11,1,2
4026,12,1,2
4027,0,1,5
4027,1,1,3
4027,2,1,6
4027,3,1,4
4027,4,1,2
4027,5,1,4
4027,6,1,5
4027,7,1,2
4027,8,1,5
4027,9,1,4
4027,10,1,1
4027,11,0,0
4027,12,0,0
4028,0,1,5
4028,1,1,2
4028,2,1,4
4028,3,1,3
4028,4,1,4
4028,5,1,5
4028,6,1,4
4028,7,1,3
4028,8,1,4
4028,9,1,3
4028,10,1,6
4028,11,1,3
4028,12,1,3
4029,0,1,14
4029,1,1,5
4029,2,1,8
4029,3,1,5
4029,4,1,4
4029,5,1,4
4029,6,1,3
4029,7,1,2
4029,8,1,4
4029,9,1,2
4029,10,1,2
4029,11,1,2
4029,12,1,7
4030,0,1,4
4030,1,1,0
4030,2,1,1
4030,3,0,0
4030,4,0,0
4030,5,0,0
4030,6,0,0
4030,7,0,0
4030,8,0,0
4030,9,0,0
4030,10,0,0
4030,11,0,0
4030,12,0,0
4031,0,1,4
4031,1,1,5
4031,2,1,5
4031,3,1,4
4031,4,1,4
4031,5,1,6
4031,6,1,4
4031,7,1,1
4031,8,1,3
4031,9,1,3
4031,10,1,3
4031,11,1,4
4031,12,1,6
4032,0,1,6
4032,1,1,4
4032,2,1,1
4032,3,0,0
4032,4,0,0
4032,5,0,0
4032,6,0,0
4032,7,0,0
4032,8,0,0
4032,9,0,0
4032,10,0,0
4032,11,0,0
4032,12,0,0
4033,0,1,5
4033,1,1,4
4033,2,1,4
4033,3,1,3
4033,4,1,4
4033,5,1,3
4033,6,1,7
4033,7,0,0
4033,8,0,0
4033,9,0,0
4033,10,0,0
4033,11,0,0
4033,12,0,0
4034,0,1,7
4034,1,1,1
4034,2,1,3
4034,3,1,2
4034,4,1,2
4034,5,1,2
4034,6,1,3
4034,7,1,3
4034,8,1,2
4034,9,1,1
4034,10,1,3
4034,11,1,5
4034,12,1,3
4035,0,1,7
4035,1,1,1
4035,2,1,0
4035,3,1,2
4035,4,1,5
4035,5,0,0
4035,6,0,0
4035,7,0,0
4035,8,0,0
4035,9,0,0
4035,10,0,0
4035,11,0,0
4035,12,0,0
4036,0,1,4
4036,1,1,3
4036,2,1,7
4036,3,0,0
4036,4,0,0
4036,5,0,0
4036,6,0,0
4036,7,0,0
4036,8,0,0
4036,9,0,0
4036,10,0,0
4036,11,0,0
4036,12,0,0
4037,0,1,4
4037,1,0,0
4037,2,0,0
4037,3,0,0
4037,4,0,0
4037,5,0,0
4037,6,0,0
4037,7,0,0
4037,8,0,0
4037,9,0,0
4037,10,0,0
4037,11,0,0
4037,12,0,0
4038,0,1,4
4038,1,1,4
4038,2,1,4
4038,3,1,9
4038,4,1,4
4038,5,1,5
4038,6,1,2
4038,7,1,2
4038,8,1,3
4038,9,1,2
4038,10,1,4
4038,11,1,6
4038,12,1,4
4039,0,1,5
4039,1,1,1
4039,2,1,2
4039,3,1,2
4039,4,1,4
4039,5,1,2
4039,6,1,3
4039,7,0,0
4039,8,0,0
4039,9,0,0
4039,10,0,0
4039,11,0,0
4039,12,0,0
4040,0,1,8
4040,1,1,2
4040,2,1,2
4040,3,1,4
4040,4,1,3
4040,5,1,7
4040,6,1,1
4040,7,1,3
4040,8,1,3
4040,9,1,4
4040,10,1,2
4040,11,1,2
4040,12,1,2
4041,0,1,2
4041,1,1,1
4041,2,1,3
4041,3,0,0
4041,4,0,0
4041,5,0,0
4041,6,0,0
4041,7,0,0
4041,8,0,0
4041,9,0,0
4041,10,0,0
4041,11,0,0
4041,12,0,0
4042,0,1,6
4042,1,1,4
4042,2,0,0
4042,3,0,0
4042,4,0,0
4042,5,0,0
4042,6,0,0
4042,7,0,0
4042,8,0,0
4042,9,0,0
4042,10,0,0
4042,11,0,0
4042,12,0,0
4043,0,1,6
4043,1,1,4
4043,2,1,2
4043,3,1,3
4043,4,1,3
4043,5,1,3
4043,6,1,1
4043,7,1,3
4043,8,1,3
4043,9,1,4
4043,10,1,3
4043,11,1,3
4043,12,1,4
4044,0,1,5
4044,1,1,4
4044,2,1,2
4044,3,1,2
4044,4,1,3
4044,5,1,6
4044,6,1,4
4044,7,1,2
4044,8,1,1
4044,9,1,1
4044,10,1,2
4044,11,1,3
4044,12,0,0
4045,0,1,7
4045,1,1,3
4045,2,1,1
4045,3,1,3
4045,4,1,3
4045,5,1,4
4045,6,1,1
4045,7,1,2
4045,8,1,3
4045,9,1,3
4045,10,1,5
4045,11,1,2
4045,12,1,2
4046,0,1,3
4046,1,1,4
4046,2,1,2
4046,3,1,2
4046,4,1,6
4046,5,1,1
4046,6,1,1
4046,7,1,2
4046,8,1,4
4046,9,1,1
4046,10,1,5
4046,11,1,3
4046,12,1,2
4047,0,1,9
4047,1,0,0
4047,2,0,0
4047,3,0,0
4047,4,0,0
4047,5,0,0
4047,6,0,0
4047,7,0,0
4047,8,0,0
4047,9,0,0
4047,10,0,0
4047,11,0,0
4047,12,0,0
4048,0,1,2
4048,1,1,0
4048,2,1,6
4048,3,1,3
4048,4,1,4
4048,5,1,0
4048,6,1,1
4048,7,1,3
4048,8,1,2
4048,9,1,4
4048,10,1,2
4048,11,1,1
4048,12,1,3
4049,0,1,6
4049,1,1,5
4049,2,1,6
4049,3,0,0
4049,4,0,0
4049,5,0,0
4049,6,0,0
4049,7,0,0
4049,8,0,0
4049,9,0,0
4049,10,0,0
4049,11,0,0
4049,12,0,0
4050,0,1,5
4050,1,1,5
4050,2,1,2
4050,3,1,4
4050,4,1,4
4050,5,1,2
4050,6,0,0
4050,7,0,0
4050,8,0,0
4050,9,0,0
4050,10,0,0
4050,11,0,0
4050,12,0,0
4051,0,1,6
4051,1,1,4
4051,2,1,2
4051,3,0,0
4051,4,0,0
4051,5,0,0
4051,6,0,0
4051,7,0,0
4051,8,0,0
4051,9,0,0
4051,10,0,0
4051,11,0,0
4051,12,0,0
4052,0,1,1
4052,1,0,0
4052,2,0,0
4052,3,0,0
4052,4,0,0
4052,5,0,0
4052,6,0,0
4052,7,0,0
4052,8,0,0
4052,9,0,0
4052,10,0,0
4052,11,0,0
4052,12,0,0
4053,0,1,9
4053,1,1,2
4053,2,1,2
4053,3,1,2
4053,4,1,4
4053,5,1,2
4053,6,1,1
4053,7,1,1
4053,8,1,2
4053,9,1,1
4053,10,1,0
4053,11,1,0
4053,12,1,3
4054,0,1,6
4054,1,1,3
4054,2,1,0
4054,3,1,3
4054,4,1,0
4054,5,0,0
4054,6,0,0
4054,7,0,0
4054,8,0,0
4054,9,0,0
4054,10,0,0
4054,11,0,0
4054,12,0,0
4055,0,1,7
4055,1,1,7
4055,2,1,4
4055,3,1,5
4055,4,1,6
4055,5,1,3
4055,6,1,3
4055,7,1,4
4055,8,1,4
4055,9,1,4
4055,10,1,7
4055,11,1,4
4055,12,1,2
4056,0,1,7
4056,1,1,1
4056,2,0,0
4056,3,0,0
4056,4,0,0
4056,5,0,0
4056,6,0,0
4056,7,0,0
4056,8,0,0
4056,9,0,0
4056,10,0,0
4056,11,0,0
4056,12,0,0
4057,0,1,5
4057,1,1,5
4057,2,1,3
4057,3,1,5
4057,4,1,4
4057,5,1,5
4057,6,1,2
4057,7,1,4
4057,8,1,3
4057,9,1,1
4057,10,1,5
4057,11,1,3
4057,12,0,0
4058,0,1,4
4058,1,1,1
4058,2,1,5
4058,3,1,2
4058,4,1,3
4058,5,1,4
4058,6,1,1
4058,7,1,2
4058,8,1,5
4058,9,1,1
4058,10,1,0
4058,11,1,2
4058,12,1,2
4059,0,1,6
4059,1,0,0
4059,2,0,0
4059,3,0,0
4059,4,0,0
4059,5,0,0
4059,6,0,0
4059,7,0,0
4059,8,0,0
4059,9,0,0
4059,10,0,0
4059,11,0,0
4059,12,0,0
4060,0,1,7
4060,1,1,3
4060,2,1,1
4060,3,1,2
4060,4,1,9
4060,5,1,1
4060,6,1,4
4060,7,1,3
4060,8,1,5
4060,9,1,4
4060,10,1,1
4060,11,0,0
4060,12,0,0
4061,0,1,3
4061,1,1,6
4061,2,1,3
4061,3,1,3
4061,4,1,10
4061,5,0,0
4061,6,0,0
4061,7,0,0
4061,8,0,0
4061,9,0,0
4061,10,0,0
4061,11,0,0
4061,12,0,0
4062,0,1,7
4062,1,1,1
4062,2,1,3
4062,3,1,7
4062,4,1,7
4062,5,1,8
4062,6,1,2
4062,7,1,1
4062,8,0,0
4062,9,0,0
4062,10,0,0
4062,11,0,0
4062,12,0,0
4063,0,1,2
4063,1,1,7
4063,2,1,4
4063,3,1,2
4063,4,0,0
4063,5,0,0
4063,6,0,0
4063,7,0,0
4063,8,0,0
4063,9,0,0
4063,10,0,0
4063,11,0,0
4063,12,0,0
4064,0,1,4
4064,1,1,5
4064,2,1,3
4064,3,1,4
4064,4,1,7
4064,5,1,5
4064,6,1,2
4064,7,1,2
4064,8,1,6
4064,9,1,5
4064,10,1,2
4064,11,1,3
4064,12,0,0
4065,0,1,6
4065,1,1,4
4065,2,1,3
4065,3,1,1
4065,4,1,4
4065,5,1,1
4065,6,1,2
4065,7,0,0
4065,8,0,0
4065,9,0,0
4065,10,0,0
4065,11,0,0
4065,12,0,0
4066,0,1,4
4066,1,1,3
4066,2,1,0
4066,3,1,0
4066,4,1,7
4066,5,1,1
4066,6,1,5
4066,7,0,0
4066,8,0,0
4066,9,0,0
4066,10,0,0
4066,11,0,0
4066,12,0,0
4067,0,1,5
4067,1,1,4
4067,2,1,9
4067,3,1,3
4067,4,1,5
4067,5,1,2
4067,6,1,2
4067,7,1,4
4067,8,1,2
4067,9,1,2
4067,10,1,6
4067,11,1,5
4067,12,1,2
4068,0,1,2
4068,1,1,4
4068,2,1,2
4068,3,1,1
4068,4,1,2
4068,5,0,0
4068,6,0,0
4068,7,0,0
4068,8,0,0
4068,9,0,0
4068,10,0,0
4068,11,0,0
4068,12,0,0
4069,0,1,7
4069,1,1,6
4069,2,1,4
4069,3,1,4
4069,4,1,4
4069,5,1,2
4069,6,1,4
4069,7,1,3
4069,8,1,3
4069,9,1,0
4069,10,1,2
4069,11,1,2
4069,12,1,1
4070,0,1,4
4070,1,1,2
4070,2,1,3
4070,3,1,6
4070,4,1,3
4070,5,1,2
4070,6,0,0
4070,7,0,0
4070,8,0,0
4070,9,0,0
4070,10,0,0
4070,11,0,0
4070,12,0,0
4071,0,1,3
4071,1,0,0
4071,2,0,0
4071,3,0,0
4071,4,0,0
4071,5,0,0
4071,6,0,0
4071,7,0,0
4071,8,0,0
4071,9,0,0
4071,10,0,0
4071,11,0,0
4071,12,0,0
4072,0,1,8
4072,1,1,3
4072,2,1,3
4072,3,1,1
4072,4,1,2
4072,5,1,0
4072,6,1,2
4072,7,1,5
4072,8,1,9
4072,9,1,7
4072,10,1,4
4072,11,0,0
4072,12,0,0
4073,0,1,5
4073,1,1,1
4073,2,1,5
4073,3,1,1
4073,4,1,2
4073,5,1,2
4073,6,1,2
4073,7,0,0
4073,8,0,0
4073,9,0,0
4073,10,0,0
4073,11,0,0
4073,12,0,0
4074,0,1,6
4074,1,1,2
4074,2,1,1
4074,3,1,4
4074,4,1,1
4074,5,1,4
4074,6,1,4
4074,7,1,2
4074,8,1,1
4074,9,1,3
4074,10,1,3
4074,11,1,5
4074,12,0,0
4075,0,1,3
4075,1,1,3
4075,2,1,2
4075,3,1,4
4075,4,1,2
4075,5,1,6
4075,6,1,5
4075,7,1,3
4075,8,1,5
4075,9,1,4
4075,10,1,4
4075,11,1,3
4075,12,1,4
4076,0,1,4
4076,1,1,4
4076,2,1,3
4076,3,1,0
4076,4,1,3
4076,5,1,2
4076,6,1,5
4076,7,1,2
4076,8,1,5
4076,9,1,7
4076,10,1,0
4076,11,1,4
4076,12,1,2
4077,0,1,2
4077,1,0,0
4077,2,0,0
4077,3,0,0
4077,4,0,0
4077,5,0,0
4077,6,0,0
4077,7,0,0
4077,8,0,0
4077,9,0,0
4077,10,0,0
4077,11,0,0
4077,12,0,0
4078,0,1,6
4078,1,1,3
4078,2,1,2
4078,3,1,2
4078,4,1,2
4078,5,1,3
4078,6,1,4
4078,7,1,7
4078,8,1,1
4078,9,1,2
4078,10,1,1
4078,11,1,3
4078,12,1,4
4079,0,1,8
4079,1,1,0
4079,2,1,3
4079,3,1,5
4079,4,1,2
4079,5,1,2
4079,6,1,1
4079,7,1,2
4079,8,1,7
4079,9,1,2
4079,10,1,2
4079,11,1,4
4079,12,1,3
4080,0,1,7
4080,1,1,0
4080,2,1,1
4080,3,1,1
4080,4,1,4
4080,5,1,1
4080,6,1,2
4080,7,1,2
4080,8,1,2
4080,9,1,1
4080,10,1,0
4080,11,1,4
4080,12,1,2
4081,0,1,5
4081,1,1,6
4081,2,1,4
4081,3,1,5
4081,4,1,4
4081,5,1,3
4081,6,1,4
4081,7,1,3
4081,8,1,2
4081,9,1,4
4081,10,1,5
4081,11,1,8
4081,12,1,2
4082,0,1,9
4082,1,0,0
4082,2,0,0
4082,3,0,0
4082,4,0,0
4082,5,0,0
4082,6,0,0
4082,7,0,0
4082,8,0,0
4082,9,0,0
4082,10,0,0
4082,11,0,0
4082,12,0,0
4083,0,1,5
4083,1,1,4
4083,2,1,2
4083,3,1,2
4083,4,1,1
4083,5,1,2
4083,6,1,1
4083,7,1,2
4083,8,1,2
4083,9,1,2
4083,10,1,3
4083,11,1,4
4083,12,1,2
4084,0,1,2
4084,1,1,2
4084,2,1,2
4084,3,0,0
4084,4,0,0
4084,5,0,0
4084,6,0,0
4084,7,0,0
4084,8,0,0
4084,9,0,0
4084,10,0,0
4084,11,0,0
4084,12,0,0
4085,0,1,4
4085,1,1,2
4085,2,1,3
4085,3,0,0
4085,4,0,0
4085,5,0,0
4085,6,0,0
4085,7,0,0
4085,8,0,0
4085,9,0,0
4085,10,0,0
4085,11,0,0
4085,12,0,0
4086,0,1,3
4086,1,1,2
4086,2,1,3
4086,3,1,2
4086,4,1,1
4086,5,1,5
4086,6,1,3
4086,7,1,1
4086,8,1,5
4086,9,1,2
4086,10,1,4
4086,11,1,5
4086,12,1,2
4087,0,1,7
4087,1,1,4
4087,2,1,5
4087,3,1,2
4087,4,1,8
4087,5,1,3
4087,6,1,3
4087,7,1,2
4087,8,1,1
4087,9,1,4
4087,10,1,2
4087,11,1,1
4087,12,1,1
4088,0,1,3
4088,1,1,3
4088,2,1,3
4088,3,1,6
4088,4,1,3
4088,5,1,3
4088,6,0,0
4088,7,0,0
4088,8,0,0
4088,9,0,0
4088,10,0,0
4088,11,0,0
4088,12,0,0
4089,0,1,8
4089,1,1,1
4089,2,1,2
4089,3,1,2
4089,4,0,0
4089,5,0,0
4089,6,0,0
4089,7,0,0
4089,8,0,0
4089,9,0,0
4089,10,0,0
4089,11,0,0
4089,12,0,0
4090,0,1,5
4090,1,1,1
4090,2,1,5
4090,3,1,1
4090,4,1,1
4090,5,1,2
4090,6,1,9
4090,7,1,3
4090,8,1,3
4090,9,0,0
4090,10,0,0
4090,11,0,0
4090,12,0,0
4091,0,1,5
4091,1,1,4
4091,2,1,2
4091,3,1,3
4091,4,1,6
4091,5,1,1
4091,6,1,1
4091,7,1,3
4091,8,1,4
4091,9,1,4
4091,10,1,3
4091,11,1,4
4091,12,1,1
4092,0,1,7
4092,1,1,4
4092,2,1,4
4092,3,1,3
4092,4,1,3
4092,5,1,1
4092,6,1,5
4092,7,0,0
4092,8,0,0
4092,9,0,0
4092,10,0,0
4092,11,0,0
4092,12,0,0
4093,0,1,3
4093,1,1,6
4093,2,1,6
4093,3,1,4
4093,4,1,2
4093,5,0,0
4093,6,0,0
4093,7,0,0
4093,8,0,0
4093,9,0,0
4093,10,0,0
4093,11,0,0
4093,12,0,0
4094,0,1,4
4094,1,1,3
4094,2,1,4
4094,3,1,5
4094,4,1,0
4094,5,1,3
4094,6,1,4
4094,7,1,1
4094,8,1,2
4094,9,1,1
4094,10,1,5
4094,11,1,1
4094,12,1,1
4095,0,1,7
4095,1,1,5
4095,2,1,9
4095,3,1,2
4095,4,1,4
4095,5,1,6
4095,6,1,1
4095,7,0,0
4095,8,0,0
4095,9,0,0
4095,10,0,0
4095,11,0,0
4095,12,0,0
4096,0,1,8
4096,1,1,1
4096,2,1,3
4096,3,1,1
4096,4,0,0
4096,5,0,0
4096,6,0,0
4096,7,0,0
4096,8,0,0
4096,9,0,0
4096,10,0,0
4096,11,0,0
4096,12,0,0
4097,0,1,2
4097,1,1,4
4097,2,1,1
4097,3,0,0
4097,4,0,0
4097,5,0,0
4097,6,0,0
4097,7,0,0
4097,8,0,0
4097,9,0,0
4097,10,0,0
4097,11,0,0
4097,12,0,0
4098,0,1,9
4098,1,1,5
4098,2,0,0
4098,3,0,0
4098,4,0,0
4098,5,0,0
4098,6,0,0
4098,7,0,0
4098,8,0,0
4098,9,0,0
4098,10,0,0
4098,11,0,0
4098,12,0,0
4099,0,1,5
4099,1,1,6
4099,2,1,1
4099,3,1,3
4099,4,1,3
4099,5,1,3
4099,6,1,2
4099,7,1,4
4099,8,1,2
4099,9,1,6
4099,10,1,4
4099,11,1,4
4099,12,1,5
4100,0,1,5
4100,1,1,4
4100,2,1,6
4100,3,1,4
4100,4,1,4
4100,5,1,4
4100,6,1,1
4100,7,1,3
4100,8,1,3
4100,9,1,3
4100,10,1,2
4100,11,1,8
4100,12,1,4
4101,0,1,3
4101,1,1,3
4101,2,1,0
4101,3,1,2
4101,4,1,1
4101,5,1,4
4101,6,1,3
4101,7,1,1
4101,8,1,1
4101,9,1,2
4101,10,1,2
4101,11,1,2
4101,12,1,3
4102,0,1,8
4102,1,1,2
4102,2,1,2
4102,3,1,3
4102,4,1,2
4102,5,0,0
4102,6,0,0
4102,7,0,0
4102,8,0,0
4102,9,0,0
4102,10,0,0
4102,11,0,0
4102,12,0,0
4103,0,1,7
4103,1,1,3
4103,2,1,2
4103,3,0,0
4103,4,0,0
4103,5,0,0
4103,6,0,0
4103,7,0,0
4103,8,0,0
4103,9,0,0
4103,10,0,0
4103,11,0,0
4103,12,0,0
4104,0,1,3
4104,1,1,3
4104,2,1,3
4104,3,1,4
4104,4,1,4
4104,5,1,3
4104,6,1,2
4104,7,1,3
4104,8,1,2
4104,9,1,6
4104,10,1,4
4104,11,1,2
4104,12,1,4
4105,0,1,5
4105,1,1,2
4105,2,1,5
4105,3,1,2
4105,4,1,3
4105,5,1,4
4105,6,1,3
4105,7,1,3
4105,8,1,2
4105,9,1,3
4105,10,1,3
4105,11,1,4
4105,12,1,3
4106,0,1,5
4106,1,1,3
4106,2,1,7
4106,3,0,0
4106,4,0,0
4106,5,0,0
4106,6,0,0
4106,7,0,0
4106,8,0,0
4106,9,0,0
4106,10,0,0
4106,11,0,0
4106,12,0,0
4107,0,1,7
4107,1,1,2
4107,2,1,1
4107,3,1,2
4107,4,1,1
4107,5,1,0
4107,6,1,3
4107,7,1,6
4107,8,1,2
4107,9,0,0
4107,10,0,0
4107,11,0,0
4107,12,0,0
4108,0,1,7
4108,1,1,2
4108,2,1,2
4108,3,1,3
4108,4,1,2
4108,5,1,2
4108,6,1,1
4108,7,1,2
4108,8,1,6
4108,9,1,3
4108,10,1,3
4108,11,1,2
4108,12,1,2
4109,0,1,6
4109,1,1,2
4109,2,1,7
4109,3,1,3
4109,4,1,2
4109,5,1,2
4109,6,1,4
4109,7,1,4
4109,8,1,3
4109,9,1,4
4109,10,1,3
4109,11,1,3
4109,12,1,4
4110,0,1,4
4110,1,1,4
4110,2,1,2
4110,3,1,4
4110,4,0,0
4110,5,0,0
4110,6,0,0
4110,7,0,0
4110,8,0,0
4110,9,0,0
4110,10,0,0
4110,11,0,0
4110,12,0,0
4111,0,1,5
4111,1,1,5
4111,2,1,5
4111,3,1,3
4111,4,1,5
4111,5,1,3
4111,6,1,3
4111,7,1,3
4111,8,1,3
4111,9,1,3
4111,10,1,4
4111,11,1,7
4111,12,1,6
4112,0,1,5
4112,1,1,5
4112,2,1,2
4112,3,0,0
4112,4,0,0
4112,5,0,0
4112,6,0,0
4112,7,0,0
4112,8,0,0
4112,9,0,0
4112,10,0,0
4112,11,0,0
4112,12,0,0
4113,0,1,8
4113,1,1,4
4113,2,1,6
4113,3,1,7
4113,4,1,3
4113,5,1,1
4113,6,1,7
4113,7,1,4
4113,8,1,3
4113,9,1,3
4113,10,1,1
4113,11,1,3
4113,12,1,4
4114,0,1,6
4114,1,1,3
4114,2,1,4
4114,3,0,0
4114,4,0,0
4114,5,0,0
4114,6,0,0
4114,7,0,0
4114,8,0,0
4114,9,0,0
4114,10,0,0
4114,11,0,0
4114,12,0,0
4115,0,1,2
4115,1,1,1
4115,2,1,2
4115,3,1,2
4115,4,1,2
4115,5,1,2
4115,6,0,0
4115,7,0,0
4115,8,0,0
4115,9,0,0
4115,10,0,0
4115,11,0,0
4115,12,0,0
4116,0,1,6
4116,1,1,4
4116,2,1,1
4116,3,1,4
4116,4,1,2
4116,5,1,5
4116,6,0,0
4116,7,0,0
4116,8,0,0
4116,9,0,0
4116,10,0,0
4116,11,0,0
4116,12,0,0
4117,0,1,3
4117,1,0,0
4117,2,0,0
4117,3,0,0
4117,4,0,0
4117,5,0,0
4117,6,0,0
4117,7,0,0
4117,8,0,0
4117,9,0,0
4117,10,0,0
4117,11,0,0
4117,12,0,0
4118,0,1,5
4118,1,1,0
4118,2,1,0
4118,3,1,4
4118,4,1,1
4118,5,1,3
4118,6,1,2
4118,7,1,0
4118,8,1,2
4118,9,1,0
4118,10,1,2
4118,11,1,2
4118,12,1,1
4119,0,1,6
4119,1,1,1
4119,2,1,0
4119,3,1,2
4119,4,1,3
4119,5,1,5
4119,6,0,0
4119,7,0,0
4119,8,0,0
4119,9,0,0
4119,10,0,0
4119,11,0,0
4119,12,0,0
4120,0,1,2
4120,1,1,0
4120,2,1,1
4120,3,1,0
4120,4,1,5
4120,5,1,3
4120,6,1,5
4120,7,1,3
4120,8,1,0
4120,9,1,2
4120,10,1,2
4120,11,1,1
4120,12,1,2
4121,0,1,8
4121,1,1,0
4121,2,1,2
4121,3,1,3
4121,4,1,2
4121,5,1,2
4121,6,1,4
4121,7,1,5
4121,8,1,4
4121,9,1,1
4121,10,1,2
4121,11,1,0
4121,12,1,3
4122,0,1,5
4122,1,1,3
4122,2,0,0
4122,3,0,0
4122,4,0,0
4122,5,0,0
4122,6,0,0
4122,7,0,0
4122,8,0,0
4122,9,0,0
4122,10,0,0
4122,11,0,0
4122,12,0,0
4123,0,1,1
4123,1,1,1
4123,2,1,2
4123,3,1,4
4123,4,1,0
4123,5,1,3
4123,6,1,1
4123,7,1,3
4123,8,1,0
4123,9,0,0
4123,10,0,0
4123,11,0,0
4123,12,0,0
4124,0,1,3
4124,1,1,3
4124,2,1,2
4124,3,1,1
4124,4,1,2
4124,5,1,1
4124,6,1,5
4124,7,1,1
4124,8,1,0
4124,9,1,1
4124,10,1,0
4124,11,1,0
4124,12,1,1
4125,0,1,8
4125,1,1,1
4125,2,1,1
4125,3,1,2
4125,4,1,0
4125,5,1,0
4125,6,1,3
4125,7,1,2
4125,8,0,0
4125,9,0,0
4125,10,0,0
4125,11,0,0
4125,12,0,0
4126,0,1,2
4126,1,1,3
4126,2,1,2
4126,3,0,0
4126,4,0,0
4126,5,0,0
4126,6,0,0
4126,7,0,0
4126,8,0,0
4126,9,0,0
4126,10,0,0
4126,11,0,0
4126,12,0,0
4127,0,1,5
4127,1,0,0
4127,2,0,0
4127,3,0,0
4127,4,0,0
4127,5,0,0
4127,6,0,0
4127,7,0,0
4127,8,0,0
4127,9,0,0
4127,10,0,0
4127,11,0,0
4127,12,0,0
4128,0,1,5
4128,1,1,2
4128,2,1,1
4128,3,1,3
4128,4,1,1
4128,5,1,1
4128,6,1,0
4128,7,1,2
4128,8,1,3
4128,9,1,1
4128,10,1,1
4128,11,1,4
4128,12,0,0
4129,0,1,2
4129,1,1,7
4129,2,1,0
4129,3,1,5
4129,4,1,4
4129,5,1,4
4129,6,0,0
4129,7,0,0
4129,8,0,0
4129,9,0,0
4129,10,0,0
4129,11,0,0
4129,12,0,0
4130,0,1,8
4130,1,1,0
4130,2,1,4
4130,3,1,4
4130,4,1,0
4130,5,1,1
4130,6,1,4
4130,7,1,2
4130,8,1,6
4130,9,1,3
4130,10,1,4
4130,11,1,4
4130,12,1,5
4131,0,1,10
4131,1,1,1
4131,2,0,0
4131,3,0,0
4131,4,0,0
4131,5,0,0
4131,6,0,0
4131,7,0,0
4131,8,0,0
4131,9,0,0
4131,10,0,0
4131,11,0,0
4131,12,0,0
4132,0,1,3
4132,1,1,2
4132,2,1,1
4132,3,1,2
4132,4,1,4
4132,5,1,2
4132,6,1,5
4132,7,1,0
4132,8,1,3
4132,9,1,4
4132,10,1,5
4132,11,1,1
4132,12,1,3
4133,0,1,4
4133,1,1,3
4133,2,0,0
4133,3,0,0
4133,4,0,0
4133,5,0,0
4133,6,0,0
4133,7,0,0
4133,8,0,0
4133,9,0,0
4133,10,0,0
4133,11,0,0
4133,12,0,0
4134,0,1,10
4134,1,0,0
4134,2,0,0
4134,3,0,0
4134,4,0,0
4134,5,0,0
4134,6,0,0
4134,7,0,0
4134,8,0,0
4134,9,0,0
4134,10,0,0
4134,11,0,0
4134,12,0,0
4135,0,1,4
4135,1,1,2
4135,2,1,2
4135,3,1,1
4135,4,1,3
4135,5,0,0
4135,6,0,0
4135,7,0,0
4135,8,0,0
4135,9,0,0
4135,10,0,0
4135,11,0,0
4135,12,0,0
4136,0,1,5
4136,1,1,3
4136,2,1,1
4136,3,1,2
4136,4,1,1
4136,5,1,0
4136,6,0,0
4136,7,0,0
4136,8,0,0
4136,9,0,0
4136,10,0,0
4136,11,0,0
4136,12,0,0
4137,0,1,5
4137,1,1,5
4137,2,1,4
4137,3,1,4
4137,4,1,3
4137,5,1,4
4137,6,1,5
4137,7,1,2
4137,8,1,4
4137,9,1,4
4137,10,1,5
4137,11,1,4
4137,12,0,0
4138,0,1,5
4138,1,1,2
4138,2,0,0
4138,3,0,0
4138,4,0,0
4138,5,0,0
4138,6,0,0
4138,7,0,0
4138,8,0,0
4138,9,0,0
4138,10,0,0
4138,11,0,0
4138,12,0,0
4139,0,1,4
4139,1,1,2
4139,2,1,1
4139,3,1,0
4139,4,1,1
4139,5,1,2
4139,6,1,1
4139,7,1,2
4139,8,1,2
4139,9,1,3
4139,10,1,2
4139,11,1,3
4139,12,1,3
4140,0,1,6
4140,1,1,4
4140,2,1,4
4140,3,1,2
4140,4,1,1
4140,5,1,2
4140,6,1,3
4140,7,1,4
4140,8,1,4
4140,9,0,0
4140,10,0,0
4140,11,0,0
4140,12,0,0
4141,0,1,4
4141,1,1,1
4141,2,1,3
4141,3,1,1
4141,4,1,6
4141,5,1,3
4141,6,1,4
4141,7,1,1
4141,8,1,5
4141,9,1,5
4141,10,1,5
4141,11,1,3
4141,12,1,3
4142,0,1,6
4142,1,1,3
4142,2,1,3
4142,3,1,6
4142,4,0,0
4142,5,0,0
4142,6,0,0
4142,7,0,0
4142,8,0,0
4142,9,0,0
4142,10,0,0
4142,11,0,0
4142,12,0,0
4143,0,1,6
4143,1,1,3
4143,2,1,4
4143,3,1,3
4143,4,1,1
4143,5,1,3
4143,6,1,0
4143,7,0,0
4143,8,0,0
4143,9,0,0
4143,10,0,0
4143,11,0,0
4143,12,0,0
4144,0,1,7
4144,1,1,4
4144,2,1,4
4144,3,1,4
4144,4,1,3
4144,5,0,0
4144,6,0,0
4144,7,0,0
4144,8,0,0
4144,9,0,0
4144,10,0,0
4144,11,0,0
4144,12,0,0
4145,0,1,5
4145,1,1,0
4145,2,1,3
4145,3,1,4
4145,4,1,3
4145,5,1,5
4145,6,1,2
4145,7,1,4
4145,8,1,4
4145,9,1,0
4145,10,1,4
4145,11,1,5
4145,12,1,1
4146,0,1,5
4146,1,1,3
4146,2,1,1
4146,3,1,2
4146,4,1,3
4146,5,0,0
4146,6,0,0
4146,7,0,0
4146,8,0,0
4146,9,0,0
4146,10,0,0
4146,11,0,0
4146,12,0,0
4147,0,1,5
4147,1,1,5
4147,2,1,1
4147,3,1,4
4147,4,1,3
4147,5,1,1
4147,6,1,3
4147,7,1,3
4147,8,1,1
4147,9,1,8
4147,10,1,2
4147,11,0,0
4147,12,0,0
4148,0,1,8
4148,1,1,8
4148,2,1,4
4148,3,1,3
4148,4,1,1
4148,5,0,0
4148,6,0,0
4148,7,0,0
4148,8,0,0
4148,9,0,0
4148,10,0,0
4148,11,0,0
4148,12,0,0
4149,0,1,9
4149,1,1,2
4149,2,1,3
4149,3,1,4
4149,4,1,0
4149,5,1,4
4149,6,1,2
4149,7,1,2
4149,8,1,2
4149,9,0,0
4149,10,0,0
4149,11,0,0
4149,12,0,0
4150,0,1,4
4150,1,0,0
4150,2,0,0
4150,3,0,0
4150,4,0,0
4150,5,0,0
4150,6,0,0
4150,7,0,0
4150,8,0,0
4150,9,0,0
4150,10,0,0
4150,11,0,0
4150,12,0,0
4151,0,1,4
4151,1,0,0
4151,2,0,0
4151,3,0,0
4151,4,0,0
4151,5,0,0
4151,6,0,0
4151,7,0,0
4151,8,0,0
4151,9,0,0
4151,10,0,0
4151,11,0,0
4151,12,0,0
4152,0,1,8
4152,1,0,0
4152,2,0,0
4152,3,0,0
4152,4,0,0
4152,5,0,0
4152,6,0,0
4152,7,0,0
4152,8,0,0
4152,9,0,0
4152,10,0,0
4152,11,0,0
4152,12,0,0
4153,0,1,4
4153,1,1,2
4153,2,0,0
4153,3,0,0
4153,4,0,0
4153,5,0,0
4153,6,0,0
4153,7,0,0
4153,8,0,0
4153,9,0,0
4153,10,0,0
4153,11,0,0
4153,12,0,0
4154,0,1,2
4154,1,1,3
4154,2,1,3
4154,3,1,2
4154,4,0,0
4154,5,0,0
4154,6,0,0
4154,7,0,0
4154,8,0,0
4154,9,0,0
4154,10,0,0
4154,11,0,0
4154,12,0,0
4155,0,1,2
4155,1,0,0
4155,2,0,0
4155,3,0,0
4155,4,0,0
4155,5,0,0
4155,6,0,0
4155,7,0,0
4155,8,0,0
4155,9,0,0
4155,10,0,0
4155,11,0,0
4155,12,0,0
4156,0,1,7
4156,1,1,5
4156,2,1,3
4156,3,0,0
4156,4,0,0
4156,5,0,0
4156,6,0,0
4156,7,0,0
4156,8,0,0
4156,9,0,0
4156,10,0,0
4156,11,0,0
4156,12,0,0
4157,0,1,4
4157,1,1,2
4157,2,1,4
4157,3,0,0
4157,4,0,0
4157,5,0,0
4157,6,0,0
4157,7,0,0
4157,8,0,0
4157,9,0,0
4157,10,0,0
4157,11,0,0
4157,12,0,0
4158,0,1,1
4158,1,1,1
4158,2,1,3
4158,3,1,4
4158,4,1,1
4158,5,1,5
4158,6,1,2
4158,7,1,2
4158,8,1,5
4158,9,1,6
4158,10,0,0
4158,11,0,0
4158,12,0,0
4159,0,1,3
4159,1,1,2
4159,2,1,2
4159,3,1,3
4159,4,1,4
4159,5,1,4
4159,6,1,1
4159,7,1,3
4159,8,1,1
4159,9,1,1
4159,10,1,4
4159,11,0,0
4159,12,0,0
4160,0,1,3
4160,1,1,3
4160,2,1,0
4160,3,1,6
4160,4,1,5
4160,5,0,0
4160,6,0,0
4160,7,0,0
4160,8,0,0
4160,9,0,0
4160,10,0,0
4160,11,0,0
4160,12,0,0
4161,0,1,3
4161,1,1,1
4161,2,1,1
4161,3,1,6
4161,4,1,2
4161,5,1,0
4161,6,1,3
4161,7,1,4
4161,8,1,4
4161,9,1,7
4161,10,1,1
4161,11,0,0
4161,12,0,0
4162,0,1,4
4162,1,1,2
4162,2,1,3
4162,3,1,3
4162,4,1,3
4162,5,1,8
4162,6,1,3
4162,7,1,1
4162,8,1,3
4162,9,1,3
4162,10,1,6
4162,11,1,4
4162,12,1,1
4163,0,1,7
4163,1,0,0
4163,2,0,0
4163,3,0,0
4163,4,0,0
4163,5,0,0
4163,6,0,0
4163,7,0,0
4163,8,0,0
4163,9,0,0
4163,10,0,0
4163,11,0,0
4163,12,0,0
4164,0,1,5
4164,1,1,2
4164,2,1,2
4164,3,1,2
4164,4,0,0
4164,5,0,0
4164,6,0,0
4164,7,0,0
4164,8,0,0
4164,9,0,0
4164,10,0,0
4164,11,0,0
4164,12,0,0
4165,0,1,5
4165,1,1,4
4165,2,1,1
4165,3,1,1
4165,4,1,3
4165,5,1,4
4165,6,0,0
4165,7,0,0
4165,8,0,0
4165,9,0,0
4165,10,0,0
4165,11,0,0
4165,12,0,0
4166,0,1,4
4166,1,1,9
4166,2,1,4
4166,3,1,2
4166,4,1,1
4166,5,1,5
4166,6,1,1
4166,7,1,1
4166,8,1,2
4166,9,1,5
4166,10,1,3
4166,11,1,1
4166,12,1,3
4167,0,1,4
4167,1,0,0
4167,2,0,0
4167,3,0,0
4167,4,0,0
4167,5,0,0
4167,6,0,0
4167,7,0,0
4167,8,0,0
4167,9,0,0
4167,10,0,0
4167,11,0,0
4167,12,0,0
4168,0,1,5
4168,1,1,3
4168,2,1,4
4168,3,1,3
4168,4,1,2
4168,5,1,0
4168,6,1,0
4168,7,1,1
4168,8,1,0
4168,9,1,5
4168,10,0,0
4168,11,0,0
4168,12,0,0
4169,0,1,3
4169,1,1,4
4169,2,1,3
4169,3,1,3
4169,4,1,2
4169,5,1,4
4169,6,1,5
4169,7,1,4
4169,8,1,6
4169,9,1,3
4169,10,1,4
4169,11,1,5
4169,12,1,2
4170,0,1,6
4170,1,1,4
4170,2,1,3
4170,3,1,5
4170,4,1,2
4170,5,1,5
4170,6,1,6
4170,7,0,0
4170,8,0,0
4170,9,0,0
4170,10,0,0
4170,11,0,0
4170,12,0,0
4171,0,1,7
4171,1,1,0
4171,2,1,2
4171,3,1,3
4171,4,1,1
4171,5,1,2
4171,6,1,2
4171,7,1,2
4171,8,1,6
4171,9,1,4
4171,10,0,0
4171,11,0,0
4171,12,0,0
4172,0,1,7
4172,1,1,4
4172,2,1,4
4172,3,1,5
4172,4,0,0
4172,5,0,0
4172,6,0,0
4172,7,0,0
4172,8,0,0
4172,9,0,0
4172,10,0,0
4172,11,0,0
4172,12,0,0
4173,0,1,4
4173,1,1,4
4173,2,1,5
4173,3,1,4
4173,4,1,8
4173,5,1,0
4173,6,1,0
4173,7,1,5
4173,8,1,0
4173,9,1,2
4173,10,1,2
4173,11,1,5
4173,12,1,3
4174,0,1,3
4174,1,1,3
4174,2,1,5
4174,3,1,4
4174,4,1,0
4174,5,0,0
4174,6,0,0
4174,7,0,0
4174,8,0,0
4174,9,0,0
4174,10,0,0
4174,11,0,0
4174,12,0,0
4175,0,1,5
4175,1,1,2
4175,2,1,1
4175,3,1,4
4175,4,0,0
4175,5,0,0
4175,6,0,0
4175,7,0,0
4175,8,0,0
4175,9,0,0
4175,10,0,0
4175,11,0,0
4175,12,0,0
4176,0,1,5
4176,1,1,4
4176,2,1,2
4176,3,1,3
4176,4,1,2
4176,5,1,3
4176,6,1,5
4176,7,1,2
4176,8,1,5
4176,9,1,4
4176,10,0,0
4176,11,0,0
4176,12,0,0
4177,0,1,4
4177,1,1,5
4177,2,1,3
4177,3,1,9
4177,4,1,1
4177,5,1,3
4177,6,1,10
4177,7,1,2
4177,8,1,5
4177,9,1,0
4177,10,1,6
4177,11,1,2
4177,12,1,4
4178,0,1,5
4178,1,1,2
4178,2,1,3
4178,3,1,2
4178,4,1,2
4178,5,1,2
4178,6,1,4
4178,7,1,3
4178,8,1,0
4178,9,1,0
4178,10,1,4
4178,11,1,2
4178,12,1,2
4179,0,1,3
4179,1,0,0
4179,2,0,0
4179,3,0,0
4179,4,0,0
4179,5,0,0
4179,6,0,0
4179,7,0,0
4179,8,0,0
4179,9,0,0
4179,10,0,0
4179,11,0,0
4179,12,0,0
4180,0,1,6
4180,1,0,0
4180,2,0,0
4180,3,0,0
4180,4,0,0
4180,5,0,0
4180,6,0,0
4180,7,0,0
4180,8,0,0
4180,9,0,0
4180,10,0,0
4180,11,0,0
4180,12,0,0
4181,0,1,2
4181,1,1,0
4181,2,1,2
4181,3,1,4
4181,4,1,1
4181,5,1,5
4181,6,1,3
4181,7,1,1
4181,8,1,2
4181,9,1,4
4181,10,1,4
4181,11,1,0
4181,12,1,1
4182,0,1,2
4182,1,1,2
4182,2,1,6
4182,3,1,5
4182,4,1,9
4182,5,1,10
4182,6,1,4
4182,7,1,5
4182,8,1,3
4182,9,1,4
4182,10,1,5
4182,11,1,4
4182,12,1,2
4183,0,1,5
4183,1,1,2
4183,2,1,3
4183,3,1,0
4183,4,1,2
4183,5,1,7
4183,6,1,3
4183,7,1,3
4183,8,1,6
4183,9,1,4
4183,10,1,2
4183,11,0,0
4183,12,0,0
4184,0,1,3
4184,1,1,3
4184,2,1,6
4184,3,1,8
4184,4,1,0
4184,5,1,3
4184,6,0,0
4184,7,0,0
4184,8,0,0
4184,9,0,0
4184,10,0,0
4184,11,0,0
4184,12,0,0
4185,0,1,3
4185,1,1,1
4185,2,1,1
4185,3,1,5
4185,4,1,3
4185,5,1,2
4185,6,1,2
4185,7,1,4
4185,8,1,1
4185,9,1,2
4185,10,1,2
4185,11,1,1
4185,12,1,5
4186,0,1,5
4186,1,1,2
4186,2,1,6
4186,3,1,1
4186,4,1,3
4186,5,1,3
4186,6,1,2
4186,7,1,1
4186,8,1,1
4186,9,1,2
4186,10,1,4
4186,11,1,1
4186,12,1,2
4187,0,1,7
4187,1,1,2
4187,2,0,0
4187,3,0,0
4187,4,0,0
4187,5,0,0
4187,6,0,0
4187,7,0,0
4187,8,0,0
4187,9,0,0
4187,10,0,0
4187,11,0,0
4187,12,0,0
4188,0,1,6
4188,1,1,3
4188,2,1,1
4188,3,1,1
4188,4,0,0
4188,5,0,0
4188,6,0,0
4188,7,0,0
4188,8,0,0
4188,9,0,0
4188,10,0,0
4188,11,0,0
4188,12,0,0
4189,0,1,7
4189,1,1,5
4189,2,1,5
4189,3,0,0
4189,4,0,0
4189,5,0,0
4189,6,0,0
4189,7,0,0
4189,8,0,0
4189,9,0,0
4189,10,0,0
4189,11,0,0
4189,12,0,0
4190,0,1,5
4190,1,1,4
4190,2,1,3
4190,3,1,1
4190,4,1,2
4190,5,1,8
4190,6,1,2
4190,7,1,1
4190,8,1,6
4190,9,1,1
4190,10,1,3
4190,11,1,2
4190,12,1,4
4191,0,1,7
4191,1,1,2
4191,2,1,1
4191,3,1,2
4191,4,1,0
4191,5,1,2
4191,6,1,3
4191,7,1,1
4191,8,1,4
4191,9,1,5
4191,10,1,2
4191,11,1,3
4191,12,1,3
4192,0,1,5
4192,1,0,0
4192,2,0,0
4192,3,0,0
4192,4,0,0
4192,5,0,0
4192,6,0,0
4192,7,0,0
4192,8,0,0
4192,9,0,0
4192,10,0,0
4192,11,0,0
4192,12,0,0
4193,0,1,4
4193,1,1,4
4193,2,1,4
4193,3,1,3
4193,4,1,6
4193,5,1,3
4193,6,1,5
4193,7,0,0
4193,8,0,0
4193,9,0,0
4193,10,0,0
4193,11,0,0
4193,12,0,0
4194,0,1,11
4194,1,1,4
4194,2,1,3
4194,3,1,4
4194,4,1,2
4194,5,1,1
4194,6,1,1
4194,7,1,4
4194,8,1,7
4194,9,1,3
4194,10,1,6
4194,11,1,3
4194,12,1,8
4195,0,1,5
4195,1,1,3
4195,2,1,3
4195,3,1,4
4195,4,1,1
4195,5,1,1
4195,6,1,2
4195,7,1,2
4195,8,1,4
4195,9,1,6
4195,10,1,2
4195,11,1,0
4195,12,1,1
4196,0,1,3
4196,1,1,5
4196,2,1,4
4196,3,1,2
4196,4,1,5
4196,5,0,0
4196,6,0,0
4196,7,0,0
4196,8,0,0
4196,9,0,0
4196,10,0,0
4196,11,0,0
4196,12,0,0
4197,0,1,5
4197,1,1,2
4197,2,1,2
4197,3,0,0
4197,4,0,0
4197,5,0,0
4197,6,0,0
4197,7,0,0
4197,8,0,0
4197,9,0,0
4197,10,0,0
4197,11,0,0
4197,12,0,0
4198,0,1,5
4198,1,1,2
4198,2,1,3
4198,3,1,5
4198,4,1,5
4198,5,1,1
4198,6,1,4
4198,7,1,5
4198,8,1,2
4198,9,1,4
4198,10,1,2
4198,11,1,3
4198,12,1,6
4199,0,1,4
4199,1,1,2
4199,2,1,5
4199,3,1,3
4199,4,1,3
4199,5,1,1
4199,6,1,4
4199,7,1,4
4199,8,1,3
4199,9,1,3
4199,10,1,2
4199,11,1,5
4199,12,1,4
4200,0,1,4
4200,1,1,2
4200,2,1,4
4200,3,0,0
4200,4,0,0
4200,5,0,0
4200,6,0,0
4200,7,0,0
4200,8,0,0
4200,9,0,0
4200,10,0,0
4200,11,0,0
4200,12,0,0
4201,0,1,9
4201,1,1,2
4201,2,1,4
4201,3,0,0
4201,4,0,0
4201,5,0,0
4201,6,0,0
4201,7,0,0
4201,8,0,0
4201,9,0,0
4201,10,0,0
4201,11,0,0
4201,12,0,0
4202,0,1,3
4202,1,1,1
4202,2,1,1
4202,3,1,3
4202,4,1,3
4202,5,0,0
4202,6,0,0
4202,7,0,0
4202,8,0,0
4202,9,0,0
4202,10,0,0
4202,11,0,0
4202,12,0,0
4203,0,1,7
4203,1,1,4
4203,2,1,4
4203,3,1,1
4203,4,1,3
4203,5,1,5
4203,6,1,4
4203,7,1,4
4203,8,1,7
4203,9,1,3
4203,10,1,1
4203,11,1,4
4203,12,1,2
4204,0,1,3
4204,1,0,0
4204,2,0,0
4204,3,0,0
4204,4,0,0
4204,5,0,0
4204,6,0,0
4204,7,0,0
4204,8,0,0
4204,9,0,0
4204,10,0,0
4204,11,0,0
4204,12,0,0
4205,0,1,9
4205,1,1,1
4205,2,1,5
4205,3,1,7
4205,4,1,4
4205,5,1,2
4205,6,0,0
4205,7,0,0
4205,8,0,0
4205,9,0,0
4205,10,0,0
4205,11,0,0
4205,12,0,0
4206,0,1,5
4206,1,1,3
4206,2,1,2
4206,3,1,3
4206,4,1,3
4206,5,1,6
4206,6,1,3
4206,7,1,3
4206,8,1,1
4206,9,1,3
4206,10,0,0
4206,11,0,0
4206,12,0,0
4207,0,1,2
4207,1,1,5
4207,2,1,3
4207,3,0,0
4207,4,0,0
4207,5,0,0
4207,6,0,0
4207,7,0,0
4207,8,0,0
4207,9,0,0
4207,10,0,0
4207,11,0,0
4207,12,0,0
4208,0,1,2
4208,1,0,0
4208,2,0,0
4208,3,0,0
4208,4,0,0
4208,5,0,0
4208,6,0,0
4208,7,0,0
4208,8,0,0
4208,9,0,0
4208,10,0,0
4208,11,0,0
4208,12,0,0
4209,0,1,10
4209,1,1,5
4209,2,1,3
4209,3,1,5
4209,4,0,0
4209,5,0,0
4209,6,0,0
4209,7,0,0
4209,8,0,0
4209,9,0,0
4209,10,0,0
4209,11,0,0
4209,12,0,0
4210,0,1,5
4210,1,1,3
4210,2,1,3
4210,3,1,4
4210,4,1,12
4210,5,1,7
4210,6,1,5
4210,7,1,6
4210,8,1,4
4210,9,1,3
4210,10,1,6
4210,11,1,3
4210,12,0,0
4211,0,1,5
4211,1,1,2
4211,2,1,1
4211,3,1,1
4211,4,1,2
4211,5,1,7
4211,6,1,7
4211,7,1,3
4211,8,1,5
4211,9,1,4
4211,10,1,1
4211,11,1,4
4211,12,1,3
4212,0,1,6
4212,1,1,2
4212,2,1,3
4212,3,1,4
4212,4,1,0
4212,5,1,2
4212,6,1,2
4212,7,1,2
4212,8,1,4
4212,9,1,0
4212,10,1,1
4212,11,1,3
4212,12,1,1
4213,0,1,5
4213,1,0,0
4213,2,0,0
4213,3,0,0
4213,4,0,0
4213,5,0,0
4213,6,0,0
4213,7,0,0
4213,8,0,0
4213,9,0,0
4213,10,0,0
4213,11,0,0
4213,12,0,0
4214,0,1,4
4214,1,1,3
4214,2,1,3
4214,3,1,3
4214,4,1,3
4214,5,0,0
4214,6,0,0
4214,7,0,0
4214,8,0,0
4214,9,0,0
4214,10,0,0
4214,11,0,0
4214,12,0,0
4215,0,1,4
4215,1,1,6
4215,2,1,4
4215,3,1,1
4215,4,1,2
4215,5,1,5
4215,6,1,1
4215,7,1,4
4215,8,1,2
4215,9,1,1
4215,10,1,2
4215,11,1,4
4215,12,1,4
4216,0,1,10
4216,1,1,3
4216,2,1,6
4216,3,1,4
4216,4,1,3
4216,5,1,5
4216,6,1,3
4216,7,1,4
4216,8,1,5
4216,9,1,1
4216,10,1,1
4216,11,1,3
4216,12,1,2
4217,0,1,4
4217,1,1,8
4217,2,1,8
4217,3,0,0
4217,4,0,0
4217,5,0,0
4217,6,0,0
4217,7,0,0
4217,8,0,0
4217,9,0,0
4217,10,0,0
4217,11,0,0
4217,12,0,0
4218,0,1,2
4218,1,1,2
4218,2,1,5
4218,3,1,7
4218,4,1,2
4218,5,1,2
4218,6,1,2
4218,7,1,2
4218,8,1,0
4218,9,0,0
4218,10,0,0
4218,11,0,0
4218,12,0,0
4219,0,1,3
4219,1,1,3
4219,2,1,2
4219,3,1,5
4219,4,1,5
4219,5,1,3
4219,6,1,1
4219,7,1,6
4219,8,1,2
4219,9,1,3
4219,10,1,5
4219,11,1,2
4219,12,1,1
4220,0,1,6
4220,1,1,3
4220,2,1,2
4220,3,1,2
4220,4,1,6
4220,5,1,2
4220,6,1,2
4220,7,1,1
4220,8,0,0
4220,9,0,0
4220,10,0,0
4220,11,0,0
4220,12,0,0
4221,0,1,9
4221,1,1,2
4221,2,1,2
4221,3,1,3
4221,4,1,5
4221,5,1,1
4221,6,1,3
4221,7,1,4
4221,8,1,5
4221,9,1,4
4221,10,1,7
4221,11,1,3
4221,12,1,0
4222,0,1,6
4222,1,1,4
4222,2,1,4
4222,3,1,6
4222,4,1,0
4222,5,1,6
4222,6,0,0
4222,7,0,0
4222,8,0,0
4222,9,0,0
4222,10,0,0
4222,11,0,0
4222,12,0,0
4223,0,1,6
4223,1,1,3
4223,2,1,1
4223,3,1,1
4223,4,1,6
4223,5,1,6
4223,6,0,0
4223,7,0,0
4223,8,0,0
4223,9,0,0
4223,10,0,0
4223,11,0,0
4223,12,0,0
4224,0,1,5
4224,1,1,3
4224,2,1,0
4224,3,1,0
4224,4,1,3
4224,5,1,2
4224,6,1,3
4224,7,1,3
4224,8,1,0
4224,9,1,7
4224,10,1,4
4224,11,1,4
4224,12,1,3
4225,0,1,7
4225,1,1,6
4225,2,0,0
4225,3,0,0
4225,4,0,0
4225,5,0,0
4225,6,0,0
4225,7,0,0
4225,8,0,0
4225,9,0,0
4225,10,0,0
4225,11,0,0
4225,12,0,0
4226,0,1,6
4226,1,1,3
4226,2,1,2
4226,3,1,3
4226,4,1,3
4226,5,1,4
4226,6,1,2
4226,7,1,3
4226,8,1,1
4226,9,1,0
4226,10,1,2
4226,11,1,5
4226,12,1,2
4227,0,1,6
4227,1,1,2
4227,2,0,0
4227,3,0,0
4227,4,0,0
4227,5,0,0
4227,6,0,0
4227,7,0,0
4227,8,0,0
4227,9,0,0
4227,10,0,0
4227,11,0,0
4227,12,0,0
4228,0,1,5
4228,1,0,0
4228,2,0,0
4228,3,0,0
4228,4,0,0
4228,5,0,0
4228,6,0,0
4228,7,0,0
4228,8,0,0
4228,9,0,0
4228,10,0,0
4228,11,0,0
4228,12,0,0
4229,0,1,6
4229,1,1,2
4229,2,1,4
4229,3,0,0
4229,4,0,0
4229,5,0,0
4229,6,0,0
4229,7,0,0
4229,8,0,0
4229,9,0,0
4229,10,0,0
4229,11,0,0
4229,12,0,0
4230,0,1,5
4230,1,1,7
4230,2,1,2
4230,3,1,2
4230,4,1,6
4230,5,1,0
4230,6,1,2
4230,7,1,3
4230,8,0,0
4230,9,0,0
4230,10,0,0
4230,11,0,0
4230,12,0,0
4231,0,1,3
4231,1,1,6
4231,2,1,4
4231,3,1,4
4231,4,1,7
4231,5,1,3
4231,6,1,2
4231,7,1,2
4231,8,1,4
4231,9,1,6
4231,10,1,3
4231,11,1,2
4231,12,1,3
4232,0,1,7
4232,1,1,6
4232,2,1,1
4232,3,1,3
4232,4,1,2
4232,5,1,4
4232,6,1,7
4232,7,0,0
4232,8,0,0
4232,9,0,0
4232,10,0,0
4232,11,0,0
4232,12,0,0
4233,0,1,2
4233,1,0,0
4233,2,0,0
4233,3,0,0
4233,4,0,0
4233,5,0,0
4233,6,0,0
4233,7,0,0
4233,8,0,0
4233,9,0,0
4233,10,0,0
4233,11,0,0
4233,12,0,0
4234,0,1,3
4234,1,1,3
4234,2,1,3
4234,3,1,4
4234,4,1,2
4234,5,1,3
4234,6,1,2
4234,7,0,0
4234,8,0,0
4234,9,0,0
4234,10,0,0
4234,11,0,0
4234,12,0,0
4235,0,1,2
4235,1,1,8
4235,2,1,4
4235,3,1,5
4235,4,1,5
4235,5,1,4
4235,6,1,5
4235,7,1,2
4235,8,1,1
4235,9,1,3
4235,10,1,5
4235,11,0,0
4235,12,0,0
4236,0,1,7
4236,1,1,6
4236,2,1,4
4236,3,1,5
4236,4,1,4
4236,5,1,3
4236,6,1,2
4236,7,1,2
4236,8,0,0
4236,9,0,0
4236,10,0,0
4236,11,0,0
4236,12,0,0
4237,0,1,4
4237,1,1,2
4237,2,1,3
4237,3,1,3
4237,4,1,5
4237,5,1,2
4237,6,1,3
4237,7,1,3
4237,8,1,6
4237,9,1,2
4237,10,1,2
4237,11,1,4
4237,12,1,3
4238,0,1,6
4238,1,1,0
4238,2,1,2
4238,3,1,3
4238,4,1,3
4238,5,1,3
4238,6,1,2
4238,7,1,1
4238,8,1,3
4238,9,1,0
4238,10,0,0
4238,11,0,0
4238,12,0,0
4239,0,1,9
4239,1,1,1
4239,2,1,3
4239,3,1,4
4239,4,1,2
4239,5,1,2
4239,6,1,2
4239,7,1,3
4239,8,1,4
4239,9,1,2
4239,10,0,0
4239,11,0,0
4239,12,0,0
4240,0,1,6
4240,1,0,0
4240,2,0,0
4240,3,0,0
4240,4,0,0
4240,5,0,0
4240,6,0,0
4240,7,0,0
4240,8,0,0
4240,9,0,0
4240,10,0,0
4240,11,0,0
4240,12,0,0
4241,0,1,3
4241,1,1,5
4241,2,1,5
4241,3,1,4
4241,4,1,4
4241,5,1,5
4241,6,1,5
4241,7,1,2
4241,8,0,0
4241,9,0,0
4241,10,0,0
4241,11,0,0
4241,12,0,0
4242,0,1,4
4242,1,1,4
4242,2,1,3
4242,3,1,3
4242,4,1,2
4242,5,0,0
4242,6,0,0
4242,7,0,0
4242,8,0,0
4242,9,0,0
4242,10,0,0
4242,11,0,0
4242,12,0,0
4243,0,1,6
4243,1,1,6
4243,2,1,1
4243,3,1,6
4243,4,1,4
4243,5,1,6
4243,6,0,0
4243,7,0,0
4243,8,0,0
4243,9,0,0
4243,10,0,0
4243,11,0,0
4243,12,0,0
4244,0,1,4
4244,1,1,2
4244,2,1,1
4244,3,1,1
4244,4,1,2
4244,5,1,1
4244,6,1,0
4244,7,1,0
4244,8,1,2
4244,9,1,3
4244,10,1,4
4244,11,1,1
4244,12,1,2
4245,0,1,4
4245,1,0,0
4245,2,0,0
4245,3,0,0
4245,4,0,0
4245,5,0,0
4245,6,0,0
4245,7,0,0
4245,8,0,0
4245,9,0,0
4245,10,0,0
4245,11,0,0
4245,12,0,0
4246,0,1,6
4246,1,0,0
4246,2,0,0
4246,3,0,0
4246,4,0,0
4246,5,0,0
4246,6,0,0
4246,7,0,0
4246,8,0,0
4246,9,0,0
4246,10,0,0
4246,11,0,0
4246,12,0,0
4247,0,1,6
4247,1,1,3
4247,2,1,3
4247,3,1,1
4247,4,1,3
4247,5,1,4
4247,6,1,4
4247,7,1,8
4247,8,1,0
4247,9,1,4
4247,10,0,0
4247,11,0,0
4247,12,0,0
4248,0,1,5
4248,1,1,2
4248,2,1,3
4248,3,1,2
4248,4,1,3
4248,5,1,4
4248,6,1,2
4248,7,1,2
4248,8,1,5
4248,9,1,4
4248,10,1,4
4248,11,1,5
4248,12,1,7
4249,0,1,5
4249,1,1,1
4249,2,1,5
4249,3,1,3
4249,4,1,0
4249,5,1,2
4249,6,1,2
4249,7,0,0
4249,8,0,0
4249,9,0,0
4249,10,0,0
4249,11,0,0
4249,12,0,0
4250,0,1,5
4250,1,0,0
4250,2,0,0
4250,3,0,0
4250,4,0,0
4250,5,0,0
4250,6,0,0
4250,7,0,0
4250,8,0,0
4250,9,0,0
4250,10,0,0
4250,11,0,0
4250,12,0,0
4251,0,1,2
4251,1,1,5
4251,2,1,7
4251,3,1,1
4251,4,1,2
4251,5,1,1
4251,6,1,5
4251,7,1,1
4251,8,0,0
4251,9,0,0
4251,10,0,0
4251,11,0,0
4251,12,0,0
4252,0,1,4
4252,1,1,1
4252,2,0,0
4252,3,0,0
4252,4,0,0
4252,5,0,0
4252,6,0,0
4252,7,0,0
4252,8,0,0
4252,9,0,0
4252,10,0,0
4252,11,0,0
4252,12,0,0
4253,0,1,4
4253,1,1,6
4253,2,1,4
4253,3,1,2
4253,4,1,4
4253,5,1,1
4253,6,1,4
4253,7,1,4
4253,8,1,0
4253,9,1,3
4253,10,1,0
4253,11,1,3
4253,12,1,5
4254,0,1,4
4254,1,1,5
4254,2,1,5
4254,3,1,4
4254,4,1,4
4254,5,1,1
4254,6,1,3
4254,7,1,4
4254,8,1,2
4254,9,1,6
4254,10,0,0
4254,11,0,0
4254,12,0,0
4255,0,1,4
4255,1,1,2
4255,2,1,3
4255,3,0,0
4255,4,0,0
4255,5,0,0
4255,6,0,0
4255,7,0,0
4255,8,0,0
4255,9,0,0
4255,10,0,0
4255,11,0,0
4255,12,0,0
4256,0,1,6
4256,1,1,3
4256,2,1,6
4256,3,1,1
4256,4,1,2
4256,5,1,1
4256,6,1,3
4256,7,1,3
4256,8,1,4
4256,9,1,1
4256,10,0,0
4256,11,0,0
4256,12,0,0
4257,0,1,3
4257,1,1,1
4257,2,1,5
4257,3,0,0
4257,4,0,0
4257,5,0,0
4257,6,0,0
4257,7,0,0
4257,8,0,0
4257,9,0,0
4257,10,0,0
4257,11,0,0
4257,12,0,0
4258,0,1,9
4258,1,1,1
4258,2,1,2
4258,3,0,0
4258,4,0,0
4258,5,0,0
4258,6,0,0
4258,7,0,0
4258,8,0,0
4258,9,0,0
4258,10,0,0
4258,11,0,0
4258,12,0,0
4259,0,1,5
4259,1,1,2
4259,2,1,2
4259,3,1,1
4259,4,1,4
4259,5,1,6
4259,6,1,4
4259,7,0,0
4259,8,0,0
4259,9,0,0
4259,10,0,0
4259,11,0,0
4259,12,0,0
4260,0,1,5
4260,1,1,3
4260,2,1,5
4260,3,0,0
4260,4,0,0
4260,5,0,0
4260,6,0,0
4260,7,0,0
4260,8,0,0
4260,9,0,0
4260,10,0,0
4260,11,0,0
4260,12,0,0
4261,0,1,3
4261,1,1,3
4261,2,1,5
4261,3,1,2
4261,4,1,4
4261,5,1,5
4261,6,1,6
4261,7,1,1
4261,8,1,4
4261,9,1,1
4261,10,1,2
4261,11,1,4
4261,12,1,10
4262,0,1,2
4262,1,1,5
4262,2,0,0
4262,3,0,0
4262,4,0,0
4262,5,0,0
4262,6,0,0
4262,7,0,0
4262,8,0,0
4262,9,0,0
4262,10,0,0
4262,11,0,0
4262,12,0,0
4263,0,1,7
4263,1,1,4
4263,2,0,0
4263,3,0,0
4263,4,0,0
4263,5,0,0
4263,6,0,0
4263,7,0,0
4263,8,0,0
4263,9,0,0
4263,10,0,0
4263,11,0,0
4263,12,0,0
4264,0,1,3
4264,1,1,2
4264,2,1,1
4264,3,0,0
4264,4,0,0
4264,5,0,0
4264,6,0,0
4264,7,0,0
4264,8,0,0
4264,9,0,0
4264,10,0,0
4264,11,0,0
4264,12,0,0
4265,0,1,6
4265,1,1,3
4265,2,1,5
4265,3,1,4
4265,4,1,5
4265,5,1,0
4265,6,1,3
4265,7,0,0
4265,8,0,0
4265,9,0,0
4265,10,0,0
4265,11,0,0
4265,12,0,0
4266,0,1,5
4266,1,1,5
4266,2,1,1
4266,3,1,4
4266,4,1,5
4266,5,1,3
4266,6,1,5
4266,7,0,0
4266,8,0,0
4266,9,0,0
4266,10,0,0
4266,11,0,0
4266,12,0,0
4267,0,1,3
4267,1,1,2
4267,2,1,4
4267,3,1,4
4267,4,1,1
4267,5,1,5
4267,6,1,3
4267,7,1,2
4267,8,1,5
4267,9,1,5
4267,10,1,3
4267,11,1,6
4267,12,1,3
4268,0,1,4
4268,1,1,4
4268,2,1,3
4268,3,0,0
4268,4,0,0
4268,5,0,0
4268,6,0,0
4268,7,0,0
4268,8,0,0
4268,9,0,0
4268,10,0,0
4268,11,0,0
4268,12,0,0
4269,0,1,5
4269,1,1,1
4269,2,1,1
4269,3,1,2
4269,4,1,0
4269,5,1,0
4269,6,1,2
4269,7,1,2
4269,8,1,1
4269,9,1,3
4269,10,1,1
4269,11,1,2
4269,12,1,4
4270,0,1,6
4270,1,1,2
4270,2,1,5
4270,3,0,0
4270,4,0,0
4270,5,0,0
4270,6,0,0
4270,7,0,0
4270,8,0,0
4270,9,0,0
4270,10,0,0
4270,11,0,0
4270,12,0,0
4271,0,1,2
4271,1,1,3
4271,2,1,5
4271,3,1,7
4271,4,1,4
4271,5,1,1
4271,6,1,6
4271,7,1,4
4271,8,1,6
4271,9,1,2
4271,10,1,5
4271,11,1,2
4271,12,1,4
4272,0,1,6
4272,1,0,0
4272,2,0,0
4272,3,0,0
4272,4,0,0
4272,5,0,0
4272,6,0,0
4272,7,0,0
4272,8,0,0
4272,9,0,0
4272,10,0,0
4272,11,0,0
4272,12,0,0
4273,0,1,7
4273,1,1,3
4273,2,1,3
4273,3,1,1
4273,4,1,1
4273,5,1,2
4273,6,0,0
4273,7,0,0
4273,8,0,0
4273,9,0,0
4273,10,0,0
4273,11,0,0
4273,12,0,0
4274,0,1,3
4274,1,1,5
4274,2,1,9
4274,3,1,5
4274,4,1,4
4274,5,1,5
4274,6,0,0
4274,7,0,0
4274,8,0,0
4274,9,0,0
4274,10,0,0
4274,11,0,0
4274,12,0,0
4275,0,1,6
4275,1,1,6
4275,2,1,3
4275,3,1,0
4275,4,1,2
4275,5,1,3
4275,6,1,5
4275,7,1,3
4275,8,1,3
4275,9,1,4
4275,10,1,5
4275,11,1,5
4275,12,1,1
4276,0,1,7
4276,1,1,2
4276,2,1,1
4276,3,1,2
4276,4,1,2
4276,5,1,4
4276,6,1,1
4276,7,1,2
4276,8,1,4
4276,9,1,3
4276,10,1,0
4276,11,1,3
4276,12,1,2
4277,0,1,6
4277,1,1,6
4277,2,0,0
4277,3,0,0
4277,4,0,0
4277,5,0,0
4277,6,0,0
4277,7,0,0
4277,8,0,0
4277,9,0,0
4277,10,0,0
4277,11,0,0
4277,12,0,0
4278,0,1,7
4278,1,0,0
4278,2,0,0
4278,3,0,0
4278,4,0,0
4278,5,0,0
4278,6,0,0
4278,7,0,0
4278,8,0,0
4278,9,0,0
4278,10,0,0
4278,11,0,0
4278,12,0,0
4279,0,1,2
4279,1,1,1
4279,2,1,3
4279,3,1,4
4279,4,0,0
4279,5,0,0
4279,6,0,0
4279,7,0,0
4279,8,0,0
4279,9,0,0
4279,10,0,0
4279,11,0,0
4279,12,0,0
4280,0,1,8
4280,1,1,2
4280,2,1,0
4280,3,1,2
4280,4,1,2
4280,5,1,5
4280,6,1,2
4280,7,1,0
4280,8,1,5
4280,9,1,2
4280,10,1,3
4280,11,0,0
4280,12,0,0
4281,0,1,3
4281,1,1,2
4281,2,1,2
4281,3,0,0
4281,4,0,0
4281,5,0,0
4281,6,0,0
4281,7,0,0
4281,8,0,0
4281,9,0,0
4281,10,0,0
4281,11,0,0
4281,12,0,0
4282,0,1,6
4282,1,1,6
4282,2,1,4
4282,3,1,6
4282,4,1,3
4282,5,1,2
4282,6,1,1
4282,7,1,3
4282,8,1,2
4282,9,1,5
4282,10,1,5
4282,11,1,1
4282,12,1,2
4283,0,1,3
4283,1,1,3
4283,2,1,2
4283,3,1,2
4283,4,1,7
4283,5,1,1
4283,6,0,0
4283,7,0,0
4283,8,0,0
4283,9,0,0
4283,10,0,0
4283,11,0,0
4283,12,0,0
4284,0,1,4
4284,1,1,4
4284,2,0,0
4284,3,0,0
4284,4,0,0
4284,5,0,0
4284,6,0,0
4284,7,0,0
4284,8,0,0
4284,9,0,0
4284,10,0,0
4284,11,0,0
4284,12,0,0
4285,0,1,6
4285,1,1,5
4285,2,1,3
4285,3,1,1
4285,4,0,0
4285,5,0,0
4285,6,0,0
4285,7,0,0
4285,8,0,0
4285,9,0,0
4285,10,0,0
4285,11,0,0
4285,12,0,0
4286,0,1,6
4286,1,1,6
4286,2,0,0
4286,3,0,0
4286,4,0,0
4286,5,0,0
4286,6,0,0
4286,7,0,0
4286,8,0,0
4286,9,0,0
4286,10,0,0
4286,11,0,0
4286,12,0,0
4287,0,1,3
4287,1,1,0
4287,2,1,1
4287,3,1,2
4287,4,1,3
4287,5,0,0
4287,6,0,0
4287,7,0,0
4287,8,0,0
4287,9,0,0
4287,10,0,0
4287,11,0,0
4287,12,0,0
4288,0,1,3
4288,1,1,2
4288,2,1,0
4288,3,1,3
4288,4,0,0
4288,5,0,0
4288,6,0,0
4288,7,0,0
4288,8,0,0
4288,9,0,0
4288,10,0,0
4288,11,0,0
4288,12,0,0
4289,0,1,4
4289,1,1,3
4289,2,1,4
4289,3,1,1
4289,4,1,1
4289,5,1,4
4289,6,1,8
4289,7,1,2
4289,8,1,3
4289,9,0,0
4289,10,0,0
4289,11,0,0
4289,12,0,0
4290,0,1,2
4290,1,1,2
4290,2,1,3
4290,3,1,3
4290,4,1,1
4290,5,0,0
4290,6,0,0
4290,7,0,0
4290,8,0,0
4290,9,0,0
4290,10,0,0
4290,11,0,0
4290,12,0,0
4291,0,1,3
4291,1,1,2
4291,2,0,0
4291,3,0,0
4291,4,0,0
4291,5,0,0
4291,6,0,0
4291,7,0,0
4291,8,0,0
4291,9,0,0
4291,10,0,0
4291,11,0,0
4291,12,0,0
4292,0,1,6
4292,1,1,2
4292,2,1,3
4292,3,1,4
4292,4,1,3
4292,5,0,0
4292,6,0,0
4292,7,0,0
4292,8,0,0
4292,9,0,0
4292,10,0,0
4292,11,0,0
4292,12,0,0
4293,0,1,6
4293,1,1,2
4293,2,1,2
4293,3,1,0
4293,4,1,3
4293,5,0,0
4293,6,0,0
4293,7,0,0
4293,8,0,0
4293,9,0,0
4293,10,0,0
4293,11,0,0
4293,12,0,0
4294,0,1,9
4294,1,1,2
4294,2,0,0
4294,3,0,0
4294,4,0,0
4294,5,0,0
4294,6,0,0
4294,7,0,0
4294,8,0,0
4294,9,0,0
4294,10,0,0
4294,11,0,0
4294,12,0,0
4295,0,1,3
4295,1,1,1
4295,2,1,3
4295,3,1,1
4295,4,1,4
4295,5,1,3
4295,6,1,5
4295,7,1,0
4295,8,1,2
4295,9,1,1
4295,10,1,2
4295,11,1,1
4295,12,0,0
4296,0,1,5
4296,1,1,3
4296,2,1,3
4296,3,1,5
4296,4,1,2
4296,5,1,8
4296,6,1,1
4296,7,1,2
4296,8,1,3
4296,9,1,6
4296,10,1,2
4296,11,1,2
4296,12,1,3
4297,0,1,5
4297,1,1,2
4297,2,1,8
4297,3,1,4
4297,4,1,3
4297,5,1,4
4297,6,1,2
4297,7,1,3
4297,8,1,3
4297,9,1,1
4297,10,1,3
4297,11,1,5
4297,12,1,1
4298,0,1,6
4298,1,1,4
4298,2,1,4
4298,3,1,4
4298,4,1,5
4298,5,1,3
4298,6,1,6
4298,7,1,1
4298,8,1,5
4298,9,1,2
4298,10,1,2
4298,11,1,0
4298,12,1,6
4299,0,1,5
4299,1,1,3
4299,2,1,9
4299,3,1,2
4299,4,1,3
4299,5,1,5
4299,6,1,3
4299,7,1,4
4299,8,1,12
4299,9,1,2
4299,10,1,1
4299,11,1,3
4299,12,0,0
4300,0,1,3
4300,1,1,1
4300,2,1,3
4300,3,1,3
4300,4,1,1
4300,5,1,1
4300,6,1,3
4300,7,1,4
4300,8,1,5
4300,9,1,2
4300,10,1,1
4300,11,1,1
4300,12,1,2
4301,0,1,6
4301,1,0,0
4301,2,0,0
4301,3,0,0
4301,4,0,0
4301,5,0,0
4301,6,0,0
4301,7,0,0
4301,8,0,0
4301,9,0,0
4301,10,0,0
4301,11,0,0
4301,12,0,0
4302,0,1,4
4302,1,1,1
4302,2,1,4
4302,3,1,0
4302,4,1,5
4302,5,1,2
4302,6,1,2
4302,7,1,5
4302,8,1,6
4302,9,1,7
4302,10,1,2
4302,11,1,2
4302,12,1,2
4303,0,1,2
4303,1,1,7
4303,2,1,2
4303,3,1,3
4303,4,1,5
4303,5,1,3
4303,6,1,5
4303,7,1,5
4303,8,1,2
4303,9,1,6
4303,10,1,3
4303,11,1,3
4303,12,0,0
4304,0,1,6
4304,1,1,0
4304,2,1,4
4304,3,1,2
4304,4,0,0
4304,5,0,0
4304,6,0,0
4304,7,0,0
4304,8,0,0
4304,9,0,0
4304,10,0,0
4304,11,0,0
4304,12,0,0
4305,0,1,3
4305,1,1,4
4305,2,1,4
4305,3,0,0
4305,4,0,0
4305,5,0,0
4305,6,0,0
4305,7,0,0
4305,8,0,0
4305,9,0,0
4305,10,0,0
4305,11,0,0
4305,12,0,0
4306,0,1,4
4306,1,1,1
4306,2,1,3
4306,3,1,2
4306,4,1,3
4306,5,1,6
4306,6,1,3
4306,7,1,2
4306,8,1,5
4306,9,1,4
4306,10,1,6
4306,11,1,2
4306,12,1,11
4307,0,1,2
4307,1,1,3
4307,2,1,3
4307,3,1,5
4307,4,1,5
4307,5,0,0
4307,6,0,0
4307,7,0,0
4307,8,0,0
4307,9,0,0
4307,10,0,0
4307,11,0,0
4307,12,0,0
4308,0,1,7
4308,1,1,0
4308,2,1,1
4308,3,1,6
4308,4,1,3
4308,5,1,1
4308,6,1,4
4308,7,1,1
4308,8,0,0
4308,9,0,0
4308,10,0,0
4308,11,0,0
4308,12,0,0
4309,0,1,9
4309,1,1,5
4309,2,1,4
4309,3,1,5
4309,4,1,5
4309,5,1,5
4309,6,1,3
4309,7,1,5
4309,8,1,3
4309,9,1,5
4309,10,1,2
4309,11,1,3
4309,12,1,2
4310,0,1,7
4310,1,1,5
4310,2,1,4
4310,3,1,4
4310,4,1,9
4310,5,1,1
4310,6,1,3
4310,7,1,5
4310,8,1,1
4310,9,1,2
4310,10,1,3
4310,11,1,3
4310,12,1,4
4311,0,1,4
4311,1,1,4
4311,2,1,2
4311,3,1,3
4311,4,1,3
4311,5,1,3
4311,6,1,5
4311,7,1,5
4311,8,1,2
4311,9,1,2
4311,10,1,0
4311,11,1,3
4311,12,1,5
4312,0,1,3
4312,1,1,1
4312,2,1,0
4312,3,1,3
4312,4,1,2
4312,5,1,2
4312,6,1,3
4312,7,1,3
4312,8,1,1
4312,9,1,1
4312,10,1,5
4312,11,0,0
4312,12,0,0
4313,0,1,5
4313,1,1,2
4313,2,1,1
4313,3,1,7
4313,4,1,1
4313,5,1,2
4313,6,1,1
4313,7,1,5
4313,8,1,2
4313,9,1,5
4313,10,1,6
4313,11,1,6
4313,12,1,4
4314,0,1,4
4314,1,1,3
4314,2,1,4
4314,3,1,3
4314,4,1,2
4314,5,1,3
4314,6,1,2
4314,7,1,3
4314,8,1,4
4314,9,1,5
4314,10,0,0
4314,11,0,0
4314,12,0,0
4315,0,1,3
4315,1,1,7
4315,2,0,0
4315,3,0,0
4315,4,0,0
4315,5,0,0
4315,6,0,0
4315,7,0,0
4315,8,0,0
4315,9,0,0
4315,10,0,0
4315,11,0,0
4315,12,0,0
4316,0,1,4
4316,1,1,2
4316,2,1,3
4316,3,1,5
4316,4,1,2
4316,5,1,2
4316,6,0,0
4316,7,0,0
4316,8,0,0
4316,9,0,0
4316,10,0,0
4316,11,0,0
4316,12,0,0
4317,0,1,3
4317,1,1,1
4317,2,1,3
4317,3,1,5
4317,4,1,2
4317,5,1,2
4317,6,1,2
4317,7,1,3
4317,8,1,5
4317,9,1,4
4317,10,1,1
4317,11,1,6
4317,12,1,6
4318,0,1,8
4318,1,1,3
4318,2,1,3
4318,3,1,4
4318,4,1,9
4318,5,0,0
4318,6,0,0
4318,7,0,0
4318,8,0,0
4318,9,0,0
4318,10,0,0
4318,11,0,0
4318,12,0,0
4319,0,1,5
4319,1,1,2
4319,2,0,0
4319,3,0,0
4319,4,0,0
4319,5,0,0
4319,6,0,0
4319,7,0,0
4319,8,0,0
4319,9,0,0
4319,10,0,0
4319,11,0,0
4319,12,0,0
4320,0,1,4
4320,1,1,2
4320,2,1,7
4320,3,1,7
4320,4,1,6
4320,5,1,4
4320,6,1,4
4320,7,1,4
4320,8,0,0
4320,9,0,0
4320,10,0,0
4320,11,0,0
4320,12,0,0
4321,0,1,3
4321,1,1,11
4321,2,1,5
4321,3,1,2
4321,4,1,6
4321,5,1,2
4321,6,1,7
4321,7,0,0
4321,8,0,0
4321,9,0,0
4321,10,0,0
4321,11,0,0
4321,12,0,0
4322,0,1,7
4322,1,1,5
4322,2,1,5
4322,3,0,0
4322,4,0,0
4322,5,0,0
4322,6,0,0
4322,7,0,0
4322,8,0,0
4322,9,0,0
4322,10,0,0
4322,11,0,0
4322,12,0,0
4323,0,1,11
4323,1,1,1
4323,2,1,4
4323,3,1,3
4323,4,1,2
4323,5,1,4
4323,6,1,1
4323,7,1,2
4323,8,1,0
4323,9,1,2
4323,10,1,5
4323,11,1,0
4323,12,1,1
4324,0,1,4
4324,1,1,1
4324,2,1,4
4324,3,1,3
4324,4,1,1
4324,5,1,5
4324,6,0,0
4324,7,0,0
4324,8,0,0
4324,9,0,0
4324,10,0,0
4324,11,0,0
4324,12,0,0
4325,0,1,6
4325,1,1,1
4325,2,1,2
4325,3,1,4
4325,4,1,2
4325,5,0,0
4325,6,0,0
4325,7,0,0
4325,8,0,0
4325,9,0,0
4325,10,0,0
4325,11,0,0
4325,12,0,0
4326,0,1,3
4326,1,1,3
4326,2,1,6
4326,3,1,2
4326,4,1,5
4326,5,0,0
4326,6,0,0
4326,7,0,0
4326,8,0,0
4326,9,0,0
4326,10,0,0
4326,11,0,0
4326,12,0,0
4327,0,1,11
4327,1,1,4
4327,2,1,2
4327,3,0,0
4327,4,0,0
4327,5,0,0
4327,6,0,0
4327,7,0,0
4327,8,0,0
4327,9,0,0
4327,10,0,0
4327,11,0,0
4327,12,0,0
4328,0,1,2
4328,1,1,2
4328,2,1,2
4328,3,1,4
4328,4,1,5
4328,5,1,3
4328,6,1,3
4328,7,1,5
4328,8,1,6
4328,9,1,3
4328,10,1,1
4328,11,1,1
4328,12,1,4
4329,0,1,7
4329,1,1,4
4329,2,1,4
4329,3,1,2
4329,4,1,3
4329,5,1,1
4329,6,1,0
4329,7,1,4
4329,8,1,1
4329,9,1,3
4329,10,1,1
4329,11,1,5
4329,12,1,6
4330,0,1,4
4330,1,1,3
4330,2,1,4
4330,3,1,3
4330,4,1,3
4330,5,1,1
4330,6,1,4
4330,7,1,1
4330,8,1,3
4330,9,1,3
4330,10,1,1
4330,11,1,2
4330,12,1,3
4331,0,1,6
4331,1,1,5
4331,2,1,3
4331,3,1,3
4331,4,1,6
4331,5,1,4
4331,6,1,3
4331,7,0,0
4331,8,0,0
4331,9,0,0
4331,10,0,0
4331,11,0,0
4331,12,0,0
4332,0,1,4
4332,1,1,4
4332,2,1,1
4332,3,0,0
4332,4,0,0
4332,5,0,0
4332,6,0,0
4332,7,0,0
4332,8,0,0
4332,9,0,0
4332,10,0,0
4332,11,0,0
4332,12,0,0
4333,0,1,3
4333,1,0,0
4333,2,0,0
4333,3,0,0
4333,4,0,0
4333,5,0,0
4333,6,0,0
4333,7,0,0
4333,8,0,0
4333,9,0,0
4333,10,0,0
4333,11,0,0
4333,12,0,0
4334,0,1,6
4334,1,1,2
4334,2,1,4
4334,3,1,0
4334,4,1,4
4334,5,1,0
4334,6,1,2
4334,7,0,0
4334,8,0,0
4334,9,0,0
4334,10,0,0
4334,11,0,0
4334,12,0,0
4335,0,1,5
4335,1,0,0
4335,2,0,0
4335,3,0,0
4335,4,0,0
4335,5,0,0
4335,6,0,0
4335,7,0,0
4335,8,0,0
4335,9,0,0
4335,10,0,0
4335,11,0,0
4335,12,0,0
4336,0,1,4
4336,1,1,2
4336,2,1,3
4336,3,1,0
4336,4,1,2
4336,5,1,5
4336,6,1,1
4336,7,1,3
4336,8,1,2
4336,9,1,1
4336,10,1,2
4336,11,1,2
4336,12,1,1
4337,0,1,5
4337,1,0,0
4337,2,0,0
4337,3,0,0
4337,4,0,0
4337,5,0,0
4337,6,0,0
4337,7,0,0
4337,8,0,0
4337,9,0,0
4337,10,0,0
4337,11,0,0
4337,12,0,0
4338,0,1,5
4338,1,1,4
4338,2,1,3
4338,3,1,5
4338,4,1,2
4338,5,1,4
4338,6,1,9
4338,7,1,3
4338,8,1,5
4338,9,0,0
4338,10,0,0
4338,11,0,0
4338,12,0,0
4339,0,1,3
4339,1,1,2
4339,2,1,4
4339,3,1,4
4339,4,1,1
4339,5,1,1
4339,6,1,4
4339,7,0,0
4339,8,0,0
4339,9,0,0
4339,10,0,0
4339,11,0,0
4339,12,0,0
4340,0,1,5
4340,1,1,0
4340,2,1,3
4340,3,1,1
4340,4,1,3
4340,5,1,2
4340,6,1,1
4340,7,1,2
4340,8,1,3
4340,9,1,1
4340,10,1,1
4340,11,1,2
4340,12,1,1
4341,0,1,4
4341,1,1,5
4341,2,1,3
4341,3,0,0
4341,4,0,0
4341,5,0,0
4341,6,0,0
4341,7,0,0
4341,8,0,0
4341,9,0,0
4341,10,0,0
4341,11,0,0
4341,12,0,0
4342,0,1,9
4342,1,1,2
4342,2,1,1
4342,3,1,2
4342,4,1,3
4342,5,1,3
4342,6,1,4
4342,7,0,0
4342,8,0,0
4342,9,0,0
4342,10,0,0
4342,11,0,0
4342,12,0,0
4343,0,1,9
4343,1,1,4
4343,2,1,2
4343,3,1,2
4343,4,1,4
4343,5,1,1
4343,6,1,3
4343,7,1,4
4343,8,1,2
4343,9,1,6
4343,10,1,2
4343,11,1,2
4343,12,1,2
4344,0,1,5
4344,1,1,1
4344,2,1,3
4344,3,1,0
4344,4,1,5
4344,5,1,3
4344,6,1,1
4344,7,1,3
4344,8,1,4
4344,9,1,5
4344,10,1,5
4344,11,1,1
4344,12,1,5
4345,0,1,9
4345,1,1,5
4345,2,1,1
4345,3,1,2
4345,4,1,2
4345,5,1,2
4345,6,1,1
4345,7,1,1
4345,8,1,2
4345,9,1,1
4345,10,1,6
4345,11,1,2
4345,12,1,1
4346,0,1,4
4346,1,1,2
4346,2,1,2
4346,3,0,0
4346,4,0,0
4346,5,0,0
4346,6,0,0
4346,7,0,0
4346,8,0,0
4346,9,0,0
4346,10,0,0
4346,11,0,0
4346,12,0,0
4347,0,1,5
4347,1,1,2
4347,2,1,2
4347,3,1,2
4347,4,1,1
4347,5,1,2
4347,6,1,2
4347,7,1,2
4347,8,1,1
4347,9,1,3
4347,10,1,0
4347,11,1,2
4347,12,1,1
4348,0,1,10
4348,1,1,1
4348,2,1,4
4348,3,1,6
4348,4,1,1
4348,5,1,3
4348,6,1,4
4348,7,1,2
4348,8,1,1
4348,9,1,5
4348,10,0,0
4348,11,0,0
4348,12,0,0
4349,0,1,3
4349,1,1,2
4349,2,1,3
4349,3,1,5
4349,4,1,7
4349,5,0,0
4349,6,0,0
4349,7,0,0
4349,8,0,0
4349,9,0,0
4349,10,0,0
4349,11,0,0
4349,12,0,0
4350,0,1,1
4350,1,1,3
4350,2,1,3
4350,3,1,2
4350,4,1,2
4350,5,1,2
4350,6,1,3
4350,7,1,3
4350,8,1,1
4350,9,1,5
4350,10,1,1
4350,11,1,2
4350,12,1,3
4351,0,1,6
4351,1,1,3
4351,2,1,5
4351,3,1,2
4351,4,1,2
4351,5,1,1
4351,6,1,6
4351,7,1,5
4351,8,1,7
4351,9,1,1
4351,10,1,3
4351,11,1,2
4351,12,1,6
4352,0,1,7
4352,1,1,4
4352,2,1,3
4352,3,1,2
4352,4,1,2
4352,5,1,4
4352,6,1,5
4352,7,1,3
4352,8,1,1
4352,9,1,4
4352,10,1,5
4352,11,1,2
4352,12,1,4
4353,0,1,7
4353,1,1,0
4353,2,1,3
4353,3,1,6
4353,4,1,2
4353,5,1,4
4353,6,1,4
4353,7,1,1
4353,8,1,2
4353,9,1,3
4353,10,1,5
4353,11,1,3
4353,12,1,5
4354,0,1,6
4354,1,1,2
4354,2,0,0
4354,3,0,0
4354,4,0,0
4354,5,0,0
4354,6,0,0
4354,7,0,0
4354,8,0,0
4354,9,0,0
4354,10,0,0
4354,11,0,0
4354,12,0,0
4355,0,1,3
4355,1,1,6
4355,2,1,1
4355,3,1,5
4355,4,1,4
4355,5,1,3
4355,6,1,5
4355,7,1,3
4355,8,1,2
4355,9,1,5
4355,10,1,2
4355,11,1,2
4355,12,1,3
4356,0,1,3
4356,1,1,3
4356,2,1,0
4356,3,1,0
4356,4,1,0
4356,5,1,3
4356,6,1,2
4356,7,1,1
4356,8,1,3
4356,9,1,2
4356,10,1,0
4356,11,1,0
4356,12,1,0
4357,0,1,7
4357,1,1,2
4357,2,1,3
4357,3,1,1
4357,4,1,2
4357,5,1,2
4357,6,1,6
4357,7,1,3
4357,8,1,4
4357,9,1,2
4357,10,1,3
4357,11,1,6
4357,12,1,2
4358,0,1,7
4358,1,1,4
4358,2,1,3
4358,3,1,5
4358,4,1,4
4358,5,1,4
4358,6,1,2
4358,7,1,6
4358,8,1,5
4358,9,1,5
4358,10,1,4
4358,11,1,6
4358,12,1,1
4359,0,1,6
4359,1,0,0
4359,2,0,0
4359,3,0,0
4359,4,0,0
4359,5,0,0
4359,6,0,0
4359,7,0,0
4359,8,0,0
4359,9,0,0
4359,10,0,0
4359,11,0,0
4359,12,0,0
4360,0,1,3
4360,1,1,1
4360,2,1,7
4360,3,1,1
4360,4,1,3
4360,5,1,2
4360,6,1,5
4360,7,1,5
4360,8,1,3
4360,9,1,3
4360,10,1,3
4360,11,1,2
4360,12,1,6
4361,0,1,6
4361,1,1,2
4361,2,1,4
4361,3,1,2
4361,4,1,4
4361,5,1,1
4361,6,1,4
4361,7,1,0
4361,8,1,2
4361,9,0,0
4361,10,0,0
4361,11,0,0
4361,12,0,0
4362,0,1,5
4362,1,1,1
4362,2,1,2
4362,3,1,5
4362,4,1,5
4362,5,1,4
4362,6,1,7
4362,7,1,4
4362,8,1,6
4362,9,1,4
4362,10,1,1
4362,11,1,4
4362,12,1,3
4363,0,1,6
4363,1,1,1
4363,2,1,1
4363,3,1,2
4363,4,0,0
4363,5,0,0
4363,6,0,0
4363,7,0,0
4363,8,0,0
4363,9,0,0
4363,10,0,0
4363,11,0,0
4363,12,0,0
4364,0,1,8
4364,1,1,1
4364,2,1,4
4364,3,0,0
4364,4,0,0
4364,5,0,0
4364,6,0,0
4364,7,0,0
4364,8,0,0
4364,9,0,0
4364,10,0,0
4364,11,0,0
4364,12,0,0
4365,0,1,5
4365,1,1,4
4365,2,1,4
4365,3,1,0
4365,4,1,2
4365,5,1,4
4365,6,1,4
4365,7,1,7
4365,8,0,0
4365,9,0,0
4365,10,0,0
4365,11,0,0
4365,12,0,0
4366,0,1,7
4366,1,1,4
4366,2,1,4
4366,3,1,2
4366,4,1,1
4366,5,1,4
4366,6,1,1
4366,7,1,5
4366,8,1,4
4366,9,1,3
4366,10,1,2
4366,11,1,2
4366,12,1,2
4367,0,1,4
4367,1,1,7
4367,2,1,6
4367,3,1,3
4367,4,1,1
4367,5,1,6
4367,6,1,3
4367,7,0,0
4367,8,0,0
4367,9,0,0
4367,10,0,0
4367,11,0,0
4367,12,0,0
4368,0,1,5
4368,1,1,5
4368,2,1,4
4368,3,1,2
4368,4,1,9
4368,5,1,4
4368,6,1,1
4368,7,1,7
4368,8,1,2
4368,9,0,0
4368,10,0,0
4368,11,0,0
4368,12,0,0
4369,0,1,7
4369,1,1,4
4369,2,1,2
4369,3,1,1
4369,4,1,1
4369,5,1,1
4369,6,1,2
4369,7,1,2
4369,8,1,2
4369,9,1,3
4369,10,1,2
4369,11,1,1
4369,12,1,1
4370,0,1,7
4370,1,1,1
4370,2,1,2
4370,3,1,3
4370,4,1,2
4370,5,1,0
4370,6,0,0
4370,7,0,0
4370,8,0,0
4370,9,0,0
4370,10,0,0
4370,11,0,0
4370,12,0,0
4371,0,1,7
4371,1,1,2
4371,2,1,5
4371,3,1,2
4371,4,1,6
4371,5,1,3
4371,6,1,5
4371,7,1,3
4371,8,1,2
4371,9,1,2
4371,10,1,0
4371,11,1,4
4371,12,1,3
4372,0,1,11
4372,1,1,7
4372,2,1,3
4372,3,1,2
4372,4,1,2
4372,5,1,4
4372,6,1,3
4372,7,0,0
4372,8,0,0
4372,9,0,0
4372,10,0,0
4372,11,0,0
4372,12,0,0
4373,0,1,7
4373,1,0,0
4373,2,0,0
4373,3,0,0
4373,4,0,0
4373,5,0,0
4373,6,0,0
4373,7,0,0
4373,8,0,0
4373,9,0,0
4373,10,0,0
4373,11,0,0
4373,12,0,0
4374,0,1,4
4374,1,1,2
4374,2,1,5
4374,3,1,7
4374,4,0,0
4374,5,0,0
4374,6,0,0
4374,7,0,0
4374,8,0,0
4374,9,0,0
4374,10,0,0
4374,11,0,0
4374,12,0,0
4375,0,1,6
4375,1,1,1
4375,2,1,2
4375,3,1,2
4375,4,1,1
4375,5,1,1
4375,6,1,3
4375,7,1,1
4375,8,0,0
4375,9,0,0
4375,10,0,0
4375,11,0,0
4375,12,0,0
4376,0,1,7
4376,1,1,1
4376,2,1,4
4376,3,1,3
4376,4,1,3
4376,5,0,0
4376,6,0,0
4376,7,0,0
4376,8,0,0
4376,9,0,0
4376,10,0,0
4376,11,0,0
4376,12,0,0
4377,0,1,7
4377,1,1,5
4377,2,1,1
4377,3,1,0
4377,4,1,3
4377,5,1,2
4377,6,1,2
4377,7,1,3
4377,8,0,0
4377,9,0,0
4377,10,0,0
4377,11,0,0
4377,12,0,0
4378,0,1,3
4378,1,1,3
4378,2,0,0
4378,3,0,0
4378,4,0,0
4378,5,0,0
4378,6,0,0
4378,7,0,0
4378,8,0,0
4378,9,0,0
4378,10,0,0
4378,11,0,0
4378,12,0,0
4379,0,1,7
4379,1,1,4
4379,2,1,2
4379,3,1,4
4379,4,1,5
4379,5,1,3
4379,6,1,3
4379,7,1,1
4379,8,1,2
4379,9,1,5
4379,10,1,8
4379,11,1,2
4379,12,1,5
4380,0,1,3
4380,1,1,4
4380,2,1,3
4380,3,1,3
4380,4,0,0
4380,5,0,0
4380,6,0,0
4380,7,0,0
4380,8,0,0
4380,9,0,0
4380,10,0,0
4380,11,0,0
4380,12,0,0
4381,0,1,6
4381,1,1,3
4381,2,1,1
4381,3,1,0
4381,4,1,1
4381,5,1,3
4381,6,1,2
4381,7,1,2
4381,8,1,3
4381,9,1,1
4381,10,1,2
4381,11,1,2
4381,12,1,4
4382,0,1,7
4382,1,1,2
4382,2,1,3
4382,3,1,0
4382,4,0,0
4382,5,0,0
4382,6,0,0
4382,7,0,0
4382,8,0,0
4382,9,0,0
4382,10,0,0
4382,11,0,0
4382,12,0,0
4383,0,1,5
4383,1,1,1
4383,2,1,1
4383,3,1,0
4383,4,1,2
4383,5,1,1
4383,6,1,3
4383,7,1,1
4383,8,1,3
4383,9,1,2
4383,10,1,3
4383,11,0,0
4383,12,0,0
4384,0,1,9
4384,1,1,6
4384,2,0,0
4384,3,0,0
4384,4,0,0
4384,5,0,0
4384,6,0,0
4384,7,0,0
4384,8,0,0
4384,9,0,0
4384,10,0,0
4384,11,0,0
4384,12,0,0
4385,0,1,4
4385,1,1,3
4385,2,0,0
4385,3,0,0
4385,4,0,0
4385,5,0,0
4385,6,0,0
4385,7,0,0
4385,8,0,0
4385,9,0,0
4385,10,0,0
4385,11,0,0
4385,12,0,0
4386,0,1,8
4386,1,1,5
4386,2,1,3
4386,3,1,5
4386,4,1,4
4386,5,1,4
4386,6,1,2
4386,7,1,3
4386,8,1,3
4386,9,1,3
4386,10,1,2
4386,11,1,0
4386,12,1,4
4387,0,1,5
4387,1,0,0
4387,2,0,0
4387,3,0,0
4387,4,0,0
4387,5,0,0
4387,6,0,0
4387,7,0,0
4387,8,0,0
4387,9,0,0
4387,10,0,0
4387,11,0,0
4387,12,0,0
4388,0,1,5
4388,1,1,7
4388,2,1,2
4388,3,1,1
4388,4,1,2
4388,5,1,2
4388,6,1,1
4388,7,1,2
4388,8,1,2
4388,9,1,2
4388,10,1,0
4388,11,0,0
4388,12,0,0
4389,0,1,5
4389,1,1,4
4389,2,0,0
4389,3,0,0
4389,4,0,0
4389,5,0,0
4389,6,0,0
4389,7,0,0
4389,8,0,0
4389,9,0,0
4389,10,0,0
4389,11,0,0
4389,12,0,0
4390,0,1,9
4390,1,1,0
4390,2,1,4
4390,3,1,3
4390,4,1,3
4390,5,1,3
4390,6,1,2
4390,7,1,3
4390,8,1,3
4390,9,1,2
4390,10,1,2
4390,11,1,4
4390,12,1,3
4391,0,1,6
4391,1,1,5
4391,2,1,0
4391,3,1,3
4391,4,1,1
4391,5,1,4
4391,6,1,2
4391,7,0,0
4391,8,0,0
4391,9,0,0
4391,10,0,0
4391,11,0,0
4391,12,0,0
4392,0,1,7
4392,1,1,11
4392,2,1,8
4392,3,0,0
4392,4,0,0
4392,5,0,0
4392,6,0,0
4392,7,0,0
4392,8,0,0
4392,9,0,0
4392,10,0,0
4392,11,0,0
4392,12,0,0
4393,0,1,11
4393,1,1,0
4393,2,1,1
4393,3,1,2
4393,4,1,1
4393,5,1,4
4393,6,1,7
4393,7,1,1
4393,8,1,1
4393,9,1,1
4393,10,1,0
4393,11,1,2
4393,12,1,2
4394,0,1,5
4394,1,1,3
4394,2,1,5
4394,3,1,3
4394,4,1,4
4394,5,1,5
4394,6,1,3
4394,7,1,0
4394,8,1,2
4394,9,1,2
4394,10,1,4
4394,11,1,6
4394,12,1,0
4395,0,1,5
4395,1,1,4
4395,2,1,3
4395,3,0,0
4395,4,0,0
4395,5,0,0
4395,6,0,0
4395,7,0,0
4395,8,0,0
4395,9,0,0
4395,10,0,0
4395,11,0,0
4395,12,0,0
4396,0,1,3
4396,1,1,3
4396,2,1,1
4396,3,1,2
4396,4,1,2
4396,5,1,2
4396,6,1,0
4396,7,1,4
4396,8,1,1
4396,9,1,6
4396,10,0,0
4396,11,0,0
4396,12,0,0
4397,0,1,6
4397,1,1,1
4397,2,1,4
4397,3,1,3
4397,4,1,2
4397,5,1,2
4397,6,1,2
4397,7,1,2
4397,8,1,1
4397,9,1,5
4397,10,1,2
4397,11,1,1
4397,12,0,0
4398,0,1,4
4398,1,1,4
4398,2,1,6
4398,3,0,0
4398,4,0,0
4398,5,0,0
4398,6,0,0
4398,7,0,0
4398,8,0,0
4398,9,0,0
4398,10,0,0
4398,11,0,0
4398,12,0,0
4399,0,1,7
4399,1,1,3
4399,2,1,5
4399,3,1,4
4399,4,0,0
4399,5,0,0
4399,6,0,0
4399,7,0,0
4399,8,0,0
4399,9,0,0
4399,10,0,0
4399,11,0,0
4399,12,0,0
4400,0,1,6
4400,1,1,2
4400,2,1,1
4400,3,1,5
4400,4,1,2
4400,5,1,1
4400,6,1,1
4400,7,1,2
4400,8,1,4
4400,9,0,0
4400,10,0,0
4400,11,0,0
4400,12,0,0
4401,0,1,5
4401,1,1,3
4401,2,1,4
4401,3,1,3
4401,4,1,3
4401,5,1,2
4401,6,0,0
4401,7,0,0
4401,8,0,0
4401,9,0,0
4401,10,0,0
4401,11,0,0
4401,12,0,0
4402,0,1,6
4402,1,1,3
4402,2,1,1
4402,3,1,1
4402,4,1,2
4402,5,1,3
4402,6,0,0
4402,7,0,0
4402,8,0,0
4402,9,0,0
4402,10,0,0
4402,11,0,0
4402,12,0,0
4403,0,1,3
4403,1,1,3
4403,2,0,0
4403,3,0,0
4403,4,0,0
4403,5,0,0
4403,6,0,0
4403,7,0,0
4403,8,0,0
4403,9,0,0
4403,10,0,0
4403,11,0,0
4403,12,0,0
4404,0,1,9
4404,1,1,2
4404,2,1,6
4404,3,1,4
4404,4,0,0
4404,5,0,0
4404,6,0,0
4404,7,0,0
4404,8,0,0
4404,9,0,0
4404,10,0,0
4404,11,0,0
4404,12,0,0
4405,0,1,5
4405,1,1,4
4405,2,1,6
4405,3,0,0
4405,4,0,0
4405,5,0,0
4405,6,0,0
4405,7,0,0
4405,8,0,0
4405,9,0,0
4405,10,0,0
4405,11,0,0
4405,12,0,0
4406,0,1,5
4406,1,1,6
4406,2,1,3
4406,3,1,5
4406,4,1,1
4406,5,1,7
4406,6,1,2
4406,7,1,5
4406,8,1,3
4406,9,1,7
4406,10,1,2
4406,11,1,2
4406,12,1,4
4407,0,1,5
4407,1,1,6
4407,2,1,3
4407,3,1,1
4407,4,1,2
4407,5,1,4
4407,6,1,3
4407,7,1,6
4407,8,1,3
4407,9,1,4
4407,10,1,4
4407,11,0,0
4407,12,0,0
4408,0,1,3
4408,1,1,4
4408,2,1,5
4408,3,1,5
4408,4,1,4
4408,5,1,2
4408,6,1,6
4408,7,1,9
4408,8,1,1
4408,9,1,4
4408,10,1,4
4408,11,1,3
4408,12,1,2
4409,0,1,3
4409,1,1,5
4409,2,1,2
4409,3,1,2
4409,4,0,0
4409,5,0,0
4409,6,0,0
4409,7,0,0
4409,8,0,0
4409,9,0,0
4409,10,0,0
4409,11,0,0
4409,12,0,0
4410,0,1,9
4410,1,1,2
4410,2,1,0
4410,3,1,2
4410,4,1,3
4410,5,1,2
4410,6,1,1
4410,7,1,2
4410,8,1,3
4410,9,1,5
4410,10,1,2
4410,11,1,4
4410,12,1,3
4411,0,1,5
4411,1,1,3
4411,2,1,6
4411,3,1,3
4411,4,1,4
4411,5,0,0
4411,6,0,0
4411,7,0,0
4411,8,0,0
4411,9,0,0
4411,10,0,0
4411,11,0,0
4411,12,0,0
4412,0,1,4
4412,1,1,4
4412,2,1,4
4412,3,1,2
4412,4,1,6
4412,5,1,7
4412,6,1,3
4412,7,1,6
4412,8,1,3
4412,9,1,3
4412,10,1,2
4412,11,1,1
4412,12,0,0
4413,0,1,5
4413,1,1,2
4413,2,1,4
4413,3,1,1
4413,4,1,3
4413,5,1,2
4413,6,1,0
4413,7,1,4
4413,8,1,2
4413,9,1,0
4413,10,1,2
4413,11,1,2
4413,12,1,2
4414,0,1,5
4414,1,1,4
4414,2,1,2
4414,3,1,4
4414,4,1,1
4414,5,1,4
4414,6,1,3
4414,7,0,0
4414,8,0,0
4414,9,0,0
4414,10,0,0
4414,11,0,0
4414,12,0,0
4415,0,1,9
4415,1,1,3
4415,2,0,0
4415,3,0,0
4415,4,0,0
4415,5,0,0
4415,6,0,0
4415,7,0,0
4415,8,0,0
4415,9,0,0
4415,10,0,0
4415,11,0,0
4415,12,0,0
4416,0,1,5
4416,1,1,4
4416,2,1,3
4416,3,0,0
4416,4,0,0
4416,5,0,0
4416,6,0,0
4416,7,0,0
4416,8,0,0
4416,9,0,0
4416,10,0,0
4416,11,0,0
4416,12,0,0
4417,0,1,4
4417,1,1,1
4417,2,1,4
4417,3,1,2
4417,4,1,3
4417,5,1,6
4417,6,0,0
4417,7,0,0
4417,8,0,0
4417,9,0,0
4417,10,0,0
4417,11,0,0
4417,12,0,0
4418,0,1,4
4418,1,1,3
4418,2,0,0
4418,3,0,0
4418,4,0,0
4418,5,0,0
4418,6,0,0
4418,7,0,0
4418,8,0,0
4418,9,0,0
4418,10,0,0
4418,11,0,0
4418,12,0,0
4419,0,1,5
4419,1,1,2
4419,2,1,2
4419,3,0,0
4419,4,0,0
4419,5,0,0
4419,6,0,0
4419,7,0,0
4419,8,0,0
4419,9,0,0
4419,10,0,0
4419,11,0,0
4419,12,0,0
4420,0,1,4
4420,1,1,6
4420,2,1,7
4420,3,1,5
4420,4,1,2
4420,5,1,2
4420,6,1,1
4420,7,1,2
4420,8,1,5
4420,9,1,6
4420,10,1,2
4420,11,1,3
4420,12,1,3
4421,0,1,6
4421,1,1,3
4421,2,1,4
4421,3,1,5
4421,4,1,4
4421,5,1,6
4421,6,1,7
4421,7,1,3
4421,8,1,5
4421,9,1,4
4421,10,1,3
4421,11,1,4
4421,12,1,4
4422,0,1,6
4422,1,1,2
4422,2,0,0
4422,3,0,0
4422,4,0,0
4422,5,0,0
4422,6,0,0
4422,7,0,0
4422,8,0,0
4422,9,0,0
4422,10,0,0
4422,11,0,0
4422,12,0,0
4423,0,1,3
4423,1,1,2
4423,2,1,2
4423,3,1,3
4423,4,1,2
4423,5,1,4
4423,6,1,3
4423,7,1,3
4423,8,1,1
4423,9,0,0
4423,10,0,0
4423,11,0,0
4423,12,0,0
4424,0,1,6
4424,1,1,4
4424,2,1,3
4424,3,1,7
4424,4,1,4
4424,5,1,3
4424,6,1,3
4424,7,1,4
4424,8,1,4
4424,9,1,3
4424,10,1,5
4424,11,1,2
4424,12,1,1
4425,0,1,4
4425,1,1,0
4425,2,1,5
4425,3,1,2
4425,4,1,2
4425,5,1,1
4425,6,1,2
4425,7,1,3
4425,8,1,2
4425,9,1,6
4425,10,1,0
4425,11,1,1
4425,12,1,3
4426,0,1,5
4426,1,1,0
4426,2,1,1
4426,3,1,2
4426,4,1,2
4426,5,0,0
4426,6,0,0
4426,7,0,0
4426,8,0,0
4426,9,0,0
4426,10,0,0
4426,11,0,0
4426,12,0,0
4427,0,1,5
4427,1,1,3
4427,2,1,4
4427,3,1,4
4427,4,1,1
4427,5,1,1
4427,6,1,1
4427,7,1,2
4427,8,1,3
4427,9,1,4
4427,10,1,2
4427,11,1,1
4427,12,1,2
4428,0,1,4
4428,1,1,2
4428,2,1,2
4428,3,1,3
4428,4,1,3
4428,5,1,3
4428,6,1,2
4428,7,1,1
4428,8,1,0
4428,9,1,2
4428,10,1,3
4428,11,1,0
4428,12,1,2
4429,0,1,7
4429,1,1,5
4429,2,1,3
4429,3,1,7
4429,4,1,4
4429,5,1,5
4429,6,1,1
4429,7,1,4
4429,8,1,1
4429,9,1,5
4429,10,0,0
4429,11,0,0
4429,12,0,0
4430,0,1,5
4430,1,1,3
4430,2,1,1
4430,3,1,1
4430,4,1,3
4430,5,1,4
4430,6,1,5
4430,7,0,0
4430,8,0,0
4430,9,0,0
4430,10,0,0
4430,11,0,0
4430,12,0,0
4431,0,1,6
4431,1,1,1
4431,2,1,3
4431,3,1,3
4431,4,1,9
4431,5,1,3
4431,6,1,3
4431,7,1,4
4431,8,1,3
4431,9,1,4
4431,10,1,6
4431,11,1,5
4431,12,1,2
4432,0,1,9
4432,1,0,0
4432,2,0,0
4432,3,0,0
4432,4,0,0
4432,5,0,0
4432,6,0,0
4432,7,0,0
4432,8,0,0
4432,9,0,0
4432,10,0,0
4432,11,0,0
4432,12,0,0
4433,0,1,6
4433,1,1,1
4433,2,1,2
4433,3,1,1
4433,4,1,5
4433,5,1,3
4433,6,1,3
4433,7,1,3
4433,8,1,3
4433,9,1,2
4433,10,1,4
4433,11,1,0
4433,12,1,3
4434,0,1,8
4434,1,0,0
4434,2,0,0
4434,3,0,0
4434,4,0,0
4434,5,0,0
4434,6,0,0
4434,7,0,0
4434,8,0,0
4434,9,0,0
4434,10,0,0
4434,11,0,0
4434,12,0,0
4435,0,1,6
4435,1,1,1
4435,2,1,1
4435,3,1,1
4435,4,1,1
4435,5,1,4
4435,6,1,2
4435,7,1,2
4435,8,1,3
4435,9,1,2
4435,10,1,3
4435,11,1,3
4435,12,1,2
4436,0,1,5
4436,1,1,2
4436,2,1,4
4436,3,1,2
4436,4,1,7
4436,5,1,2
4436,6,1,7
4436,7,1,4
4436,8,1,2
4436,9,1,2
4436,10,1,0
4436,11,1,3
4436,12,1,2
4437,0,1,4
4437,1,1,3
4437,2,1,3
4437,3,1,3
4437,4,1,2
4437,5,1,2
4437,6,1,5
4437,7,1,2
4437,8,1,3
4437,9,1,0
4437,10,1,1
4437,11,1,3
4437,12,1,3
4438,0,1,7
4438,1,1,1
4438,2,1,0
4438,3,1,4
4438,4,1,2
4438,5,1,2
4438,6,1,4
4438,7,1,1
4438,8,1,4
4438,9,1,6
4438,10,1,3
4438,11,1,2
4438,12,1,4
4439,0,1,2
4439,1,1,2
4439,2,1,2
4439,3,1,3
4439,4,0,0
4439,5,0,0
4439,6,0,0
4439,7,0,0
4439,8,0,0
4439,9,0,0
4439,10,0,0
4439,11,0,0
4439,12,0,0
4440,0,1,7
4440,1,1,5
4440,2,1,1
4440,3,1,2
4440,4,1,2
4440,5,0,0
4440,6,0,0
4440,7,0,0
4440,8,0,0
4440,9,0,0
4440,10,0,0
4440,11,0,0
4440,12,0,0
4441,0,1,5
4441,1,0,0
4441,2,0,0
4441,3,0,0
4441,4,0,0
4441,5,0,0
4441,6,0,0
4441,7,0,0
4441,8,0,0
4441,9,0,0
4441,10,0,0
4441,11,0,0
4441,12,0,0
4442,0,1,4
4442,1,1,1
4442,2,1,2
4442,3,1,2
4442,4,1,3
4442,5,1,3
4442,6,1,1
4442,7,0,0
4442,8,0,0
4442,9,0,0
4442,10,0,0
4442,11,0,0
4442,12,0,0
4443,0,1,5
4443,1,1,0
4443,2,1,4
4443,3,1,1
4443,4,1,2
4443,5,1,2
4443,6,1,0
4443,7,1,1
4443,8,1,3
4443,9,1,2
4443,10,1,5
4443,11,1,1
4443,12,1,3
4444,0,1,2
4444,1,1,0
4444,2,1,4
4444,3,1,1
4444,4,0,0
4444,5,0,0
4444,6,0,0
4444,7,0,0
4444,8,0,0
4444,9,0,0
4444,10,0,0
4444,11,0,0
4444,12,0,0
4445,0,1,7
4445,1,1,3
4445,2,1,2
4445,3,1,1
4445,4,1,4
4445,5,1,5
4445,6,1,4
4445,7,1,1
4445,8,0,0
4445,9,0,0
4445,10,0,0
4445,11,0,0
4445,12,0,0
4446,0,1,5
4446,1,1,3
4446,2,1,4
4446,3,1,5
4446,4,1,4
4446,5,1,6
4446,6,1,2
4446,7,1,4
4446,8,1,3
4446,9,1,5
4446,10,1,5
4446,11,1,3
4446,12,0,0
4447,0,1,5
4447,1,1,2
4447,2,1,3
4447,3,1,3
4447,4,1,6
4447,5,1,3
4447,6,1,5
4447,7,1,3
4447,8,1,6
4447,9,1,1
4447,10,1,0
4447,11,1,4
4447,12,1,3
4448,0,1,2
4448,1,1,3
4448,2,1,3
4448,3,1,3
4448,4,1,2
4448,5,1,2
4448,6,1,1
4448,7,1,1
4448,8,1,2
4448,9,1,3
4448,10,1,2
4448,11,1,5
4448,12,1,2
4449,0,1,6
4449,1,1,0
4449,2,1,0
4449,3,1,2
4449,4,1,4
4449,5,1,1
4449,6,1,1
4449,7,1,1
4449,8,1,1
4449,9,0,0
4449,10,0,0
4449,11,0,0
4449,12,0,0
4450,0,1,9
4450,1,1,2
4450,2,1,7
4450,3,1,4
4450,4,1,9
4450,5,1,3
4450,6,1,7
4450,7,1,3
4450,8,0,0
4450,9,0,0
4450,10,0,0
4450,11,0,0
4450,12,0,0
4451,0,1,3
4451,1,0,0
4451,2,0,0
4451,3,0,0
4451,4,0,0
4451,5,0,0
4451,6,0,0
4451,7,0,0
4451,8,0,0
4451,9,0,0
4451,10,0,0
4451,11,0,0
4451,12,0,0
4452,0,1,1
4452,1,1,2
4452,2,1,3
4452,3,1,4
4452,4,1,2
4452,5,1,3
4452,6,1,4
4452,7,1,5
4452,8,1,3
4452,9,1,4
4452,10,1,5
4452,11,1,5
4452,12,1,3
4453,0,1,4
4453,1,1,2
4453,2,1,2
4453,3,1,2
4453,4,1,2
4453,5,1,3
4453,6,1,2
4453,7,1,2
4453,8,1,5
4453,9,1,3
4453,10,0,0
4453,11,0,0
4453,12,0,0
4454,0,1,6
4454,1,1,5
4454,2,1,2
4454,3,1,3
4454,4,1,4
4454,5,1,1
4454,6,1,3
4454,7,1,2
4454,8,1,3
4454,9,0,0
4454,10,0,0
4454,11,0,0
4454,12,0,0
4455,0,1,8
4455,1,1,3
4455,2,1,2
4455,3,1,4
4455,4,1,3
4455,5,0,0
4455,6,0,0
4455,7,0,0
4455,8,0,0
4455,9,0,0
4455,10,0,0
4455,11,0,0
4455,12,0,0
4456,0,1,3
4456,1,1,5
4456,2,1,2
4456,3,1,2
4456,4,1,4
4456,5,1,3
4456,6,1,2
4456,7,1,3
4456,8,1,4
4456,9,1,2
4456,10,1,1
4456,11,1,4
4456,12,1,5
4457,0,1,5
4457,1,1,2
4457,2,0,0
4457,3,0,0
4457,4,0,0
4457,5,0,0
4457,6,0,0
4457,7,0,0
4457,8,0,0
4457,9,0,0
4457,10,0,0
4457,11,0,0
4457,12,0,0
4458,0,1,2
4458,1,1,1
4458,2,1,4
4458,3,1,1
4458,4,1,5
4458,5,1,1
4458,6,1,3
4458,7,1,1
4458,8,1,3
4458,9,1,1
4458,10,1,2
4458,11,0,0
4458,12,0,0
4459,0,1,5
4459,1,1,6
4459,2,0,0
4459,3,0,0
4459,4,0,0
4459,5,0,0
4459,6,0,0
4459,7,0,0
4459,8,0,0
4459,9,0,0
4459,10,0,0
4459,11,0,0
4459,12,0,0
4460,0,1,5
4460,1,1,6
4460,2,1,2
4460,3,1,3
4460,4,1,7
4460,5,1,5
4460,6,0,0
4460,7,0,0
4460,8,0,0
4460,9,0,0
4460,10,0,0
4460,11,0,0
4460,12,0,0
4461,0,1,3
4461,1,1,5
4461,2,1,4
4461,3,1,4
4461,4,0,0
4461,5,0,0
4461,6,0,0
4461,7,0,0
4461,8,0,0
4461,9,0,0
4461,10,0,0
4461,11,0,0
4461,12,0,0
4462,0,1,5
4462,1,1,4
4462,2,1,2
4462,3,1,6
4462,4,1,4
4462,5,1,2
4462,6,1,3
4462,7,1,5
4462,8,1,5
4462,9,1,3
4462,10,1,1
4462,11,1,4
4462,12,1,8
4463,0,1,5
4463,1,1,2
4463,2,1,3
4463,3,1,1
4463,4,1,3
4463,5,1,3
4463,6,1,5
4463,7,1,6
4463,8,1,2
4463,9,1,1
4463,10,0,0
4463,11,0,0
4463,12,0,0
4464,0,1,5
4464,1,1,4
4464,2,1,2
4464,3,1,1
4464,4,1,2
4464,5,1,5
4464,6,1,2
4464,7,1,3
4464,8,0,0
4464,9,0,0
4464,10,0,0
4464,11,0,0
4464,12,0,0
4465,0,1,3
4465,1,1,1
4465,2,1,3
4465,3,1,1
4465,4,1,1
4465,5,1,2
4465,6,1,2
4465,7,1,3
4465,8,0,0
4465,9,0,0
4465,10,0,0
4465,11,0,0
4465,12,0,0
4466,0,1,5
4466,1,1,5
4466,2,1,2
4466,3,1,0
4466,4,1,1
4466,5,1,3
4466,6,1,2
4466,7,1,3
4466,8,1,2
4466,9,1,3
4466,10,1,3
4466,11,1,1
4466,12,1,3
4467,0,1,5
4467,1,1,3
4467,2,1,1
4467,3,1,5
4467,4,1,5
4467,5,1,7
4467,6,1,6
4467,7,1,3
4467,8,1,3
4467,9,1,5
4467,10,1,1
4467,11,1,5
4467,12,1,2
4468,0,1,8
4468,1,1,3
4468,2,1,1
4468,3,1,0
4468,4,1,3
4468,5,1,2
4468,6,1,4
4468,7,1,8
4468,8,1,2
4468,9,1,1
4468,10,1,5
4468,11,1,7
4468,12,1,3
4469,0,1,8
4469,1,0,0
4469,2,0,0
4469,3,0,0
4469,4,0,0
4469,5,0,0
4469,6,0,0
4469,7,0,0
4469,8,0,0
4469,9,0,0
4469,10,0,0
4469,11,0,0
4469,12,0,0
4470,0,1,5
4470,1,1,5
4470,2,1,5
4470,3,0,0
4470,4,0,0
4470,5,0,0
4470,6,0,0
4470,7,0,0
4470,8,0,0
4470,9,0,0
4470,10,0,0
4470,11,0,0
4470,12,0,0
4471,0,1,4
4471,1,0,0
4471,2,0,0
4471,3,0,0
4471,4,0,0
4471,5,0,0
4471,6,0,0
4471,7,0,0
4471,8,0,0
4471,9,0,0
4471,10,0,0
4471,11,0,0
4471,12,0,0
4472,0,1,9
4472,1,1,1
4472,2,1,3
4472,3,1,1
4472,4,1,0
4472,5,1,3
4472,6,1,1
4472,7,1,1
4472,8,1,0
4472,9,1,2
4472,10,1,3
4472,11,0,0
4472,12,0,0
4473,0,1,4
4473,1,1,3
4473,2,1,0
4473,3,1,1
4473,4,0,0
4473,5,0,0
4473,6,0,0
4473,7,0,0
4473,8,0,0
4473,9,0,0
4473,10,0,0
4473,11,0,0
4473,12,0,0
4474,0,1,6
4474,1,1,1
4474,2,1,1
4474,3,1,2
4474,4,1,0
4474,5,1,0
4474,6,1,3
4474,7,1,3
4474,8,0,0
4474,9,0,0
4474,10,0,0
4474,11,0,0
4474,12,0,0
4475,0,1,6
4475,1,1,2
4475,2,1,0
4475,3,1,3
4475,4,1,3
4475,5,1,1
4475,6,1,0
4475,7,1,4
4475,8,1,0
4475,9,1,3
4475,10,1,1
4475,11,1,2
4475,12,1,4
4476,0,1,5
4476,1,1,6
4476,2,1,1
4476,3,1,3
4476,4,1,0
4476,5,1,3
4476,6,0,0
4476,7,0,0
4476,8,0,0
4476,9,0,0
4476,10,0,0
4476,11,0,0
4476,12,0,0
4477,0,1,6
4477,1,1,3
4477,2,1,7
4477,3,1,5
4477,4,0,0
4477,5,0,0
4477,6,0,0
4477,7,0,0
4477,8,0,0
4477,9,0,0
4477,10,0,0
4477,11,0,0
4477,12,0,0
4478,0,1,5
4478,1,1,4
4478,2,1,4
4478,3,1,2
4478,4,1,2
4478,5,1,5
4478,6,1,7
4478,7,0,0
4478,8,0,0
4478,9,0,0
4478,10,0,0
4478,11,0,0
4478,12,0,0
4479,0,1,8
4479,1,1,2
4479,2,1,3
4479,3,1,3
4479,4,1,3
4479,5,1,3
4479,6,1,1
4479,7,1,0
4479,8,1,3
4479,9,1,2
4479,10,1,2
4479,11,1,2
4479,12,1,5
4480,0,1,2
4480,1,0,0
4480,2,0,0
4480,3,0,0
4480,4,0,0
4480,5,0,0
4480,6,0,0
4480,7,0,0
4480,8,0,0
4480,9,0,0
4480,10,0,0
4480,11,0,0
4480,12,0,0
4481,0,1,4
4481,1,1,2
4481,2,1,2
4481,3,1,2
4481,4,1,0
4481,5,1,1
4481,6,1,3
4481,7,1,3
4481,8,1,3
4481,9,1,1
4481,10,1,1
4481,11,1,2
4481,12,1,3
4482,0,1,4
4482,1,1,6
4482,2,1,2
4482,3,1,2
4482,4,1,2
4482,5,1,1
4482,6,0,0
4482,7,0,0
4482,8,0,0
4482,9,0,0
4482,10,0,0
4482,11,0,0
4482,12,0,0
4483,0,1,5
4483,1,1,1
4483,2,1,4
4483,3,1,2
4483,4,1,2
4483,5,0,0
4483,6,0,0
4483,7,0,0
4483,8,0,0
4483,9,0,0
4483,10,0,0
4483,11,0,0
4483,12,0,0
4484,0,1,4
4484,1,1,5
4484,2,1,5
4484,3,1,1
4484,4,1,3
4484,5,1,1
4484,6,1,3
4484,7,1,4
4484,8,1,3
4484,9,1,3
4484,10,1,7
4484,11,1,3
4484,12,1,4
4485,0,1,6
4485,1,1,3
4485,2,1,6
4485,3,1,3
4485,4,1,3
4485,5,1,2
4485,6,1,3
4485,7,1,2
4485,8,1,5
4485,9,1,3
4485,10,1,6
4485,11,1,4
4485,12,1,3
4486,0,1,5
4486,1,1,4
4486,2,1,4
4486,3,1,6
4486,4,1,2
4486,5,1,5
4486,6,1,7
4486,7,1,7
4486,8,0,0
4486,9,0,0
4486,10,0,0
4486,11,0,0
4486,12,0,0
4487,0,1,5
4487,1,1,2
4487,2,1,2
4487,3,1,1
4487,4,1,2
4487,5,1,2
4487,6,1,3
4487,7,1,0
4487,8,1,2
4487,9,1,2
4487,10,1,2
4487,11,1,1
4487,12,1,2
4488,0,1,3
4488,1,1,5
4488,2,1,3
4488,3,1,5
4488,4,1,3
4488,5,1,5
4488,6,1,1
4488,7,1,5
4488,8,1,3
4488,9,1,1
4488,10,1,2
4488,11,1,3
4488,12,1,2
4489,0,1,5
4489,1,1,4
4489,2,1,0
4489,3,1,1
4489,4,1,4
4489,5,1,2
4489,6,1,8
4489,7,1,2
4489,8,1,2
4489,9,0,0
4489,10,0,0
4489,11,0,0
4489,12,0,0
4490,0,1,4
4490,1,1,2
4490,2,1,1
4490,3,1,1
4490,4,1,0
4490,5,1,1
4490,6,1,4
4490,7,1,0
4490,8,1,2
4490,9,1,7
4490,10,1,3
4490,11,1,0
4490,12,1,2
4491,0,1,2
4491,1,1,3
4491,2,1,5
4491,3,1,8
4491,4,1,3
4491,5,0,0
4491,6,0,0
4491,7,0,0
4491,8,0,0
4491,9,0,0
4491,10,0,0
4491,11,0,0
4491,12,0,0
4492,0,1,3
4492,1,1,2
4492,2,1,3
4492,3,1,0
4492,4,1,2
4492,5,1,5
4492,6,1,3
4492,7,1,3
4492,8,1,1
4492,9,1,7
4492,10,1,4
4492,11,1,3
4492,12,1,3
4493,0,1,6
4493,1,1,3
4493,2,1,2
4493,3,1,1
4493,4,1,1
4493,5,1,2
4493,6,1,2
4493,7,1,1
4493,8,1,4
4493,9,1,2
4493,10,1,4
4493,11,0,0
4493,12,0,0
4494,0,1,2
4494,1,1,2
4494,2,1,2
4494,3,1,2
4494,4,1,3
4494,5,1,4
4494,6,1,1
4494,7,1,0
4494,8,1,0
4494,9,1,3
4494,10,1,3
4494,11,1,3
4494,12,1,3
4495,0,1,4
4495,1,1,4
4495,2,1,1
4495,3,1,5
4495,4,1,3
4495,5,1,0
4495,6,1,2
4495,7,0,0
4495,8,0,0
4495,9,0,0
4495,10,0,0
4495,11,0,0
4495,12,0,0
4496,0,1,5
4496,1,1,0
4496,2,1,3
4496,3,1,1
4496,4,1,3
4496,5,1,3
4496,6,1,1
4496,7,1,3
4496,8,1,3
4496,9,1,3
4496,10,1,1
4496,11,1,4
4496,12,1,1
4497,0,1,6
4497,1,1,2
4497,2,0,0
4497,3,0,0
4497,4,0,0
4497,5,0,0
4497,6,0,0
4497,7,0,0
4497,8,0,0
4497,9,0,0
4497,10,0,0
4497,11,0,0
4497,12,0,0
4498,0,1,5
4498,1,1,3
4498,2,1,1
4498,3,1,2
4498,4,1,2
4498,5,0,0
4498,6,0,0
4498,7,0,0
4498,8,0,0
4498,9,0,0
4498,10,0,0
4498,11,0,0
4498,12,0,0
4499,0,1,5
4499,1,1,1
4499,2,0,0
4499,3,0,0
4499,4,0,0
4499,5,0,0
4499,6,0,0
4499,7,0,0
4499,8,0,0
4499,9,0,0
4499,10,0,0
4499,11,0,0
4499,12,0,0
4500,0,1,3
4500,1,1,2
4500,2,1,1
4500,3,1,5
4500,4,1,4
4500,5,1,1
4500,6,1,1
4500,7,1,6
4500,8,1,3
4500,9,1,4
4500,10,1,1
4500,11,1,6
4500,12,0,0
4501,0,1,8
4501,1,1,3
4501,2,1,1
4501,3,1,2
4501,4,1,2
4501,5,1,1
4501,6,0,0
4501,7,0,0
4501,8,0,0
4501,9,0,0
4501,10,0,0
4501,11,0,0
4501,12,0,0
4502,0,1,1
4502,1,1,3
4502,2,0,0
4502,3,0,0
4502,4,0,0
4502,5,0,0
4502,6,0,0
4502,7,0,0
4502,8,0,0
4502,9,0,0
4502,10,0,0
4502,11,0,0
4502,12,0,0
4503,0,1,5
4503,1,1,3
4503,2,1,4
4503,3,1,0
4503,4,1,1
4503,5,1,2
4503,6,1,2
4503,7,1,1
4503,8,1,2
4503,9,1,2
4503,10,1,2
4503,11,1,3
4503,12,1,5
4504,0,1,3
4504,1,1,2
4504,2,1,3
4504,3,1,1
4504,4,1,3
4504,5,0,0
4504,6,0,0
4504,7,0,0
4504,8,0,0
4504,9,0,0
4504,10,0,0
4504,11,0,0
4504,12,0,0
4505,0,1,2
4505,1,1,1
4505,2,1,1
4505,3,1,0
4505,4,1,1
4505,5,1,1
4505,6,0,0
4505,7,0,0
4505,8,0,0
4505,9,0,0
4505,10,0,0
4505,11,0,0
4505,12,0,0
4506,0,1,8
4506,1,1,5
4506,2,1,1
4506,3,1,2
4506,4,1,2
4506,5,1,4
4506,6,1,1
4506,7,1,4
4506,8,1,5
4506,9,1,1
4506,10,0,0
4506,11,0,0
4506,12,0,0
4507,0,1,8
4507,1,1,4
4507,2,1,8
4507,3,1,6
4507,4,1,3
4507,5,1,9
4507,6,1,0
4507,7,1,7
4507,8,1,2
4507,9,1,9
4507,10,1,5
4507,11,1,1
4507,12,1,6
4508,0,1,4
4508,1,1,8
4508,2,1,1
4508,3,1,5
4508,4,1,4
4508,5,1,3
4508,6,1,2
4508,7,1,0
4508,8,0,0
4508,9,0,0
4508,10,0,0
4508,11,0,0
4508,12,0,0
4509,0,1,13
4509,1,1,5
4509,2,1,3
4509,3,1,4
4509,4,1,6
4509,5,1,2
4509,6,1,1
4509,7,1,3
4509,8,1,5
4509,9,1,2
4509,10,1,4
4509,11,1,4
4509,12,1,2
4510,0,1,3
4510,1,1,3
4510,2,1,3
4510,3,1,2
4510,4,1,4
4510,5,1,3
4510,6,0,0
4510,7,0,0
4510,8,0,0
4510,9,0,0
4510,10,0,0
4510,11,0,0
4510,12,0,0
4511,0,1,6
4511,1,0,0
4511,2,0,0
4511,3,0,0
4511,4,0,0
4511,5,0,0
4511,6,0,0
4511,7,0,0
4511,8,0,0
4511,9,0,0
4511,10,0,0
4511,11,0,0
4511,12,0,0
4512,0,1,7
4512,1,1,1
4512,2,1,3
4512,3,1,1
4512,4,1,1
4512,5,1,2
4512,6,1,4
4512,7,1,0
4512,8,1,2
4512,9,1,1
4512,10,1,6
4512,11,1,4
4512,12,1,4
4513,0,1,3
4513,1,1,2
4513,2,1,7
4513,3,1,2
4513,4,1,3
4513,5,1,2
4513,6,1,4
4513,7,1,10
4513,8,0,0
4513,9,0,0
4513,10,0,0
4513,11,0,0
4513,12,0,0
4514,0,1,5
4514,1,1,2
4514,2,1,1
4514,3,1,1
4514,4,1,1
4514,5,1,2
4514,6,1,4
4514,7,1,3
4514,8,1,4
4514,9,1,7
4514,10,1,4
4514,11,1,4
4514,12,1,5
4515,0,1,6
4515,1,1,4
4515,2,1,5
4515,3,1,4
4515,4,1,2
4515,5,1,8
4515,6,1,3
4515,7,1,1
4515,8,1,2
4515,9,1,5
4515,10,1,0
4515,11,1,3
4515,12,1,1
4516,0,1,4
4516,1,1,2
4516,2,1,4
4516,3,1,4
4516,4,1,3
4516,5,0,0
4516,6,0,0
4516,7,0,0
4516,8,0,0
4516,9,0,0
4516,10,0,0
4516,11,0,0
4516,12,0,0
4517,0,1,5
4517,1,0,0
4517,2,0,0
4517,3,0,0
4517,4,0,0
4517,5,0,0
4517,6,0,0
4517,7,0,0
4517,8,0,0
4517,9,0,0
4517,10,0,0
4517,11,0,0
4517,12,0,0
4518,0,1,4
4518,1,1,3
4518,2,1,3
4518,3,0,0
4518,4,0,0
4518,5,0,0
4518,6,0,0
4518,7,0,0
4518,8,0,0
4518,9,0,0
4518,10,0,0
4518,11,0,0
4518,12,0,0
4519,0,1,7
4519,1,1,2
4519,2,1,1
4519,3,0,0
4519,4,0,0
4519,5,0,0
4519,6,0,0
4519,7,0,0
4519,8,0,0
4519,9,0,0
4519,10,0,0
4519,11,0,0
4519,12,0,0
4520,0,1,3
4520,1,1,1
4520,2,1,4
4520,3,1,1
4520,4,1,2
4520,5,1,2
4520,6,1,1
4520,7,1,6
4520,8,1,9
4520,9,1,1
4520,10,1,3
4520,11,1,2
4520,12,1,1
4521,0,1,4
4521,1,1,1
4521,2,1,4
4521,3,1,3
4521,4,1,2
4521,5,1,6
4521,6,1,1
4521,7,1,4
4521,8,0,0
4521,9,0,0
4521,10,0,0
4521,11,0,0
4521,12,0,0
4522,0,1,4
4522,1,1,7
4522,2,1,2
4522,3,1,5
4522,4,1,2
4522,5,1,2
4522,6,1,1
4522,7,1,5
4522,8,1,1
4522,9,1,5
4522,10,1,2
4522,11,1,7
4522,12,1,3
4523,0,1,3
4523,1,1,4
4523,2,1,0
4523,3,1,2
4523,4,1,0
4523,5,1,1
4523,6,1,1
4523,7,1,0
4523,8,1,2
4523,9,1,3
4523,10,1,0
4523,11,1,2
4523,12,1,2
4524,0,1,4
4524,1,1,4
4524,2,1,3
4524,3,1,5
4524,4,1,0
4524,5,1,6
4524,6,1,4
4524,7,1,1
4524,8,1,2
4524,9,1,4
4524,10,1,5
4524,11,1,2
4524,12,0,0
4525,0,1,3
4525,1,1,5
4525,2,1,3
4525,3,1,6
4525,4,1,5
4525,5,1,1
4525,6,1,6
4525,7,1,3
4525,8,0,0
4525,9,0,0
4525,10,0,0
4525,11,0,0
4525,12,0,0
4526,0,1,8
4526,1,1,1
4526,2,1,1
4526,3,1,1
4526,4,1,4
4526,5,1,3
4526,6,1,3
4526,7,1,6
4526,8,1,3
4526,9,1,1
4526,10,1,6
4526,11,1,3
4526,12,1,7
4527,0,1,1
4527,1,1,2
4527,2,1,4
4527,3,1,3
4527,4,1,3
4527,5,1,4
4527,6,1,4
4527,7,1,4
4527,8,1,3
4527,9,1,1
4527,10,1,4
4527,11,1,4
4527,12,1,1
4528,0,1,5
4528,1,1,8
4528,2,1,3
4528,3,1,0
4528,4,1,2
4528,5,1,2
4528,6,1,1
4528,7,0,0
4528,8,0,0
4528,9,0,0
4528,10,0,0
4528,11,0,0
4528,12,0,0
4529,0,1,4
4529,1,0,0
4529,2,0,0
4529,3,0,0
4529,4,0,0
4529,5,0,0
4529,6,0,0
4529,7,0,0
4529,8,0,0
4529,9,0,0
4529,10,0,0
4529,11,0,0
4529,12,0,0
4530,0,1,8
4530,1,1,7
4530,2,1,3
4530,3,1,1
4530,4,1,3
4530,5,1,3
4530,6,1,6
4530,7,1,3
4530,8,1,2
4530,9,1,2
4530,10,1,4
4530,11,1,3
4530,12,1,0
4531,0,1,8
4531,1,1,1
4531,2,1,5
4531,3,0,0
4531,4,0,0
4531,5,0,0
4531,6,0,0
4531,7,0,0
4531,8,0,0
4531,9,0,0
4531,10,0,0
4531,11,0,0
4531,12,0,0
4532,0,1,1
4532,1,1,2
4532,2,1,2
4532,3,1,3
4532,4,1,5
4532,5,1,1
4532,6,1,3
4532,7,1,0
4532,8,0,0
4532,9,0,0
4532,10,0,0
4532,11,0,0
4532,12,0,0
4533,0,1,6
4533,1,1,0
4533,2,1,2
4533,3,1,1
4533,4,1,4
4533,5,1,0
4533,6,1,2
4533,7,1,3
4533,8,1,3
4533,9,1,1
4533,10,1,2
4533,11,1,4
4533,12,1,2
4534,0,1,6
4534,1,1,2
4534,2,0,0
4534,3,0,0
4534,4,0,0
4534,5,0,0
4534,6,0,0
4534,7,0,0
4534,8,0,0
4534,9,0,0
4534,10,0,0
4534,11,0,0
4534,12,0,0
4535,0,1,4
4535,1,1,2
4535,2,1,3
4535,3,1,1
4535,4,1,2
4535,5,1,1
4535,6,1,1
4535,7,1,6
4535,8,1,3
4535,9,0,0
4535,10,0,0
4535,11,0,0
4535,12,0,0
4536,0,1,7
4536,1,1,5
4536,2,1,0
4536,3,1,2
4536,4,0,0
4536,5,0,0
4536,6,0,0
4536,7,0,0
4536,8,0,0
4536,9,0,0
4536,10,0,0
4536,11,0,0
4536,12,0,0
4537,0,1,3
4537,1,1,2
4537,2,1,2
4537,3,1,5
4537,4,1,1
4537,5,1,1
4537,6,1,2
4537,7,1,2
4537,8,0,0
4537,9,0,0
4537,10,0,0
4537,11,0,0
4537,12,0,0
4538,0,1,3
4538,1,1,1
4538,2,0,0
4538,3,0,0
4538,4,0,0
4538,5,0,0
4538,6,0,0
4538,7,0,0
4538,8,0,0
4538,9,0,0
4538,10,0,0
4538,11,0,0
4538,12,0,0
4539,0,1,6
4539,1,1,0
4539,2,1,3
4539,3,1,5
4539,4,1,5
4539,5,1,4
4539,6,1,4
4539,7,1,0
4539,8,1,1
4539,9,0,0
4539,10,0,0
4539,11,0,0
4539,12,0,0
4540,0,1,5
4540,1,1,2
4540,2,1,1
4540,3,1,2
4540,4,0,0
4540,5,0,0
4540,6,0,0
4540,7,0,0
4540,8,0,0
4540,9,0,0
4540,10,0,0
4540,11,0,0
4540,12,0,0
4541,0,1,6
4541,1,0,0
4541,2,0,0
4541,3,0,0
4541,4,0,0
4541,5,0,0
4541,6,0,0
4541,7,0,0
4541,8,0,0
4541,9,0,0
4541,10,0,0
4541,11,0,0
4541,12,0,0
4542,0,1,5
4542,1,1,4
4542,2,1,3
4542,3,1,2
4542,4,1,3
4542,5,1,0
4542,6,1,4
4542,7,1,2
4542,8,1,5
4542,9,1,3
4542,10,1,6
4542,11,1,9
4542,12,1,8
4543,0,1,4
4543,1,1,6
4543,2,1,7
4543,3,1,3
4543,4,0,0
4543,5,0,0
4543,6,0,0
4543,7,0,0
4543,8,0,0
4543,9,0,0
4543,10,0,0
4543,11,0,0
4543,12,0,0
4544,0,1,6
4544,1,1,5
4544,2,1,2
4544,3,1,3
4544,4,1,6
4544,5,1,2
4544,6,1,6
4544,7,1,4
4544,8,1,8
4544,9,1,1
4544,10,1,4
4544,11,1,9
4544,12,1,2
4545,0,1,6
4545,1,1,3
4545,2,1,3
4545,3,1,1
4545,4,1,3
4545,5,1,7
4545,6,1,3
4545,7,1,4
4545,8,1,8
4545,9,1,5
4545,10,0,0
4545,11,0,0
4545,12,0,0
4546,0,1,6
4546,1,1,1
4546,2,1,4
4546,3,1,2
4546,4,1,3
4546,5,1,2
4546,6,1,2
4546,7,1,2
4546,8,1,3
4546,9,1,8
4546,10,1,1
4546,11,1,4
4546,12,1,1
4547,0,1,6
4547,1,1,3
4547,2,1,0
4547,3,1,0
4547,4,1,4
4547,5,1,0
4547,6,1,3
4547,7,1,4
4547,8,1,2
4547,9,1,2
4547,10,1,4
4547,11,1,4
4547,12,1,1
4548,0,1,5
4548,1,1,4
4548,2,1,3
4548,3,1,3
4548,4,1,5
4548,5,1,3
4548,6,1,3
4548,7,1,2
4548,8,1,3
4548,9,1,3
4548,10,1,2
4548,11,1,6
4548,12,1,4
4549,0,1,4
4549,1,1,1
4549,2,1,3
4549,3,0,0
4549,4,0,0
4549,5,0,0
4549,6,0,0
4549,7,0,0
4549,8,0,0
4549,9,0,0
4549,10,0,0
4549,11,0,0
4549,12,0,0
4550,0,1,8
4550,1,1,2
4550,2,1,7
4550,3,1,3
4550,4,1,6
4550,5,1,2
4550,6,1,3
4550,7,1,3
4550,8,1,1
4550,9,1,1
4550,10,1,2
4550,11,1,6
4550,12,1,3
4551,0,1,4
4551,1,1,1
4551,2,1,6
4551,3,1,3
4551,4,1,3
4551,5,1,2
4551,6,1,3
4551,7,1,4
4551,8,1,4
4551,9,1,3
4551,10,0,0
4551,11,0,0
4551,12,0,0
4552,0,1,7
4552,1,1,2
4552,2,1,3
4552,3,1,4
4552,4,1,2
4552,5,1,4
4552,6,1,2
4552,7,1,2
4552,8,1,5
4552,9,1,1
4552,10,1,4
4552,11,1,2
4552,12,1,4
4553,0,1,3
4553,1,1,2
4553,2,1,1
4553,3,1,1
4553,4,1,2
4553,5,1,2
4553,6,1,2
4553,7,1,2
4553,8,1,1
4553,9,1,2
4553,10,1,1
4553,11,1,4
4553,12,1,2
4554,0,1,4
4554,1,1,4
4554,2,1,2
4554,3,1,5
4554,4,1,5
4554,5,1,5
4554,6,1,0
4554,7,1,5
4554,8,1,6
4554,9,1,2
4554,10,1,2
4554,11,1,1
4554,12,1,3
4555,0,1,7
4555,1,1,4
4555,2,1,4
4555,3,1,5
4555,4,1,2
4555,5,1,4
4555,6,1,3
4555,7,0,0
4555,8,0,0
4555,9,0,0
4555,10,0,0
4555,11,0,0
4555,12,0,0
4556,0,1,6
4556,1,1,2
4556,2,1,1
4556,3,1,2
4556,4,1,0
4556,5,1,0
4556,6,1,2
4556,7,1,2
4556,8,1,2
4556,9,0,0
4556,10,0,0
4556,11,0,0
4556,12,0,0
4557,0,1,3
4557,1,1,2
4557,2,1,5
4557,3,1,2
4557,4,0,0
4557,5,0,0
4557,6,0,0
4557,7,0,0
4557,8,0,0
4557,9,0,0
4557,10,0,0
4557,11,0,0
4557,12,0,0
4558,0,1,5
4558,1,1,2
4558,2,1,1
4558,3,1,3
4558,4,0,0
4558,5,0,0
4558,6,0,0
4558,7,0,0
4558,8,0,0
4558,9,0,0
4558,10,0,0
4558,11,0,0
4558,12,0,0
4559,0,1,4
4559,1,0,0
4559,2,0,0
4559,3,0,0
4559,4,0,0
4559,5,0,0
4559,6,0,0
4559,7,0,0
4559,8,0,0
4559,9,0,0
4559,10,0,0
4559,11,0,0
4559,12,0,0
4560,0,1,5
4560,1,1,4
4560,2,0,0
4560,3,0,0
4560,4,0,0
4560,5,0,0
4560,6,0,0
4560,7,0,0
4560,8,0,0
4560,9,0,0
4560,10,0,0
4560,11,0,0
4560,12,0,0
4561,0,1,8
4561,1,1,4
4561,2,1,2
4561,3,1,4
4561,4,1,3
4561,5,1,6
4561,6,1,1
4561,7,1,6
4561,8,1,5
4561,9,1,6
4561,10,1,1
4561,11,1,5
4561,12,1,3
4562,0,1,5
4562,1,1,3
4562,2,1,1
4562,3,0,0
4562,4,0,0
4562,5,0,0
4562,6,0,0
4562,7,0,0
4562,8,0,0
4562,9,0,0
4562,10,0,0
4562,11,0,0
4562,12,0,0
4563,0,1,7
4563,1,1,1
4563,2,1,2
4563,3,1,6
4563,4,1,6
4563,5,1,3
4563,6,1,0
4563,7,1,4
4563,8,1,2
4563,9,1,1
4563,10,1,4
4563,11,1,5
4563,12,0,0
4564,0,1,5
4564,1,1,0
4564,2,1,4
4564,3,0,0
4564,4,0,0
4564,5,0,0
4564,6,0,0
4564,7,0,0
4564,8,0,0
4564,9,0,0
4564,10,0,0
4564,11,0,0
4564,12,0,0
4565,0,1,4
4565,1,1,1
4565,2,1,3
4565,3,1,0
4565,4,1,4
4565,5,1,2
4565,6,1,1
4565,7,1,4
4565,8,1,1
4565,9,1,1
4565,10,1,2
4565,11,1,2
4565,12,1,3
4566,0,1,7
4566,1,1,2
4566,2,1,5
4566,3,1,3
4566,4,1,3
4566,5,1,3
4566,6,1,3
4566,7,1,4
4566,8,1,1
4566,9,1,2
4566,10,1,4
4566,11,0,0
4566,12,0,0
4567,0,1,4
4567,1,1,1
4567,2,1,2
4567,3,1,5
4567,4,1,4
4567,5,1,1
4567,6,1,2
4567,7,1,2
4567,8,1,1
4567,9,1,1
4567,10,1,5
4567,11,0,0
4567,12,0,0
4568,0,1,4
4568,1,1,2
4568,2,1,1
4568,3,0,0
4568,4,0,0
4568,5,0,0
4568,6,0,0
4568,7,0,0
4568,8,0,0
4568,9,0,0
4568,10,0,0
4568,11,0,0
4568,12,0,0
4569,0,1,3
4569,1,1,4
4569,2,1,1
4569,3,1,7
4569,4,1,4
4569,5,1,1
4569,6,1,3
4569,7,1,5
4569,8,1,4
4569,9,0,0
4569,10,0,0
4569,11,0,0
4569,12,0,0
4570,0,1,7
4570,1,1,5
4570,2,0,0
4570,3,0,0
4570,4,0,0
4570,5,0,0
4570,6,0,0
4570,7,0,0
4570,8,0,0
4570,9,0,0
4570,10,0,0
4570,11,0,0
4570,12,0,0
4571,0,1,9
4571,1,1,3
4571,2,1,1
4571,3,1,2
4571,4,1,3
4571,5,1,1
4571,6,1,1
4571,7,1,2
4571,8,1,3
4571,9,1,3
4571,10,1,1
4571,11,1,2
4571,12,0,0
4572,0,1,5
4572,1,1,3
4572,2,1,7
4572,3,1,3
4572,4,1,4
4572,5,1,2
4572,6,0,0
4572,7,0,0
4572,8,0,0
4572,9,0,0
4572,10,0,0
4572,11,0,0
4572,12,0,0
4573,0,1,7
4573,1,1,1
4573,2,1,0
4573,3,1,3
4573,4,0,0
4573,5,0,0
4573,6,0,0
4573,7,0,0
4573,8,0,0
4573,9,0,0
4573,10,0,0
4573,11,0,0
4573,12,0,0
4574,0,1,1
4574,1,1,1
4574,2,1,0
4574,3,1,0
4574,4,1,4
4574,5,1,1
4574,6,1,1
4574,7,1,2
4574,8,1,2
4574,9,1,3
4574,10,1,1
4574,11,1,5
4574,12,1,1
4575,0,1,1
4575,1,1,5
4575,2,1,3
4575,3,1,3
4575,4,1,4
4575,5,1,3
4575,6,0,0
4575,7,0,0
4575,8,0,0
4575,9,0,0
4575,10,0,0
4575,11,0,0
4575,12,0,0
4576,0,1,9
4576,1,1,4
4576,2,1,2
4576,3,1,4
4576,4,1,5
4576,5,1,2
4576,6,1,2
4576,7,1,3
4576,8,1,1
4576,9,1,1
4576,10,1,4
4576,11,1,5
4576,12,1,2
4577,0,1,5
4577,1,1,3
4577,2,1,2
4577,3,1,1
4577,4,1,4
4577,5,1,1
4577,6,1,1
4577,7,1,1
4577,8,0,0
4577,9,0,0
4577,10,0,0
4577,11,0,0
4577,12,0,0
4578,0,1,5
4578,1,1,6
4578,2,0,0
4578,3,0,0
4578,4,0,0
4578,5,0,0
4578,6,0,0
4578,7,0,0
4578,8,0,0
4578,9,0,0
4578,10,0,0
4578,11,0,0
4578,12,0,0
4579,0,1,5
4579,1,1,1
4579,2,1,3
4579,3,1,2
4579,4,1,3
4579,5,1,2
4579,6,1,7
4579,7,1,2
4579,8,0,0
4579,9,0,0
4579,10,0,0
4579,11,0,0
4579,12,0,0
4580,0,1,2
4580,1,1,1
4580,2,0,0
4580,3,0,0
4580,4,0,0
4580,5,0,0
4580,6,0,0
4580,7,0,0
4580,8,0,0
4580,9,0,0
4580,10,0,0
4580,11,0,0
4580,12,0,0
4581,0,1,2
4581,1,1,3
4581,2,1,2
4581,3,1,4
4581,4,1,5
4581,5,1,4
4581,6,1,8
4581,7,0,0
4581,8,0,0
4581,9,0,0
4581,10,0,0
4581,11,0,0
4581,12,0,0
4582,0,1,4
4582,1,1,6
4582,2,1,4
4582,3,1,4
4582,4,1,2
4582,5,1,3
4582,6,1,4
4582,7,0,0
4582,8,0,0
4582,9,0,0
4582,10,0,0
4582,11,0,0
4582,12,0,0
4583,0,1,6
4583,1,1,2
4583,2,1,4
4583,3,1,4
4583,4,1,3
4583,5,1,0
4583,6,1,2
4583,7,1,2
4583,8,1,1
4583,9,1,0
4583,10,1,0
4583,11,1,2
4583,12,1,2
4584,0,1,3
4584,1,1,5
4584,2,1,6
4584,3,1,2
4584,4,1,4
4584,5,1,3
4584,6,1,4
4584,7,1,3
4584,8,1,1
4584,9,1,3
4584,10,1,5
4584,11,1,3
4584,12,1,2
4585,0,1,5
4585,1,1,6
4585,2,1,2
4585,3,1,4
4585,4,1,6
4585,5,1,3
4585,6,1,6
4585,7,1,2
4585,8,1,4
4585,9,1,1
4585,10,1,4
4585,11,1,5
4585,12,1,5
4586,0,1,5
4586,1,1,5
4586,2,1,1
4586,3,1,0
4586,4,1,0
4586,5,1,4
4586,6,1,0
4586,7,1,2
4586,8,1,1
4586,9,1,3
4586,10,1,2
4586,11,1,1
4586,12,1,0
4587,0,1,2
4587,1,1,2
4587,2,1,2
4587,3,1,3
4587,4,1,2
4587,5,1,2
4587,6,0,0
4587,7,0,0
4587,8,0,0
4587,9,0,0
4587,10,0,0
4587,11,0,0
4587,12,0,0
4588,0,1,3
4588,1,1,4
4588,2,1,3
4588,3,1,2
4588,4,1,6
4588,5,1,6
4588,6,1,1
4588,7,1,4
4588,8,1,5
4588,9,1,2
4588,10,1,3
4588,11,1,0
4588,12,1,7
4589,0,1,5
4589,1,1,4
4589,2,1,7
4589,3,1,5
4589,4,1,1
4589,5,0,0
4589,6,0,0
4589,7,0,0
4589,8,0,0
4589,9,0,0
4589,10,0,0
4589,11,0,0
4589,12,0,0
4590,0,1,3
4590,1,1,1
4590,2,1,2
4590,3,1,1
4590,4,1,1
4590,5,1,0
4590,6,1,4
4590,7,1,6
4590,8,1,2
4590,9,1,3
4590,10,1,5
4590,11,1,3
4590,12,1,3
4591,0,1,6
4591,1,1,1
4591,2,1,2
4591,3,0,0
4591,4,0,0
4591,5,0,0
4591,6,0,0
4591,7,0,0
4591,8,0,0
4591,9,0,0
4591,10,0,0
4591,11,0,0
4591,12,0,0
4592,0,1,11
4592,1,1,1
4592,2,1,3
4592,3,0,0
4592,4,0,0
4592,5,0,0
4592,6,0,0
4592,7,0,0
4592,8,0,0
4592,9,0,0
4592,10,0,0
4592,11,0,0
4592,12,0,0
4593,0,1,5
4593,1,1,3
4593,2,1,5
4593,3,1,2
4593,4,1,3
4593,5,1,2
4593,6,1,5
4593,7,1,1
4593,8,1,4
4593,9,1,2
4593,10,1,2
4593,11,1,2
4593,12,1,3
4594,0,1,2
4594,1,1,3
4594,2,1,3
4594,3,1,1
4594,4,1,4
4594,5,1,1
4594,6,1,1
4594,7,1,0
4594,8,0,0
4594,9,0,0
4594,10,0,0
4594,11,0,0
4594,12,0,0
4595,0,1,6
4595,1,0,0
4595,2,0,0
4595,3,0,0
4595,4,0,0
4595,5,0,0
4595,6,0,0
4595,7,0,0
4595,8,0,0
4595,9,0,0
4595,10,0,0
4595,11,0,0
4595,12,0,0
4596,0,1,4
4596,1,1,1
4596,2,1,0
4596,3,1,1
4596,4,1,3
4596,5,1,2
4596,6,1,4
4596,7,1,2
4596,8,1,3
4596,9,1,0
4596,10,1,1
4596,11,1,1
4596,12,1,6
4597,0,1,3
4597,1,1,3
4597,2,1,1
4597,3,1,2
4597,4,1,6
4597,5,1,3
4597,6,1,6
4597,7,1,0
4597,8,1,6
4597,9,1,3
4597,10,1,2
4597,11,1,4
4597,12,1,2
4598,0,1,6
4598,1,1,7
4598,2,1,1
4598,3,1,2
4598,4,1,4
4598,5,1,3
4598,6,1,2
4598,7,0,0
4598,8,0,0
4598,9,0,0
4598,10,0,0
4598,11,0,0
4598,12,0,0
4599,0,1,4
4599,1,1,0
4599,2,1,2
4599,3,1,5
4599,4,1,2
4599,5,1,2
4599,6,1,3
4599,7,1,4
4599,8,1,1
4599,9,1,1
4599,10,1,0
4599,11,1,4
4599,12,1,4
4600,0,1,3
4600,1,1,3
4600,2,1,3
4600,3,0,0
4600,4,0,0
4600,5,0,0
4600,6,0,0
4600,7,0,0
4600,8,0,0
4600,9,0,0
4600,10,0,0
4600,11,0,0
4600,12,0,0
4601,0,1,5
4601,1,1,3
4601,2,1,3
4601,3,1,1
4601,4,1,1
4601,5,1,7
4601,6,1,4
4601,7,1,6
4601,8,1,6
4601,9,1,3
4601,10,1,3
4601,11,1,2
4601,12,1,4
4602,0,1,4
4602,1,1,1
4602,2,1,1
4602,3,1,3
4602,4,1,3
4602,5,1,2
4602,6,1,3
4602,7,1,2
4602,8,1,2
4602,9,1,4
4602,10,1,5
4602,11,0,0
4602,12,0,0
4603,0,1,8
4603,1,1,3
4603,2,1,0
4603,3,1,5
4603,4,1,5
4603,5,1,2
4603,6,0,0
4603,7,0,0
4603,8,0,0
4603,9,0,0
4603,10,0,0
4603,11,0,0
4603,12,0,0
4604,0,1,3
4604,1,1,1
4604,2,1,1
4604,3,1,4
4604,4,1,2
4604,5,1,3
4604,6,1,2
4604,7,1,3
4604,8,1,2
4604,9,0,0
4604,10,0,0
4604,11,0,0
4604,12,0,0
4605,0,1,5
4605,1,1,3
4605,2,1,4
4605,3,1,3
4605,4,1,2
4605,5,1,2
4605,6,1,1
4605,7,1,2
4605,8,1,3
4605,9,1,4
4605,10,1,2
4605,11,1,3
4605,12,0,0
4606,0,1,3
4606,1,1,3
4606,2,1,5
4606,3,1,2
4606,4,1,3
4606,5,0,0
4606,6,0,0
4606,7,0,0
4606,8,0,0
4606,9,0,0
4606,10,0,0
4606,11,0,0
4606,12,0,0
4607,0,1,4
4607,1,1,5
4607,2,1,2
4607,3,1,1
4607,4,1,0
4607,5,1,2
4607,6,1,3
4607,7,1,3
4607,8,1,1
4607,9,1,1
4607,10,1,3
4607,11,1,2
4607,12,1,2
4608,0,1,8
4608,1,1,5
4608,2,1,5
4608,3,1,3
4608,4,1,6
4608,5,1,2
4608,6,1,5
4608,7,1,4
4608,8,0,0
4608,9,0,0
4608,10,0,0
4608,11,0,0
4608,12,0,0
4609,0,1,7
4609,1,1,1
4609,2,1,0
4609,3,1,2
4609,4,1,2
4609,5,1,3
4609,6,1,2
4609,7,1,2
4609,8,0,0
4609,9,0,0
4609,10,0,0
4609,11,0,0
4609,12,0,0
4610,0,1,2
4610,1,1,4
4610,2,1,1
4610,3,1,4
4610,4,1,1
4610,5,1,3
4610,6,1,1
4610,7,1,3
4610,8,1,4
4610,9,1,4
4610,10,0,0
4610,11,0,0
4610,12,0,0
4611,0,1,5
4611,1,1,3
4611,2,1,5
4611,3,1,4
4611,4,1,2
4611,5,1,4
4611,6,0,0
4611,7,0,0
4611,8,0,0
4611,9,0,0
4611,10,0,0
4611,11,0,0
4611,12,0,0
4612,0,1,3
4612,1,1,1
4612,2,1,4
4612,3,0,0
4612,4,0,0
4612,5,0,0
4612,6,0,0
4612,7,0,0
4612,8,0,0
4612,9,0,0
4612,10,0,0
4612,11,0,0
4612,12,0,0
4613,0,1,5
4613,1,1,6
4613,2,0,0
4613,3,0,0
4613,4,0,0
4613,5,0,0
4613,6,0,0
4613,7,0,0
4613,8,0,0
4613,9,0,0
4613,10,0,0
4613,11,0,0
4613,12,0,0
4614,0,1,3
4614,1,1,1
4614,2,1,3
4614,3,1,0
4614,4,1,6
4614,5,1,5
4614,6,1,0
4614,7,1,1
4614,8,1,1
4614,9,1,0
4614,10,1,2
4614,11,1,1
4614,12,1,4
4615,0,1,7
4615,1,1,2
4615,2,0,0
4615,3,0,0
4615,4,0,0
4615,5,0,0
4615,6,0,0
4615,7,0,0
4615,8,0,0
4615,9,0,0
4615,10,0,0
4615,11,0,0
4615,12,0,0
4616,0,1,4
4616,1,1,3
4616,2,1,2
4616,3,1,2
4616,4,0,0
4616,5,0,0
4616,6,0,0
4616,7,0,0
4616,8,0,0
4616,9,0,0
4616,10,0,0
4616,11,0,0
4616,12,0,0
4617,0,1,7
4617,1,1,1
4617,2,1,3
4617,3,1,0
4617,4,1,2
4617,5,1,1
4617,6,1,6
4617,7,1,1
4617,8,1,2
4617,9,1,3
4617,10,1,3
4617,11,1,0
4617,12,1,3
4618,0,1,4
4618,1,1,2
4618,2,1,0
4618,3,1,1
4618,4,1,5
4618,5,1,3
4618,6,1,3
4618,7,1,3
4618,8,1,0
4618,9,1,2
4618,10,1,4
4618,11,1,5
4618,12,1,5
4619,0,1,5
4619,1,0,0
4619,2,0,0
4619,3,0,0
4619,4,0,0
4619,5,0,0
4619,6,0,0
4619,7,0,0
4619,8,0,0
4619,9,0,0
4619,10,0,0
4619,11,0,0
4619,12,0,0
4620,0,1,3
4620,1,1,2
4620,2,1,1
4620,3,0,0
4620,4,0,0
4620,5,0,0
4620,6,0,0
4620,7,0,0
4620,8,0,0
4620,9,0,0
4620,10,0,0
4620,11,0,0
4620,12,0,0
4621,0,1,3
4621,1,1,3
4621,2,1,2
4621,3,1,3
4621,4,1,0
4621,5,1,2
4621,6,1,4
4621,7,1,3
4621,8,0,0
4621,9,0,0
4621,10,0,0
4621,11,0,0
4621,12,0,0
4622,0,1,5
4622,1,1,2
4622,2,0,0
4622,3,0,0
4622,4,0,0
4622,5,0,0
4622,6,0,0
4622,7,0,0
4622,8,0,0
4622,9,0,0
4622,10,0,0
4622,11,0,0
4622,12,0,0
4623,0,1,4
4623,1,1,2
4623,2,1,6
4623,3,1,5
4623,4,1,4
4623,5,1,6
4623,6,1,3
4623,7,1,3
4623,8,1,2
4623,9,1,0
4623,10,1,4
4623,11,1,3
4623,12,1,4
4624,0,1,3
4624,1,1,4
4624,2,1,5
4624,3,1,0
4624,4,1,9
4624,5,1,3
4624,6,0,0
4624,7,0,0
4624,8,0,0
4624,9,0,0
4624,10,0,0
4624,11,0,0
4624,12,0,0
4625,0,1,9
4625,1,1,4
4625,2,1,6
4625,3,1,6
4625,4,1,3
4625,5,1,2
4625,6,0,0
4625,7,0,0
4625,8,0,0
4625,9,0,0
4625,10,0,0
4625,11,0,0
4625,12,0,0
4626,0,1,3
4626,1,1,3
4626,2,1,5
4626,3,1,3
4626,4,1,3
4626,5,1,2
4626,6,1,4
4626,7,1,4
4626,8,1,1
4626,9,1,3
4626,10,1,2
4626,11,1,2
4626,12,1,6
4627,0,1,9
4627,1,1,3
4627,2,1,5
4627,3,1,4
4627,4,1,5
4627,5,1,2
4627,6,1,4
4627,7,0,0
4627,8,0,0
4627,9,0,0
4627,10,0,0
4627,11,0,0
4627,12,0,0
4628,0,1,4
4628,1,1,6
4628,2,1,2
4628,3,1,6
4628,4,1,2
4628,5,1,2
4628,6,1,4
4628,7,1,3
4628,8,1,2
4628,9,0,0
4628,10,0,0
4628,11,0,0
4628,12,0,0
4629,0,1,6
4629,1,0,0
4629,2,0,0
4629,3,0,0
4629,4,0,0
4629,5,0,0
4629,6,0,0
4629,7,0,0
4629,8,0,0
4629,9,0,0
4629,10,0,0
4629,11,0,0
4629,12,0,0
4630,0,1,7
4630,1,1,5
4630,2,0,0
4630,3,0,0
4630,4,0,0
4630,5,0,0
4630,6,0,0
4630,7,0,0
4630,8,0,0
4630,9,0,0
4630,10,0,0
4630,11,0,0
4630,12,0,0
4631,0,1,3
4631,1,1,1
4631,2,1,2
4631,3,1,7
4631,4,1,9
4631,5,1,1
4631,6,1,4
4631,7,1,4
4631,8,1,3
4631,9,1,2
4631,10,1,6
4631,11,1,6
4631,12,1,5
4632,0,1,4
4632,1,1,1
4632,2,1,2
4632,3,1,3
4632,4,1,1
4632,5,1,1
4632,6,0,0
4632,7,0,0
4632,8,0,0
4632,9,0,0
4632,10,0,0
4632,11,0,0
4632,12,0,0
4633,0,1,6
4633,1,1,4
4633,2,1,3
4633,3,1,3
4633,4,1,5
4633,5,1,2
4633,6,1,1
4633,7,1,2
4633,8,1,4
4633,9,1,3
4633,10,1,5
4633,11,1,4
4633,12,1,4
4634,0,1,5
4634,1,1,2
4634,2,1,3
4634,3,1,5
4634,4,1,2
4634,5,0,0
4634,6,0,0
4634,7,0,0
4634,8,0,0
4634,9,0,0
4634,10,0,0
4634,11,0,0
4634,12,0,0
4635,0,1,2
4635,1,1,5
4635,2,1,2
4635,3,1,2
4635,4,1,6
4635,5,1,4
4635,6,1,2
4635,7,1,2
4635,8,1,6
4635,9,0,0
4635,10,0,0
4635,11,0,0
4635,12,0,0
4636,0,1,6
4636,1,0,0
4636,2,0,0
4636,3,0,0
4636,4,0,0
4636,5,0,0
4636,6,0,0
4636,7,0,0
4636,8,0,0
4636,9,0,0
4636,10,0,0
4636,11,0,0
4636,12,0,0
4637,0,1,3
4637,1,1,0
4637,2,1,0
4637,3,1,0
4637,4,1,3
4637,5,1,0
4637,6,1,1
4637,7,1,0
4637,8,1,1
4637,9,1,2
4637,10,0,0
4637,11,0,0
4637,12,0,0
4638,0,1,4
4638,1,1,1
4638,2,1,1
4638,3,1,3
4638,4,1,4
4638,5,1,1
4638,6,1,2
4638,7,1,1
4638,8,1,2
4638,9,1,3
4638,10,1,2
4638,11,1,2
4638,12,1,4
4639,0,1,4
4639,1,1,2
4639,2,1,3
4639,3,1,3
4639,4,1,6
4639,5,1,3
4639,6,1,6
4639,7,1,4
4639,8,1,6
4639,9,1,9
4639,10,1,2
4639,11,1,3
4639,12,1,4
4640,0,1,5
4640,1,1,2
4640,2,1,3
4640,3,1,0
4640,4,1,2
4640,5,1,1
4640,6,1,4
4640,7,1,2
4640,8,1,3
4640,9,1,2
4640,10,1,1
4640,11,1,0
4640,12,1,1
4641,0,1,3
4641,1,1,3
4641,2,1,1
4641,3,1,2
4641,4,1,3
4641,5,0,0
4641,6,0,0
4641,7,0,0
4641,8,0,0
4641,9,0,0
4641,10,0,0
4641,11,0,0
4641,12,0,0
4642,0,1,7
4642,1,1,5
4642,2,1,3
4642,3,1,5
4642,4,1,3
4642,5,1,4
4642,6,1,3
4642,7,1,4
4642,8,1,4
4642,9,1,8
4642,10,1,4
4642,11,1,2
4642,12,1,3
4643,0,1,3
4643,1,1,2
4643,2,1,2
4643,3,1,2
4643,4,1,4
4643,5,1,8
4643,6,0,0
4643,7,0,0
4643,8,0,0
4643,9,0,0
4643,10,0,0
4643,11,0,0
4643,12,0,0
4644,0,1,1
4644,1,1,7
4644,2,1,3
4644,3,1,1
4644,4,1,7
4644,5,1,3
4644,6,1,4
4644,7,1,3
4644,8,1,6
4644,9,1,2
4644,10,1,1
4644,11,1,4
4644,12,1,1
4645,0,1,5
4645,1,1,1
4645,2,1,0
4645,3,1,1
4645,4,1,3
4645,5,1,3
4645,6,1,4
4645,7,1,3
4645,8,1,2
4645,9,1,2
4645,10,1,5
4645,11,0,0
4645,12,0,0
4646,0,1,4
4646,1,1,1
4646,2,1,1
4646,3,1,1
4646,4,1,1
4646,5,1,3
4646,6,1,1
4646,7,1,2
4646,8,1,3
4646,9,1,3
4646,10,1,3
4646,11,1,1
4646,12,1,3
4647,0,1,6
4647,1,1,2
4647,2,1,1
4647,3,1,2
4647,4,1,4
4647,5,1,1
4647,6,1,2
4647,7,1,4
4647,8,1,6
4647,9,1,2
4647,10,1,3
4647,11,1,2
4647,12,1,8
4648,0,1,7
4648,1,1,2
4648,2,1,1
4648,3,0,0
4648,4,0,0
4648,5,0,0
4648,6,0,0
4648,7,0,0
4648,8,0,0
4648,9,0,0
4648,10,0,0
4648,11,0,0
4648,12,0,0
4649,0,1,6
4649,1,1,1
4649,2,0,0
4649,3,0,0
4649,4,0,0
4649,5,0,0
4649,6,0,0
4649,7,0,0
4649,8,0,0
4649,9,0,0
4649,10,0,0
4649,11,0,0
4649,12,0,0
4650,0,1,4
4650,1,1,1
4650,2,1,6
4650,3,0,0
4650,4,0,0
4650,5,0,0
4650,6,0,0
4650,7,0,0
4650,8,0,0
4650,9,0,0
4650,10,0,0
4650,11,0,0
4650,12,0,0
4651,0,1,6
4651,1,1,2
4651,2,1,1
4651,3,1,2
4651,4,1,0
4651,5,1,1
4651,6,1,1
4651,7,1,2
4651,8,1,2
4651,9,1,2
4651,10,1,1
4651,11,1,3
4651,12,1,1
4652,0,1,4
4652,1,1,0
4652,2,1,2
4652,3,1,1
4652,4,1,2
4652,5,1,2
4652,6,1,2
4652,7,1,2
4652,8,1,3
4652,9,1,1
4652,10,1,1
4652,11,1,2
4652,12,1,3
4653,0,1,7
4653,1,1,2
4653,2,0,0
4653,3,0,0
4653,4,0,0
4653,5,0,0
4653,6,0,0
4653,7,0,0
4653,8,0,0
4653,9,0,0
4653,10,0,0
4653,11,0,0
4653,12,0,0
4654,0,1,2
4654,1,1,1
4654,2,1,5
4654,3,1,0
4654,4,1,0
4654,5,0,0
4654,6,0,0
4654,7,0,0
4654,8,0,0
4654,9,0,0
4654,10,0,0
4654,11,0,0
4654,12,0,0
4655,0,1,5
4655,1,1,1
4655,2,1,1
4655,3,1,2
4655,4,1,5
4655,5,1,0
4655,6,1,5
4655,7,1,1
4655,8,1,3
4655,9,1,2
4655,10,1,1
4655,11,1,1
4655,12,1,1
4656,0,1,5
4656,1,1,3
4656,2,1,2
4656,3,1,2
4656,4,1,1
4656,5,1,2
4656,6,0,0
4656,7,0,0
4656,8,0,0
4656,9,0,0
4656,10,0,0
4656,11,0,0
4656,12,0,0
4657,0,1,6
4657,1,1,4
4657,2,1,6
4657,3,1,3
4657,4,1,4
4657,5,1,4
4657,6,1,4
4657,7,1,5
4657,8,1,7
4657,9,1,4
4657,10,1,6
4657,11,1,3
4657,12,0,0
4658,0,1,4
4658,1,1,2
4658,2,1,2
4658,3,1,3
4658,4,1,3
4658,5,1,3
4658,6,0,0
4658,7,0,0
4658,8,0,0
4658,9,0,0
4658,10,0,0
4658,11,0,0
4658,12,0,0
4659,0,1,3
4659,1,1,4
4659,2,1,3
4659,3,1,1
4659,4,1,1
4659,5,1,1
4659,6,1,4
4659,7,1,4
4659,8,1,4
4659,9,1,4
4659,10,1,1
4659,11,1,3
4659,12,1,3
4660,0,1,8
4660,1,1,5
4660,2,0,0
4660,3,0,0
4660,4,0,0
4660,5,0,0
4660,6,0,0
4660,7,0,0
4660,8,0,0
4660,9,0,0
4660,10,0,0
4660,11,0,0
4660,12,0,0
4661,0,1,4
4661,1,1,0
4661,2,1,5
4661,3,1,5
4661,4,0,0
4661,5,0,0
4661,6,0,0
4661,7,0,0
4661,8,0,0
4661,9,0,0
4661,10,0,0
4661,11,0,0
4661,12,0,0
4662,0,1,8
4662,1,0,0
4662,2,0,0
4662,3,0,0
4662,4,0,0
4662,5,0,0
4662,6,0,0
4662,7,0,0
4662,8,0,0
4662,9,0,0
4662,10,0,0
4662,11,0,0
4662,12,0,0
4663,0,1,2
4663,1,1,0
4663,2,0,0
4663,3,0,0
4663,4,0,0
4663,5,0,0
4663,6,0,0
4663,7,0,0
4663,8,0,0
4663,9,0,0
4663,10,0,0
4663,11,0,0
4663,12,0,0
4664,0,1,10
4664,1,1,7
4664,2,1,1
4664,3,1,3
4664,4,1,5
4664,5,1,3
4664,6,1,2
4664,7,1,5
4664,8,1,2
4664,9,1,0
4664,10,1,1
4664,11,1,7
4664,12,1,4
4665,0,1,4
4665,1,1,1
4665,2,1,4
4665,3,0,0
4665,4,0,0
4665,5,0,0
4665,6,0,0
4665,7,0,0
4665,8,0,0
4665,9,0,0
4665,10,0,0
4665,11,0,0
4665,12,0,0
4666,0,1,6
4666,1,1,2
4666,2,1,1
4666,3,1,1
4666,4,1,1
4666,5,1,6
4666,6,1,2
4666,7,1,1
4666,8,1,4
4666,9,1,4
4666,10,1,0
4666,11,1,1
4666,12,1,2
4667,0,1,8
4667,1,1,1
4667,2,0,0
4667,3,0,0
4667,4,0,0
4667,5,0,0
4667,6,0,0
4667,7,0,0
4667,8,0,0
4667,9,0,0
4667,10,0,0
4667,11,0,0
4667,12,0,0
4668,0,1,3
4668,1,1,1
4668,2,1,2
4668,3,1,1
4668,4,1,3
4668,5,1,0
4668,6,1,2
4668,7,1,2
4668,8,1,2
4668,9,1,0
4668,10,1,0
4668,11,1,2
4668,12,1,1
4669,0,1,4
4669,1,1,1
4669,2,1,4
4669,3,1,4
4669,4,1,2
4669,5,1,2
4669,6,0,0
4669,7,0,0
4669,8,0,0
4669,9,0,0
4669,10,0,0
4669,11,0,0
4669,12,0,0
4670,0,1,2
4670,1,1,6
4670,2,1,2
4670,3,1,6
4670,4,1,3
4670,5,1,2
4670,6,1,1
4670,7,1,2
4670,8,1,4
4670,9,1,3
4670,10,1,4
4670,11,1,2
4670,12,1,5
4671,0,1,7
4671,1,1,3
4671,2,1,7
4671,3,0,0
4671,4,0,0
4671,5,0,0
4671,6,0,0
4671,7,0,0
4671,8,0,0
4671,9,0,0
4671,10,0,0
4671,11,0,0
4671,12,0,0
4672,0,1,4
4672,1,1,2
4672,2,1,3
4672,3,0,0
4672,4,0,0
4672,5,0,0
4672,6,0,0
4672,7,0,0
4672,8,0,0
4672,9,0,0
4672,10,0,0
4672,11,0,0
4672,12,0,0
4673,0,1,3
4673,1,1,2
4673,2,1,3
4673,3,1,2
4673,4,1,4
4673,5,0,0
4673,6,0,0
4673,7,0,0
4673,8,0,0
4673,9,0,0
4673,10,0,0
4673,11,0,0
4673,12,0,0
4674,0,1,3
4674,1,1,1
4674,2,1,0
4674,3,1,2
4674,4,0,0
4674,5,0,0
4674,6,0,0
4674,7,0,0
4674,8,0,0
4674,9,0,0
4674,10,0,0
4674,11,0,0
4674,12,0,0
4675,0,1,4
4675,1,1,2
4675,2,1,4
4675,3,1,0
4675,4,1,4
4675,5,1,1
4675,6,1,1
4675,7,1,1
4675,8,1,3
4675,9,1,2
4675,10,1,4
4675,11,1,2
4675,12,0,0
4676,0,1,5
4676,1,1,6
4676,2,1,2
4676,3,1,7
4676,4,1,3
4676,5,1,3
4676,6,1,2
4676,7,1,5
4676,8,1,3
4676,9,1,3
4676,10,1,5
4676,11,1,1
4676,12,1,3
4677,0,1,6
4677,1,1,5
4677,2,1,3
4677,3,1,3
4677,4,1,5
4677,5,1,8
4677,6,1,3
4677,7,1,9
4677,8,1,5
4677,9,1,3
4677,10,1,1
4677,11,1,2
4677,12,1,3
4678,0,1,6
4678,1,1,1
4678,2,1,2
4678,3,1,2
4678,4,1,2
4678,5,1,3
4678,6,1,3
4678,7,1,1
4678,8,1,6
4678,9,1,1
4678,10,1,6
4678,11,1,4
4678,12,1,5
4679,0,1,6
4679,1,1,3
4679,2,1,6
4679,3,1,2
4679,4,1,4
4679,5,0,0
4679,6,0,0
4679,7,0,0
4679,8,0,0
4679,9,0,0
4679,10,0,0
4679,11,0,0
4679,12,0,0
4680,0,1,8
4680,1,1,3
4680,2,1,2
4680,3,0,0
4680,4,0,0
4680,5,0,0
4680,6,0,0
4680,7,0,0
4680,8,0,0
4680,9,0,0
4680,10,0,0
4680,11,0,0
4680,12,0,0
4681,0,1,3
4681,1,1,3
4681,2,1,3
4681,3,1,5
4681,4,1,7
4681,5,1,3
4681,6,1,2
4681,7,1,5
4681,8,1,4
4681,9,1,4
4681,10,1,4
4681,11,1,3
4681,12,1,4
4682,0,1,6
4682,1,1,4
4682,2,1,1
4682,3,1,2
4682,4,1,1
4682,5,1,1
4682,6,1,3
4682,7,1,1
4682,8,1,4
4682,9,0,0
4682,10,0,0
4682,11,0,0
4682,12,0,0
4683,0,1,5
4683,1,1,4
4683,2,0,0
4683,3,0,0
4683,4,0,0
4683,5,0,0
4683,6,0,0
4683,7,0,0
4683,8,0,0
4683,9,0,0
4683,10,0,0
4683,11,0,0
4683,12,0,0
4684,0,1,10
4684,1,1,6
4684,2,1,3
4684,3,1,5
4684,4,1,0
4684,5,1,5
4684,6,1,1
4684,7,1,2
4684,8,1,3
4684,9,1,6
4684,10,1,5
4684,11,1,0
4684,12,1,6
4685,0,1,4
4685,1,1,5
4685,2,1,2
4685,3,1,0
4685,4,1,5
4685,5,0,0
4685,6,0,0
4685,7,0,0
4685,8,0,0
4685,9,0,0
4685,10,0,0
4685,11,0,0
4685,12,0,0
4686,0,1,3
4686,1,1,2
4686,2,1,6
4686,3,1,6
4686,4,0,0
4686,5,0,0
4686,6,0,0
4686,7,0,0
4686,8,0,0
4686,9,0,0
4686,10,0,0
4686,11,0,0
4686,12,0,0
4687,0,1,7
4687,1,1,5
4687,2,1,2
4687,3,1,3
4687,4,1,4
4687,5,0,0
4687,6,0,0
4687,7,0,0
4687,8,0,0
4687,9,0,0
4687,10,0,0
4687,11,0,0
4687,12,0,0
4688,0,1,6
4688,1,1,0
4688,2,1,0
4688,3,1,1
4688,4,1,5
4688,5,1,4
4688,6,1,4
4688,7,1,5
4688,8,1,6
4688,9,1,5
4688,10,1,2
4688,11,1,9
4688,12,1,2
4689,0,1,4
4689,1,1,5
4689,2,1,1
4689,3,0,0
4689,4,0,0
4689,5,0,0
4689,6,0,0
4689,7,0,0
4689,8,0,0
4689,9,0,0
4689,10,0,0
4689,11,0,0
4689,12,0,0
4690,0,1,3
4690,1,1,2
4690,2,1,2
4690,3,1,8
4690,4,1,2
4690,5,1,5
4690,6,1,4
4690,7,1,3
4690,8,1,7
4690,9,1,3
4690,10,1,5
4690,11,0,0
4690,12,0,0
4691,0,1,7
4691,1,1,4
4691,2,1,3
4691,3,1,6
4691,4,1,4
4691,5,1,8
4691,6,0,0
4691,7,0,0
4691,8,0,0
4691,9,0,0
4691,10,0,0
4691,11,0,0
4691,12,0,0
4692,0,1,4
4692,1,1,2
4692,2,1,5
4692,3,1,2
4692,4,1,6
4692,5,1,2
4692,6,1,0
4692,7,1,3
4692,8,1,4
4692,9,1,7
4692,10,1,2
4692,11,1,0
4692,12,1,1
4693,0,1,5
4693,1,1,3
4693,2,0,0
4693,3,0,0
4693,4,0,0
4693,5,0,0
4693,6,0,0
4693,7,0,0
4693,8,0,0
4693,9,0,0
4693,10,0,0
4693,11,0,0
4693,12,0,0
4694,0,1,5
4694,1,0,0
4694,2,0,0
4694,3,0,0
4694,4,0,0
4694,5,0,0
4694,6,0,0
4694,7,0,0
4694,8,0,0
4694,9,0,0
4694,10,0,0
4694,11,0,0
4694,12,0,0
4695,0,1,7
4695,1,1,1
4695,2,0,0
4695,3,0,0
4695,4,0,0
4695,5,0,0
4695,6,0,0
4695,7,0,0
4695,8,0,0
4695,9,0,0
4695,10,0,0
4695,11,0,0
4695,12,0,0
4696,0,1,6
4696,1,0,0
4696,2,0,0
4696,3,0,0
4696,4,0,0
4696,5,0,0
4696,6,0,0
4696,7,0,0
4696,8,0,0
4696,9,0,0
4696,10,0,0
4696,11,0,0
4696,12,0,0
4697,0,1,3
4697,1,1,2
4697,2,1,3
4697,3,0,0
4697,4,0,0
4697,5,0,0
4697,6,0,0
4697,7,0,0
4697,8,0,0
4697,9,0,0
4697,10,0,0
4697,11,0,0
4697,12,0,0
4698,0,1,3
4698,1,1,2
4698,2,1,3
4698,3,1,4
4698,4,1,6
4698,5,0,0
4698,6,0,0
4698,7,0,0
4698,8,0,0
4698,9,0,0
4698,10,0,0
4698,11,0,0
4698,12,0,0
4699,0,1,6
4699,1,1,4
4699,2,1,5
4699,3,1,6
4699,4,1,3
4699,5,1,1
4699,6,1,4
4699,7,0,0
4699,8,0,0
4699,9,0,0
4699,10,0,0
4699,11,0,0
4699,12,0,0
4700,0,1,2
4700,1,1,5
4700,2,1,2
4700,3,1,0
4700,4,1,2
4700,5,1,2
4700,6,1,2
4700,7,1,8
4700,8,1,1
4700,9,0,0
4700,10,0,0
4700,11,0,0
4700,12,0,0
4701,0,1,4
4701,1,1,5
4701,2,1,3
4701,3,0,0
4701,4,0,0
4701,5,0,0
4701,6,0,0
4701,7,0,0
4701,8,0,0
4701,9,0,0
4701,10,0,0
4701,11,0,0
4701,12,0,0
4702,0,1,2
4702,1,0,0
4702,2,0,0
4702,3,0,0
4702,4,0,0
4702,5,0,0
4702,6,0,0
4702,7,0,0
4702,8,0,0
4702,9,0,0
4702,10,0,0
4702,11,0,0
4702,12,0,0
4703,0,1,6
4703,1,1,2
4703,2,1,3
4703,3,1,2
4703,4,1,2
4703,5,0,0
4703,6,0,0
4703,7,0,0
4703,8,0,0
4703,9,0,0
4703,10,0,0
4703,11,0,0
4703,12,0,0
4704,0,1,2
4704,1,1,2
4704,2,1,4
4704,3,1,1
4704,4,0,0
4704,5,0,0
4704,6,0,0
4704,7,0,0
4704,8,0,0
4704,9,0,0
4704,10,0,0
4704,11,0,0
4704,12,0,0
4705,0,1,4
4705,1,1,4
4705,2,1,2
4705,3,1,1
4705,4,1,4
4705,5,1,2
4705,6,1,3
4705,7,1,1
4705,8,1,3
4705,9,1,0
4705,10,1,2
4705,11,0,0
4705,12,0,0
4706,0,1,8
4706,1,1,1
4706,2,1,2
4706,3,1,4
4706,4,1,2
4706,5,1,1
4706,6,1,6
4706,7,1,1
4706,8,1,0
4706,9,1,1
4706,10,1,1
4706,11,1,1
4706,12,1,3
4707,0,1,3
4707,1,1,3
4707,2,1,2
4707,3,1,5
4707,4,1,3
4707,5,0,0
4707,6,0,0
4707,7,0,0
4707,8,0,0
4707,9,0,0
4707,10,0,0
4707,11,0,0
4707,12,0,0
4708,0,1,3
4708,1,1,3
4708,2,1,3
4708,3,0,0
4708,4,0,0
4708,5,0,0
4708,6,0,0
4708,7,0,0
4708,8,0,0
4708,9,0,0
4708,10,0,0
4708,11,0,0
4708,12,0,0
4709,0,1,4
4709,1,1,1
4709,2,1,5
4709,3,1,9
4709,4,1,3
4709,5,1,6
4709,6,1,4
4709,7,1,2
4709,8,1,2
4709,9,1,3
4709,10,1,5
4709,11,1,5
4709,12,1,3
4710,0,1,8
4710,1,1,3
4710,2,1,1
4710,3,1,3
4710,4,1,3
4710,5,0,0
4710,6,0,0
4710,7,0,0
4710,8,0,0
4710,9,0,0
4710,10,0,0
4710,11,0,0
4710,12,0,0
4711,0,1,7
4711,1,1,2
4711,2,1,4
4711,3,1,1
4711,4,1,3
4711,5,1,1
4711,6,1,3
4711,7,1,2
4711,8,1,2
4711,9,1,1
4711,10,1,1
4711,11,1,3
4711,12,1,2
4712,0,1,6
4712,1,1,2
4712,2,1,3
4712,3,0,0
4712,4,0,0
4712,5,0,0
4712,6,0,0
4712,7,0,0
4712,8,0,0
4712,9,0,0
4712,10,0,0
4712,11,0,0
4712,12,0,0
4713,0,1,4
4713,1,1,4
4713,2,1,2
4713,3,1,5
4713,4,1,2
4713,5,1,4
4713,6,1,5
4713,7,1,4
4713,8,0,0
4713,9,0,0
4713,10,0,0
4713,11,0,0
4713,12,0,0
4714,0,1,7
4714,1,1,0
4714,2,1,2
4714,3,1,3
4714,4,1,0
4714,5,1,4
4714,6,1,1
4714,7,1,0
4714,8,1,2
4714,9,1,5
4714,10,1,1
4714,11,1,0
4714,12,1,1
4715,0,1,3
4715,1,0,0
4715,2,0,0
4715,3,0,0
4715,4,0,0
4715,5,0,0
4715,6,0,0
4715,7,0,0
4715,8,0,0
4715,9,0,0
4715,10,0,0
4715,11,0,0
4715,12,0,0
4716,0,1,8
4716,1,1,5
4716,2,1,3
4716,3,1,4
4716,4,1,3
4716,5,1,7
4716,6,1,4
4716,7,1,3
4716,8,1,1
4716,9,1,3
4716,10,1,4
4716,11,1,0
4716,12,1,9
4717,0,1,2
4717,1,1,2
4717,2,1,4
4717,3,1,3
4717,4,1,3
4717,5,1,1
4717,6,1,2
4717,7,1,1
4717,8,1,2
4717,9,1,1
4717,10,1,1
4717,11,1,2
4717,12,1,2
4718,0,1,3
4718,1,0,0
4718,2,0,0
4718,3,0,0
4718,4,0,0
4718,5,0,0
4718,6,0,0
4718,7,0,0
4718,8,0,0
4718,9,0,0
4718,10,0,0
4718,11,0,0
4718,12,0,0
4719,0,1,7
4719,1,0,0
4719,2,0,0
4719,3,0,0
4719,4,0,0
4719,5,0,0
4719,6,0,0
4719,7,0,0
4719,8,0,0
4719,9,0,0
4719,10,0,0
4719,11,0,0
4719,12,0,0
4720,0,1,5
4720,1,1,5
4720,2,1,1
4720,3,1,9
4720,4,1,1
4720,5,1,3
4720,6,1,3
4720,7,1,3
4720,8,1,1
4720,9,1,4
4720,10,1,1
4720,11,1,3
4720,12,0,0
4721,0,1,6
4721,1,1,1
4721,2,1,2
4721,3,1,3
4721,4,1,0
4721,5,1,2
4721,6,1,5
4721,7,1,2
4721,8,1,3
4721,9,1,2
4721,10,1,2
4721,11,0,0
4721,12,0,0
4722,0,1,10
4722,1,1,3
4722,2,1,2
4722,3,1,2
4722,4,0,0
4722,5,0,0
4722,6,0,0
4722,7,0,0
4722,8,0,0
4722,9,0,0
4722,10,0,0
4722,11,0,0
4722,12,0,0
4723,0,1,5
4723,1,1,3
4723,2,0,0
4723,3,0,0
4723,4,0,0
4723,5,0,0
4723,6,0,0
4723,7,0,0
4723,8,0,0
4723,9,0,0
4723,10,0,0
4723,11,0,0
4723,12,0,0
4724,0,1,3
4724,1,1,2
4724,2,1,2
4724,3,1,3
4724,4,1,5
4724,5,1,2
4724,6,1,2
4724,7,0,0
4724,8,0,0
4724,9,0,0
4724,10,0,0
4724,11,0,0
4724,12,0,0
4725,0,1,3
4725,1,1,7
4725,2,1,4
4725,3,1,4
4725,4,1,5
4725,5,1,1
4725,6,1,1
4725,7,1,6
4725,8,1,2
4725,9,0,0
4725,10,0,0
4725,11,0,0
4725,12,0,0
4726,0,1,3
4726,1,1,4
4726,2,1,4
4726,3,1,3
4726,4,1,1
4726,5,1,7
4726,6,1,2
4726,7,1,5
4726,8,1,3
4726,9,1,4
4726,10,0,0
4726,11,0,0
4726,12,0,0
4727,0,1,6
4727,1,1,2
4727,2,1,2
4727,3,1,2
4727,4,1,3
4727,5,1,0
4727,6,1,1
4727,7,1,2
4727,8,1,2
4727,9,1,2
4727,10,1,3
4727,11,1,3
4727,12,1,4
4728,0,1,4
4728,1,1,4
4728,2,1,7
4728,3,1,4
4728,4,1,5
4728,5,1,3
4728,6,1,5
4728,7,1,3
4728,8,1,4
4728,9,1,4
4728,10,1,5
4728,11,1,4
4728,12,1,2
4729,0,1,5
4729,1,1,4
4729,2,1,4
4729,3,1,3
4729,4,1,7
4729,5,1,4
4729,6,1,4
4729,7,0,0
4729,8,0,0
4729,9,0,0
4729,10,0,0
4729,11,0,0
4729,12,0,0
4730,0,1,5
4730,1,1,2
4730,2,1,6
4730,3,1,4
4730,4,1,0
4730,5,0,0
4730,6,0,0
4730,7,0,0
4730,8,0,0
4730,9,0,0
4730,10,0,0
4730,11,0,0
4730,12,0,0
4731,0,1,6
4731,1,1,3
4731,2,1,4
4731,3,1,4
4731,4,1,6
4731,5,1,0
4731,6,1,2
4731,7,1,4
4731,8,0,0
4731,9,0,0
4731,10,0,0
4731,11,0,0
4731,12,0,0
4732,0,1,2
4732,1,0,0
4732,2,0,0
4732,3,0,0
4732,4,0,0
4732,5,0,0
4732,6,0,0
4732,7,0,0
4732,8,0,0
4732,9,0,0
4732,10,0,0
4732,11,0,0
4732,12,0,0
4733,0,1,4
4733,1,1,2
4733,2,1,0
4733,3,1,1
4733,4,1,0
4733,5,1,1
4733,6,1,2
4733,7,1,2
4733,8,1,2
4733,9,1,4
4733,10,1,2
4733,11,1,6
4733,12,1,2
4734,0,1,7
4734,1,1,4
4734,2,1,5
4734,3,1,0
4734,4,1,3
4734,5,1,4
4734,6,0,0
4734,7,0,0
4734,8,0,0
4734,9,0,0
4734,10,0,0
4734,11,0,0
4734,12,0,0
4735,0,1,2
4735,1,1,3
4735,2,1,1
4735,3,1,4
4735,4,1,3
4735,5,1,3
4735,6,1,1
4735,7,1,6
4735,8,1,4
4735,9,1,1
4735,10,1,3
4735,11,1,5
4735,12,1,0
4736,0,1,4
4736,1,1,1
4736,2,1,2
4736,3,1,2
4736,4,1,3
4736,5,1,2
4736,6,1,2
4736,7,1,2
4736,8,1,4
4736,9,1,1
4736,10,1,2
4736,11,1,1
4736,12,1,1
4737,0,1,5
4737,1,0,0
4737,2,0,0
4737,3,0,0
4737,4,0,0
4737,5,0,0
4737,6,0,0
4737,7,0,0
4737,8,0,0
4737,9,0,0
4737,10,0,0
4737,11,0,0
4737,12,0,0
4738,0,1,6
4738,1,1,2
4738,2,1,6
4738,3,1,3
4738,4,1,3
4738,5,1,3
4738,6,1,2
4738,7,1,4
4738,8,0,0
4738,9,0,0
4738,10,0,0
4738,11,0,0
4738,12,0,0
4739,0,1,7
4739,1,1,0
4739,2,1,1
4739,3,1,2
4739,4,1,1
4739,5,1,3
4739,6,1,6
4739,7,1,1
4739,8,1,4
4739,9,1,5
4739,10,0,0
4739,11,0,0
4739,12,0,0
4740,0,1,3
4740,1,1,2
4740,2,1,3
4740,3,1,7
4740,4,1,3
4740,5,0,0
4740,6,0,0
4740,7,0,0
4740,8,0,0
4740,9,0,0
4740,10,0,0
4740,11,0,0
4740,12,0,0
4741,0,1,7
4741,1,1,4
4741,2,1,4
4741,3,1,2
4741,4,1,2
4741,5,1,4
4741,6,1,5
4741,7,1,4
4741,8,1,4
4741,9,1,6
4741,10,1,4
4741,11,1,1
4741,12,1,4
4742,0,1,3
4742,1,1,2
4742,2,1,4
4742,3,1,6
4742,4,1,2
4742,5,1,3
4742,6,1,1
4742,7,1,6
4742,8,1,4
4742,9,1,5
4742,10,1,4
4742,11,1,2
4742,12,1,6
4743,0,1,5
4743,1,1,2
4743,2,1,3
4743,3,1,0
4743,4,1,1
4743,5,1,2
4743,6,1,1
4743,7,1,3
4743,8,1,2
4743,9,0,0
4743,10,0,0
4743,11,0,0
4743,12,0,0
4744,0,1,6
4744,1,1,4
4744,2,1,3
4744,3,1,5
4744,4,1,0
4744,5,1,2
4744,6,1,5
4744,7,1,4
4744,8,1,1
4744,9,1,3
4744,10,0,0
4744,11,0,0
4744,12,0,0
4745,0,1,2
4745,1,1,3
4745,2,1,1
4745,3,1,3
4745,4,1,6
4745,5,0,0
4745,6,0,0
4745,7,0,0
4745,8,0,0
4745,9,0,0
4745,10,0,0
4745,11,0,0
4745,12,0,0
4746,0,1,8
4746,1,0,0
4746,2,0,0
4746,3,0,0
4746,4,0,0
4746,5,0,0
4746,6,0,0
4746,7,0,0
4746,8,0,0
4746,9,0,0
4746,10,0,0
4746,11,0,0
4746,12,0,0
4747,0,1,7
4747,1,1,2
4747,2,1,3
4747,3,1,3
4747,4,1,5
4747,5,1,1
4747,6,1,1
4747,7,1,3
4747,8,1,3
4747,9,1,6
4747,10,1,3
4747,11,1,6
4747,12,1,3
4748,0,1,4
4748,1,0,0
4748,2,0,0
4748,3,0,0
4748,4,0,0
4748,5,0,0
4748,6,0,0
4748,7,0,0
4748,8,0,0
4748,9,0,0
4748,10,0,0
4748,11,0,0
4748,12,0,0
4749,0,1,6
4749,1,1,1
4749,2,1,3
4749,3,1,3
4749,4,1,1
4749,5,1,1
4749,6,1,5
4749,7,1,5
4749,8,0,0
4749,9,0,0
4749,10,0,0
4749,11,0,0
4749,12,0,0
4750,0,1,3
4750,1,1,8
4750,2,1,3
4750,3,1,4
4750,4,0,0
4750,5,0,0
4750,6,0,0
4750,7,0,0
4750,8,0,0
4750,9,0,0
4750,10,0,0
4750,11,0,0
4750,12,0,0
4751,0,1,5
4751,1,1,4
4751,2,1,4
4751,3,1,5
4751,4,1,2
4751,5,1,0
4751,6,1,4
4751,7,1,4
4751,8,1,3
4751,9,1,3
4751,10,1,2
4751,11,1,4
4751,12,1,3
4752,0,1,3
4752,1,1,4
4752,2,1,5
4752,3,1,2
4752,4,1,5
4752,5,1,4
4752,6,1,3
4752,7,1,4
4752,8,1,4
4752,9,1,2
4752,10,1,2
4752,11,1,2
4752,12,1,4
4753,0,1,4
4753,1,1,1
4753,2,0,0
4753,3,0,0
4753,4,0,0
4753,5,0,0
4753,6,0,0
4753,7,0,0
4753,8,0,0
4753,9,0,0
4753,10,0,0
4753,11,0,0
4753,12,0,0
4754,0,1,4
4754,1,1,3
4754,2,1,0
4754,3,1,5
4754,4,1,4
4754,5,1,7
4754,6,1,5
4754,7,1,1
4754,8,0,0
4754,9,0,0
4754,10,0,0
4754,11,0,0
4754,12,0,0
4755,0,1,3
4755,1,0,0
4755,2,0,0
4755,3,0,0
4755,4,0,0
4755,5,0,0
4755,6,0,0
4755,7,0,0
4755,8,0,0
4755,9,0,0
4755,10,0,0
4755,11,0,0
4755,12,0,0
4756,0,1,6
4756,1,1,5
4756,2,1,4
4756,3,1,5
4756,4,1,1
4756,5,0,0
4756,6,0,0
4756,7,0,0
4756,8,0,0
4756,9,0,0
4756,10,0,0
4756,11,0,0
4756,12,0,0
4757,0,1,4
4757,1,1,2
4757,2,1,1
4757,3,1,1
4757,4,1,2
4757,5,0,0
4757,6,0,0
4757,7,0,0
4757,8,0,0
4757,9,0,0
4757,10,0,0
4757,11,0,0
4757,12,0,0
4758,0,1,7
4758,1,0,0
4758,2,0,0
4758,3,0,0
4758,4,0,0
4758,5,0,0
4758,6,0,0
4758,7,0,0
4758,8,0,0
4758,9,0,0
4758,10,0,0
4758,11,0,0
4758,12,0,0
4759,0,1,5
4759,1,1,2
4759,2,1,2
4759,3,0,0
4759,4,0,0
4759,5,0,0
4759,6,0,0
4759,7,0,0
4759,8,0,0
4759,9,0,0
4759,10,0,0
4759,11,0,0
4759,12,0,0
4760,0,1,4
4760,1,1,2
4760,2,0,0
4760,3,0,0
4760,4,0,0
4760,5,0,0
4760,6,0,0
4760,7,0,0
4760,8,0,0
4760,9,0,0
4760,10,0,0
4760,11,0,0
4760,12,0,0
4761,0,1,7
4761,1,1,4
4761,2,1,2
4761,3,1,4
4761,4,1,3
4761,5,1,3
4761,6,1,2
4761,7,1,1
4761,8,1,4
4761,9,1,1
4761,10,1,4
4761,11,1,4
4761,12,1,3
4762,0,1,5
4762,1,1,2
4762,2,1,2
4762,3,1,0
4762,4,1,3
4762,5,1,2
4762,6,1,3
4762,7,1,0
4762,8,1,1
4762,9,1,5
4762,10,1,2
4762,11,0,0
4762,12,0,0
4763,0,1,6
4763,1,1,10
4763,2,1,5
4763,3,0,0
4763,4,0,0
4763,5,0,0
4763,6,0,0
4763,7,0,0
4763,8,0,0
4763,9,0,0
4763,10,0,0
4763,11,0,0
4763,12,0,0
4764,0,1,4
4764,1,1,2
4764,2,1,3
4764,3,1,3
4764,4,1,3
4764,5,1,1
4764,6,1,5
4764,7,1,2
4764,8,1,4
4764,9,1,2
4764,10,1,4
4764,11,1,3
4764,12,1,4
4765,0,1,4
4765,1,1,2
4765,2,1,4
4765,3,1,3
4765,4,1,1
4765,5,0,0
4765,6,0,0
4765,7,0,0
4765,8,0,0
4765,9,0,0
4765,10,0,0
4765,11,0,0
4765,12,0,0
4766,0,1,3
4766,1,1,2
4766,2,0,0
4766,3,0,0
4766,4,0,0
4766,5,0,0
4766,6,0,0
4766,7,0,0
4766,8,0,0
4766,9,0,0
4766,10,0,0
4766,11,0,0
4766,12,0,0
4767,0,1,2
4767,1,1,2
4767,2,1,3
4767,3,1,5
4767,4,1,3
4767,5,1,1
4767,6,1,3
4767,7,1,0
4767,8,1,1
4767,9,1,4
4767,10,1,2
4767,11,1,0
4767,12,1,3
4768,0,1,5
4768,1,1,6
4768,2,0,0
4768,3,0,0
4768,4,0,0
4768,5,0,0
4768,6,0,0
4768,7,0,0
4768,8,0,0
4768,9,0,0
4768,10,0,0
4768,11,0,0
4768,12,0,0
4769,0,1,6
4769,1,1,2
4769,2,1,0
4769,3,1,4
4769,4,1,0
4769,5,0,0
4769,6,0,0
4769,7,0,0
4769,8,0,0
4769,9,0,0
4769,10,0,0
4769,11,0,0
4769,12,0,0
4770,0,1,4
4770,1,1,7
4770,2,0,0
4770,3,0,0
4770,4,0,0
4770,5,0,0
4770,6,0,0
4770,7,0,0
4770,8,0,0
4770,9,0,0
4770,10,0,0
4770,11,0,0
4770,12,0,0
4771,0,1,4
4771,1,1,2
4771,2,1,6
4771,3,1,3
4771,4,1,1
4771,5,1,4
4771,6,1,5
4771,7,1,4
4771,8,1,2
4771,9,0,0
4771,10,0,0
4771,11,0,0
4771,12,0,0
4772,0,1,9
4772,1,0,0
4772,2,0,0
4772,3,0,0
4772,4,0,0
4772,5,0,0
4772,6,0,0
4772,7,0,0
4772,8,0,0
4772,9,0,0
4772,10,0,0
4772,11,0,0
4772,12,0,0
4773,0,1,7
4773,1,1,2
4773,2,1,4
4773,3,1,1
4773,4,1,2
4773,5,1,6
4773,6,1,1
4773,7,0,0
4773,8,0,0
4773,9,0,0
4773,10,0,0
4773,11,0,0
4773,12,0,0
4774,0,1,5
4774,1,1,3
4774,2,1,2
4774,3,1,2
4774,4,1,3
4774,5,1,1
4774,6,1,1
4774,7,1,1
4774,8,0,0
4774,9,0,0
4774,10,0,0
4774,11,0,0
4774,12,0,0
4775,0,1,3
4775,1,1,1
4775,2,0,0
4775,3,0,0
4775,4,0,0
4775,5,0,0
4775,6,0,0
4775,7,0,0
4775,8,0,0
4775,9,0,0
4775,10,0,0
4775,11,0,0
4775,12,0,0
4776,0,1,6
4776,1,1,0
4776,2,1,1
4776,3,1,3
4776,4,1,3
4776,5,1,4
4776,6,0,0
4776,7,0,0
4776,8,0,0
4776,9,0,0
4776,10,0,0
4776,11,0,0
4776,12,0,0
4777,0,1,9
4777,1,1,4
4777,2,1,4
4777,3,1,5
4777,4,1,5
4777,5,1,1
4777,6,1,5
4777,7,1,4
4777,8,1,6
4777,9,1,3
4777,10,1,3
4777,11,0,0
4777,12,0,0
4778,0,1,5
4778,1,1,3
4778,2,1,1
4778,3,1,3
4778,4,1,5
4778,5,1,3
4778,6,1,4
4778,7,1,1
4778,8,0,0
4778,9,0,0
4778,10,0,0
4778,11,0,0
4778,12,0,0
4779,0,1,4
4779,1,1,4
4779,2,1,3
4779,3,1,3
4779,4,1,4
4779,5,1,4
4779,6,1,3
4779,7,1,1
4779,8,1,2
4779,9,1,4
4779,10,1,4
4779,11,1,3
4779,12,1,4
4780,0,1,3
4780,1,1,0
4780,2,1,2
4780,3,1,4
4780,4,1,1
4780,5,1,6
4780,6,1,3
4780,7,0,0
4780,8,0,0
4780,9,0,0
4780,10,0,0
4780,11,0,0
4780,12,0,0
4781,0,1,6
4781,1,1,6
4781,2,1,4
4781,3,1,4
4781,4,1,3
4781,5,1,6
4781,6,1,5
4781,7,1,3
4781,8,1,2
4781,9,1,4
4781,10,1,1
4781,11,1,3
4781,12,1,2
4782,0,1,3
4782,1,1,1
4782,2,1,5
4782,3,0,0
4782,4,0,0
4782,5,0,0
4782,6,0,0
4782,7,0,0
4782,8,0,0
4782,9,0,0
4782,10,0,0
4782,11,0,0
4782,12,0,0
4783,0,1,9
4783,1,1,1
4783,2,1,3
4783,3,1,2
4783,4,1,0
4783,5,1,3
4783,6,0,0
4783,7,0,0
4783,8,0,0
4783,9,0,0
4783,10,0,0
4783,11,0,0
4783,12,0,0
4784,0,1,7
4784,1,1,4
4784,2,1,4
4784,3,1,1
4784,4,1,6
4784,5,1,2
4784,6,0,0
4784,7,0,0
4784,8,0,0
4784,9,0,0
4784,10,0,0
4784,11,0,0
4784,12,0,0
4785,0,1,3
4785,1,1,2
4785,2,1,4
4785,3,1,3
4785,4,1,3
4785,5,1,0
4785,6,1,6
4785,7,0,0
4785,8,0,0
4785,9,0,0
4785,10,0,0
4785,11,0,0
4785,12,0,0
4786,0,1,5
4786,1,1,4
4786,2,1,3
4786,3,1,7
4786,4,1,1
4786,5,1,0
4786,6,1,3
4786,7,1,1
4786,8,1,4
4786,9,1,5
4786,10,1,4
4786,11,1,5
4786,12,1,4
4787,0,1,8
4787,1,1,1
4787,2,1,3
4787,3,1,4
4787,4,1,4
4787,5,1,3
4787,6,1,1
4787,7,1,1
4787,8,1,6
4787,9,1,2
4787,10,1,3
4787,11,0,0
4787,12,0,0
4788,0,1,2
4788,1,1,0
4788,2,1,3
4788,3,1,5
4788,4,1,5
4788,5,1,4
4788,6,1,4
4788,7,1,2
4788,8,1,5
4788,9,1,1
4788,10,1,4
4788,11,1,3
4788,12,1,4
4789,0,1,9
4789,1,1,3
4789,2,1,3
4789,3,1,6
4789,4,1,3
4789,5,0,0
4789,6,0,0
4789,7,0,0
4789,8,0,0
4789,9,0,0
4789,10,0,0
4789,11,0,0
4789,12,0,0
4790,0,1,4
4790,1,1,1
4790,2,1,3
4790,3,0,0
4790,4,0,0
4790,5,0,0
4790,6,0,0
4790,7,0,0
4790,8,0,0
4790,9,0,0
4790,10,0,0
4790,11,0,0
4790,12,0,0
4791,0,1,4
4791,1,1,4
4791,2,1,3
4791,3,1,6
4791,4,1,2
4791,5,1,4
4791,6,1,2
4791,7,1,0
4791,8,1,1
4791,9,1,2
4791,10,1,1
4791,11,1,4
4791,12,1,3
4792,0,1,7
4792,1,1,3
4792,2,1,1
4792,3,0,0
4792,4,0,0
4792,5,0,0
4792,6,0,0
4792,7,0,0
4792,8,0,0
4792,9,0,0
4792,10,0,0
4792,11,0,0
4792,12,0,0
4793,0,1,5
4793,1,1,4
4793,2,1,1
4793,3,1,2
4793,4,1,2
4793,5,1,3
4793,6,1,5
4793,7,1,5
4793,8,0,0
4793,9,0,0
4793,10,0,0
4793,11,0,0
4793,12,0,0
4794,0,1,9
4794,1,1,3
4794,2,1,1
4794,3,1,5
4794,4,1,2
4794,5,1,1
4794,6,1,1
4794,7,1,2
4794,8,1,0
4794,9,1,0
4794,10,1,3
4794,11,0,0
4794,12,0,0
4795,0,1,6
4795,1,1,2
4795,2,1,1
4795,3,1,2
4795,4,1,6
4795,5,1,0
4795,6,1,2
4795,7,0,0
4795,8,0,0
4795,9,0,0
4795,10,0,0
4795,11,0,0
4795,12,0,0
4796,0,1,4
4796,1,1,3
4796,2,1,3
4796,3,1,4
4796,4,1,0
4796,5,1,4
4796,6,1,4
4796,7,1,6
4796,8,1,3
4796,9,1,1
4796,10,1,2
4796,11,0,0
4796,12,0,0
4797,0,1,4
4797,1,1,1
4797,2,1,1
4797,3,1,2
4797,4,1,5
4797,5,1,3
4797,6,1,2
4797,7,1,5
4797,8,1,1
4797,9,1,5
4797,10,1,7
4797,11,1,1
4797,12,1,2
4798,0,1,2
4798,1,1,2
4798,2,1,1
4798,3,1,1
4798,4,1,1
4798,5,1,3
4798,6,1,2
4798,7,1,1
4798,8,1,2
4798,9,1,2
4798,10,1,1
4798,11,1,2
4798,12,1,2
4799,0,1,7
4799,1,1,4
4799,2,1,0
4799,3,1,3
4799,4,1,2
4799,5,1,2
4799,6,1,2
4799,7,1,3
4799,8,1,3
4799,9,0,0
4799,10,0,0
4799,11,0,0
4799,12,0,0
4800,0,1,3
4800,1,1,6
4800,2,1,0
4800,3,1,1
4800,4,1,3
4800,5,1,1
4800,6,1,0
4800,7,1,2
4800,8,1,2
4800,9,1,2
4800,10,1,1
4800,11,1,0
4800,12,1,1
4801,0,1,4
4801,1,1,1
4801,2,0,0
4801,3,0,0
4801,4,0,0
4801,5,0,0
4801,6,0,0
4801,7,0,0
4801,8,0,0
4801,9,0,0
4801,10,0,0
4801,11,0,0
4801,12,0,0
4802,0,1,3
4802,1,1,2
4802,2,1,1
4802,3,1,3
4802,4,1,2
4802,5,1,2
4802,6,1,2
4802,7,1,3
4802,8,1,2
4802,9,1,1
4802,10,1,2
4802,11,1,4
4802,12,1,5
4803,0,1,3
4803,1,1,7
4803,2,0,0
4803,3,0,0
4803,4,0,0
4803,5,0,0
4803,6,0,0
4803,7,0,0
4803,8,0,0
4803,9,0,0
4803,10,0,0
4803,11,0,0
4803,12,0,0
4804,0,1,2
4804,1,1,3
4804,2,1,4
4804,3,0,0
4804,4,0,0
4804,5,0,0
4804,6,0,0
4804,7,0,0
4804,8,0,0
4804,9,0,0
4804,10,0,0
4804,11,0,0
4804,12,0,0
4805,0,1,2
4805,1,1,1
4805,2,1,2
4805,3,1,1
4805,4,0,0
4805,5,0,0
4805,6,0,0
4805,7,0,0
4805,8,0,0
4805,9,0,0
4805,10,0,0
4805,11,0,0
4805,12,0,0
4806,0,1,4
4806,1,1,2
4806,2,1,2
4806,3,1,4
4806,4,1,4
4806,5,1,1
4806,6,1,6
4806,7,1,6
4806,8,1,2
4806,9,1,4
4806,10,1,3
4806,11,1,3
4806,12,1,3
4807,0,1,2
4807,1,1,6
4807,2,1,5
4807,3,1,6
4807,4,1,2
4807,5,1,2
4807,6,1,2
4807,7,1,6
4807,8,1,6
4807,9,1,1
4807,10,1,5
4807,11,1,4
4807,12,1,5
4808,0,1,5
4808,1,0,0
4808,2,0,0
4808,3,0,0
4808,4,0,0
4808,5,0,0
4808,6,0,0
4808,7,0,0
4808,8,0,0
4808,9,0,0
4808,10,0,0
4808,11,0,0
4808,12,0,0
4809,0,1,5
4809,1,1,1
4809,2,1,1
4809,3,1,2
4809,4,1,1
4809,5,1,0
4809,6,1,0
4809,7,0,0
4809,8,0,0
4809,9,0,0
4809,10,0,0
4809,11,0,0
4809,12,0,0
4810,0,1,4
4810,1,1,3
4810,2,1,4
4810,3,1,4
4810,4,0,0
4810,5,0,0
4810,6,0,0
4810,7,0,0
4810,8,0,0
4810,9,0,0
4810,10,0,0
4810,11,0,0
4810,12,0,0
4811,0,1,6
4811,1,1,2
4811,2,1,2
4811,3,0,0
4811,4,0,0
4811,5,0,0
4811,6,0,0
4811,7,0,0
4811,8,0,0
4811,9,0,0
4811,10,0,0
4811,11,0,0
4811,12,0,0
4812,0,1,9
4812,1,1,6
4812,2,1,3
4812,3,0,0
4812,4,0,0
4812,5,0,0
4812,6,0,0
4812,7,0,0
4812,8,0,0
4812,9,0,0
4812,10,0,0
4812,11,0,0
4812,12,0,0
4813,0,1,4
4813,1,1,6
4813,2,1,3
4813,3,1,1
4813,4,1,0
4813,5,1,0
4813,6,1,3
4813,7,1,5
4813,8,1,4
4813,9,1,6
4813,10,1,6
4813,11,1,4
4813,12,1,0
4814,0,1,5
4814,1,1,3
4814,2,1,8
4814,3,1,2
4814,4,1,2
4814,5,1,6
4814,6,1,3
4814,7,1,6
4814,8,1,6
4814,9,1,5
4814,10,0,0
4814,11,0,0
4814,12,0,0
4815,0,1,6
4815,1,1,5
4815,2,1,3
4815,3,1,4
4815,4,1,1
4815,5,1,2
4815,6,1,2
4815,7,1,3
4815,8,1,2
4815,9,1,2
4815,10,1,2
4815,11,1,5
4815,12,1,6
4816,0,1,4
4816,1,1,2
4816,2,1,8
4816,3,0,0
4816,4,0,0
4816,5,0,0
4816,6,0,0
4816,7,0,0
4816,8,0,0
4816,9,0,0
4816,10,0,0
4816,11,0,0
4816,12,0,0
4817,0,1,6
4817,1,1,4
4817,2,1,2
4817,3,1,3
4817,4,1,6
4817,5,1,3
4817,6,0,0
4817,7,0,0
4817,8,0,0
4817,9,0,0
4817,10,0,0
4817,11,0,0
4817,12,0,0
4818,0,1,4
4818,1,1,4
4818,2,0,0
4818,3,0,0
4818,4,0,0
4818,5,0,0
4818,6,0,0
4818,7,0,0
4818,8,0,0
4818,9,0,0
4818,10,0,0
4818,11,0,0
4818,12,0,0
4819,0,1,8
4819,1,1,0
4819,2,1,0
4819,3,1,4
4819,4,1,3
4819,5,1,2
4819,6,1,3
4819,7,1,1
4819,8,1,4
4819,9,1,2
4819,10,0,0
4819,11,0,0
4819,12,0,0
4820,0,1,5
4820,1,0,0
4820,2,0,0
4820,3,0,0
4820,4,0,0
4820,5,0,0
4820,6,0,0
4820,7,0,0
4820,8,0,0
4820,9,0,0
4820,10,0,0
4820,11,0,0
4820,12,0,0
4821,0,1,8
4821,1,0,0
4821,2,0,0
4821,3,0,0
4821,4,0,0
4821,5,0,0
4821,6,0,0
4821,7,0,0
4821,8,0,0
4821,9,0,0
4821,10,0,0
4821,11,0,0
4821,12,0,0
4822,0,1,6
4822,1,1,6
4822,2,1,3
4822,3,1,4
4822,4,1,5
4822,5,1,3
4822,6,1,4
4822,7,1,5
4822,8,1,4
4822,9,1,5
4822,10,1,3
4822,11,0,0
4822,12,0,0
4823,0,1,7
4823,1,1,3
4823,2,1,1
4823,3,1,0
4823,4,1,1
4823,5,1,5
4823,6,1,3
4823,7,1,2
4823,8,1,3
4823,9,1,0
4823,10,1,4
4823,11,1,1
4823,12,1,2
4824,0,1,2
4824,1,1,1
4824,2,0,0
4824,3,0,0
4824,4,0,0
4824,5,0,0
4824,6,0,0
4824,7,0,0
4824,8,0,0
4824,9,0,0
4824,10,0,0
4824,11,0,0
4824,12,0,0
4825,0,1,5
4825,1,0,0
4825,2,0,0
4825,3,0,0
4825,4,0,0
4825,5,0,0
4825,6,0,0
4825,7,0,0
4825,8,0,0
4825,9,0,0
4825,10,0,0
4825,11,0,0
4825,12,0,0
4826,0,1,9
4826,1,1,1
4826,2,1,5
4826,3,1,3
4826,4,1,2
4826,5,0,0
4826,6,0,0
4826,7,0,0
4826,8,0,0
4826,9,0,0
4826,10,0,0
4826,11,0,0
4826,12,0,0
4827,0,1,7
4827,1,1,1
4827,2,1,3
4827,3,1,1
4827,4,1,4
4827,5,1,1
4827,6,1,1
4827,7,1,2
4827,8,1,2
4827,9,1,4
4827,10,1,0
4827,11,1,3
4827,12,0,0
4828,0,1,5
4828,1,1,2
4828,2,1,5
4828,3,1,8
4828,4,1,3
4828,5,1,4
4828,6,1,2
4828,7,1,1
4828,8,1,1
4828,9,1,6
4828,10,1,5
4828,11,1,3
4828,12,1,2
4829,0,1,6
4829,1,1,2
4829,2,1,2
4829,3,1,1
4829,4,1,2
4829,5,0,0
4829,6,0,0
4829,7,0,0
4829,8,0,0
4829,9,0,0
4829,10,0,0
4829,11,0,0
4829,12,0,0
4830,0,1,5
4830,1,1,4
4830,2,1,2
4830,3,1,3
4830,4,0,0
4830,5,0,0
4830,6,0,0
4830,7,0,0
4830,8,0,0
4830,9,0,0
4830,10,0,0
4830,11,0,0
4830,12,0,0
4831,0,1,10
4831,1,1,1
4831,2,1,3
4831,3,1,3
4831,4,1,3
4831,5,0,0
4831,6,0,0
4831,7,0,0
4831,8,0,0
4831,9,0,0
4831,10,0,0
4831,11,0,0
4831,12,0,0
4832,0,1,4
4832,1,1,6
4832,2,1,3
4832,3,1,6
4832,4,1,4
4832,5,1,1
4832,6,1,3
4832,7,1,7
4832,8,1,4
4832,9,1,1
4832,10,1,6
4832,11,1,2
4832,12,1,2
4833,0,1,5
4833,1,1,5
4833,2,1,3
4833,3,1,1
4833,4,1,5
4833,5,1,6
4833,6,1,2
4833,7,1,4
4833,8,1,5
4833,9,1,2
4833,10,0,0
4833,11,0,0
4833,12,0,0
4834,0,1,5
4834,1,1,4
4834,2,1,6
4834,3,1,3
4834,4,1,3
4834,5,1,5
4834,6,1,2
4834,7,1,0
4834,8,1,3
4834,9,1,2
4834,10,1,2
4834,11,1,7
4834,12,1,4
4835,0,1,6
4835,1,1,3
4835,2,1,3
4835,3,0,0
4835,4,0,0
4835,5,0,0
4835,6,0,0
4835,7,0,0
4835,8,0,0
4835,9,0,0
4835,10,0,0
4835,11,0,0
4835,12,0,0
4836,0,1,3
4836,1,1,2
4836,2,1,5
4836,3,1,6
4836,4,1,5
4836,5,1,4
4836,6,1,3
4836,7,1,2
4836,8,0,0
4836,9,0,0
4836,10,0,0
4836,11,0,0
4836,12,0,0
4837,0,1,6
4837,1,1,2
4837,2,1,4
4837,3,1,2
4837,4,1,3
4837,5,1,3
4837,6,1,1
4837,7,1,3
4837,8,0,0
4837,9,0,0
4837,10,0,0
4837,11,0,0
4837,12,0,0
4838,0,1,4
4838,1,1,1
4838,2,1,2
4838,3,0,0
4838,4,0,0
4838,5,0,0
4838,6,0,0
4838,7,0,0
4838,8,0,0
4838,9,0,0
4838,10,0,0
4838,11,0,0
4838,12,0,0
4839,0,1,7
4839,1,1,2
4839,2,1,3
4839,3,1,1
4839,4,1,2
4839,5,1,3
4839,6,1,5
4839,7,1,3
4839,8,1,2
4839,9,1,5
4839,10,1,0
4839,11,1,5
4839,12,1,1
4840,0,1,8
4840,1,1,2
4840,2,1,6
4840,3,1,8
4840,4,1,1
4840,5,1,1
4840,6,1,4
4840,7,1,2
4840,8,1,0
4840,9,1,2
4840,10,1,1
4840,11,1,2
4840,12,1,4
4841,0,1,6
4841,1,1,4
4841,2,1,8
4841,3,1,5
4841,4,1,3
4841,5,1,4
4841,6,0,0
4841,7,0,0
4841,8,0,0
4841,9,0,0
4841,10,0,0
4841,11,0,0
4841,12,0,0
4842,0,1,3
4842,1,1,5
4842,2,1,2
4842,3,0,0
4842,4,0,0
4842,5,0,0
4842,6,0,0
4842,7,0,0
4842,8,0,0
4842,9,0,0
4842,10,0,0
4842,11,0,0
4842,12,0,0
4843,0,1,4
4843,1,1,4
4843,2,1,9
4843,3,1,4
4843,4,0,0
4843,5,0,0
4843,6,0,0
4843,7,0,0
4843,8,0,0
4843,9,0,0
4843,10,0,0
4843,11,0,0
4843,12,0,0
4844,0,1,4
4844,1,1,5
4844,2,1,5
4844,3,1,6
4844,4,1,2
4844,5,1,2
4844,6,1,4
4844,7,1,2
4844,8,1,4
4844,9,1,3
4844,10,1,3
4844,11,1,1
4844,12,1,1
4845,0,1,7
4845,1,1,8
4845,2,1,7
4845,3,1,6
4845,4,1,3
4845,5,1,3
4845,6,1,2
4845,7,1,3
4845,8,1,4
4845,9,1,3
4845,10,1,2
4845,11,1,4
4845,12,1,3
4846,0,1,3
4846,1,1,0
4846,2,1,3
4846,3,0,0
4846,4,0,0
4846,5,0,0
4846,6,0,0
4846,7,0,0
4846,8,0,0
4846,9,0,0
4846,10,0,0
4846,11,0,0
4846,12,0,0
4847,0,1,7
4847,1,1,3
4847,2,1,5
4847,3,1,1
4847,4,1,1
4847,5,1,3
4847,6,1,1
4847,7,1,1
4847,8,0,0
4847,9,0,0
4847,10,0,0
4847,11,0,0
4847,12,0,0
4848,0,1,6
4848,1,1,5
4848,2,1,4
4848,3,1,6
4848,4,1,0
4848,5,1,3
4848,6,1,7
4848,7,1,3
4848,8,1,3
4848,9,1,2
4848,10,1,6
4848,11,0,0
4848,12,0,0
4849,0,1,7
4849,1,1,4
4849,2,1,2
4849,3,1,4
4849,4,0,0
4849,5,0,0
4849,6,0,0
4849,7,0,0
4849,8,0,0
4849,9,0,0
4849,10,0,0
4849,11,0,0
4849,12,0,0
4850,0,1,5
4850,1,1,3
4850,2,1,4
4850,3,1,7
4850,4,1,3
4850,5,1,5
4850,6,1,0
4850,7,1,3
4850,8,1,3
4850,9,1,8
4850,10,0,0
4850,11,0,0
4850,12,0,0
4851,0,1,4
4851,1,1,3
4851,2,1,3
4851,3,0,0
4851,4,0,0
4851,5,0,0
4851,6,0,0
4851,7,0,0
4851,8,0,0
4851,9,0,0
4851,10,0,0
4851,11,0,0
4851,12,0,0
4852,0,1,8
4852,1,1,1
4852,2,1,4
4852,3,1,2
4852,4,1,2
4852,5,1,2
4852,6,1,1
4852,7,1,2
4852,8,0,0
4852,9,0,0
4852,10,0,0
4852,11,0,0
4852,12,0,0
4853,0,1,5
4853,1,1,3
4853,2,1,3
4853,3,0,0
4853,4,0,0
4853,5,0,0
4853,6,0,0
4853,7,0,0
4853,8,0,0
4853,9,0,0
4853,10,0,0
4853,11,0,0
4853,12,0,0
4854,0,1,6
4854,1,1,2
4854,2,1,3
4854,3,1,3
4854,4,1,4
4854,5,1,2
4854,6,1,3
4854,7,1,5
4854,8,1,4
4854,9,0,0
4854,10,0,0
4854,11,0,0
4854,12,0,0
4855,0,1,5
4855,1,1,1
4855,2,1,0
4855,3,1,2
4855,4,1,6
4855,5,1,0
4855,6,1,3
4855,7,1,1
4855,8,1,1
4855,9,1,3
4855,10,1,1
4855,11,1,0
4855,12,1,1
4856,0,1,3
4856,1,1,3
4856,2,1,0
4856,3,1,3
4856,4,1,1
4856,5,1,5
4856,6,1,1
4856,7,1,2
4856,8,1,1
4856,9,1,2
4856,10,0,0
4856,11,0,0
4856,12,0,0
4857,0,1,8
4857,1,1,1
4857,2,1,1
4857,3,1,3
4857,4,1,1
4857,5,0,0
4857,6,0,0
4857,7,0,0
4857,8,0,0
4857,9,0,0
4857,10,0,0
4857,11,0,0
4857,12,0,0
4858,0,1,9
4858,1,1,4
4858,2,1,4
4858,3,1,4
4858,4,1,3
4858,5,0,0
4858,6,0,0
4858,7,0,0
4858,8,0,0
4858,9,0,0
4858,10,0,0
4858,11,0,0
4858,12,0,0
4859,0,1,6
4859,1,1,3
4859,2,1,2
4859,3,0,0
4859,4,0,0
4859,5,0,0
4859,6,0,0
4859,7,0,0
4859,8,0,0
4859,9,0,0
4859,10,0,0
4859,11,0,0
4859,12,0,0
4860,0,1,5
4860,1,1,6
4860,2,1,5
4860,3,0,0
4860,4,0,0
4860,5,0,0
4860,6,0,0
4860,7,0,0
4860,8,0,0
4860,9,0,0
4860,10,0,0
4860,11,0,0
4860,12,0,0
4861,0,1,6
4861,1,1,5
4861,2,0,0
4861,3,0,0
4861,4,0,0
4861,5,0,0
4861,6,0,0
4861,7,0,0
4861,8,0,0
4861,9,0,0
4861,10,0,0
4861,11,0,0
4861,12,0,0
4862,0,1,5
4862,1,1,3
4862,2,1,3
4862,3,1,4
4862,4,1,1
4862,5,1,2
4862,6,1,9
4862,7,1,1
4862,8,1,7
4862,9,1,4
4862,10,1,4
4862,11,1,3
4862,12,1,5
4863,0,1,3
4863,1,1,2
4863,2,1,2
4863,3,0,0
4863,4,0,0
4863,5,0,0
4863,6,0,0
4863,7,0,0
4863,8,0,0
4863,9,0,0
4863,10,0,0
4863,11,0,0
4863,12,0,0
4864,0,1,6
4864,1,1,8
4864,2,1,2
4864,3,1,4
4864,4,1,6
4864,5,1,2
4864,6,1,3
4864,7,1,1
4864,8,1,3
4864,9,1,3
4864,10,1,2
4864,11,0,0
4864,12,0,0
4865,0,1,3
4865,1,0,0
4865,2,0,0
4865,3,0,0
4865,4,0,0
4865,5,0,0
4865,6,0,0
4865,7,0,0
4865,8,0,0
4865,9,0,0
4865,10,0,0
4865,11,0,0
4865,12,0,0
4866,0,1,6
4866,1,1,4
4866,2,1,0
4866,3,1,3
4866,4,1,1
4866,5,1,2
4866,6,1,4
4866,7,0,0
4866,8,0,0
4866,9,0,0
4866,10,0,0
4866,11,0,0
4866,12,0,0
4867,0,1,11
4867,1,1,4
4867,2,1,3
4867,3,1,4
4867,4,1,2
4867,5,1,2
4867,6,0,0
4867,7,0,0
4867,8,0,0
4867,9,0,0
4867,10,0,0
4867,11,0,0
4867,12,0,0
4868,0,1,3
4868,1,1,4
4868,2,1,0
4868,3,1,1
4868,4,1,2
4868,5,1,3
4868,6,1,1
4868,7,1,2
4868,8,1,2
4868,9,1,2
4868,10,1,2
4868,11,1,1
4868,12,1,2
4869,0,1,7
4869,1,1,7
4869,2,1,6
4869,3,1,4
4869,4,1,3
4869,5,1,4
4869,6,1,2
4869,7,1,4
4869,8,1,1
4869,9,1,3
4869,10,1,7
4869,11,1,2
4869,12,1,3
4870,0,1,7
4870,1,1,2
4870,2,1,1
4870,3,1,1
4870,4,0,0
4870,5,0,0
4870,6,0,0
4870,7,0,0
4870,8,0,0
4870,9,0,0
4870,10,0,0
4870,11,0,0
4870,12,0,0
4871,0,1,4
4871,1,1,1
4871,2,1,0
4871,3,1,1
4871,4,1,0
4871,5,1,3
4871,6,1,1
4871,7,1,5
4871,8,1,1
4871,9,1,2
4871,10,1,2
4871,11,1,2
4871,12,1,2
4872,0,1,1
4872,1,1,2
4872,2,1,2
4872,3,1,3
4872,4,1,3
4872,5,1,4
4872,6,1,4
4872,7,1,4
4872,8,1,3
4872,9,0,0
4872,10,0,0
4872,11,0,0
4872,12,0,0
4873,0,1,7
4873,1,1,1
4873,2,1,2
4873,3,0,0
4873,4,0,0
4873,5,0,0
4873,6,0,0
4873,7,0,0
4873,8,0,0
4873,9,0,0
4873,10,0,0
4873,11,0,0
4873,12,0,0
4874,0,1,6
4874,1,1,0
4874,2,1,3
4874,3,1,1
4874,4,1,6
4874,5,1,0
4874,6,1,4
4874,7,1,3
4874,8,1,2
4874,9,1,3
4874,10,0,0
4874,11,0,0
4874,12,0,0
4875,0,1,4
4875,1,1,3
4875,2,1,4
4875,3,1,2
4875,4,1,2
4875,5,0,0
4875,6,0,0
4875,7,0,0
4875,8,0,0
4875,9,0,0
4875,10,0,0
4875,11,0,0
4875,12,0,0
4876,0,1,4
4876,1,1,1
4876,2,1,2
4876,3,1,3
4876,4,1,2
4876,5,1,4
4876,6,1,5
4876,7,1,0
4876,8,1,2
4876,9,1,2
4876,10,1,2
4876,11,1,3
4876,12,1,1
4877,0,1,4
4877,1,0,0
4877,2,0,0
4877,3,0,0
4877,4,0,0
4877,5,0,0
4877,6,0,0
4877,7,0,0
4877,8,0,0
4877,9,0,0
4877,10,0,0
4877,11,0,0
4877,12,0,0
4878,0,1,5
4878,1,1,5
4878,2,1,0
4878,3,1,0
4878,4,1,3
4878,5,1,4
4878,6,1,1
4878,7,1,5
4878,8,1,3
4878,9,1,3
4878,10,1,3
4878,11,1,2
4878,12,1,4
4879,0,1,7
4879,1,1,2
4879,2,1,7
4879,3,1,3
4879,4,1,2
4879,5,1,2
4879,6,1,4
4879,7,1,2
4879,8,1,0
4879,9,1,3
4879,10,1,3
4879,11,1,5
4879,12,1,4
4880,0,1,2
4880,1,1,4
4880,2,1,2
4880,3,1,5
4880,4,1,6
4880,5,1,3
4880,6,1,5
4880,7,1,0
4880,8,1,2
4880,9,1,2
4880,10,1,6
4880,11,1,4
4880,12,1,4
4881,0,1,6
4881,1,1,3
4881,2,1,6
4881,3,1,4
4881,4,0,0
4881,5,0,0
4881,6,0,0
4881,7,0,0
4881,8,0,0
4881,9,0,0
4881,10,0,0
4881,11,0,0
4881,12,0,0
4882,0,1,6
4882,1,1,4
4882,2,1,4
4882,3,0,0
4882,4,0,0
4882,5,0,0
4882,6,0,0
4882,7,0,0
4882,8,0,0
4882,9,0,0
4882,10,0,0
4882,11,0,0
4882,12,0,0
4883,0,1,4
4883,1,1,4
4883,2,1,2
4883,3,1,1
4883,4,1,0
4883,5,1,2
4883,6,1,3
4883,7,1,4
4883,8,1,4
4883,9,0,0
4883,10,0,0
4883,11,0,0
4883,12,0,0
4884,0,1,3
4884,1,1,8
4884,2,1,4
4884,3,1,4
4884,4,1,5
4884,5,1,4
4884,6,1,3
4884,7,0,0
4884,8,0,0
4884,9,0,0
4884,10,0,0
4884,11,0,0
4884,12,0,0
4885,0,1,6
4885,1,1,4
4885,2,0,0
4885,3,0,0
4885,4,0,0
4885,5,0,0
4885,6,0,0
4885,7,0,0
4885,8,0,0
4885,9,0,0
4885,10,0,0
4885,11,0,0
4885,12,0,0
4886,0,1,8
4886,1,1,3
4886,2,1,4
4886,3,1,10
4886,4,0,0
4886,5,0,0
4886,6,0,0
4886,7,0,0
4886,8,0,0
4886,9,0,0
4886,10,0,0
4886,11,0,0
4886,12,0,0
4887,0,1,5
4887,1,1,3
4887,2,0,0
4887,3,0,0
4887,4,0,0
4887,5,0,0
4887,6,0,0
4887,7,0,0
4887,8,0,0
4887,9,0,0
4887,10,0,0
4887,11,0,0
4887,12,0,0
4888,0,1,5
4888,1,1,5
4888,2,1,1
4888,3,1,0
4888,4,1,3
4888,5,0,0
4888,6,0,0
4888,7,0,0
4888,8,0,0
4888,9,0,0
4888,10,0,0
4888,11,0,0
4888,12,0,0
4889,0,1,7
4889,1,1,4
4889,2,1,3
4889,3,1,2
4889,4,1,4
4889,5,1,4
4889,6,1,4
4889,7,1,2
4889,8,1,4
4889,9,1,5
4889,10,1,8
4889,11,1,4
4889,12,1,1
4890,0,1,4
4890,1,1,4
4890,2,1,2
4890,3,1,1
4890,4,1,4
4890,5,1,3
4890,6,1,4
4890,7,1,2
4890,8,1,1
4890,9,1,2
4890,10,1,1
4890,11,1,2
4890,12,1,3
4891,0,1,2
4891,1,1,4
4891,2,1,4
4891,3,1,3
4891,4,1,4
4891,5,1,4
4891,6,0,0
4891,7,0,0
4891,8,0,0
4891,9,0,0
4891,10,0,0
4891,11,0,0
4891,12,0,0
4892,0,1,6
4892,1,1,2
4892,2,1,4
4892,3,1,5
4892,4,1,4
4892,5,0,0
4892,6,0,0
4892,7,0,0
4892,8,0,0
4892,9,0,0
4892,10,0,0
4892,11,0,0
4892,12,0,0
4893,0,1,9
4893,1,1,5
4893,2,1,4
4893,3,1,4
4893,4,1,3
4893,5,1,7
4893,6,1,2
4893,7,1,5
4893,8,1,5
4893,9,1,1
4893,10,1,6
4893,11,1,3
4893,12,0,0
4894,0,1,5
4894,1,0,0
4894,2,0,0
4894,3,0,0
4894,4,0,0
4894,5,0,0
4894,6,0,0
4894,7,0,0
4894,8,0,0
4894,9,0,0
4894,10,0,0
4894,11,0,0
4894,12,0,0
4895,0,1,4
4895,1,1,5
4895,2,1,1
4895,3,1,3
4895,4,1,5
4895,5,1,6
4895,6,0,0
4895,7,0,0
4895,8,0,0
4895,9,0,0
4895,10,0,0
4895,11,0,0
4895,12,0,0
4896,0,1,5
4896,1,0,0
4896,2,0,0
4896,3,0,0
4896,4,0,0
4896,5,0,0
4896,6,0,0
4896,7,0,0
4896,8,0,0
4896,9,0,0
4896,10,0,0
4896,11,0,0
4896,12,0,0
4897,0,1,4
4897,1,1,5
4897,2,1,2
4897,3,1,4
4897,4,1,6
4897,5,1,2
4897,6,1,3
4897,7,1,3
4897,8,1,5
4897,9,1,1
4897,10,1,3
4897,11,1,2
4897,12,1,2
4898,0,1,5
4898,1,1,0
4898,2,1,0
4898,3,1,1
4898,4,0,0
4898,5,0,0
4898,6,0,0
4898,7,0,0
4898,8,0,0
4898,9,0,0
4898,10,0,0
4898,11,0,0
4898,12,0,0
4899,0,1,5
4899,1,1,1
4899,2,1,3
4899,3,1,1
4899,4,0,0
4899,5,0,0
4899,6,0,0
4899,7,0,0
4899,8,0,0
4899,9,0,0
4899,10,0,0
4899,11,0,0
4899,12,0,0
4900,0,1,8
4900,1,0,0
4900,2,0,0
4900,3,0,0
4900,4,0,0
4900,5,0,0
4900,6,0,0
4900,7,0,0
4900,8,0,0
4900,9,0,0
4900,10,0,0
4900,11,0,0
4900,12,0,0
4901,0,1,5
4901,1,1,8
4901,2,1,2
4901,3,0,0
4901,4,0,0
4901,5,0,0
4901,6,0,0
4901,7,0,0
4901,8,0,0
4901,9,0,0
4901,10,0,0
4901,11,0,0
4901,12,0,0
4902,0,1,3
4902,1,1,1
4902,2,1,4
4902,3,1,2
4902,4,1,3
4902,5,1,1
4902,6,1,3
4902,7,1,2
4902,8,1,2
4902,9,0,0
4902,10,0,0
4902,11,0,0
4902,12,0,0
4903,0,1,6
4903,1,1,1
4903,2,1,1
4903,3,1,3
4903,4,1,3
4903,5,1,5
4903,6,1,1
4903,7,1,1
4903,8,1,4
4903,9,1,0
4903,10,1,3
4903,11,1,1
4903,12,1,0
4904,0,1,3
4904,1,1,3
4904,2,1,2
4904,3,1,2
4904,4,1,3
4904,5,1,1
4904,6,1,3
4904,7,1,3
4904,8,1,3
4904,9,1,2
4904,10,1,2
4904,11,0,0
4904,12,0,0
4905,0,1,5
4905,1,0,0
4905,2,0,0
4905,3,0,0
4905,4,0,0
4905,5,0,0
4905,6,0,0
4905,7,0,0
4905,8,0,0
4905,9,0,0
4905,10,0,0
4905,11,0,0
4905,12,0,0
4906,0,1,5
4906,1,1,5
4906,2,1,1
4906,3,1,3
4906,4,1,2
4906,5,1,2
4906,6,0,0
4906,7,0,0
4906,8,0,0
4906,9,0,0
4906,10,0,0
4906,11,0,0
4906,12,0,0
4907,0,1,5
4907,1,0,0
4907,2,0,0
4907,3,0,0
4907,4,0,0
4907,5,0,0
4907,6,0,0
4907,7,0,0
4907,8,0,0
4907,9,0,0
4907,10,0,0
4907,11,0,0
4907,12,0,0
4908,0,1,7
4908,1,1,1
4908,2,1,1
4908,3,1,2
4908,4,1,2
4908,5,1,4
4908,6,1,0
4908,7,1,3
4908,8,1,3
4908,9,1,1
4908,10,1,2
4908,11,1,1
4908,12,1,2
4909,0,1,5
4909,1,1,2
4909,2,1,3
4909,3,1,5
4909,4,1,2
4909,5,1,0
4909,6,1,2
4909,7,1,4
4909,8,1,2
4909,9,1,2
4909,10,1,1
4909,11,1,2
4909,12,0,0
4910,0,1,4
4910,1,1,4
4910,2,1,2
4910,3,1,2
4910,4,1,4
4910,5,1,4
4910,6,1,3
4910,7,1,4
4910,8,1,8
4910,9,1,2
4910,10,1,6
4910,11,1,2
4910,12,1,3
4911,0,1,4
4911,1,1,5
4911,2,1,2
4911,3,1,2
4911,4,1,3
4911,5,1,5
4911,6,0,0
4911,7,0,0
4911,8,0,0
4911,9,0,0
4911,10,0,0
4911,11,0,0
4911,12,0,0
4912,0,1,5
4912,1,1,1
4912,2,1,3
4912,3,1,2
4912,4,1,1
4912,5,1,5
4912,6,1,0
4912,7,0,0
4912,8,0,0
4912,9,0,0
4912,10,0,0
4912,11,0,0
4912,12,0,0
4913,0,1,6
4913,1,0,0
4913,2,0,0
4913,3,0,0
4913,4,0,0
4913,5,0,0
4913,6,0,0
4913,7,0,0
4913,8,0,0
4913,9,0,0
4913,10,0,0
4913,11,0,0
4913,12,0,0
4914,0,1,9
4914,1,1,1
4914,2,1,1
4914,3,1,1
4914,4,1,3
4914,5,1,2
4914,6,1,5
4914,7,1,0
4914,8,1,5
4914,9,0,0
4914,10,0,0
4914,11,0,0
4914,12,0,0
4915,0,1,5
4915,1,1,4
4915,2,1,5
4915,3,1,6
4915,4,1,4
4915,5,1,4
4915,6,1,3
4915,7,1,8
4915,8,1,4
4915,9,1,2
4915,10,1,2
4915,11,1,6
4915,12,1,2
4916,0,1,5
4916,1,1,1
4916,2,1,1
4916,3,1,10
4916,4,1,1
4916,5,1,3
4916,6,0,0
4916,7,0,0
4916,8,0,0
4916,9,0,0
4916,10,0,0
4916,11,0,0
4916,12,0,0
4917,0,1,7
4917,1,1,1
4917,2,1,2
4917,3,1,2
4917,4,1,7
4917,5,0,0
4917,6,0,0
4917,7,0,0
4917,8,0,0
4917,9,0,0
4917,10,0,0
4917,11,0,0
4917,12,0,0
4918,0,1,7
4918,1,1,4
4918,2,0,0
4918,3,0,0
4918,4,0,0
4918,5,0,0
4918,6,0,0
4918,7,0,0
4918,8,0,0
4918,9,0,0
4918,10,0,0
4918,11,0,0
4918,12,0,0
4919,0,1,7
4919,1,1,5
4919,2,1,4
4919,3,1,5
4919,4,1,0
4919,5,1,8
4919,6,1,2
4919,7,1,4
4919,8,1,4
4919,9,1,2
4919,10,1,4
4919,11,1,3
4919,12,1,7
4920,0,1,2
4920,1,1,6
4920,2,1,6
4920,3,1,5
4920,4,1,3
4920,5,1,3
4920,6,1,4
4920,7,1,3
4920,8,1,5
4920,9,1,6
4920,10,1,6
4920,11,1,4
4920,12,1,3
4921,0,1,6
4921,1,1,0
4921,2,1,2
4921,3,1,3
4921,4,1,2
4921,5,1,3
4921,6,1,0
4921,7,1,4
4921,8,1,1
4921,9,1,0
4921,10,1,2
4921,11,1,1
4921,12,1,2
4922,0,1,10
4922,1,1,4
4922,2,1,1
4922,3,1,1
4922,4,1,0
4922,5,1,1
4922,6,1,4
4922,7,1,1
4922,8,1,0
4922,9,1,3
4922,10,0,0
4922,11,0,0
4922,12,0,0
4923,0,1,8
4923,1,0,0
4923,2,0,0
4923,3,0,0
4923,4,0,0
4923,5,0,0
4923,6,0,0
4923,7,0,0
4923,8,0,0
4923,9,0,0
4923,10,0,0
4923,11,0,0
4923,12,0,0
4924,0,1,4
4924,1,1,2
4924,2,1,2
4924,3,1,1
4924,4,0,0
4924,5,0,0
4924,6,0,0
4924,7,0,0
4924,8,0,0
4924,9,0,0
4924,10,0,0
4924,11,0,0
4924,12,0,0
4925,0,1,6
4925,1,1,3
4925,2,1,4
4925,3,1,4
4925,4,1,4
4925,5,1,3
4925,6,1,5
4925,7,1,5
4925,8,1,4
4925,9,1,2
4925,10,1,5
4925,11,1,2
4925,12,1,2
4926,0,1,7
4926,1,1,3
4926,2,1,0
4926,3,1,5
4926,4,1,3
4926,5,0,0
4926,6,0,0
4926,7,0,0
4926,8,0,0
4926,9,0,0
4926,10,0,0
4926,11,0,0
4926,12,0,0
4927,0,1,3
4927,1,1,2
4927,2,1,2
4927,3,1,3
4927,4,0,0
4927,5,0,0
4927,6,0,0
4927,7,0,0
4927,8,0,0
4927,9,0,0
4927,10,0,0
4927,11,0,0
4927,12,0,0
4928,0,1,3
4928,1,1,7
4928,2,1,8
4928,3,1,3
4928,4,1,4
4928,5,1,4
4928,6,1,5
4928,7,1,2
4928,8,1,7
4928,9,1,2
4928,10,1,4
4928,11,1,1
4928,12,1,5
4929,0,1,6
4929,1,1,7
4929,2,1,3
4929,3,1,1
4929,4,1,3
4929,5,1,4
4929,6,1,3
4929,7,1,1
4929,8,1,6
4929,9,1,3
4929,10,1,4
4929,11,1,1
4929,12,1,4
4930,0,1,3
4930,1,1,1
4930,2,0,0
4930,3,0,0
4930,4,0,0
4930,5,0,0
4930,6,0,0
4930,7,0,0
4930,8,0,0
4930,9,0,0
4930,10,0,0
4930,11,0,0
4930,12,0,0
4931,0,1,4
4931,1,1,6
4931,2,1,2
4931,3,1,2
4931,4,1,4
4931,5,1,5
4931,6,1,4
4931,7,1,4
4931,8,0,0
4931,9,0,0
4931,10,0,0
4931,11,0,0
4931,12,0,0
4932,0,1,5
4932,1,1,1
4932,2,1,3
4932,3,1,0
4932,4,0,0
4932,5,0,0
4932,6,0,0
4932,7,0,0
4932,8,0,0
4932,9,0,0
4932,10,0,0
4932,11,0,0
4932,12,0,0
4933,0,1,3
4933,1,1,5
4933,2,1,2
4933,3,1,4
4933,4,1,2
4933,5,1,6
4933,6,1,3
4933,7,1,2
4933,8,1,5
4933,9,0,0
4933,10,0,0
4933,11,0,0
4933,12,0,0
4934,0,1,1
4934,1,1,0
4934,2,1,3
4934,3,1,1
4934,4,1,5
4934,5,1,2
4934,6,1,4
4934,7,1,2
4934,8,1,4
4934,9,1,3
4934,10,0,0
4934,11,0,0
4934,12,0,0
4935,0,1,6
4935,1,0,0
4935,2,0,0
4935,3,0,0
4935,4,0,0
4935,5,0,0
4935,6,0,0
4935,7,0,0
4935,8,0,0
4935,9,0,0
4935,10,0,0
4935,11,0,0
4935,12,0,0
4936,0,1,9
4936,1,1,5
4936,2,1,2
4936,3,1,3
4936,4,1,2
4936,5,1,1
4936,6,1,3
4936,7,0,0
4936,8,0,0
4936,9,0,0
4936,10,0,0
4936,11,0,0
4936,12,0,0
4937,0,1,3
4937,1,1,2
4937,2,0,0
4937,3,0,0
4937,4,0,0
4937,5,0,0
4937,6,0,0
4937,7,0,0
4937,8,0,0
4937,9,0,0
4937,10,0,0
4937,11,0,0
4937,12,0,0
4938,0,1,5
4938,1,1,5
4938,2,1,7
4938,3,1,4
4938,4,1,2
4938,5,1,3
4938,6,1,0
4938,7,1,6
4938,8,1,5
4938,9,1,3
4938,10,1,1
4938,11,1,5
4938,12,1,4
4939,0,1,7
4939,1,1,2
4939,2,1,2
4939,3,1,5
4939,4,1,2
4939,5,1,2
4939,6,1,2
4939,7,1,1
4939,8,1,2
4939,9,1,5
4939,10,1,3
4939,11,1,0
4939,12,1,4
4940,0,1,5
4940,1,1,4
4940,2,1,2
4940,3,1,4
4940,4,0,0
4940,5,0,0
4940,6,0,0
4940,7,0,0
4940,8,0,0
4940,9,0,0
4940,10,0,0
4940,11,0,0
4940,12,0,0
4941,0,1,6
4941,1,1,4
4941,2,1,0
4941,3,1,4
4941,4,1,2
4941,5,1,4
4941,6,0,0
4941,7,0,0
4941,8,0,0
4941,9,0,0
4941,10,0,0
4941,11,0,0
4941,12,0,0
4942,0,1,3
4942,1,1,1
4942,2,1,2
4942,3,0,0
4942,4,0,0
4942,5,0,0
4942,6,0,0
4942,7,0,0
4942,8,0,0
4942,9,0,0
4942,10,0,0
4942,11,0,0
4942,12,0,0
4943,0,1,5
4943,1,1,1
4943,2,1,1
4943,3,1,3
4943,4,1,0
4943,5,1,2
4943,6,1,4
4943,7,1,2
4943,8,1,3
4943,9,1,1
4943,10,1,6
4943,11,1,3
4943,12,1,3
4944,0,1,7
4944,1,1,7
4944,2,1,1
4944,3,1,1
4944,4,1,6
4944,5,1,5
4944,6,1,2
4944,7,1,1
4944,8,1,2
4944,9,1,0
4944,10,1,4
4944,11,1,3
4944,12,1,3
4945,0,1,5
4945,1,1,0
4945,2,1,2
4945,3,1,2
4945,4,1,1
4945,5,1,1
4945,6,1,2
4945,7,1,6
4945,8,1,2
4945,9,1,1
4945,10,1,1
4945,11,0,0
4945,12,0,0
4946,0,1,10
4946,1,1,1
4946,2,0,0
4946,3,0,0
4946,4,0,0
4946,5,0,0
4946,6,0,0
4946,7,0,0
4946,8,0,0
4946,9,0,0
4946,10,0,0
4946,11,0,0
4946,12,0,0
4947,0,1,11
4947,1,1,3
4947,2,1,3
4947,3,1,1
4947,4,1,4
4947,5,1,6
4947,6,1,1
4947,7,1,3
4947,8,1,4
4947,9,1,3
4947,10,1,1
4947,11,1,3
4947,12,1,4
4948,0,1,6
4948,1,1,3
4948,2,1,0
4948,3,1,1
4948,4,1,2
4948,5,1,3
4948,6,1,4
4948,7,1,2
4948,8,1,5
4948,9,1,3
4948,10,1,6
4948,11,1,0
4948,12,1,1
4949,0,1,4
4949,1,1,5
4949,2,1,2
4949,3,1,2
4949,4,1,3
4949,5,1,7
4949,6,1,2
4949,7,1,4
4949,8,1,2
4949,9,1,3
4949,10,1,2
4949,11,1,1
4949,12,1,2
4950,0,1,5
4950,1,1,1
4950,2,1,6
4950,3,1,2
4950,4,1,5
4950,5,1,1
4950,6,1,0
4950,7,1,2
4950,8,1,1
4950,9,1,0
4950,10,1,1
4950,11,1,1
4950,12,1,0
4951,0,1,5
4951,1,1,6
4951,2,1,2
4951,3,1,4
4951,4,1,4
4951,5,1,2
4951,6,1,2
4951,7,1,7
4951,8,1,5
4951,9,1,5
4951,10,1,3
4951,11,0,0
4951,12,0,0
4952,0,1,6
4952,1,1,1
4952,2,1,1
4952,3,1,2
4952,4,1,1
4952,5,1,2
4952,6,1,2
4952,7,1,1
4952,8,1,3
4952,9,1,4
4952,10,1,3
4952,11,1,2
4952,12,1,3
4953,0,1,7
4953,1,1,5
4953,2,1,1
4953,3,1,7
4953,4,1,2
4953,5,1,5
4953,6,1,3
4953,7,1,6
4953,8,0,0
4953,9,0,0
4953,10,0,0
4953,11,0,0
4953,12,0,0
4954,0,1,3
4954,1,1,1
4954,2,1,3
4954,3,1,2
4954,4,1,3
4954,5,1,3
4954,6,1,3
4954,7,1,0
4954,8,1,2
4954,9,1,4
4954,10,1,1
4954,11,1,1
4954,12,1,1
4955,0,1,4
4955,1,1,4
4955,2,1,2
4955,3,1,2
4955,4,1,1
4955,5,1,1
4955,6,1,1
4955,7,1,1
4955,8,1,4
4955,9,1,3
4955,10,1,2
4955,11,1,3
4955,12,1,2
4956,0,1,4
4956,1,1,5
4956,2,1,5
4956,3,1,2
4956,4,1,4
4956,5,0,0
4956,6,0,0
4956,7,0,0
4956,8,0,0
4956,9,0,0
4956,10,0,0
4956,11,0,0
4956,12,0,0
4957,0,1,3
4957,1,1,3
4957,2,1,5
4957,3,1,3
4957,4,1,5
4957,5,1,5
4957,6,1,6
4957,7,0,0
4957,8,0,0
4957,9,0,0
4957,10,0,0
4957,11,0,0
4957,12,0,0
4958,0,1,8
4958,1,1,4
4958,2,1,0
4958,3,1,1
4958,4,1,3
4958,5,0,0
4958,6,0,0
4958,7,0,0
4958,8,0,0
4958,9,0,0
4958,10,0,0
4958,11,0,0
4958,12,0,0
4959,0,1,4
4959,1,0,0
4959,2,0,0
4959,3,0,0
4959,4,0,0
4959,5,0,0
4959,6,0,0
4959,7,0,0
4959,8,0,0
4959,9,0,0
4959,10,0,0
4959,11,0,0
4959,12,0,0
4960,0,1,3
4960,1,1,2
4960,2,1,3
4960,3,1,2
4960,4,1,5
4960,5,1,4
4960,6,1,6
4960,7,1,3
4960,8,1,6
4960,9,1,4
4960,10,1,6
4960,11,1,7
4960,12,1,3
4961,0,1,3
4961,1,1,3
4961,2,1,3
4961,3,1,3
4961,4,0,0
4961,5,0,0
4961,6,0,0
4961,7,0,0
4961,8,0,0
4961,9,0,0
4961,10,0,0
4961,11,0,0
4961,12,0,0
4962,0,1,4
4962,1,1,1
4962,2,1,0
4962,3,1,6
4962,4,1,7
4962,5,1,1
4962,6,1,3
4962,7,1,0
4962,8,1,2
4962,9,1,1
4962,10,1,5
4962,11,1,5
4962,12,1,1
4963,0,1,3
4963,1,0,0
4963,2,0,0
4963,3,0,0
4963,4,0,0
4963,5,0,0
4963,6,0,0
4963,7,0,0
4963,8,0,0
4963,9,0,0
4963,10,0,0
4963,11,0,0
4963,12,0,0
4964,0,1,4
4964,1,1,5
4964,2,1,2
4964,3,1,0
4964,4,1,3
4964,5,1,0
4964,6,1,1
4964,7,1,3
4964,8,1,2
4964,9,1,1
4964,10,1,3
4964,11,1,1
4964,12,1,2
4965,0,1,6
4965,1,1,3
4965,2,1,1
4965,3,1,4
4965,4,1,2
4965,5,1,2
4965,6,1,5
4965,7,1,2
4965,8,0,0
4965,9,0,0
4965,10,0,0
4965,11,0,0
4965,12,0,0
4966,0,1,8
4966,1,1,2
4966,2,1,3
4966,3,1,3
4966,4,0,0
4966,5,0,0
4966,6,0,0
4966,7,0,0
4966,8,0,0
4966,9,0,0
4966,10,0,0
4966,11,0,0
4966,12,0,0
4967,0,1,2
4967,1,0,0
4967,2,0,0
4967,3,0,0
4967,4,0,0
4967,5,0,0
4967,6,0,0
4967,7,0,0
4967,8,0,0
4967,9,0,0
4967,10,0,0
4967,11,0,0
4967,12,0,0
4968,0,1,7
4968,1,1,1
4968,2,1,3
4968,3,1,6
4968,4,1,3
4968,5,0,0
4968,6,0,0
4968,7,0,0
4968,8,0,0
4968,9,0,0
4968,10,0,0
4968,11,0,0
4968,12,0,0
4969,0,1,2
4969,1,0,0
4969,2,0,0
4969,3,0,0
4969,4,0,0
4969,5,0,0
4969,6,0,0
4969,7,0,0
4969,8,0,0
4969,9,0,0
4969,10,0,0
4969,11,0,0
4969,12,0,0
4970,0,1,5
4970,1,1,4
4970,2,1,4
4970,3,1,4
4970,4,1,5
4970,5,1,2
4970,6,1,0
4970,7,1,8
4970,8,1,2
4970,9,1,4
4970,10,1,5
4970,11,1,3
4970,12,1,3
4971,0,1,6
4971,1,0,0
4971,2,0,0
4971,3,0,0
4971,4,0,0
4971,5,0,0
4971,6,0,0
4971,7,0,0
4971,8,0,0
4971,9,0,0
4971,10,0,0
4971,11,0,0
4971,12,0,0
4972,0,1,6
4972,1,0,0
4972,2,0,0
4972,3,0,0
4972,4,0,0
4972,5,0,0
4972,6,0,0
4972,7,0,0
4972,8,0,0
4972,9,0,0
4972,10,0,0
4972,11,0,0
4972,12,0,0
4973,0,1,6
4973,1,1,6
4973,2,1,6
4973,3,1,6
4973,4,1,4
4973,5,1,1
4973,6,1,3
4973,7,1,4
4973,8,1,5
4973,9,1,7
4973,10,1,3
4973,11,1,2
4973,12,1,6
4974,0,1,7
4974,1,1,4
4974,2,1,4
4974,3,1,3
4974,4,1,2
4974,5,1,4
4974,6,1,3
4974,7,0,0
4974,8,0,0
4974,9,0,0
4974,10,0,0
4974,11,0,0
4974,12,0,0
4975,0,1,4
4975,1,1,3
4975,2,1,6
4975,3,1,5
4975,4,0,0
4975,5,0,0
4975,6,0,0
4975,7,0,0
4975,8,0,0
4975,9,0,0
4975,10,0,0
4975,11,0,0
4975,12,0,0
4976,0,1,4
4976,1,1,4
4976,2,1,3
4976,3,1,4
4976,4,1,4
4976,5,1,3
4976,6,1,3
4976,7,1,1
4976,8,0,0
4976,9,0,0
4976,10,0,0
4976,11,0,0
4976,12,0,0
4977,0,1,5
4977,1,0,0
4977,2,0,0
4977,3,0,0
4977,4,0,0
4977,5,0,0
4977,6,0,0
4977,7,0,0
4977,8,0,0
4977,9,0,0
4977,10,0,0
4977,11,0,0
4977,12,0,0
4978,0,1,6
4978,1,1,3
4978,2,1,2
4978,3,0,0
4978,4,0,0
4978,5,0,0
4978,6,0,0
4978,7,0,0
4978,8,0,0
4978,9,0,0
4978,10,0,0
4978,11,0,0
4978,12,0,0
4979,0,1,6
4979,1,1,1
4979,2,1,1
4979,3,1,0
4979,4,1,3
4979,5,1,3
4979,6,1,2
4979,7,1,2
4979,8,1,5
4979,9,1,2
4979,10,1,2
4979,11,1,2
4979,12,1,0
4980,0,1,3
4980,1,1,2
4980,2,1,2
4980,3,1,7
4980,4,1,2
4980,5,1,1
4980,6,1,3
4980,7,1,2
4980,8,1,4
4980,9,0,0
4980,10,0,0
4980,11,0,0
4980,12,0,0
4981,0,1,2
4981,1,1,2
4981,2,1,3
4981,3,1,4
4981,4,1,3
4981,5,1,2
4981,6,1,3
4981,7,1,3
4981,8,1,1
4981,9,1,1
4981,10,1,3
4981,11,1,1
4981,12,1,4
4982,0,1,3
4982,1,1,3
4982,2,1,0
4982,3,1,3
4982,4,1,0
4982,5,1,2
4982,6,1,4
4982,7,0,0
4982,8,0,0
4982,9,0,0
4982,10,0,0
4982,11,0,0
4982,12,0,0
4983,0,1,7
4983,1,1,8
4983,2,1,0
4983,3,1,2
4983,4,1,5
4983,5,1,2
4983,6,1,5
4983,7,1,1
4983,8,1,2
4983,9,1,2
4983,10,1,3
4983,11,1,0
4983,12,1,3
4984,0,1,6
4984,1,1,0
4984,2,1,2
4984,3,0,0
4984,4,0,0
4984,5,0,0
4984,6,0,0
4984,7,0,0
4984,8,0,0
4984,9,0,0
4984,10,0,0
4984,11,0,0
4984,12,0,0
4985,0,1,4
4985,1,1,3
4985,2,1,1
4985,3,1,1
4985,4,1,6
4985,5,0,0
4985,6,0,0
4985,7,0,0
4985,8,0,0
4985,9,0,0
4985,10,0,0
4985,11,0,0
4985,12,0,0
4986,0,1,6
4986,1,1,1
4986,2,0,0
4986,3,0,0
4986,4,0,0
4986,5,0,0
4986,6,0,0
4986,7,0,0
4986,8,0,0
4986,9,0,0
4986,10,0,0
4986,11,0,0
4986,12,0,0
4987,0,1,3
4987,1,1,2
4987,2,1,4
4987,3,1,5
4987,4,1,4
4987,5,0,0
4987,6,0,0
4987,7,0,0
4987,8,0,0
4987,9,0,0
4987,10,0,0
4987,11,0,0
4987,12,0,0
4988,0,1,4
4988,1,1,4
4988,2,1,4
4988,3,1,4
4988,4,1,2
4988,5,1,1
4988,6,1,1
4988,7,1,2
4988,8,1,2
4988,9,1,1
4988,10,1,3
4988,11,1,2
4988,12,1,0
4989,0,1,4
4989,1,1,1
4989,2,1,3
4989,3,1,1
4989,4,1,1
4989,5,1,0
4989,6,1,3
4989,7,1,0
4989,8,1,5
4989,9,1,1
4989,10,1,2
4989,11,1,4
4989,12,1,1
4990,0,1,3
4990,1,1,2
4990,2,1,4
4990,3,1,8
4990,4,1,1
4990,5,1,7
4990,6,1,0
4990,7,1,2
4990,8,1,3
4990,9,0,0
4990,10,0,0
4990,11,0,0
4990,12,0,0
4991,0,1,2
4991,1,1,3
4991,2,1,3
4991,3,1,1
4991,4,0,0
4991,5,0,0
4991,6,0,0
4991,7,0,0
4991,8,0,0
4991,9,0,0
4991,10,0,0
4991,11,0,0
4991,12,0,0
4992,0,1,3
4992,1,1,2
4992,2,1,4
4992,3,1,0
4992,4,1,6
4992,5,1,2
4992,6,1,5
4992,7,1,2
4992,8,1,8
4992,9,0,0
4992,10,0,0
4992,11,0,0
4992,12,0,0
4993,0,1,4
4993,1,1,4
4993,2,1,4
4993,3,1,1
4993,4,1,5
4993,5,1,6
4993,6,1,2
4993,7,1,3
4993,8,1,6
4993,9,0,0
4993,10,0,0
4993,11,0,0
4993,12,0,0
4994,0,1,5
4994,1,1,4
4994,2,1,5
4994,3,1,7
4994,4,1,2
4994,5,1,4
4994,6,1,7
4994,7,1,8
4994,8,1,4
4994,9,1,5
4994,10,1,6
4994,11,1,3
4994,12,1,0
4995,0,1,4
4995,1,1,1
4995,2,1,2
4995,3,1,2
4995,4,1,3
4995,5,1,2
4995,6,1,5
4995,7,1,2
4995,8,1,0
4995,9,1,3
4995,10,1,4
4995,11,1,4
4995,12,1,3
4996,0,1,8
4996,1,1,2
4996,2,1,3
4996,3,1,2
4996,4,1,0
4996,5,1,3
4996,6,1,1
4996,7,1,1
4996,8,1,1
4996,9,1,1
4996,10,1,1
4996,11,0,0
4996,12,0,0
4997,0,1,3
4997,1,1,0
4997,2,1,1
4997,3,1,4
4997,4,1,1
4997,5,1,6
4997,6,1,4
4997,7,1,6
4997,8,1,0
4997,9,1,2
4997,10,1,5
4997,11,0,0
4997,12,0,0
4998,0,1,4
4998,1,1,4
4998,2,1,3
4998,3,0,0
4998,4,0,0
4998,5,0,0
4998,6,0,0
4998,7,0,0
4998,8,0,0
4998,9,0,0
4998,10,0,0
4998,11,0,0
4998,12,0,0
4999,0,1,3
4999,1,1,7
4999,2,1,6
4999,3,1,2
4999,4,1,4
4999,5,1,3
4999,6,1,1
4999,7,1,4
4999,8,1,5
4999,9,1,4
4999,10,1,2
4999,11,1,2
4999,12,1,3
5000,0,1,11
5000,1,1,3
5000,2,1,1
5000,3,1,5
5000,4,1,1
5000,5,1,3
5000,6,1,1
5000,7,1,2
5000,8,1,5
5000,9,0,0
5000,10,0,0
5000,11,0,0
5000,12,0,0
5001,0,1,6
5001,1,1,5
5001,2,1,3
5001,3,0,0
5001,4,0,0
5001,5,0,0
5001,6,0,0
5001,7,0,0
5001,8,0,0
5001,9,0,0
5001,10,0,0
5001,11,0,0
5001,12,0,0
5002,0,1,5
5002,1,1,3
5002,2,1,1
5002,3,1,2
5002,4,0,0
5002,5,0,0
5002,6,0,0
5002,7,0,0
5002,8,0,0
5002,9,0,0
5002,10,0,0
5002,11,0,0
5002,12,0,0
5003,0,1,5
5003,1,1,1
5003,2,1,4
5003,3,1,6
5003,4,1,5
5003,5,1,6
5003,6,1,7
5003,7,0,0
5003,8,0,0
5003,9,0,0
5003,10,0,0
5003,11,0,0
5003,12,0,0
5004,0,1,2
5004,1,1,3
5004,2,1,1
5004,3,1,4
5004,4,1,5
5004,5,1,4
5004,6,1,3
5004,7,1,3
5004,8,1,3
5004,9,1,5
5004,10,1,6
5004,11,1,1
5004,12,0,0
5005,0,1,8
5005,1,0,0
5005,2,0,0
5005,3,0,0
5005,4,0,0
5005,5,0,0
5005,6,0,0
5005,7,0,0
5005,8,0,0
5005,9,0,0
5005,10,0,0
5005,11,0,0
5005,12,0,0
5006,0,1,7
5006,1,1,3
5006,2,1,2
5006,3,1,1
5006,4,1,3
5006,5,1,5
5006,6,1,1
5006,7,1,3
5006,8,1,2
5006,9,1,5
5006,10,1,4
5006,11,1,1
5006,12,1,2
5007,0,1,3
5007,1,1,2
5007,2,0,0
5007,3,0,0
5007,4,0,0
5007,5,0,0
5007,6,0,0
5007,7,0,0
5007,8,0,0
5007,9,0,0
5007,10,0,0
5007,11,0,0
5007,12,0,0
5008,0,1,5
5008,1,1,5
5008,2,1,3
5008,3,1,4
5008,4,1,3
5008,5,1,2
5008,6,0,0
5008,7,0,0
5008,8,0,0
5008,9,0,0
5008,10,0,0
5008,11,0,0
5008,12,0,0
5009,0,1,4
5009,1,1,4
5009,2,1,3
5009,3,1,5
5009,4,1,5
5009,5,1,5
5009,6,1,6
5009,7,1,4
5009,8,1,5
5009,9,1,6
5009,10,1,3
5009,11,1,2
5009,12,1,1
5010,0,1,3
5010,1,1,1
5010,2,1,3
5010,3,0,0
5010,4,0,0
5010,5,0,0
5010,6,0,0
5010,7,0,0
5010,8,0,0
5010,9,0,0
5010,10,0,0
5010,11,0,0
5010,12,0,0
5011,0,1,8
5011,1,1,2
5011,2,1,4
5011,3,1,5
5011,4,0,0
5011,5,0,0
5011,6,0,0
5011,7,0,0
5011,8,0,0
5011,9,0,0
5011,10,0,0
5011,11,0,0
5011,12,0,0
5012,0,1,6
5012,1,1,2
5012,2,1,4
5012,3,1,2
5012,4,1,5
5012,5,1,4
5012,6,1,3
5012,7,1,1
5012,8,1,2
5012,9,1,6
5012,10,1,2
5012,11,1,0
5012,12,1,5
5013,0,1,9
5013,1,1,2
5013,2,1,1
5013,3,1,1
5013,4,1,0
5013,5,1,2
5013,6,1,0
5013,7,0,0
5013,8,0,0
5013,9,0,0
5013,10,0,0
5013,11,0,0
5013,12,0,0
5014,0,1,4
5014,1,1,6
5014,2,0,0
5014,3,0,0
5014,4,0,0
5014,5,0,0
5014,6,0,0
5014,7,0,0
5014,8,0,0
5014,9,0,0
5014,10,0,0
5014,11,0,0
5014,12,0,0
5015,0,1,4
5015,1,1,1
5015,2,1,3
5015,3,1,3
5015,4,1,1
5015,5,1,1
5015,6,1,3
5015,7,1,4
5015,8,1,0
5015,9,1,2
5015,10,1,3
5015,11,1,2
5015,12,1,2
5016,0,1,5
5016,1,1,4
5016,2,1,4
5016,3,1,2
5016,4,1,3
5016,5,1,2
5016,6,1,4
5016,7,1,0
5016,8,1,6
5016,9,1,1
5016,10,1,0
5016,11,1,5
5016,12,0,0
5017,0,1,4
5017,1,1,5
5017,2,1,3
5017,3,1,1
5017,4,1,2
5017,5,1,1
5017,6,1,3
5017,7,1,2
5017,8,1,4
5017,9,1,6
5017,10,1,2
5017,11,1,6
5017,12,1,5
5018,0,1,7
5018,1,1,2
5018,2,0,0
5018,3,0,0
5018,4,0,0
5018,5,0,0
5018,6,0,0
5018,7,0,0
5018,8,0,0
5018,9,0,0
5018,10,0,0
5018,11,0,0
5018,12,0,0
5019,0,1,6
5019,1,1,4
5019,2,1,6
5019,3,1,1
5019,4,1,0
5019,5,1,0
5019,6,1,3
5019,7,1,1
5019,8,1,1
5019,9,1,4
5019,10,1,0
5019,11,1,1
5019,12,1,3
5020,0,1,5
5020,1,0,0
5020,2,0,0
5020,3,0,0
5020,4,0,0
5020,5,0,0
5020,6,0,0
5020,7,0,0
5020,8,0,0
5020,9,0,0
5020,10,0,0
5020,11,0,0
5020,12,0,0
5021,0,1,8
5021,1,1,3
5021,2,1,6
5021,3,1,3
5021,4,1,11
5021,5,1,2
5021,6,1,5
5021,7,1,11
5021,8,1,2
5021,9,1,3
5021,10,1,4
5021,11,1,4
5021,12,1,3
5022,0,1,8
5022,1,1,4
5022,2,1,2
5022,3,1,4
5022,4,1,2
5022,5,1,4
5022,6,1,4
5022,7,0,0
5022,8,0,0
5022,9,0,0
5022,10,0,0
5022,11,0,0
5022,12,0,0
5023,0,1,5
5023,1,1,0
5023,2,1,3
5023,3,1,4
5023,4,1,5
5023,5,1,5
5023,6,0,0
5023,7,0,0
5023,8,0,0
5023,9,0,0
5023,10,0,0
5023,11,0,0
5023,12,0,0
5024,0,1,5
5024,1,1,6
5024,2,1,5
5024,3,1,3
5024,4,1,1
5024,5,1,4
5024,6,1,2
5024,7,1,2
5024,8,1,2
5024,9,1,1
5024,10,1,3
5024,11,1,3
5024,12,1,5
5025,0,1,8
5025,1,0,0
5025,2,0,0
5025,3,0,0
5025,4,0,0
5025,5,0,0
5025,6,0,0
5025,7,0,0
5025,8,0,0
5025,9,0,0
5025,10,0,0
5025,11,0,0
5025,12,0,0
5026,0,1,2
5026,1,1,1
5026,2,1,1
5026,3,1,0
5026,4,1,2
5026,5,1,2
5026,6,1,1
5026,7,1,2
5026,8,1,2
5026,9,1,2
5026,10,1,2
5026,11,1,3
5026,12,1,3
5027,0,1,4
5027,1,1,2
5027,2,1,7
5027,3,1,4
5027,4,1,7
5027,5,1,6
5027,6,1,4
5027,7,1,3
5027,8,1,1
5027,9,1,3
5027,10,1,1
5027,11,1,3
5027,12,1,4
5028,0,1,5
5028,1,1,4
5028,2,1,7
5028,3,1,7
5028,4,1,1
5028,5,1,4
5028,6,1,6
5028,7,1,3
5028,8,1,2
5028,9,0,0
5028,10,0,0
5028,11,0,0
5028,12,0,0
5029,0,1,6
5029,1,1,2
5029,2,1,1
5029,3,1,4
5029,4,1,7
5029,5,0,0
5029,6,0,0
5029,7,0,0
5029,8,0,0
5029,9,0,0
5029,10,0,0
5029,11,0,0
5029,12,0,0
5030,0,1,4
5030,1,1,0
5030,2,1,3
5030,3,0,0
5030,4,0,0
5030,5,0,0
5030,6,0,0
5030,7,0,0
5030,8,0,0
5030,9,0,0
5030,10,0,0
5030,11,0,0
5030,12,0,0
5031,0,1,5
5031,1,1,2
5031,2,1,5
5031,3,1,1
5031,4,1,3
5031,5,1,3
5031,6,1,5
5031,7,1,4
5031,8,1,3
5031,9,1,3
5031,10,1,8
5031,11,1,4
5031,12,1,0
5032,0,1,4
5032,1,0,0
5032,2,0,0
5032,3,0,0
5032,4,0,0
5032,5,0,0
5032,6,0,0
5032,7,0,0
5032,8,0,0
5032,9,0,0
5032,10,0,0
5032,11,0,0
5032,12,0,0
5033,0,1,4
5033,1,1,2
5033,2,1,1
5033,3,1,5
5033,4,1,5
5033,5,1,5
5033,6,1,2
5033,7,1,6
5033,8,1,3
5033,9,1,3
5033,10,0,0
5033,11,0,0
5033,12,0,0
5034,0,1,3
5034,1,1,4
5034,2,1,4
5034,3,1,6
5034,4,1,3
5034,5,1,2
5034,6,0,0
5034,7,0,0
5034,8,0,0
5034,9,0,0
5034,10,0,0
5034,11,0,0
5034,12,0,0
5035,0,1,4
5035,1,1,2
5035,2,1,3
5035,3,0,0
5035,4,0,0
5035,5,0,0
5035,6,0,0
5035,7,0,0
5035,8,0,0
5035,9,0,0
5035,10,0,0
5035,11,0,0
5035,12,0,0
5036,0,1,7
5036,1,0,0
5036,2,0,0
5036,3,0,0
5036,4,0,0
5036,5,0,0
5036,6,0,0
5036,7,0,0
5036,8,0,0
5036,9,0,0
5036,10,0,0
5036,11,0,0
5036,12,0,0
5037,0,1,7
5037,1,1,4
5037,2,1,3
5037,3,1,5
5037,4,1,2
5037,5,1,2
5037,6,1,3
5037,7,1,4
5037,8,1,2
5037,9,1,5
5037,10,1,3
5037,11,1,2
5037,12,1,1
5038,0,1,4
5038,1,1,2
5038,2,1,2
5038,3,1,4
5038,4,1,1
5038,5,0,0
5038,6,0,0
5038,7,0,0
5038,8,0,0
5038,9,0,0
5038,10,0,0
5038,11,0,0
5038,12,0,0
5039,0,1,3
5039,1,1,6
5039,2,0,0
5039,3,0,0
5039,4,0,0
5039,5,0,0
5039,6,0,0
5039,7,0,0
5039,8,0,0
5039,9,0,0
5039,10,0,0
5039,11,0,0
5039,12,0,0
5040,0,1,2
5040,1,0,0
5040,2,0,0
5040,3,0,0
5040,4,0,0
5040,5,0,0
5040,6,0,0
5040,7,0,0
5040,8,0,0
5040,9,0,0
5040,10,0,0
5040,11,0,0
5040,12,0,0
5041,0,1,3
5041,1,1,8
5041,2,1,1
5041,3,1,4
5041,4,1,2
5041,5,1,5
5041,6,1,5
5041,7,1,4
5041,8,1,5
5041,9,1,5
5041,10,1,7
5041,11,1,1
5041,12,1,1
5042,0,1,5
5042,1,1,6
5042,2,1,6
5042,3,1,4
5042,4,1,2
5042,5,1,5
5042,6,1,3
5042,7,1,5
5042,8,1,2
5042,9,1,2
5042,10,1,2
5042,11,1,4
5042,12,1,4
5043,0,1,5
5043,1,1,1
5043,2,1,3
5043,3,1,6
5043,4,1,5
5043,5,1,1
5043,6,1,3
5043,7,1,3
5043,8,1,2
5043,9,1,3
5043,10,1,5
5043,11,1,3
5043,12,1,5
5044,0,1,5
5044,1,1,0
5044,2,1,3
5044,3,1,2
5044,4,1,2
5044,5,1,3
5044,6,1,2
5044,7,1,2
5044,8,1,2
5044,9,1,3
5044,10,0,0
5044,11,0,0
5044,12,0,0
5045,0,1,7
5045,1,1,4
5045,2,1,2
5045,3,1,5
5045,4,1,4
5045,5,1,5
5045,6,1,1
5045,7,1,3
5045,8,1,2
5045,9,1,2
5045,10,1,2
5045,11,1,3
5045,12,1,2
5046,0,1,6
5046,1,1,3
5046,2,1,4
5046,3,1,7
5046,4,1,1
5046,5,1,2
5046,6,1,2
5046,7,1,4
5046,8,1,4
5046,9,1,4
5046,10,0,0
5046,11,0,0
5046,12,0,0
5047,0,1,3
5047,1,1,2
5047,2,0,0
5047,3,0,0
5047,4,0,0
5047,5,0,0
5047,6,0,0
5047,7,0,0
5047,8,0,0
5047,9,0,0
5047,10,0,0
5047,11,0,0
5047,12,0,0
5048,0,1,3
5048,1,1,1
5048,2,1,3
5048,3,1,6
5048,4,1,4
5048,5,1,2
5048,6,1,7
5048,7,1,3
5048,8,1,1
5048,9,0,0
5048,10,0,0
5048,11,0,0
5048,12,0,0
5049,0,1,5
5049,1,1,7
5049,2,1,5
5049,3,1,2
5049,4,1,3
5049,5,1,4
5049,6,1,2
5049,7,1,5
5049,8,1,3
5049,9,1,5
5049,10,1,4
5049,11,1,6
5049,12,1,2
5050,0,1,5
5050,1,0,0
5050,2,0,0
5050,3,0,0
5050,4,0,0
5050,5,0,0
5050,6,0,0
5050,7,0,0
5050,8,0,0
5050,9,0,0
5050,10,0,0
5050,11,0,0
5050,12,0,0
5051,0,1,3
5051,1,1,2
5051,2,1,4
5051,3,1,4
5051,4,0,0
5051,5,0,0
5051,6,0,0
5051,7,0,0
5051,8,0,0
5051,9,0,0
5051,10,0,0
5051,11,0,0
5051,12,0,0
5052,0,1,5
5052,1,1,5
5052,2,1,2
5052,3,1,4
5052,4,0,0
5052,5,0,0
5052,6,0,0
5052,7,0,0
5052,8,0,0
5052,9,0,0
5052,10,0,0
5052,11,0,0
5052,12,0,0
5053,0,1,5
5053,1,1,2
5053,2,1,3
5053,3,1,6
5053,4,1,7
5053,5,1,3
5053,6,1,2
5053,7,1,4
5053,8,1,6
5053,9,1,4
5053,10,1,5
5053,11,1,3
5053,12,1,4
5054,0,1,6
5054,1,1,6
5054,2,1,2
5054,3,1,1
5054,4,1,6
5054,5,1,2
5054,6,1,4
5054,7,0,0
5054,8,0,0
5054,9,0,0
5054,10,0,0
5054,11,0,0
5054,12,0,0
5055,0,1,5
5055,1,1,4
5055,2,1,1
5055,3,1,4
5055,4,1,8
5055,5,0,0
5055,6,0,0
5055,7,0,0
5055,8,0,0
5055,9,0,0
5055,10,0,0
5055,11,0,0
5055,12,0,0
5056,0,1,5
5056,1,1,5
5056,2,1,3
5056,3,1,8
5056,4,1,3
5056,5,1,1
5056,6,1,5
5056,7,1,0
5056,8,1,6
5056,9,1,1
5056,10,1,2
5056,11,1,6
5056,12,1,5
5057,0,1,3
5057,1,1,1
5057,2,1,2
5057,3,1,1
5057,4,0,0
5057,5,0,0
5057,6,0,0
5057,7,0,0
5057,8,0,0
5057,9,0,0
5057,10,0,0
5057,11,0,0
5057,12,0,0
5058,0,1,3
5058,1,1,5
5058,2,1,3
5058,3,1,2
5058,4,1,5
5058,5,1,2
5058,6,1,4
5058,7,1,3
5058,8,1,6
5058,9,1,5
5058,10,1,2
5058,11,1,2
5058,12,1,6
5059,0,1,6
5059,1,1,4
5059,2,0,0
5059,3,0,0
5059,4,0,0
5059,5,0,0
5059,6,0,0
5059,7,0,0
5059,8,0,0
5059,9,0,0
5059,10,0,0
5059,11,0,0
5059,12,0,0
5060,0,1,2
5060,1,1,3
5060,2,1,3
5060,3,1,2
5060,4,1,1
5060,5,0,0
5060,6,0,0
5060,7,0,0
5060,8,0,0
5060,9,0,0
5060,10,0,0
5060,11,0,0
5060,12,0,0
5061,0,1,4
5061,1,1,2
5061,2,1,3
5061,3,1,5
5061,4,1,0
5061,5,1,5
5061,6,1,3
5061,7,1,2
5061,8,1,0
5061,9,1,0
5061,10,1,2
5061,11,0,0
5061,12,0,0
5062,0,1,5
5062,1,1,3
5062,2,1,1
5062,3,1,0
5062,4,1,1
5062,5,1,2
5062,6,0,0
5062,7,0,0
5062,8,0,0
5062,9,0,0
5062,10,0,0
5062,11,0,0
5062,12,0,0
5063,0,1,5
5063,1,1,1
5063,2,1,3
5063,3,1,5
5063,4,1,2
5063,5,1,2
5063,6,1,4
5063,7,1,1
5063,8,1,2
5063,9,0,0
5063,10,0,0
5063,11,0,0
5063,12,0,0
5064,0,1,3
5064,1,1,1
5064,2,1,1
5064,3,1,4
5064,4,1,7
5064,5,1,5
5064,6,1,3
5064,7,1,0
5064,8,1,0
5064,9,1,3
5064,10,1,1
5064,11,1,2
5064,12,0,0
5065,0,1,3
5065,1,1,4
5065,2,1,4
5065,3,1,2
5065,4,1,4
5065,5,1,6
5065,6,1,5
5065,7,1,3
5065,8,1,3
5065,9,1,5
5065,10,1,6
5065,11,1,4
5065,12,1,1
5066,0,1,6
5066,1,1,2
5066,2,1,4
5066,3,1,4
5066,4,1,2
5066,5,1,3
5066,6,0,0
5066,7,0,0
5066,8,0,0
5066,9,0,0
5066,10,0,0
5066,11,0,0
5066,12,0,0
5067,0,1,8
5067,1,0,0
5067,2,0,0
5067,3,0,0
5067,4,0,0
5067,5,0,0
5067,6,0,0
5067,7,0,0
5067,8,0,0
5067,9,0,0
5067,10,0,0
5067,11,0,0
5067,12,0,0
5068,0,1,2
5068,1,1,0
5068,2,1,2
5068,3,1,2
5068,4,0,0
5068,5,0,0
5068,6,0,0
5068,7,0,0
5068,8,0,0
5068,9,0,0
5068,10,0,0
5068,11,0,0
5068,12,0,0
5069,0,1,4
5069,1,1,3
5069,2,0,0
5069,3,0,0
5069,4,0,0
5069,5,0,0
5069,6,0,0
5069,7,0,0
5069,8,0,0
5069,9,0,0
5069,10,0,0
5069,11,0,0
5069,12,0,0
5070,0,1,5
5070,1,1,2
5070,2,1,1
5070,3,1,3
5070,4,1,2
5070,5,0,0
5070,6,0,0
5070,7,0,0
5070,8,0,0
5070,9,0,0
5070,10,0,0
5070,11,0,0
5070,12,0,0
5071,0,1,1
5071,1,1,2
5071,2,1,1
5071,3,0,0
5071,4,0,0
5071,5,0,0
5071,6,0,0
5071,7,0,0
5071,8,0,0
5071,9,0,0
5071,10,0,0
5071,11,0,0
5071,12,0,0
5072,0,1,3
5072,1,1,2
5072,2,1,1
5072,3,1,2
5072,4,1,2
5072,5,1,2
5072,6,1,2
5072,7,1,5
5072,8,1,2
5072,9,1,3
5072,10,0,0
5072,11,0,0
5072,12,0,0
5073,0,1,6
5073,1,1,1
5073,2,1,2
5073,3,1,2
5073,4,1,3
5073,5,0,0
5073,6,0,0
5073,7,0,0
5073,8,0,0
5073,9,0,0
5073,10,0,0
5073,11,0,0
5073,12,0,0
5074,0,1,4
5074,1,1,2
5074,2,0,0
5074,3,0,0
5074,4,0,0
5074,5,0,0
5074,6,0,0
5074,7,0,0
5074,8,0,0
5074,9,0,0
5074,10,0,0
5074,11,0,0
5074,12,0,0
5075,0,1,4
5075,1,1,1
5075,2,1,1
5075,3,0,0
5075,4,0,0
5075,5,0,0
5075,6,0,0
5075,7,0,0
5075,8,0,0
5075,9,0,0
5075,10,0,0
5075,11,0,0
5075,12,0,0
5076,0,1,10
5076,1,1,10
5076,2,1,2
5076,3,0,0
5076,4,0,0
5076,5,0,0
5076,6,0,0
5076,7,0,0
5076,8,0,0
5076,9,0,0
5076,10,0,0
5076,11,0,0
5076,12,0,0
5077,0,1,3
5077,1,1,3
5077,2,1,1
5077,3,1,1
5077,4,1,2
5077,5,1,0
5077,6,1,2
5077,7,1,0
5077,8,1,4
5077,9,1,3
5077,10,1,3
5077,11,1,3
5077,12,1,1
5078,0,1,5
5078,1,1,1
5078,2,1,0
5078,3,1,6
5078,4,1,0
5078,5,1,4
5078,6,1,2
5078,7,1,3
5078,8,1,0
5078,9,1,0
5078,10,0,0
5078,11,0,0
5078,12,0,0
5079,0,1,2
5079,1,0,0
5079,2,0,0
5079,3,0,0
5079,4,0,0
5079,5,0,0
5079,6,0,0
5079,7,0,0
5079,8,0,0
5079,9,0,0
5079,10,0,0
5079,11,0,0
5079,12,0,0
5080,0,1,6
5080,1,1,0
5080,2,1,3
5080,3,1,1
5080,4,0,0
5080,5,0,0
5080,6,0,0
5080,7,0,0
5080,8,0,0
5080,9,0,0
5080,10,0,0
5080,11,0,0
5080,12,0,0
5081,0,1,7
5081,1,0,0
5081,2,0,0
5081,3,0,0
5081,4,0,0
5081,5,0,0
5081,6,0,0
5081,7,0,0
5081,8,0,0
5081,9,0,0
5081,10,0,0
5081,11,0,0
5081,12,0,0
5082,0,1,3
5082,1,1,7
5082,2,1,6
5082,3,1,2
5082,4,1,5
5082,5,1,3
5082,6,1,4
5082,7,1,2
5082,8,1,5
5082,9,1,3
5082,10,1,2
5082,11,1,3
5082,12,1,1
5083,0,1,6
5083,1,0,0
5083,2,0,0
5083,3,0,0
5083,4,0,0
5083,5,0,0
5083,6,0,0
5083,7,0,0
5083,8,0,0
5083,9,0,0
5083,10,0,0
5083,11,0,0
5083,12,0,0
5084,0,1,6
5084,1,1,3
5084,2,1,3
5084,3,1,7
5084,4,1,1
5084,5,1,4
5084,6,1,4
5084,7,1,1
5084,8,1,4
5084,9,1,2
5084,10,1,6
5084,11,1,4
5084,12,1,5
5085,0,1,4
5085,1,1,1
5085,2,1,5
5085,3,1,1
5085,4,1,1
5085,5,0,0
5085,6,0,0
5085,7,0,0
5085,8,0,0
5085,9,0,0
5085,10,0,0
5085,11,0,0
5085,12,0,0
5086,0,1,2
5086,1,1,1
5086,2,1,4
5086,3,0,0
5086,4,0,0
5086,5,0,0
5086,6,0,0
5086,7,0,0
5086,8,0,0
5086,9,0,0
5086,10,0,0
5086,11,0,0
5086,12,0,0
5087,0,1,6
5087,1,1,2
5087,2,1,2
5087,3,1,2
5087,4,1,2
5087,5,1,4
5087,6,0,0
5087,7,0,0
5087,8,0,0
5087,9,0,0
5087,10,0,0
5087,11,0,0
5087,12,0,0
5088,0,1,4
5088,1,1,1
5088,2,1,1
5088,3,1,5
5088,4,1,1
5088,5,1,3
5088,6,1,3
5088,7,1,3
5088,8,1,1
5088,9,1,2
5088,10,0,0
5088,11,0,0
5088,12,0,0
5089,0,1,4
5089,1,1,2
5089,2,1,9
5089,3,1,3
5089,4,1,8
5089,5,1,1
5089,6,1,1
5089,7,1,1
5089,8,1,7
5089,9,0,0
5089,10,0,0
5089,11,0,0
5089,12,0,0
5090,0,1,4
5090,1,1,3
5090,2,0,0
5090,3,0,0
5090,4,0,0
5090,5,0,0
5090,6,0,0
5090,7,0,0
5090,8,0,0
5090,9,0,0
5090,10,0,0
5090,11,0,0
5090,12,0,0
5091,0,1,5
5091,1,1,2
5091,2,1,2
5091,3,1,2
5091,4,1,4
5091,5,1,6
5091,6,1,2
5091,7,1,7
5091,8,1,3
5091,9,0,0
5091,10,0,0
5091,11,0,0
5091,12,0,0
5092,0,1,6
5092,1,1,2
5092,2,1,3
5092,3,1,3
5092,4,1,2
5092,5,1,2
5092,6,1,0
5092,7,1,0
5092,8,0,0
5092,9,0,0
5092,10,0,0
5092,11,0,0
5092,12,0,0
5093,0,1,6
5093,1,1,5
5093,2,1,6
5093,3,1,8
5093,4,1,5
5093,5,1,3
5093,6,1,1
5093,7,1,6
5093,8,1,3
5093,9,1,2
5093,10,1,6
5093,11,1,3
5093,12,1,1
5094,0,1,3
5094,1,1,1
5094,2,1,3
5094,3,1,1
5094,4,1,1
5094,5,1,2
5094,6,1,4
5094,7,1,5
5094,8,1,3
5094,9,1,3
5094,10,1,6
5094,11,1,4
5094,12,1,2
5095,0,1,5
5095,1,1,6
5095,2,1,3
5095,3,1,4
5095,4,1,3
5095,5,1,2
5095,6,1,2
5095,7,1,5
5095,8,1,4
5095,9,1,1
5095,10,1,7
5095,11,1,5
5095,12,1,6
5096,0,1,8
5096,1,0,0
5096,2,0,0
5096,3,0,0
5096,4,0,0
5096,5,0,0
5096,6,0,0
5096,7,0,0
5096,8,0,0
5096,9,0,0
5096,10,0,0
5096,11,0,0
5096,12,0,0
5097,0,1,11
5097,1,1,2
5097,2,1,4
5097,3,1,4
5097,4,1,1
5097,5,1,1
5097,6,1,2
5097,7,1,3
5097,8,1,0
5097,9,1,1
5097,10,1,3
5097,11,1,3
5097,12,1,0
5098,0,1,4
5098,1,1,8
5098,2,1,1
5098,3,1,4
5098,4,1,6
5098,5,1,6
5098,6,1,4
5098,7,0,0
5098,8,0,0
5098,9,0,0
5098,10,0,0
5098,11,0,0
5098,12,0,0
5099,0,1,4
5099,1,1,1
5099,2,1,5
5099,3,1,1
5099,4,1,4
5099,5,0,0
5099,6,0,0
5099,7,0,0
5099,8,0,0
5099,9,0,0
5099,10,0,0
5099,11,0,0
5099,12,0,0
5100,0,1,6
5100,1,1,2
5100,2,1,1
5100,3,1,4
5100,4,1,2
5100,5,1,4
5100,6,1,4
5100,7,1,3
5100,8,1,5
5100,9,1,3
5100,10,1,3
5100,11,1,6
5100,12,1,1
5101,0,1,6
5101,1,1,0
5101,2,1,4
5101,3,1,3
5101,4,1,5
5101,5,1,7
5101,6,1,5
5101,7,1,6
5101,8,1,4
5101,9,1,3
5101,10,1,2
5101,11,0,0
5101,12,0,0
5102,0,1,3
5102,1,1,4
5102,2,1,2
5102,3,1,3
5102,4,1,5
5102,5,1,2
5102,6,0,0
5102,7,0,0
5102,8,0,0
5102,9,0,0
5102,10,0,0
5102,11,0,0
5102,12,0,0
5103,0,1,8
5103,1,1,2
5103,2,1,4
5103,3,1,4
5103,4,1,2
5103,5,1,4
5103,6,1,4
5103,7,1,6
5103,8,1,5
5103,9,1,4
5103,10,1,8
5103,11,1,4
5103,12,1,3
5104,0,1,3
5104,1,1,0
5104,2,1,1
5104,3,1,0
5104,4,0,0
5104,5,0,0
5104,6,0,0
5104,7,0,0
5104,8,0,0
5104,9,0,0
5104,10,0,0
5104,11,0,0
5104,12,0,0
5105,0,1,6
5105,1,1,6
5105,2,1,4
5105,3,0,0
5105,4,0,0
5105,5,0,0
5105,6,0,0
5105,7,0,0
5105,8,0,0
5105,9,0,0
5105,10,0,0
5105,11,0,0
5105,12,0,0
5106,0,1,2
5106,1,1,1
5106,2,0,0
5106,3,0,0
5106,4,0,0
5106,5,0,0
5106,6,0,0
5106,7,0,0
5106,8,0,0
5106,9,0,0
5106,10,0,0
5106,11,0,0
5106,12,0,0
5107,0,1,8
5107,1,1,4
5107,2,1,3
5107,3,1,7
5107,4,0,0
5107,5,0,0
5107,6,0,0
5107,7,0,0
5107,8,0,0
5107,9,0,0
5107,10,0,0
5107,11,0,0
5107,12,0,0
5108,0,1,8
5108,1,1,2
5108,2,1,1
5108,3,1,7
5108,4,1,3
5108,5,1,3
5108,6,1,5
5108,7,1,4
5108,8,0,0
5108,9,0,0
5108,10,0,0
5108,11,0,0
5108,12,0,0
5109,0,1,4
5109,1,1,3
5109,2,1,2
5109,3,1,2
5109,4,1,2
5109,5,1,1
5109,6,1,2
5109,7,1,0
5109,8,1,2
5109,9,1,2
5109,10,1,5
5109,11,1,2
5109,12,1,2
5110,0,1,3
5110,1,1,2
5110,2,0,0
5110,3,0,0
5110,4,0,0
5110,5,0,0
5110,6,0,0
5110,7,0,0
5110,8,0,0
5110,9,0,0
5110,10,0,0
5110,11,0,0
5110,12,0,0
5111,0,1,3
5111,1,1,5
5111,2,1,6
5111,3,1,6
5111,4,1,4
5111,5,1,3
5111,6,1,3
5111,7,0,0
5111,8,0,0
5111,9,0,0
5111,10,0,0
5111,11,0,0
5111,12,0,0
5112,0,1,7
5112,1,0,0
5112,2,0,0
5112,3,0,0
5112,4,0,0
5112,5,0,0
5112,6,0,0
5112,7,0,0
5112,8,0,0
5112,9,0,0
5112,10,0,0
5112,11,0,0
5112,12,0,0
5113,0,1,3
5113,1,1,4
5113,2,1,6
5113,3,1,3
5113,4,1,3
5113,5,1,5
5113,6,1,5
5113,7,1,3
5113,8,1,3
5113,9,1,8
5113,10,1,2
5113,11,1,3
5113,12,1,3
5114,0,1,6
5114,1,0,0
5114,2,0,0
5114,3,0,0
5114,4,0,0
5114,5,0,0
5114,6,0,0
5114,7,0,0
5114,8,0,0
5114,9,0,0
5114,10,0,0
5114,11,0,0
5114,12,0,0
5115,0,1,6
5115,1,1,3
5115,2,1,2
5115,3,1,2
5115,4,1,2
5115,5,1,2
5115,6,1,1
5115,7,0,0
5115,8,0,0
5115,9,0,0
5115,10,0,0
5115,11,0,0
5115,12,0,0
5116,0,1,3
5116,1,1,0
5116,2,1,0
5116,3,1,2
5116,4,1,1
5116,5,1,2
5116,6,1,3
5116,7,1,3
5116,8,1,2
5116,9,1,3
5116,10,1,2
5116,11,1,0
5116,12,1,2
5117,0,1,3
5117,1,1,0
5117,2,1,2
5117,3,1,2
5117,4,1,4
5117,5,1,3
5117,6,1,1
5117,7,1,2
5117,8,1,2
5117,9,1,2
5117,10,1,4
5117,11,0,0
5117,12,0,0
5118,0,1,5
5118,1,0,0
5118,2,0,0
5118,3,0,0
5118,4,0,0
5118,5,0,0
5118,6,0,0
5118,7,0,0
5118,8,0,0
5118,9,0,0
5118,10,0,0
5118,11,0,0
5118,12,0,0
5119,0,1,1
5119,1,1,3
5119,2,1,4
5119,3,1,1
5119,4,1,0
5119,5,1,4
5119,6,1,3
5119,7,1,3
5119,8,0,0
5119,9,0,0
5119,10,0,0
5119,11,0,0
5119,12,0,0
5120,0,1,8
5120,1,1,1
5120,2,1,2
5120,3,1,4
5120,4,1,2
5120,5,1,0
5120,6,1,6
5120,7,1,2
5120,8,1,3
5120,9,1,3
5120,10,1,2
5120,11,1,2
5120,12,1,4
5121,0,1,4
5121,1,1,0
5121,2,1,4
5121,3,1,1
5121,4,1,0
5121,5,1,0
5121,6,1,1
5121,7,1,2
5121,8,1,2
5121,9,1,4
5121,10,1,3
5121,11,1,4
5121,12,1,1
5122,0,1,4
5122,1,1,2
5122,2,1,1
5122,3,1,1
5122,4,0,0
5122,5,0,0
5122,6,0,0
5122,7,0,0
5122,8,0,0
5122,9,0,0
5122,10,0,0
5122,11,0,0
5122,12,0,0
5123,0,1,4
5123,1,0,0
5123,2,0,0
5123,3,0,0
5123,4,0,0
5123,5,0,0
5123,6,0,0
5123,7,0,0
5123,8,0,0
5123,9,0,0
5123,10,0,0
5123,11,0,0
5123,12,0,0
5124,0,1,2
5124,1,1,4
5124,2,1,7
5124,3,1,6
5124,4,1,7
5124,5,1,7
5124,6,0,0
5124,7,0,0
5124,8,0,0
5124,9,0,0
5124,10,0,0
5124,11,0,0
5124,12,0,0
5125,0,1,3
5125,1,1,4
5125,2,1,5
5125,3,1,3
5125,4,0,0
5125,5,0,0
5125,6,0,0
5125,7,0,0
5125,8,0,0
5125,9,0,0
5125,10,0,0
5125,11,0,0
5125,12,0,0
5126,0,1,6
5126,1,1,3
5126,2,1,4
5126,3,1,2
5126,4,1,2
5126,5,1,3
5126,6,1,4
5126,7,1,1
5126,8,1,0
5126,9,1,2
5126,10,1,2
5126,11,1,3
5126,12,1,3
5127,0,1,4
5127,1,1,0
5127,2,1,4
5127,3,1,4
5127,4,1,3
5127,5,1,0
5127,6,1,4
5127,7,1,1
5127,8,1,1
5127,9,1,1
5127,10,1,2
5127,11,1,5
5127,12,1,3
5128,0,1,5
5128,1,1,5
5128,2,1,0
5128,3,1,2
5128,4,1,5
5128,5,1,2
5128,6,1,1
5128,7,1,7
5128,8,1,4
5128,9,1,2
5128,10,1,3
5128,11,1,4
5128,12,1,3
5129,0,1,7
5129,1,1,3
5129,2,1,3
5129,3,1,0
5129,4,1,2
5129,5,1,4
5129,6,0,0
5129,7,0,0
5129,8,0,0
5129,9,0,0
5129,10,0,0
5129,11,0,0
5129,12,0,0
5130,0,1,6
5130,1,1,2
5130,2,1,3
5130,3,1,5
5130,4,1,3
5130,5,1,0
5130,6,1,0
5130,7,1,6
5130,8,1,0
5130,9,1,3
5130,10,1,8
5130,11,1,3
5130,12,1,2
5131,0,1,6
5131,1,1,3
5131,2,1,5
5131,3,1,3
5131,4,1,1
5131,5,1,3
5131,6,1,2
5131,7,1,0
5131,8,1,3
5131,9,1,2
5131,10,1,2
5131,11,1,5
5131,12,1,1
5132,0,1,3
5132,1,1,3
5132,2,1,3
5132,3,0,0
5132,4,0,0
5132,5,0,0
5132,6,0,0
5132,7,0,0
5132,8,0,0
5132,9,0,0
5132,10,0,0
5132,11,0,0
5132,12,0,0
5133,0,1,5
5133,1,1,5
5133,2,1,4
5133,3,1,3
5133,4,1,3
5133,5,1,4
5133,6,1,4
5133,7,1,3
5133,8,1,3
5133,9,1,3
5133,10,1,3
5133,11,1,0
5133,12,1,2
5134,0,1,5
5134,1,1,2
5134,2,1,3
5134,3,1,2
5134,4,1,2
5134,5,1,1
5134,6,1,1
5134,7,1,1
5134,8,1,2
5134,9,1,2
5134,10,1,2
5134,11,0,0
5134,12,0,0
5135,0,1,9
5135,1,1,4
5135,2,1,4
5135,3,1,2
5135,4,1,2
5135,5,1,0
5135,6,1,3
5135,7,1,2
5135,8,1,5
5135,9,1,1
5135,10,1,4
5135,11,1,5
5135,12,1,2
5136,0,1,6
5136,1,1,2
5136,2,1,4
5136,3,1,2
5136,4,1,4
5136,5,1,4
5136,6,1,4
5136,7,1,6
5136,8,1,2
5136,9,1,4
5136,10,1,4
5136,11,0,0
5136,12,0,0
5137,0,1,7
5137,1,1,3
5137,2,1,2
5137,3,1,2
5137,4,1,5
5137,5,0,0
5137,6,0,0
5137,7,0,0
5137,8,0,0
5137,9,0,0
5137,10,0,0
5137,11,0,0
5137,12,0,0
5138,0,1,4
5138,1,1,6
5138,2,1,6
5138,3,0,0
5138,4,0,0
5138,5,0,0
5138,6,0,0
5138,7,0,0
5138,8,0,0
5138,9,0,0
5138,10,0,0
5138,11,0,0
5138,12,0,0
5139,0,1,5
5139,1,1,2
5139,2,1,1
5139,3,1,1
5139,4,1,0
5139,5,1,1
5139,6,1,0
5139,7,1,4
5139,8,1,0
5139,9,1,4
5139,10,1,1
5139,11,1,2
5139,12,1,1
5140,0,1,8
5140,1,1,1
5140,2,1,3
5140,3,1,8
5140,4,0,0
5140,5,0,0
5140,6,0,0
5140,7,0,0
5140,8,0,0
5140,9,0,0
5140,10,0,0
5140,11,0,0
5140,12,0,0
5141,0,1,8
5141,1,1,6
5141,2,1,1
5141,3,1,1
5141,4,1,4
5141,5,1,5
5141,6,1,3
5141,7,1,6
5141,8,1,3
5141,9,1,5
5141,10,0,0
5141,11,0,0
5141,12,0,0
5142,0,1,5
5142,1,1,6
5142,2,1,3
5142,3,1,2
5142,4,1,1
5142,5,1,2
5142,6,1,5
5142,7,1,3
5142,8,1,2
5142,9,1,4
5142,10,0,0
5142,11,0,0
5142,12,0,0
5143,0,1,7
5143,1,1,3
5143,2,1,3
5143,3,1,2
5143,4,1,4
5143,5,1,1
5143,6,1,2
5143,7,1,4
5143,8,1,2
5143,9,1,5
5143,10,1,3
5143,11,1,4
5143,12,1,7
5144,0,1,6
5144,1,1,4
5144,2,1,2
5144,3,1,3
5144,4,1,4
5144,5,1,3
5144,6,1,5
5144,7,1,3
5144,8,1,3
5144,9,1,1
5144,10,1,0
5144,11,1,2
5144,12,1,3
5145,0,1,3
5145,1,1,3
5145,2,1,2
5145,3,0,0
5145,4,0,0
5145,5,0,0
5145,6,0,0
5145,7,0,0
5145,8,0,0
5145,9,0,0
5145,10,0,0
5145,11,0,0
5145,12,0,0
5146,0,1,4
5146,1,1,7
5146,2,1,3
5146,3,0,0
5146,4,0,0
5146,5,0,0
5146,6,0,0
5146,7,0,0
5146,8,0,0
5146,9,0,0
5146,10,0,0
5146,11,0,0
5146,12,0,0
5147,0,1,2
5147,1,1,1
5147,2,1,1
5147,3,1,1
5147,4,1,3
5147,5,1,0
5147,6,1,5
5147,7,1,2
5147,8,1,2
5147,9,1,2
5147,10,1,0
5147,11,1,2
5147,12,1,0
5148,0,1,8
5148,1,1,5
5148,2,1,0
5148,3,1,2
5148,4,1,4
5148,5,1,0
5148,6,1,6
5148,7,1,4
5148,8,1,1
5148,9,0,0
5148,10,0,0
5148,11,0,0
5148,12,0,0
5149,0,1,2
5149,1,1,5
5149,2,1,2
5149,3,1,2
5149,4,1,6
5149,5,0,0
5149,6,0,0
5149,7,0,0
5149,8,0,0
5149,9,0,0
5149,10,0,0
5149,11,0,0
5149,12,0,0
5150,0,1,8
5150,1,1,1
5150,2,1,1
5150,3,1,2
5150,4,1,2
5150,5,1,5
5150,6,1,4
5150,7,1,1
5150,8,1,0
5150,9,1,6
5150,10,1,1
5150,11,1,3
5150,12,1,3
5151,0,1,4
5151,1,1,4
5151,2,1,1
5151,3,0,0
5151,4,0,0
5151,5,0,0
5151,6,0,0
5151,7,0,0
5151,8,0,0
5151,9,0,0
5151,10,0,0
5151,11,0,0
5151,12,0,0
5152,0,1,2
5152,1,1,5
5152,2,1,3
5152,3,1,0
5152,4,1,2
5152,5,1,4
5152,6,1,4
5152,7,1,3
5152,8,1,2
5152,9,1,3
5152,10,1,3
5152,11,1,2
5152,12,1,3
5153,0,1,6
5153,1,1,6
5153,2,1,4
5153,3,0,0
5153,4,0,0
5153,5,0,0
5153,6,0,0
5153,7,0,0
5153,8,0,0
5153,9,0,0
5153,10,0,0
5153,11,0,0
5153,12,0,0
5154,0,1,3
5154,1,1,1
5154,2,1,1
5154,3,1,1
5154,4,1,1
5154,5,1,3
5154,6,1,5
5154,7,1,2
5154,8,1,0
5154,9,1,2
5154,10,1,3
5154,11,0,0
5154,12,0,0
5155,0,1,3
5155,1,1,3
5155,2,1,3
5155,3,1,2
5155,4,1,2
5155,5,1,8
5155,6,1,3
5155,7,1,8
5155,8,1,2
5155,9,1,3
5155,10,1,3
5155,11,1,1
5155,12,1,3
5156,0,1,8
5156,1,1,8
5156,2,0,0
5156,3,0,0
5156,4,0,0
5156,5,0,0
5156,6,0,0
5156,7,0,0
5156,8,0,0
5156,9,0,0
5156,10,0,0
5156,11,0,0
5156,12,0,0
5157,0,1,5
5157,1,1,2
5157,2,1,5
5157,3,1,3
5157,4,1,3
5157,5,1,2
5157,6,1,8
5157,7,1,2
5157,8,1,3
5157,9,1,3
5157,10,1,4
5157,11,0,0
5157,12,0,0
5158,0,1,4
5158,1,1,1
5158,2,1,1
5158,3,1,6
5158,4,1,5
5158,5,1,4
5158,6,0,0
5158,7,0,0
5158,8,0,0
5158,9,0,0
5158,10,0,0
5158,11,0,0
5158,12,0,0
5159,0,1,7
5159,1,1,3
5159,2,1,1
5159,3,0,0
5159,4,0,0
5159,5,0,0
5159,6,0,0
5159,7,0,0
5159,8,0,0
5159,9,0,0
5159,10,0,0
5159,11,0,0
5159,12,0,0
5160,0,1,5
5160,1,1,1
5160,2,1,2
5160,3,1,1
5160,4,1,1
5160,5,1,2
5160,6,1,1
5160,7,1,1
5160,8,1,3
5160,9,1,4
5160,10,1,1
5160,11,1,3
5160,12,1,0
5161,0,1,10
5161,1,1,3
5161,2,0,0
5161,3,0,0
5161,4,0,0
5161,5,0,0
5161,6,0,0
5161,7,0,0
5161,8,0,0
5161,9,0,0
5161,10,0,0
5161,11,0,0
5161,12,0,0
5162,0,1,5
5162,1,1,5
5162,2,1,1
5162,3,1,4
5162,4,1,5
5162,5,1,1
5162,6,1,0
5162,7,1,2
5162,8,1,3
5162,9,0,0
5162,10,0,0
5162,11,0,0
5162,12,0,0
5163,0,1,4
5163,1,1,3
5163,2,1,5
5163,3,1,6
5163,4,0,0
5163,5,0,0
5163,6,0,0
5163,7,0,0
5163,8,0,0
5163,9,0,0
5163,10,0,0
5163,11,0,0
5163,12,0,0
5164,0,1,4
5164,1,1,3
5164,2,1,2
5164,3,1,4
5164,4,1,2
5164,5,1,5
5164,6,0,0
5164,7,0,0
5164,8,0,0
5164,9,0,0
5164,10,0,0
5164,11,0,0
5164,12,0,0
5165,0,1,6
5165,1,1,1
5165,2,1,3
5165,3,1,0
5165,4,1,1
5165,5,1,5
5165,6,1,5
5165,7,1,5
5165,8,1,4
5165,9,1,3
5165,10,1,2
5165,11,1,1
5165,12,1,0
5166,0,1,5
5166,1,0,0
5166,2,0,0
5166,3,0,0
5166,4,0,0
5166,5,0,0
5166,6,0,0
5166,7,0,0
5166,8,0,0
5166,9,0,0
5166,10,0,0
5166,11,0,0
5166,12,0,0
5167,0,1,3
5167,1,1,2
5167,2,1,0
5167,3,1,6
5167,4,1,4
5167,5,1,4
5167,6,1,6
5167,7,1,3
5167,8,1,3
5167,9,1,5
5167,10,1,2
5167,11,1,3
5167,12,1,4
5168,0,1,7
5168,1,1,3
5168,2,1,3
5168,3,1,2
5168,4,0,0
5168,5,0,0
5168,6,0,0
5168,7,0,0
5168,8,0,0
5168,9,0,0
5168,10,0,0
5168,11,0,0
5168,12,0,0
5169,0,1,4
5169,1,1,4
5169,2,1,3
5169,3,0,0
5169,4,0,0
5169,5,0,0
5169,6,0,0
5169,7,0,0
5169,8,0,0
5169,9,0,0
5169,10,0,0
5169,11,0,0
5169,12,0,0
5170,0,1,5
5170,1,1,2
5170,2,1,3
5170,3,1,2
5170,4,1,4
5170,5,1,2
5170,6,1,2
5170,7,1,2
5170,8,1,6
5170,9,1,2
5170,10,1,4
5170,11,1,8
5170,12,1,3
5171,0,1,7
5171,1,1,0
5171,2,1,6
5171,3,1,1
5171,4,1,3
5171,5,0,0
5171,6,0,0
5171,7,0,0
5171,8,0,0
5171,9,0,0
5171,10,0,0
5171,11,0,0
5171,12,0,0
5172,0,1,7
5172,1,1,3
5172,2,1,1
5172,3,1,3
5172,4,0,0
5172,5,0,0
5172,6,0,0
5172,7,0,0
5172,8,0,0
5172,9,0,0
5172,10,0,0
5172,11,0,0
5172,12,0,0
5173,0,1,4
5173,1,1,6
5173,2,1,3
5173,3,1,4
5173,4,1,3
5173,5,0,0
5173,6,0,0
5173,7,0,0
5173,8,0,0
5173,9,0,0
5173,10,0,0
5173,11,0,0
5173,12,0,0
5174,0,1,5
5174,1,1,1
5174,2,1,5
5174,3,1,3
5174,4,0,0
5174,5,0,0
5174,6,0,0
5174,7,0,0
5174,8,0,0
5174,9,0,0
5174,10,0,0
5174,11,0,0
5174,12,0,0
5175,0,1,6
5175,1,1,1
5175,2,1,2
5175,3,0,0
5175,4,0,0
5175,5,0,0
5175,6,0,0
5175,7,0,0
5175,8,0,0
5175,9,0,0
5175,10,0,0
5175,11,0,0
5175,12,0,0
5176,0,1,3
5176,1,1,5
5176,2,1,11
5176,3,1,6
5176,4,1,6
5176,5,1,4
5176,6,1,1
5176,7,1,5
5176,8,1,3
5176,9,1,8
5176,10,1,5
5176,11,1,3
5176,12,1,2
5177,0,1,6
5177,1,1,2
5177,2,0,0
5177,3,0,0
5177,4,0,0
5177,5,0,0
5177,6,0,0
5177,7,0,0
5177,8,0,0
5177,9,0,0
5177,10,0,0
5177,11,0,0
5177,12,0,0
5178,0,1,4
5178,1,1,2
5178,2,0,0
5178,3,0,0
5178,4,0,0
5178,5,0,0
5178,6,0,0
5178,7,0,0
5178,8,0,0
5178,9,0,0
5178,10,0,0
5178,11,0,0
5178,12,0,0
5179,0,1,5
5179,1,1,6
5179,2,1,4
5179,3,1,4
5179,4,0,0
5179,5,0,0
5179,6,0,0
5179,7,0,0
5179,8,0,0
5179,9,0,0
5179,10,0,0
5179,11,0,0
5179,12,0,0
5180,0,1,1
5180,1,1,2
5180,2,1,7
5180,3,0,0
5180,4,0,0
5180,5,0,0
5180,6,0,0
5180,7,0,0
5180,8,0,0
5180,9,0,0
5180,10,0,0
5180,11,0,0
5180,12,0,0
5181,0,1,3
5181,1,1,5
5181,2,1,0
5181,3,1,1
5181,4,1,3
5181,5,0,0
5181,6,0,0
5181,7,0,0
5181,8,0,0
5181,9,0,0
5181,10,0,0
5181,11,0,0
5181,12,0,0
5182,0,1,7
5182,1,1,3
5182,2,1,3
5182,3,1,8
5182,4,1,4
5182,5,1,2
5182,6,1,7
5182,7,1,7
5182,8,1,2
5182,9,1,6
5182,10,0,0
5182,11,0,0
5182,12,0,0
5183,0,1,6
5183,1,1,4
5183,2,1,2
5183,3,1,3
5183,4,1,3
5183,5,1,4
5183,6,1,1
5183,7,1,2
5183,8,1,1
5183,9,1,4
5183,10,1,1
5183,11,1,3
5183,12,1,5
5184,0,1,5
5184,1,1,3
5184,2,1,4
5184,3,1,2
5184,4,1,3
5184,5,1,2
5184,6,1,4
5184,7,0,0
5184,8,0,0
5184,9,0,0
5184,10,0,0
5184,11,0,0
5184,12,0,0
5185,0,1,6
5185,1,1,3
5185,2,1,3
5185,3,1,1
5185,4,1,1
5185,5,1,5
5185,6,1,3
5185,7,1,1
5185,8,1,2
5185,9,1,3
5185,10,1,4
5185,11,1,4
5185,12,1,1
5186,0,1,6
5186,1,1,2
5186,2,1,7
5186,3,1,6
5186,4,1,2
5186,5,1,7
5186,6,1,5
5186,7,1,4
5186,8,0,0
5186,9,0,0
5186,10,0,0
5186,11,0,0
5186,12,0,0
5187,0,1,7
5187,1,1,3
5187,2,0,0
5187,3,0,0
5187,4,0,0
5187,5,0,0
5187,6,0,0
5187,7,0,0
5187,8,0,0
5187,9,0,0
5187,10,0,0
5187,11,0,0
5187,12,0,0
5188,0,1,1
5188,1,1,2
5188,2,1,2
5188,3,1,0
5188,4,1,6
5188,5,0,0
5188,6,0,0
5188,7,0,0
5188,8,0,0
5188,9,0,0
5188,10,0,0
5188,11,0,0
5188,12,0,0
5189,0,1,3
5189,1,0,0
5189,2,0,0
5189,3,0,0
5189,4,0,0
5189,5,0,0
5189,6,0,0
5189,7,0,0
5189,8,0,0
5189,9,0,0
5189,10,0,0
5189,11,0,0
5189,12,0,0
5190,0,1,8
5190,1,1,6
5190,2,1,5
5190,3,1,8
5190,4,1,2
5190,5,1,6
5190,6,1,4
5190,7,1,3
5190,8,1,3
5190,9,1,6
5190,10,1,8
5190,11,1,2
5190,12,1,3
5191,0,1,2
5191,1,1,0
5191,2,1,1
5191,3,0,0
5191,4,0,0
5191,5,0,0
5191,6,0,0
5191,7,0,0
5191,8,0,0
5191,9,0,0
5191,10,0,0
5191,11,0,0
5191,12,0,0
5192,0,1,5
5192,1,1,0
5192,2,1,1
5192,3,1,3
5192,4,1,3
5192,5,1,5
5192,6,1,1
5192,7,1,1
5192,8,1,2
5192,9,1,5
5192,10,1,3
5192,11,1,2
5192,12,1,3
5193,0,1,10
5193,1,1,3
5193,2,1,2
5193,3,1,5
5193,4,1,2
5193,5,1,2
5193,6,1,2
5193,7,1,3
5193,8,1,2
5193,9,1,6
5193,10,1,5
5193,11,1,4
5193,12,0,0
5194,0,1,5
5194,1,1,4
5194,2,1,1
5194,3,1,3
5194,4,1,7
5194,5,1,0
5194,6,1,3
5194,7,1,5
5194,8,1,2
5194,9,1,3
5194,10,0,0
5194,11,0,0
5194,12,0,0
5195,0,1,2
5195,1,1,3
5195,2,1,1
5195,3,1,2
5195,4,1,2
5195,5,1,3
5195,6,1,0
5195,7,1,3
5195,8,1,1
5195,9,1,6
5195,10,1,4
5195,11,1,3
5195,12,0,0
5196,0,1,3
5196,1,1,2
5196,2,1,3
5196,3,1,1
5196,4,1,4
5196,5,1,2
5196,6,1,6
5196,7,1,3
5196,8,1,5
5196,9,1,2
5196,10,1,5
5196,11,1,7
5196,12,1,2
5197,0,1,4
5197,1,1,5
5197,2,1,3
5197,3,1,2
5197,4,1,4
5197,5,1,4
5197,6,1,2
5197,7,1,2
5197,8,1,0
5197,9,1,3
5197,10,1,3
5197,11,1,3
5197,12,0,0
5198,0,1,6
5198,1,1,5
5198,2,1,5
5198,3,1,2
5198,4,1,6
5198,5,1,3
5198,6,1,5
5198,7,1,6
5198,8,1,8
5198,9,1,2
5198,10,1,4
5198,11,1,5
5198,12,1,5
5199,0,1,5
5199,1,1,2
5199,2,1,2
5199,3,1,1
5199,4,1,5
5199,5,1,4
5199,6,1,5
5199,7,1,3
5199,8,1,6
5199,9,1,7
5199,10,1,4
5199,11,1,3
5199,12,1,2
5200,0,1,7
5200,1,1,4
5200,2,1,4
5200,3,1,4
5200,4,1,3
5200,5,1,7
5200,6,1,5
5200,7,1,5
5200,8,1,8
5200,9,1,4
5200,10,1,2
5200,11,1,3
5200,12,1,1
5201,0,1,5
5201,1,1,1
5201,2,0,0
5201,3,0,0
5201,4,0,0
5201,5,0,0
5201,6,0,0
5201,7,0,0
5201,8,0,0
5201,9,0,0
5201,10,0,0
5201,11,0,0
5201,12,0,0
5202,0,1,2
5202,1,1,4
5202,2,0,0
5202,3,0,0
5202,4,0,0
5202,5,0,0
5202,6,0,0
5202,7,0,0
5202,8,0,0
5202,9,0,0
5202,10,0,0
5202,11,0,0
5202,12,0,0
5203,0,1,5
5203,1,1,5
5203,2,1,9
5203,3,1,3
5203,4,1,7
5203,5,0,0
5203,6,0,0
5203,7,0,0
5203,8,0,0
5203,9,0,0
5203,10,0,0
5203,11,0,0
5203,12,0,0
5204,0,1,10
5204,1,1,3
5204,2,1,3
5204,3,1,2
5204,4,1,3
5204,5,1,0
5204,6,1,0
5204,7,1,3
5204,8,1,5
5204,9,1,6
5204,10,1,5
5204,11,1,6
5204,12,1,4
5205,0,1,7
5205,1,1,2
5205,2,1,1
5205,3,1,3
5205,4,1,5
5205,5,1,3
5205,6,1,5
5205,7,1,3
5205,8,1,3
5205,9,1,3
5205,10,1,5
5205,11,1,3
5205,12,0,0
5206,0,1,5
5206,1,1,4
5206,2,1,7
5206,3,1,10
5206,4,1,1
5206,5,1,2
5206,6,1,5
5206,7,0,0
5206,8,0,0
5206,9,0,0
5206,10,0,0
5206,11,0,0
5206,12,0,0
5207,0,1,5
5207,1,1,2
5207,2,1,2
5207,3,1,1
5207,4,1,3
5207,5,1,5
5207,6,1,2
5207,7,1,2
5207,8,1,1
5207,9,0,0
5207,10,0,0
5207,11,0,0
5207,12,0,0
5208,0,1,5
5208,1,0,0
5208,2,0,0
5208,3,0,0
5208,4,0,0
5208,5,0,0
5208,6,0,0
5208,7,0,0
5208,8,0,0
5208,9,0,0
5208,10,0,0
5208,11,0,0
5208,12,0,0
5209,0,1,5
5209,1,1,1
5209,2,1,2
5209,3,0,0
5209,4,0,0
5209,5,0,0
5209,6,0,0
5209,7,0,0
5209,8,0,0
5209,9,0,0
5209,10,0,0
5209,11,0,0
5209,12,0,0
5210,0,1,5
5210,1,1,3
5210,2,1,1
5210,3,1,6
5210,4,1,3
5210,5,1,4
5210,6,1,3
5210,7,1,3
5210,8,1,2
5210,9,1,0
5210,10,1,7
5210,11,1,1
5210,12,1,2
5211,0,1,6
5211,1,1,2
5211,2,1,1
5211,3,1,2
5211,4,1,3
5211,5,0,0
5211,6,0,0
5211,7,0,0
5211,8,0,0
5211,9,0,0
5211,10,0,0
5211,11,0,0
5211,12,0,0
5212,0,1,5
5212,1,1,3
5212,2,0,0
5212,3,0,0
5212,4,0,0
5212,5,0,0
5212,6,0,0
5212,7,0,0
5212,8,0,0
5212,9,0,0
5212,10,0,0
5212,11,0,0
5212,12,0,0
5213,0,1,7
5213,1,1,2
5213,2,1,3
5213,3,1,5
5213,4,1,4
5213,5,1,5
5213,6,1,3
5213,7,1,1
5213,8,1,1
5213,9,1,5
5213,10,1,2
5213,11,1,5
5213,12,1,5
5214,0,1,7
5214,1,1,2
5214,2,1,3
5214,3,1,3
5214,4,1,3
5214,5,1,3
5214,6,1,6
5214,7,0,0
5214,8,0,0
5214,9,0,0
5214,10,0,0
5214,11,0,0
5214,12,0,0
5215,0,1,6
5215,1,1,4
5215,2,1,2
5215,3,1,5
5215,4,1,6
5215,5,1,4
5215,6,1,7
5215,7,1,7
5215,8,0,0
5215,9,0,0
5215,10,0,0
5215,11,0,0
5215,12,0,0
5216,0,1,4
5216,1,0,0
5216,2,0,0
5216,3,0,0
5216,4,0,0
5216,5,0,0
5216,6,0,0
5216,7,0,0
5216,8,0,0
5216,9,0,0
5216,10,0,0
5216,11,0,0
5216,12,0,0
5217,0,1,5
5217,1,1,6
5217,2,1,4
5217,3,1,4
5217,4,1,5
5217,5,0,0
5217,6,0,0
5217,7,0,0
5217,8,0,0
5217,9,0,0
5217,10,0,0
5217,11,0,0
5217,12,0,0
5218,0,1,7
5218,1,1,2
5218,2,1,2
5218,3,1,2
5218,4,1,6
5218,5,0,0
5218,6,0,0
5218,7,0,0
5218,8,0,0
5218,9,0,0
5218,10,0,0
5218,11,0,0
5218,12,0,0
5219,0,1,6
5219,1,1,0
5219,2,1,1
5219,3,1,2
5219,4,1,1
5219,5,1,4
5219,6,1,0
5219,7,0,0
5219,8,0,0
5219,9,0,0
5219,10,0,0
5219,11,0,0
5219,12,0,0
5220,0,1,6
5220,1,1,1
5220,2,1,1
5220,3,1,4
5220,4,1,5
5220,5,1,1
5220,6,1,2
5220,7,1,4
5220,8,1,4
5220,9,1,5
5220,10,1,0
5220,11,1,5
5220,12,1,2
5221,0,1,5
5221,1,1,0
5221,2,1,4
5221,3,1,4
5221,4,1,0
5221,5,1,2
5221,6,1,2
5221,7,1,1
5221,8,1,2
5221,9,1,2
5221,10,1,1
5221,11,1,4
5221,12,1,2
5222,0,1,8
5222,1,1,0
5222,2,1,2
5222,3,1,3
5222,4,1,4
5222,5,1,0
5222,6,1,2
5222,7,1,4
5222,8,0,0
5222,9,0,0
5222,10,0,0
5222,11,0,0
5222,12,0,0
5223,0,1,1
5223,1,1,4
5223,2,1,3
5223,3,1,4
5223,4,1,1
5223,5,1,2
5223,6,1,3
5223,7,1,2
5223,8,1,0
5223,9,1,3
5223,10,1,2
5223,11,1,2
5223,12,1,3
5224,0,1,8
5224,1,1,3
5224,2,1,1
5224,3,1,2
5224,4,1,1
5224,5,1,3
5224,6,1,6
5224,7,0,0
5224,8,0,0
5224,9,0,0
5224,10,0,0
5224,11,0,0
5224,12,0,0
5225,0,1,1
5225,1,1,4
5225,2,1,4
5225,3,1,4
5225,4,1,5
5225,5,1,2
5225,6,1,3
5225,7,0,0
5225,8,0,0
5225,9,0,0
5225,10,0,0
5225,11,0,0
5225,12,0,0
5226,0,1,3
5226,1,1,5
5226,2,1,4
5226,3,1,2
5226,4,1,8
5226,5,0,0
5226,6,0,0
5226,7,0,0
5226,8,0,0
5226,9,0,0
5226,10,0,0
5226,11,0,0
5226,12,0,0
5227,0,1,5
5227,1,1,3
5227,2,1,2
5227,3,1,3
5227,4,1,1
5227,5,1,5
5227,6,1,2
5227,7,1,2
5227,8,0,0
5227,9,0,0
5227,10,0,0
5227,11,0,0
5227,12,0,0
5228,0,1,6
5228,1,1,8
5228,2,1,2
5228,3,1,3
5228,4,1,6
5228,5,1,0
5228,6,1,5
5228,7,1,4
5228,8,1,6
5228,9,1,6
5228,10,1,3
5228,11,1,5
5228,12,1,5
5229,0,1,8
5229,1,1,3
5229,2,1,3
5229,3,1,3
5229,4,1,2
5229,5,1,1
5229,6,1,5
5229,7,1,3
5229,8,1,2
5229,9,1,0
5229,10,1,2
5229,11,1,2
5229,12,1,0
5230,0,1,6
5230,1,1,4
5230,2,1,4
5230,3,1,7
5230,4,0,0
5230,5,0,0
5230,6,0,0
5230,7,0,0
5230,8,0,0
5230,9,0,0
5230,10,0,0
5230,11,0,0
5230,12,0,0
5231,0,1,6
5231,1,1,8
5231,2,1,3
5231,3,1,4
5231,4,1,3
5231,5,1,4
5231,6,1,1
5231,7,1,3
5231,8,1,7
5231,9,1,5
5231,10,1,5
5231,11,1,4
5231,12,0,0
5232,0,1,7
5232,1,0,0
5232,2,0,0
5232,3,0,0
5232,4,0,0
5232,5,0,0
5232,6,0,0
5232,7,0,0
5232,8,0,0
5232,9,0,0
5232,10,0,0
5232,11,0,0
5232,12,0,0
5233,0,1,4
5233,1,1,5
5233,2,1,3
5233,3,1,3
5233,4,1,3
5233,5,1,1
5233,6,1,2
5233,7,1,3
5233,8,1,6
5233,9,0,0
5233,10,0,0
5233,11,0,0
5233,12,0,0
5234,0,1,6
5234,1,1,2
5234,2,1,1
5234,3,1,1
5234,4,1,4
5234,5,1,6
5234,6,1,3
5234,7,1,2
5234,8,0,0
5234,9,0,0
5234,10,0,0
5234,11,0,0
5234,12,0,0
5235,0,1,3
5235,1,1,2
5235,2,1,5
5235,3,1,3
5235,4,1,3
5235,5,0,0
5235,6,0,0
5235,7,0,0
5235,8,0,0
5235,9,0,0
5235,10,0,0
5235,11,0,0
5235,12,0,0
5236,0,1,5
5236,1,1,4
5236,2,1,2
5236,3,1,3
5236,4,1,3
5236,5,1,4
5236,6,1,2
5236,7,1,5
5236,8,1,2
5236,9,1,3
5236,10,1,3
5236,11,1,3
5236,12,0,0
5237,0,1,5
5237,1,1,2
5237,2,1,3
5237,3,1,1
5237,4,1,2
5237,5,1,2
5237,6,0,0
5237,7,0,0
5237,8,0,0
5237,9,0,0
5237,10,0,0
5237,11,0,0
5237,12,0,0
5238,0,1,5
5238,1,0,0
5238,2,0,0
5238,3,0,0
5238,4,0,0
5238,5,0,0
5238,6,0,0
5238,7,0,0
5238,8,0,0
5238,9,0,0
5238,10,0,0
5238,11,0,0
5238,12,0,0
5239,0,1,6
5239,1,1,3
5239,2,1,2
5239,3,1,1
5239,4,1,0
5239,5,1,2
5239,6,1,4
5239,7,1,1
5239,8,1,1
5239,9,1,1
5239,10,1,0
5239,11,1,3
5239,12,1,4
5240,0,1,4
5240,1,1,3
5240,2,1,6
5240,3,1,4
5240,4,1,2
5240,5,1,4
5240,6,1,4
5240,7,1,7
5240,8,1,1
5240,9,1,2
5240,10,1,3
5240,11,1,4
5240,12,1,5
5241,0,1,13
5241,1,1,6
5241,2,1,1
5241,3,1,3
5241,4,1,6
5241,5,1,3
5241,6,1,3
5241,7,0,0
5241,8,0,0
5241,9,0,0
5241,10,0,0
5241,11,0,0
5241,12,0,0
5242,0,1,5
5242,1,0,0
5242,2,0,0
5242,3,0,0
5242,4,0,0
5242,5,0,0
5242,6,0,0
5242,7,0,0
5242,8,0,0
5242,9,0,0
5242,10,0,0
5242,11,0,0
5242,12,0,0
5243,0,1,1
5243,1,1,2
5243,2,1,6
5243,3,1,3
5243,4,1,2
5243,5,1,1
5243,6,1,4
5243,7,1,4
5243,8,1,6
5243,9,1,2
5243,10,1,3
5243,11,1,3
5243,12,1,6
5244,0,1,5
5244,1,1,3
5244,2,0,0
5244,3,0,0
5244,4,0,0
5244,5,0,0
5244,6,0,0
5244,7,0,0
5244,8,0,0
5244,9,0,0
5244,10,0,0
5244,11,0,0
5244,12,0,0
5245,0,1,6
5245,1,1,5
5245,2,1,6
5245,3,1,4
5245,4,1,3
5245,5,1,3
5245,6,1,3
5245,7,1,4
5245,8,1,2
5245,9,1,2
5245,10,1,3
5245,11,1,3
5245,12,1,6
5246,0,1,5
5246,1,1,5
5246,2,1,0
5246,3,1,1
5246,4,1,8
5246,5,1,2
5246,6,1,5
5246,7,1,3
5246,8,1,7
5246,9,1,3
5246,10,1,7
5246,11,1,5
5246,12,1,0
5247,0,1,8
5247,1,1,5
5247,2,0,0
5247,3,0,0
5247,4,0,0
5247,5,0,0
5247,6,0,0
5247,7,0,0
5247,8,0,0
5247,9,0,0
5247,10,0,0
5247,11,0,0
5247,12,0,0
5248,0,1,4
5248,1,1,3
5248,2,0,0
5248,3,0,0
5248,4,0,0
5248,5,0,0
5248,6,0,0
5248,7,0,0
5248,8,0,0
5248,9,0,0
5248,10,0,0
5248,11,0,0
5248,12,0,0
5249,0,1,5
5249,1,1,4
5249,2,1,4
5249,3,1,5
5249,4,0,0
5249,5,0,0
5249,6,0,0
5249,7,0,0
5249,8,0,0
5249,9,0,0
5249,10,0,0
5249,11,0,0
5249,12,0,0
5250,0,1,4
5250,1,1,0
5250,2,0,0
5250,3,0,0
5250,4,0,0
5250,5,0,0
5250,6,0,0
5250,7,0,0
5250,8,0,0
5250,9,0,0
5250,10,0,0
5250,11,0,0
5250,12,0,0
5251,0,1,3
5251,1,0,0
5251,2,0,0
5251,3,0,0
5251,4,0,0
5251,5,0,0
5251,6,0,0
5251,7,0,0
5251,8,0,0
5251,9,0,0
5251,10,0,0
5251,11,0,0
5251,12,0,0
5252,0,1,7
5252,1,1,6
5252,2,1,4
5252,3,1,6
5252,4,1,5
5252,5,1,2
5252,6,1,3
5252,7,1,1
5252,8,1,5
5252,9,1,7
5252,10,1,7
5252,11,1,5
5252,12,1,3
5253,0,1,6
5253,1,1,0
5253,2,1,0
5253,3,1,2
5253,4,1,0
5253,5,1,1
5253,6,0,0
5253,7,0,0
5253,8,0,0
5253,9,0,0
5253,10,0,0
5253,11,0,0
5253,12,0,0
5254,0,1,2
5254,1,1,0
5254,2,1,1
5254,3,1,4
5254,4,1,0
5254,5,1,0
5254,6,1,0
5254,7,1,3
5254,8,1,1
5254,9,1,3
5254,10,1,4
5254,11,1,0
5254,12,1,3
5255,0,1,4
5255,1,1,5
5255,2,1,2
5255,3,1,5
5255,4,0,0
5255,5,0,0
5255,6,0,0
5255,7,0,0
5255,8,0,0
5255,9,0,0
5255,10,0,0
5255,11,0,0
5255,12,0,0
5256,0,1,9
5256,1,1,4
5256,2,1,7
5256,3,1,5
5256,4,1,3
5256,5,1,1
5256,6,1,2
5256,7,1,1
5256,8,1,7
5256,9,1,2
5256,10,1,0
5256,11,1,1
5256,12,1,3
5257,0,1,3
5257,1,1,3
5257,2,1,1
5257,3,1,2
5257,4,1,3
5257,5,1,4
5257,6,1,1
5257,7,1,5
5257,8,1,5
5257,9,1,6
5257,10,1,3
5257,11,1,3
5257,12,1,3
5258,0,1,4
5258,1,0,0
5258,2,0,0
5258,3,0,0
5258,4,0,0
5258,5,0,0
5258,6,0,0
5258,7,0,0
5258,8,0,0
5258,9,0,0
5258,10,0,0
5258,11,0,0
5258,12,0,0
5259,0,1,8
5259,1,0,0
5259,2,0,0
5259,3,0,0
5259,4,0,0
5259,5,0,0
5259,6,0,0
5259,7,0,0
5259,8,0,0
5259,9,0,0
5259,10,0,0
5259,11,0,0
5259,12,0,0
5260,0,1,3
5260,1,1,4
5260,2,1,4
5260,3,0,0
5260,4,0,0
5260,5,0,0
5260,6,0,0
5260,7,0,0
5260,8,0,0
5260,9,0,0
5260,10,0,0
5260,11,0,0
5260,12,0,0
5261,0,1,5
5261,1,1,3
5261,2,1,3
5261,3,1,1
5261,4,1,6
5261,5,1,4
5261,6,0,0
5261,7,0,0
5261,8,0,0
5261,9,0,0
5261,10,0,0
5261,11,0,0
5261,12,0,0
5262,0,1,7
5262,1,1,4
5262,2,1,3
5262,3,1,7
5262,4,1,2
5262,5,1,7
5262,6,1,4
5262,7,1,3
5262,8,0,0
5262,9,0,0
5262,10,0,0
5262,11,0,0
5262,12,0,0
5263,0,1,2
5263,1,1,4
5263,2,1,4
5263,3,1,3
5263,4,1,6
5263,5,1,7
5263,6,0,0
5263,7,0,0
5263,8,0,0
5263,9,0,0
5263,10,0,0
5263,11,0,0
5263,12,0,0
5264,0,1,2
5264,1,1,1
5264,2,1,6
5264,3,1,2
5264,4,1,0
5264,5,1,3
5264,6,1,5
5264,7,0,0
5264,8,0,0
5264,9,0,0
5264,10,0,0
5264,11,0,0
5264,12,0,0
5265,0,1,4
5265,1,1,5
5265,2,1,2
5265,3,1,3
5265,4,1,3
5265,5,1,4
5265,6,1,3
5265,7,1,1
5265,8,1,6
5265,9,1,5
5265,10,1,8
5265,11,0,0
5265,12,0,0
5266,0,1,7
5266,1,1,6
5266,2,0,0
5266,3,0,0
5266,4,0,0
5266,5,0,0
5266,6,0,0
5266,7,0,0
5266,8,0,0
5266,9,0,0
5266,10,0,0
5266,11,0,0
5266,12,0,0
5267,0,1,3
5267,1,1,1
5267,2,1,5
5267,3,1,0
5267,4,1,1
5267,5,1,4
5267,6,1,2
5267,7,1,0
5267,8,1,5
5267,9,1,2
5267,10,1,5
5267,11,0,0
5267,12,0,0
5268,0,1,6
5268,1,1,0
5268,2,0,0
5268,3,0,0
5268,4,0,0
5268,5,0,0
5268,6,0,0
5268,7,0,0
5268,8,0,0
5268,9,0,0
5268,10,0,0
5268,11,0,0
5268,12,0,0
5269,0,1,7
5269,1,1,1
5269,2,0,0
5269,3,0,0
5269,4,0,0
5269,5,0,0
5269,6,0,0
5269,7,0,0
5269,8,0,0
5269,9,0,0
5269,10,0,0
5269,11,0,0
5269,12,0,0
5270,0,1,3
5270,1,1,7
5270,2,1,5
5270,3,1,6
5270,4,1,1
5270,5,1,3
5270,6,1,2
5270,7,0,0
5270,8,0,0
5270,9,0,0
5270,10,0,0
5270,11,0,0
5270,12,0,0
5271,0,1,3
5271,1,1,5
5271,2,0,0
5271,3,0,0
5271,4,0,0
5271,5,0,0
5271,6,0,0
5271,7,0,0
5271,8,0,0
5271,9,0,0
5271,10,0,0
5271,11,0,0
5271,12,0,0
5272,0,1,4
5272,1,1,2
5272,2,1,4
5272,3,0,0
5272,4,0,0
5272,5,0,0
5272,6,0,0
5272,7,0,0
5272,8,0,0
5272,9,0,0
5272,10,0,0
5272,11,0,0
5272,12,0,0
5273,0,1,3
5273,1,1,3
5273,2,1,2
5273,3,0,0
5273,4,0,0
5273,5,0,0
5273,6,0,0
5273,7,0,0
5273,8,0,0
5273,9,0,0
5273,10,0,0
5273,11,0,0
5273,12,0,0
5274,0,1,4
5274,1,1,4
5274,2,1,1
5274,3,1,6
5274,4,1,3
5274,5,1,4
5274,6,1,2
5274,7,1,0
5274,8,1,2
5274,9,1,0
5274,10,1,1
5274,11,1,1
5274,12,1,1
5275,0,1,3
5275,1,1,2
5275,2,1,1
5275,3,1,7
5275,4,1,3
5275,5,1,4
5275,6,0,0
5275,7,0,0
5275,8,0,0
5275,9,0,0
5275,10,0,0
5275,11,0,0
5275,12,0,0
5276,0,1,5
5276,1,1,4
5276,2,1,4
5276,3,1,3
5276,4,1,6
5276,5,1,4
5276,6,1,7
5276,7,1,1
5276,8,1,3
5276,9,1,5
5276,10,1,3
5276,11,1,4
5276,12,1,3
5277,0,1,4
5277,1,0,0
5277,2,0,0
5277,3,0,0
5277,4,0,0
5277,5,0,0
5277,6,0,0
5277,7,0,0
5277,8,0,0
5277,9,0,0
5277,10,0,0
5277,11,0,0
5277,12,0,0
5278,0,1,5
5278,1,0,0
5278,2,0,0
5278,3,0,0
5278,4,0,0
5278,5,0,0
5278,6,0,0
5278,7,0,0
5278,8,0,0
5278,9,0,0
5278,10,0,0
5278,11,0,0
5278,12,0,0
5279,0,1,5
5279,1,1,2
5279,2,1,3
5279,3,1,3
5279,4,1,2
5279,5,1,6
5279,6,1,4
5279,7,1,3
5279,8,1,2
5279,9,1,3
5279,10,1,3
5279,11,0,0
5279,12,0,0
5280,0,1,7
5280,1,1,4
5280,2,1,2
5280,3,1,6
5280,4,1,2
5280,5,1,3
5280,6,1,3
5280,7,1,2
5280,8,1,8
5280,9,1,2
5280,10,1,3
5280,11,1,2
5280,12,1,2
5281,0,1,6
5281,1,1,8
5281,2,1,3
5281,3,1,4
5281,4,1,6
5281,5,1,0
5281,6,1,3
5281,7,0,0
5281,8,0,0
5281,9,0,0
5281,10,0,0
5281,11,0,0
5281,12,0,0
5282,0,1,6
5282,1,0,0
5282,2,0,0
5282,3,0,0
5282,4,0,0
5282,5,0,0
5282,6,0,0
5282,7,0,0
5282,8,0,0
5282,9,0,0
5282,10,0,0
5282,11,0,0
5282,12,0,0
5283,0,1,5
5283,1,0,0
5283,2,0,0
5283,3,0,0
5283,4,0,0
5283,5,0,0
5283,6,0,0
5283,7,0,0
5283,8,0,0
5283,9,0,0
5283,10,0,0
5283,11,0,0
5283,12,0,0
5284,0,1,6
5284,1,1,5
5284,2,1,3
5284,3,1,3
5284,4,1,5
5284,5,1,4
5284,6,0,0
5284,7,0,0
5284,8,0,0
5284,9,0,0
5284,10,0,0
5284,11,0,0
5284,12,0,0
5285,0,1,4
5285,1,1,3
5285,2,1,0
5285,3,1,1
5285,4,0,0
5285,5,0,0
5285,6,0,0
5285,7,0,0
5285,8,0,0
5285,9,0,0
5285,10,0,0
5285,11,0,0
5285,12,0,0
5286,0,1,4
5286,1,1,2
5286,2,0,0
5286,3,0,0
5286,4,0,0
5286,5,0,0
5286,6,0,0
5286,7,0,0
5286,8,0,0
5286,9,0,0
5286,10,0,0
5286,11,0,0
5286,12,0,0
5287,0,1,2
5287,1,1,1
5287,2,1,3
5287,3,1,2
5287,4,1,2
5287,5,0,0
5287,6,0,0
5287,7,0,0
5287,8,0,0
5287,9,0,0
5287,10,0,0
5287,11,0,0
5287,12,0,0
5288,0,1,7
5288,1,1,1
5288,2,1,3
5288,3,1,5
5288,4,1,1
5288,5,1,5
5288,6,1,0
5288,7,1,5
5288,8,1,1
5288,9,1,6
5288,10,1,1
5288,11,1,7
5288,12,1,5
5289,0,1,5
5289,1,1,5
5289,2,1,2
5289,3,0,0
5289,4,0,0
5289,5,0,0
5289,6,0,0
5289,7,0,0
5289,8,0,0
5289,9,0,0
5289,10,0,0
5289,11,0,0
5289,12,0,0
5290,0,1,5
5290,1,1,3
5290,2,1,4
5290,3,1,1
5290,4,1,6
5290,5,1,2
5290,6,1,5
5290,7,1,1
5290,8,1,1
5290,9,1,3
5290,10,1,3
5290,11,1,5
5290,12,1,0
5291,0,1,6
5291,1,1,2
5291,2,1,5
5291,3,1,0
5291,4,1,4
5291,5,1,1
5291,6,0,0
5291,7,0,0
5291,8,0,0
5291,9,0,0
5291,10,0,0
5291,11,0,0
5291,12,0,0
5292,0,1,5
5292,1,1,0
5292,2,1,1
5292,3,1,3
5292,4,1,1
5292,5,1,5
5292,6,1,2
5292,7,1,4
5292,8,0,0
5292,9,0,0
5292,10,0,0
5292,11,0,0
5292,12,0,0
5293,0,1,5
5293,1,1,4
5293,2,1,2
5293,3,1,0
5293,4,1,3
5293,5,1,3
5293,6,1,2
5293,7,1,1
5293,8,1,2
5293,9,0,0
5293,10,0,0
5293,11,0,0
5293,12,0,0
5294,0,1,5
5294,1,1,3
5294,2,1,2
5294,3,1,2
5294,4,1,4
5294,5,1,4
5294,6,1,4
5294,7,1,4
5294,8,1,5
5294,9,0,0
5294,10,0,0
5294,11,0,0
5294,12,0,0
5295,0,1,7
5295,1,1,9
5295,2,0,0
5295,3,0,0
5295,4,0,0
5295,5,0,0
5295,6,0,0
5295,7,0,0
5295,8,0,0
5295,9,0,0
5295,10,0,0
5295,11,0,0
5295,12,0,0
5296,0,1,6
5296,1,1,7
5296,2,1,3
5296,3,1,4
5296,4,1,1
5296,5,1,1
5296,6,1,5
5296,7,1,0
5296,8,1,1
5296,9,1,3
5296,10,1,2
5296,11,1,5
5296,12,1,1
5297,0,1,8
5297,1,1,3
5297,2,1,1
5297,3,1,0
5297,4,1,2
5297,5,1,0
5297,6,1,1
5297,7,1,3
5297,8,1,0
5297,9,1,0
5297,10,1,5
5297,11,1,1
5297,12,1,0
5298,0,1,4
5298,1,1,4
5298,2,1,1
5298,3,0,0
5298,4,0,0
5298,5,0,0
5298,6,0,0
5298,7,0,0
5298,8,0,0
5298,9,0,0
5298,10,0,0
5298,11,0,0
5298,12,0,0
5299,0,1,3
5299,1,1,4
5299,2,1,5
5299,3,0,0
5299,4,0,0
5299,5,0,0
5299,6,0,0
5299,7,0,0
5299,8,0,0
5299,9,0,0
5299,10,0,0
5299,11,0,0
5299,12,0,0
5300,0,1,7
5300,1,0,0
5300,2,0,0
5300,3,0,0
5300,4,0,0
5300,5,0,0
5300,6,0,0
5300,7,0,0
5300,8,0,0
5300,9,0,0
5300,10,0,0
5300,11,0,0
5300,12,0,0
5301,0,1,5
5301,1,1,4
5301,2,0,0
5301,3,0,0
5301,4,0,0
5301,5,0,0
5301,6,0,0
5301,7,0,0
5301,8,0,0
5301,9,0,0
5301,10,0,0
5301,11,0,0
5301,12,0,0
5302,0,1,5
5302,1,1,3
5302,2,1,3
5302,3,1,6
5302,4,1,3
5302,5,1,7
5302,6,1,2
5302,7,1,6
5302,8,1,2
5302,9,1,2
5302,10,1,4
5302,11,1,4
5302,12,0,0
5303,0,1,9
5303,1,1,6
5303,2,1,3
5303,3,1,1
5303,4,1,4
5303,5,1,7
5303,6,1,6
5303,7,1,3
5303,8,1,2
5303,9,1,1
5303,10,1,6
5303,11,1,2
5303,12,1,5
5304,0,1,1
5304,1,1,2
5304,2,1,2
5304,3,1,5
5304,4,1,3
5304,5,1,1
5304,6,1,7
5304,7,1,5
5304,8,0,0
5304,9,0,0
5304,10,0,0
5304,11,0,0
5304,12,0,0
5305,0,1,5
5305,1,1,5
5305,2,0,0
5305,3,0,0
5305,4,0,0
5305,5,0,0
5305,6,0,0
5305,7,0,0
5305,8,0,0
5305,9,0,0
5305,10,0,0
5305,11,0,0
5305,12,0,0
5306,0,1,4
5306,1,1,4
5306,2,1,2
5306,3,1,1
5306,4,1,2
5306,5,0,0
5306,6,0,0
5306,7,0,0
5306,8,0,0
5306,9,0,0
5306,10,0,0
5306,11,0,0
5306,12,0,0
5307,0,1,7
5307,1,1,2
5307,2,1,2
5307,3,0,0
5307,4,0,0
5307,5,0,0
5307,6,0,0
5307,7,0,0
5307,8,0,0
5307,9,0,0
5307,10,0,0
5307,11,0,0
5307,12,0,0
5308,0,1,2
5308,1,1,3
5308,2,1,6
5308,3,1,3
5308,4,1,3
5308,5,1,0
5308,6,1,1
5308,7,1,0
5308,8,1,2
5308,9,1,5
5308,10,1,2
5308,11,1,3
5308,12,1,5
5309,0,1,5
5309,1,1,2
5309,2,1,6
5309,3,1,1
5309,4,1,6
5309,5,1,2
5309,6,1,3
5309,7,1,3
5309,8,1,1
5309,9,1,6
5309,10,1,1
5309,11,1,4
5309,12,1,2
5310,0,1,5
5310,1,1,3
5310,2,1,1
5310,3,1,1
5310,4,1,0
5310,5,1,1
5310,6,1,1
5310,7,1,3
5310,8,1,0
5310,9,0,0
5310,10,0,0
5310,11,0,0
5310,12,0,0
5311,0,1,7
5311,1,1,5
5311,2,1,3
5311,3,1,2
5311,4,1,4
5311,5,1,2
5311,6,1,4
5311,7,1,2
5311,8,1,3
5311,9,1,1
5311,10,0,0
5311,11,0,0
5311,12,0,0
5312,0,1,4
5312,1,1,5
5312,2,1,5
5312,3,1,0
5312,4,1,3
5312,5,1,2
5312,6,0,0
5312,7,0,0
5312,8,0,0
5312,9,0,0
5312,10,0,0
5312,11,0,0
5312,12,0,0
5313,0,1,2
5313,1,1,1
5313,2,0,0
5313,3,0,0
5313,4,0,0
5313,5,0,0
5313,6,0,0
5313,7,0,0
5313,8,0,0
5313,9,0,0
5313,10,0,0
5313,11,0,0
5313,12,0,0
5314,0,1,6
5314,1,0,0
5314,2,0,0
5314,3,0,0
5314,4,0,0
5314,5,0,0
5314,6,0,0
5314,7,0,0
5314,8,0,0
5314,9,0,0
5314,10,0,0
5314,11,0,0
5314,12,0,0
5315,0,1,6
5315,1,1,2
5315,2,1,2
5315,3,1,3
5315,4,1,5
5315,5,1,1
5315,6,1,5
5315,7,1,4
5315,8,0,0
5315,9,0,0
5315,10,0,0
5315,11,0,0
5315,12,0,0
5316,0,1,4
5316,1,0,0
5316,2,0,0
5316,3,0,0
5316,4,0,0
5316,5,0,0
5316,6,0,0
5316,7,0,0
5316,8,0,0
5316,9,0,0
5316,10,0,0
5316,11,0,0
5316,12,0,0
5317,0,1,4
5317,1,1,2
5317,2,1,3
5317,3,1,5
5317,4,1,3
5317,5,1,3
5317,6,1,3
5317,7,1,3
5317,8,0,0
5317,9,0,0
5317,10,0,0
5317,11,0,0
5317,12,0,0
5318,0,1,5
5318,1,0,0
5318,2,0,0
5318,3,0,0
5318,4,0,0
5318,5,0,0
5318,6,0,0
5318,7,0,0
5318,8,0,0
5318,9,0,0
5318,10,0,0
5318,11,0,0
5318,12,0,0
5319,0,1,4
5319,1,0,0
5319,2,0,0
5319,3,0,0
5319,4,0,0
5319,5,0,0
5319,6,0,0
5319,7,0,0
5319,8,0,0
5319,9,0,0
5319,10,0,0
5319,11,0,0
5319,12,0,0
5320,0,1,4
5320,1,1,2
5320,2,1,1
5320,3,1,2
5320,4,1,4
5320,5,1,3
5320,6,1,4
5320,7,1,2
5320,8,1,5
5320,9,0,0
5320,10,0,0
5320,11,0,0
5320,12,0,0
5321,0,1,3
5321,1,1,1
5321,2,1,1
5321,3,1,4
5321,4,1,1
5321,5,1,4
5321,6,1,3
5321,7,1,2
5321,8,1,2
5321,9,1,4
5321,10,1,3
5321,11,1,2
5321,12,1,0
5322,0,1,3
5322,1,1,8
5322,2,1,4
5322,3,1,6
5322,4,1,4
5322,5,1,0
5322,6,1,6
5322,7,1,0
5322,8,1,1
5322,9,1,2
5322,10,1,4
5322,11,1,7
5322,12,1,5
5323,0,1,3
5323,1,1,7
5323,2,1,4
5323,3,1,7
5323,4,1,6
5323,5,1,4
5323,6,1,5
5323,7,1,4
5323,8,1,1
5323,9,1,4
5323,10,1,3
5323,11,1,4
5323,12,1,3
5324,0,1,6
5324,1,1,5
5324,2,1,3
5324,3,1,2
5324,4,1,1
5324,5,1,0
5324,6,1,1
5324,7,1,2
5324,8,1,3
5324,9,1,2
5324,10,0,0
5324,11,0,0
5324,12,0,0
5325,0,1,5
5325,1,1,3
5325,2,1,2
5325,3,1,4
5325,4,1,4
5325,5,1,5
5325,6,0,0
5325,7,0,0
5325,8,0,0
5325,9,0,0
5325,10,0,0
5325,11,0,0
5325,12,0,0
5326,0,1,6
5326,1,1,1
5326,2,1,0
5326,3,1,2
5326,4,1,2
5326,5,1,2
5326,6,1,4
5326,7,1,2
5326,8,1,3
5326,9,1,2
5326,10,0,0
5326,11,0,0
5326,12,0,0
5327,0,1,4
5327,1,0,0
5327,2,0,0
5327,3,0,0
5327,4,0,0
5327,5,0,0
5327,6,0,0
5327,7,0,0
5327,8,0,0
5327,9,0,0
5327,10,0,0
5327,11,0,0
5327,12,0,0
5328,0,1,5
5328,1,1,2
5328,2,1,4
5328,3,1,0
5328,4,1,3
5328,5,1,7
5328,6,1,2
5328,7,1,4
5328,8,1,4
5328,9,1,6
5328,10,1,0
5328,11,1,5
5328,12,1,2
5329,0,1,5
5329,1,1,4
5329,2,1,0
5329,3,1,5
5329,4,1,4
5329,5,1,2
5329,6,1,3
5329,7,1,3
5329,8,1,1
5329,9,1,4
5329,10,1,3
5329,11,1,2
5329,12,0,0
5330,0,1,4
5330,1,1,6
5330,2,1,3
5330,3,1,4
5330,4,1,2
5330,5,1,2
5330,6,1,4
5330,7,1,2
5330,8,1,4
5330,9,1,4
5330,10,1,1
5330,11,1,5
5330,12,1,0
5331,0,1,3
5331,1,1,2
5331,2,1,1
5331,3,1,5
5331,4,1,2
5331,5,1,1
5331,6,0,0
5331,7,0,0
5331,8,0,0
5331,9,0,0
5331,10,0,0
5331,11,0,0
5331,12,0,0
5332,0,1,6
5332,1,1,1
5332,2,1,1
5332,3,1,2
5332,4,1,5
5332,5,1,2
5332,6,1,2
5332,7,1,3
5332,8,1,3
5332,9,1,2
5332,10,1,2
5332,11,1,0
5332,12,1,6
5333,0,1,5
5333,1,1,5
5333,2,1,4
5333,3,1,3
5333,4,1,4
5333,5,1,1
5333,6,1,3
5333,7,1,8
5333,8,1,2
5333,9,1,2
5333,10,1,4
5333,11,1,1
5333,12,1,2
5334,0,1,2
5334,1,0,0
5334,2,0,0
5334,3,0,0
5334,4,0,0
5334,5,0,0
5334,6,0,0
5334,7,0,0
5334,8,0,0
5334,9,0,0
5334,10,0,0
5334,11,0,0
5334,12,0,0
5335,0,1,6
5335,1,1,6
5335,2,1,3
5335,3,1,3
5335,4,0,0
5335,5,0,0
5335,6,0,0
5335,7,0,0
5335,8,0,0
5335,9,0,0
5335,10,0,0
5335,11,0,0
5335,12,0,0
5336,0,1,6
5336,1,1,2
5336,2,1,3
5336,3,1,2
5336,4,1,4
5336,5,1,2
5336,6,1,4
5336,7,1,5
5336,8,1,4
5336,9,1,5
5336,10,1,2
5336,11,1,5
5336,12,0,0
5337,0,1,8
5337,1,1,5
5337,2,1,1
5337,3,1,5
5337,4,1,5
5337,5,1,1
5337,6,1,3
5337,7,1,3
5337,8,1,7
5337,9,1,4
5337,10,0,0
5337,11,0,0
5337,12,0,0
5338,0,1,4
5338,1,1,2
5338,2,1,4
5338,3,1,5
5338,4,1,5
5338,5,1,4
5338,6,1,2
5338,7,1,4
5338,8,1,9
5338,9,1,6
5338,10,1,1
5338,11,1,1
5338,12,1,1
5339,0,1,9
5339,1,1,2
5339,2,1,2
5339,3,1,2
5339,4,1,1
5339,5,1,3
5339,6,1,4
5339,7,1,1
5339,8,1,3
5339,9,1,1
5339,10,1,3
5339,11,1,2
5339,12,1,1
5340,0,1,5
5340,1,1,0
5340,2,1,1
5340,3,1,3
5340,4,1,2
5340,5,1,1
5340,6,1,1
5340,7,1,0
5340,8,0,0
5340,9,0,0
5340,10,0,0
5340,11,0,0
5340,12,0,0
5341,0,1,1
5341,1,1,3
5341,2,1,2
5341,3,0,0
5341,4,0,0
5341,5,0,0
5341,6,0,0
5341,7,0,0
5341,8,0,0
5341,9,0,0
5341,10,0,0
5341,11,0,0
5341,12,0,0
5342,0,1,5
5342,1,1,4
5342,2,1,3
5342,3,1,3
5342,4,0,0
5342,5,0,0
5342,6,0,0
5342,7,0,0
5342,8,0,0
5342,9,0,0
5342,10,0,0
5342,11,0,0
5342,12,0,0
5343,0,1,6
5343,1,1,3
5343,2,1,1
5343,3,0,0
5343,4,0,0
5343,5,0,0
5343,6,0,0
5343,7,0,0
5343,8,0,0
5343,9,0,0
5343,10,0,0
5343,11,0,0
5343,12,0,0
5344,0,1,5
5344,1,1,2
5344,2,1,2
5344,3,0,0
5344,4,0,0
5344,5,0,0
5344,6,0,0
5344,7,0,0
5344,8,0,0
5344,9,0,0
5344,10,0,0
5344,11,0,0
5344,12,0,0
5345,0,1,5
5345,1,1,2
5345,2,1,0
5345,3,0,0
5345,4,0,0
5345,5,0,0
5345,6,0,0
5345,7,0,0
5345,8,0,0
5345,9,0,0
5345,10,0,0
5345,11,0,0
5345,12,0,0
5346,0,1,9
5346,1,1,5
5346,2,0,0
5346,3,0,0
5346,4,0,0
5346,5,0,0
5346,6,0,0
5346,7,0,0
5346,8,0,0
5346,9,0,0
5346,10,0,0
5346,11,0,0
5346,12,0,0
5347,0,1,5
5347,1,1,1
5347,2,0,0
5347,3,0,0
5347,4,0,0
5347,5,0,0
5347,6,0,0
5347,7,0,0
5347,8,0,0
5347,9,0,0
5347,10,0,0
5347,11,0,0
5347,12,0,0
5348,0,1,3
5348,1,1,8
5348,2,1,1
5348,3,1,6
5348,4,1,2
5348,5,1,3
5348,6,1,3
5348,7,1,3
5348,8,1,4
5348,9,1,2
5348,10,1,2
5348,11,1,7
5348,12,1,2
5349,0,1,5
5349,1,1,1
5349,2,0,0
5349,3,0,0
5349,4,0,0
5349,5,0,0
5349,6,0,0
5349,7,0,0
5349,8,0,0
5349,9,0,0
5349,10,0,0
5349,11,0,0
5349,12,0,0
5350,0,1,4
5350,1,1,3
5350,2,1,2
5350,3,1,4
5350,4,1,3
5350,5,1,3
5350,6,1,2
5350,7,1,3
5350,8,1,5
5350,9,1,4
5350,10,1,5
5350,11,1,4
5350,12,1,5
5351,0,1,7
5351,1,1,4
5351,2,1,1
5351,3,1,4
5351,4,1,2
5351,5,1,4
5351,6,1,3
5351,7,1,2
5351,8,1,4
5351,9,1,4
5351,10,1,3
5351,11,1,5
5351,12,1,2
5352,0,1,5
5352,1,1,5
5352,2,1,2
5352,3,1,7
5352,4,0,0
5352,5,0,0
5352,6,0,0
5352,7,0,0
5352,8,0,0
5352,9,0,0
5352,10,0,0
5352,11,0,0
5352,12,0,0
5353,0,1,4
5353,1,1,2
5353,2,1,2
5353,3,1,2
5353,4,1,8
5353,5,1,8
5353,6,1,4
5353,7,1,3
5353,8,1,4
5353,9,1,2
5353,10,1,3
5353,11,1,4
5353,12,1,5
5354,0,1,8
5354,1,1,1
5354,2,1,4
5354,3,0,0
5354,4,0,0
5354,5,0,0
5354,6,0,0
5354,7,0,0
5354,8,0,0
5354,9,0,0
5354,10,0,0
5354,11,0,0
5354,12,0,0
5355,0,1,4
5355,1,1,7
5355,2,1,3
5355,3,1,3
5355,4,1,6
5355,5,1,1
5355,6,1,3
5355,7,1,4
5355,8,1,1
5355,9,1,3
5355,10,1,4
5355,11,1,5
5355,12,1,3
5356,0,1,5
5356,1,1,0
5356,2,0,0
5356,3,0,0
5356,4,0,0
5356,5,0,0
5356,6,0,0
5356,7,0,0
5356,8,0,0
5356,9,0,0
5356,10,0,0
5356,11,0,0
5356,12,0,0
5357,0,1,5
5357,1,1,2
5357,2,1,0
5357,3,1,1
5357,4,0,0
5357,5,0,0
5357,6,0,0
5357,7,0,0
5357,8,0,0
5357,9,0,0
5357,10,0,0
5357,11,0,0
5357,12,0,0
5358,0,1,4
5358,1,0,0
5358,2,0,0
5358,3,0,0
5358,4,0,0
5358,5,0,0
5358,6,0,0
5358,7,0,0
5358,8,0,0
5358,9,0,0
5358,10,0,0
5358,11,0,0
5358,12,0,0
5359,0,1,2
5359,1,1,4
5359,2,1,2
5359,3,1,2
5359,4,1,3
5359,5,1,6
5359,6,1,4
5359,7,1,4
5359,8,1,6
5359,9,1,7
5359,10,1,3
5359,11,1,0
5359,12,1,4
5360,0,1,6
5360,1,1,2
5360,2,1,1
5360,3,1,1
5360,4,0,0
5360,5,0,0
5360,6,0,0
5360,7,0,0
5360,8,0,0
5360,9,0,0
5360,10,0,0
5360,11,0,0
5360,12,0,0
5361,0,1,7
5361,1,1,5
5361,2,1,0
5361,3,1,3
5361,4,0,0
5361,5,0,0
5361,6,0,0
5361,7,0,0
5361,8,0,0
5361,9,0,0
5361,10,0,0
5361,11,0,0
5361,12,0,0
5362,0,1,5
5362,1,1,0
5362,2,0,0
5362,3,0,0
5362,4,0,0
5362,5,0,0
5362,6,0,0
5362,7,0,0
5362,8,0,0
5362,9,0,0
5362,10,0,0
5362,11,0,0
5362,12,0,0
5363,0,1,5
5363,1,1,5
5363,2,0,0
5363,3,0,0
5363,4,0,0
5363,5,0,0
5363,6,0,0
5363,7,0,0
5363,8,0,0
5363,9,0,0
5363,10,0,0
5363,11,0,0
5363,12,0,0
5364,0,1,3
5364,1,1,2
5364,2,1,2
5364,3,1,1
5364,4,1,3
5364,5,1,4
5364,6,1,2
5364,7,1,2
5364,8,1,1
5364,9,1,2
5364,10,1,4
5364,11,1,4
5364,12,1,0
5365,0,1,4
5365,1,1,4
5365,2,1,3
5365,3,1,2
5365,4,1,3
5365,5,1,2
5365,6,1,3
5365,7,1,3
5365,8,1,2
5365,9,1,6
5365,10,1,4
5365,11,1,2
5365,12,1,5
5366,0,1,4
5366,1,1,3
5366,2,1,6
5366,3,1,8
5366,4,1,1
5366,5,1,1
5366,6,1,5
5366,7,0,0
5366,8,0,0
5366,9,0,0
5366,10,0,0
5366,11,0,0
5366,12,0,0
5367,0,1,3
5367,1,1,3
5367,2,1,1
5367,3,1,2
5367,4,1,4
5367,5,1,6
5367,6,1,2
5367,7,1,2
5367,8,1,2
5367,9,1,1
5367,10,1,1
5367,11,1,5
5367,12,1,4
5368,0,1,4
5368,1,1,2
5368,2,1,1
5368,3,1,6
5368,4,1,6
5368,5,1,3
5368,6,1,3
5368,7,1,3
5368,8,1,5
5368,9,1,3
5368,10,1,2
5368,11,1,1
5368,12,1,6
5369,0,1,4
5369,1,1,1
5369,2,1,1
5369,3,1,0
5369,4,1,4
5369,5,1,0
5369,6,1,2
5369,7,0,0
5369,8,0,0
5369,9,0,0
5369,10,0,0
5369,11,0,0
5369,12,0,0
5370,0,1,6
5370,1,1,1
5370,2,0,0
5370,3,0,0
5370,4,0,0
5370,5,0,0
5370,6,0,0
5370,7,0,0
5370,8,0,0
5370,9,0,0
5370,10,0,0
5370,11,0,0
5370,12,0,0
5371,0,1,9
5371,1,1,4
5371,2,1,4
5371,3,1,3
5371,4,0,0
5371,5,0,0
5371,6,0,0
5371,7,0,0
5371,8,0,0
5371,9,0,0
5371,10,0,0
5371,11,0,0
5371,12,0,0
5372,0,1,7
5372,1,0,0
5372,2,0,0
5372,3,0,0
5372,4,0,0
5372,5,0,0
5372,6,0,0
5372,7,0,0
5372,8,0,0
5372,9,0,0
5372,10,0,0
5372,11,0,0
5372,12,0,0
5373,0,1,2
5373,1,1,1
5373,2,1,3
5373,3,1,1
5373,4,1,6
5373,5,0,0
5373,6,0,0
5373,7,0,0
5373,8,0,0
5373,9,0,0
5373,10,0,0
5373,11,0,0
5373,12,0,0
5374,0,1,4
5374,1,1,1
5374,2,1,2
5374,3,1,1
5374,4,1,2
5374,5,1,1
5374,6,0,0
5374,7,0,0
5374,8,0,0
5374,9,0,0
5374,10,0,0
5374,11,0,0
5374,12,0,0
5375,0,1,5
5375,1,1,3
5375,2,1,2
5375,3,1,4
5375,4,1,1
5375,5,1,1
5375,6,0,0
5375,7,0,0
5375,8,0,0
5375,9,0,0
5375,10,0,0
5375,11,0,0
5375,12,0,0
5376,0,1,5
5376,1,1,3
5376,2,1,3
5376,3,1,3
5376,4,1,1
5376,5,1,3
5376,6,1,3
5376,7,1,6
5376,8,1,2
5376,9,1,6
5376,10,1,2
5376,11,1,1
5376,12,1,5
5377,0,1,5
5377,1,1,5
5377,2,1,2
5377,3,1,8
5377,4,1,3
5377,5,1,1
5377,6,1,1
5377,7,1,5
5377,8,1,2
5377,9,1,0
5377,10,1,7
5377,11,1,3
5377,12,1,5
5378,0,1,5
5378,1,1,6
5378,2,0,0
5378,3,0,0
5378,4,0,0
5378,5,0,0
5378,6,0,0
5378,7,0,0
5378,8,0,0
5378,9,0,0
5378,10,0,0
5378,11,0,0
5378,12,0,0
5379,0,1,3
5379,1,0,0
5379,2,0,0
5379,3,0,0
5379,4,0,0
5379,5,0,0
5379,6,0,0
5379,7,0,0
5379,8,0,0
5379,9,0,0
5379,10,0,0
5379,11,0,0
5379,12,0,0
5380,0,1,5
5380,1,1,2
5380,2,1,3
5380,3,1,1
5380,4,1,4
5380,5,1,1
5380,6,1,4
5380,7,1,1
5380,8,1,0
5380,9,1,2
5380,10,1,1
5380,11,1,3
5380,12,1,3
5381,0,1,3
5381,1,1,1
5381,2,1,3
5381,3,1,6
5381,4,1,3
5381,5,0,0
5381,6,0,0
5381,7,0,0
5381,8,0,0
5381,9,0,0
5381,10,0,0
5381,11,0,0
5381,12,0,0
5382,0,1,5
5382,1,1,3
5382,2,1,5
5382,3,0,0
5382,4,0,0
5382,5,0,0
5382,6,0,0
5382,7,0,0
5382,8,0,0
5382,9,0,0
5382,10,0,0
5382,11,0,0
5382,12,0,0
5383,0,1,3
5383,1,1,3
5383,2,1,0
5383,3,1,4
5383,4,1,5
5383,5,1,1
5383,6,1,1
5383,7,1,4
5383,8,1,4
5383,9,1,1
5383,10,1,1
5383,11,1,2
5383,12,1,3
5384,0,1,5
5384,1,1,1
5384,2,1,1
5384,3,1,5
5384,4,1,5
5384,5,1,6
5384,6,1,3
5384,7,1,4
5384,8,1,3
5384,9,1,2
5384,10,1,1
5384,11,1,5
5384,12,1,1
5385,0,1,6
5385,1,1,3
5385,2,1,5
5385,3,1,1
5385,4,1,1
5385,5,1,4
5385,6,1,0
5385,7,1,3
5385,8,1,3
5385,9,1,4
5385,10,1,2
5385,11,1,3
5385,12,1,0
5386,0,1,4
5386,1,1,4
5386,2,1,6
5386,3,1,5
5386,4,1,4
5386,5,1,4
5386,6,1,1
5386,7,1,4
5386,8,1,2
5386,9,1,3
5386,10,0,0
5386,11,0,0
5386,12,0,0
5387,0,1,5
5387,1,1,5
5387,2,1,4
5387,3,1,4
5387,4,1,3
5387,5,1,4
5387,6,1,2
5387,7,1,4
5387,8,1,6
5387,9,1,5
5387,10,1,6
5387,11,1,4
5387,12,1,0
5388,0,1,2
5388,1,1,0
5388,2,1,1
5388,3,1,5
5388,4,1,3
5388,5,1,0
5388,6,1,1
5388,7,1,3
5388,8,1,1
5388,9,0,0
5388,10,0,0
5388,11,0,0
5388,12,0,0
5389,0,1,9
5389,1,1,2
5389,2,1,2
5389,3,1,2
5389,4,1,2
5389,5,1,2
5389,6,1,2
5389,7,1,2
5389,8,1,1
5389,9,1,3
5389,10,1,0
5389,11,1,2
5389,12,1,1
5390,0,1,4
5390,1,1,2
5390,2,1,6
5390,3,1,0
5390,4,0,0
5390,5,0,0
5390,6,0,0
5390,7,0,0
5390,8,0,0
5390,9,0,0
5390,10,0,0
5390,11,0,0
5390,12,0,0
5391,0,1,5
5391,1,1,2
5391,2,0,0
5391,3,0,0
5391,4,0,0
5391,5,0,0
5391,6,0,0
5391,7,0,0
5391,8,0,0
5391,9,0,0
5391,10,0,0
5391,11,0,0
5391,12,0,0
5392,0,1,6
5392,1,1,1
5392,2,1,2
5392,3,0,0
5392,4,0,0
5392,5,0,0
5392,6,0,0
5392,7,0,0
5392,8,0,0
5392,9,0,0
5392,10,0,0
5392,11,0,0
5392,12,0,0
5393,0,1,8
5393,1,1,1
5393,2,0,0
5393,3,0,0
5393,4,0,0
5393,5,0,0
5393,6,0,0
5393,7,0,0
5393,8,0,0
5393,9,0,0
5393,10,0,0
5393,11,0,0
5393,12,0,0
5394,0,1,4
5394,1,1,2
5394,2,1,2
5394,3,1,0
5394,4,1,2
5394,5,1,1
5394,6,1,0
5394,7,1,3
5394,8,1,1
5394,9,1,1
5394,10,1,1
5394,11,0,0
5394,12,0,0
5395,0,1,5
5395,1,1,6
5395,2,1,9
5395,3,1,4
5395,4,1,6
5395,5,1,4
5395,6,1,4
5395,7,1,4
5395,8,1,2
5395,9,1,3
5395,10,1,1
5395,11,0,0
5395,12,0,0
5396,0,1,7
5396,1,1,3
5396,2,1,4
5396,3,1,3
5396,4,1,0
5396,5,1,3
5396,6,0,0
5396,7,0,0
5396,8,0,0
5396,9,0,0
5396,10,0,0
5396,11,0,0
5396,12,0,0
5397,0,1,4
5397,1,1,5
5397,2,1,5
5397,3,1,5
5397,4,1,6
5397,5,1,0
5397,6,1,5
5397,7,1,2
5397,8,1,1
5397,9,1,6
5397,10,1,6
5397,11,1,3
5397,12,1,6
5398,0,1,8
5398,1,1,2
5398,2,1,5
5398,3,0,0
5398,4,0,0
5398,5,0,0
5398,6,0,0
5398,7,0,0
5398,8,0,0
5398,9,0,0
5398,10,0,0
5398,11,0,0
5398,12,0,0
5399,0,1,9
5399,1,1,3
5399,2,1,3
5399,3,0,0
5399,4,0,0
5399,5,0,0
5399,6,0,0
5399,7,0,0
5399,8,0,0
5399,9,0,0
5399,10,0,0
5399,11,0,0
5399,12,0,0
5400,0,1,4
5400,1,1,2
5400,2,0,0
5400,3,0,0
5400,4,0,0
5400,5,0,0
5400,6,0,0
5400,7,0,0
5400,8,0,0
5400,9,0,0
5400,10,0,0
5400,11,0,0
5400,12,0,0
5401,0,1,3
5401,1,0,0
5401,2,0,0
5401,3,0,0
5401,4,0,0
5401,5,0,0
5401,6,0,0
5401,7,0,0
5401,8,0,0
5401,9,0,0
5401,10,0,0
5401,11,0,0
5401,12,0,0
5402,0,1,6
5402,1,1,5
5402,2,1,4
5402,3,1,3
5402,4,1,2
5402,5,1,4
5402,6,1,3
5402,7,1,5
5402,8,1,1
5402,9,1,5
5402,10,1,5
5402,11,1,4
5402,12,1,2
5403,0,1,4
5403,1,0,0
5403,2,0,0
5403,3,0,0
5403,4,0,0
5403,5,0,0
5403,6,0,0
5403,7,0,0
5403,8,0,0
5403,9,0,0
5403,10,0,0
5403,11,0,0
5403,12,0,0
5404,0,1,4
5404,1,1,0
5404,2,1,4
5404,3,1,3
5404,4,1,6
5404,5,1,2
5404,6,1,3
5404,7,1,7
5404,8,1,5
5404,9,0,0
5404,10,0,0
5404,11,0,0
5404,12,0,0
5405,0,1,5
5405,1,0,0
5405,2,0,0
5405,3,0,0
5405,4,0,0
5405,5,0,0
5405,6,0,0
5405,7,0,0
5405,8,0,0
5405,9,0,0
5405,10,0,0
5405,11,0,0
5405,12,0,0
5406,0,1,7
5406,1,1,2
5406,2,1,4
5406,3,0,0
5406,4,0,0
5406,5,0,0
5406,6,0,0
5406,7,0,0
5406,8,0,0
5406,9,0,0
5406,10,0,0
5406,11,0,0
5406,12,0,0
5407,0,1,4
5407,1,1,8
5407,2,1,6
5407,3,1,1
5407,4,1,2
5407,5,1,3
5407,6,1,3
5407,7,1,1
5407,8,0,0
5407,9,0,0
5407,10,0,0
5407,11,0,0
5407,12,0,0
5408,0,1,3
5408,1,1,4
5408,2,1,2
5408,3,1,2
5408,4,1,7
5408,5,1,4
5408,6,1,5
5408,7,1,6
5408,8,1,3
5408,9,1,5
5408,10,1,4
5408,11,1,4
5408,12,0,0
5409,0,1,3
5409,1,1,3
5409,2,0,0
5409,3,0,0
5409,4,0,0
5409,5,0,0
5409,6,0,0
5409,7,0,0
5409,8,0,0
5409,9,0,0
5409,10,0,0
5409,11,0,0
5409,12,0,0
5410,0,1,7
5410,1,1,4
5410,2,0,0
5410,3,0,0
5410,4,0,0
5410,5,0,0
5410,6,0,0
5410,7,0,0
5410,8,0,0
5410,9,0,0
5410,10,0,0
5410,11,0,0
5410,12,0,0
5411,0,1,3
5411,1,1,5
5411,2,1,1
5411,3,1,4
5411,4,1,4
5411,5,1,2
5411,6,1,9
5411,7,1,2
5411,8,1,5
5411,9,1,4
5411,10,1,3
5411,11,1,4
5411,12,1,8
5412,0,1,4
5412,1,1,4
5412,2,1,4
5412,3,1,5
5412,4,0,0
5412,5,0,0
5412,6,0,0
5412,7,0,0
5412,8,0,0
5412,9,0,0
5412,10,0,0
5412,11,0,0
5412,12,0,0
5413,0,1,5
5413,1,1,3
5413,2,1,3
5413,3,1,3
5413,4,1,2
5413,5,1,5
5413,6,1,4
5413,7,1,4
5413,8,1,5
5413,9,1,3
5413,10,1,3
5413,11,1,1
5413,12,1,6
5414,0,1,7
5414,1,1,6
5414,2,1,2
5414,3,1,3
5414,4,1,3
5414,5,1,9
5414,6,1,3
5414,7,1,7
5414,8,1,0
5414,9,1,5
5414,10,1,1
5414,11,0,0
5414,12,0,0
5415,0,1,5
5415,1,1,2
5415,2,1,2
5415,3,0,0
5415,4,0,0
5415,5,0,0
5415,6,0,0
5415,7,0,0
5415,8,0,0
5415,9,0,0
5415,10,0,0
5415,11,0,0
5415,12,0,0
5416,0,1,4
5416,1,1,0
5416,2,0,0
5416,3,0,0
5416,4,0,0
5416,5,0,0
5416,6,0,0
5416,7,0,0
5416,8,0,0
5416,9,0,0
5416,10,0,0
5416,11,0,0
5416,12,0,0
5417,0,1,7
5417,1,0,0
5417,2,0,0
5417,3,0,0
5417,4,0,0
5417,5,0,0
5417,6,0,0
5417,7,0,0
5417,8,0,0
5417,9,0,0
5417,10,0,0
5417,11,0,0
5417,12,0,0
5418,0,1,10
5418,1,1,3
5418,2,1,2
5418,3,1,1
5418,4,1,5
5418,5,0,0
5418,6,0,0
5418,7,0,0
5418,8,0,0
5418,9,0,0
5418,10,0,0
5418,11,0,0
5418,12,0,0
5419,0,1,5
5419,1,1,2
5419,2,1,2
5419,3,1,9
5419,4,0,0
5419,5,0,0
5419,6,0,0
5419,7,0,0
5419,8,0,0
5419,9,0,0
5419,10,0,0
5419,11,0,0
5419,12,0,0
5420,0,1,5
5420,1,1,2
5420,2,0,0
5420,3,0,0
5420,4,0,0
5420,5,0,0
5420,6,0,0
5420,7,0,0
5420,8,0,0
5420,9,0,0
5420,10,0,0
5420,11,0,0
5420,12,0,0
5421,0,1,5
5421,1,0,0
5421,2,0,0
5421,3,0,0
5421,4,0,0
5421,5,0,0
5421,6,0,0
5421,7,0,0
5421,8,0,0
5421,9,0,0
5421,10,0,0
5421,11,0,0
5421,12,0,0
5422,0,1,7
5422,1,1,4
5422,2,1,5
5422,3,1,1
5422,4,1,2
5422,5,1,1
5422,6,1,4
5422,7,0,0
5422,8,0,0
5422,9,0,0
5422,10,0,0
5422,11,0,0
5422,12,0,0
5423,0,1,5
5423,1,1,4
5423,2,1,1
5423,3,1,3
5423,4,1,2
5423,5,1,3
5423,6,1,3
5423,7,1,4
5423,8,1,2
5423,9,0,0
5423,10,0,0
5423,11,0,0
5423,12,0,0
5424,0,1,5
5424,1,1,5
5424,2,1,3
5424,3,1,3
5424,4,1,2
5424,5,1,3
5424,6,1,4
5424,7,1,5
5424,8,1,2
5424,9,1,2
5424,10,1,1
5424,11,1,5
5424,12,1,2
5425,0,1,5
5425,1,1,0
5425,2,1,3
5425,3,1,2
5425,4,1,5
5425,5,1,2
5425,6,1,2
5425,7,1,2
5425,8,1,3
5425,9,1,0
5425,10,1,2
5425,11,1,3
5425,12,1,0
5426,0,1,4
5426,1,1,3
5426,2,1,0
5426,3,1,4
5426,4,1,2
5426,5,1,2
5426,6,1,3
5426,7,1,3
5426,8,1,3
5426,9,1,0
5426,10,1,4
5426,11,1,1
5426,12,1,2
5427,0,1,2
5427,1,0,0
5427,2,0,0
5427,3,0,0
5427,4,0,0
5427,5,0,0
5427,6,0,0
5427,7,0,0
5427,8,0,0
5427,9,0,0
5427,10,0,0
5427,11,0,0
5427,12,0,0
5428,0,1,6
5428,1,0,0
5428,2,0,0
5428,3,0,0
5428,4,0,0
5428,5,0,0
5428,6,0,0
5428,7,0,0
5428,8,0,0
5428,9,0,0
5428,10,0,0
5428,11,0,0
5428,12,0,0
5429,0,1,7
5429,1,0,0
5429,2,0,0
5429,3,0,0
5429,4,0,0
5429,5,0,0
5429,6,0,0
5429,7,0,0
5429,8,0,0
5429,9,0,0
5429,10,0,0
5429,11,0,0
5429,12,0,0
5430,0,1,2
5430,1,1,2
5430,2,1,2
5430,3,1,1
5430,4,1,0
5430,5,1,1
5430,6,1,3
5430,7,1,1
5430,8,1,3
5430,9,1,4
5430,10,1,0
5430,11,1,3
5430,12,1,2
5431,0,1,3
5431,1,1,4
5431,2,1,3
5431,3,1,1
5431,4,0,0
5431,5,0,0
5431,6,0,0
5431,7,0,0
5431,8,0,0
5431,9,0,0
5431,10,0,0
5431,11,0,0
5431,12,0,0
5432,0,1,8
5432,1,1,4
5432,2,1,3
5432,3,1,3
5432,4,1,1
5432,5,1,7
5432,6,1,1
5432,7,1,3
5432,8,1,5
5432,9,0,0
5432,10,0,0
5432,11,0,0
5432,12,0,0
5433,0,1,7
5433,1,1,5
5433,2,1,5
5433,3,1,3
5433,4,1,0
5433,5,0,0
5433,6,0,0
5433,7,0,0
5433,8,0,0
5433,9,0,0
5433,10,0,0
5433,11,0,0
5433,12,0,0
5434,0,1,5
5434,1,1,3
5434,2,1,1
5434,3,1,1
5434,4,1,2
5434,5,1,2
5434,6,1,2
5434,7,1,1
5434,8,0,0
5434,9,0,0
5434,10,0,0
5434,11,0,0
5434,12,0,0
5435,0,1,8
5435,1,1,2
5435,2,1,3
5435,3,1,2
5435,4,0,0
5435,5,0,0
5435,6,0,0
5435,7,0,0
5435,8,0,0
5435,9,0,0
5435,10,0,0
5435,11,0,0
5435,12,0,0
5436,0,1,1
5436,1,1,2
5436,2,1,6
5436,3,1,6
5436,4,1,0
5436,5,1,6
5436,6,1,3
5436,7,1,1
5436,8,1,1
5436,9,1,5
5436,10,0,0
5436,11,0,0
5436,12,0,0
5437,0,1,5
5437,1,0,0
5437,2,0,0
5437,3,0,0
5437,4,0,0
5437,5,0,0
5437,6,0,0
5437,7,0,0
5437,8,0,0
5437,9,0,0
5437,10,0,0
5437,11,0,0
5437,12,0,0
5438,0,1,5
5438,1,1,1
5438,2,1,1
5438,3,1,2
5438,4,1,2
5438,5,1,4
5438,6,0,0
5438,7,0,0
5438,8,0,0
5438,9,0,0
5438,10,0,0
5438,11,0,0
5438,12,0,0
5439,0,1,7
5439,1,1,6
5439,2,1,1
5439,3,1,1
5439,4,1,3
5439,5,0,0
5439,6,0,0
5439,7,0,0
5439,8,0,0
5439,9,0,0
5439,10,0,0
5439,11,0,0
5439,12,0,0
5440,0,1,11
5440,1,1,4
5440,2,1,5
5440,3,1,4
5440,4,0,0
5440,5,0,0
5440,6,0,0
5440,7,0,0
5440,8,0,0
5440,9,0,0
5440,10,0,0
5440,11,0,0
5440,12,0,0
5441,0,1,8
5441,1,1,5
5441,2,1,5
5441,3,1,1
5441,4,1,1
5441,5,1,3
5441,6,1,3
5441,7,0,0
5441,8,0,0
5441,9,0,0
5441,10,0,0
5441,11,0,0
5441,12,0,0
5442,0,1,6
5442,1,1,0
5442,2,1,4
5442,3,1,0
5442,4,1,4
5442,5,1,4
5442,6,1,3
5442,7,1,6
5442,8,1,4
5442,9,1,3
5442,10,1,4
5442,11,1,4
5442,12,1,4
5443,0,1,6
5443,1,1,5
5443,2,1,1
5443,3,1,1
5443,4,1,2
5443,5,1,3
5443,6,0,0
5443,7,0,0
5443,8,0,0
5443,9,0,0
5443,10,0,0
5443,11,0,0
5443,12,0,0
5444,0,1,5
5444,1,1,2
5444,2,1,2
5444,3,1,4
5444,4,1,3
5444,5,1,3
5444,6,1,5
5444,7,1,2
5444,8,1,0
5444,9,1,3
5444,10,0,0
5444,11,0,0
5444,12,0,0
5445,0,1,6
5445,1,1,3
5445,2,1,3
5445,3,1,2
5445,4,1,0
5445,5,1,3
5445,6,1,4
5445,7,1,1
5445,8,1,5
5445,9,1,2
5445,10,1,5
5445,11,1,4
5445,12,1,2
5446,0,1,7
5446,1,1,3
5446,2,1,2
5446,3,1,2
5446,4,1,1
5446,5,1,4
5446,6,1,1
5446,7,1,5
5446,8,1,12
5446,9,1,4
5446,10,1,1
5446,11,1,3
5446,12,1,5
5447,0,1,9
5447,1,1,4
5447,2,1,3
5447,3,1,4
5447,4,0,0
5447,5,0,0
5447,6,0,0
5447,7,0,0
5447,8,0,0
5447,9,0,0
5447,10,0,0
5447,11,0,0
5447,12,0,0
5448,0,1,6
5448,1,1,3
5448,2,1,6
5448,3,1,7
5448,4,1,3
5448,5,1,3
5448,6,1,5
5448,7,1,1
5448,8,1,3
5448,9,1,2
5448,10,1,2
5448,11,1,6
5448,12,1,3
5449,0,1,6
5449,1,1,1
5449,2,1,1
5449,3,1,1
5449,4,1,2
5449,5,1,7
5449,6,1,2
5449,7,1,5
5449,8,0,0
5449,9,0,0
5449,10,0,0
5449,11,0,0
5449,12,0,0
5450,0,1,5
5450,1,1,3
5450,2,1,1
5450,3,1,4
5450,4,1,2
5450,5,1,2
5450,6,1,0
5450,7,1,2
5450,8,1,2
5450,9,1,2
5450,10,1,1
5450,11,1,6
5450,12,1,5
5451,0,1,7
5451,1,1,2
5451,2,1,5
5451,3,1,4
5451,4,1,4
5451,5,1,6
5451,6,1,4
5451,7,1,3
5451,8,1,1
5451,9,1,1
5451,10,0,0
5451,11,0,0
5451,12,0,0
5452,0,1,4
5452,1,1,7
5452,2,1,3
5452,3,1,1
5452,4,1,6
5452,5,1,5
5452,6,1,4
5452,7,1,4
5452,8,1,2
5452,9,1,5
5452,10,1,4
5452,11,1,4
5452,12,1,2
5453,0,1,6
5453,1,1,4
5453,2,1,5
5453,3,1,5
5453,4,1,3
5453,5,1,3
5453,6,1,6
5453,7,1,3
5453,8,1,0
5453,9,1,6
5453,10,0,0
5453,11,0,0
5453,12,0,0
5454,0,1,4
5454,1,1,1
5454,2,1,5
5454,3,1,3
5454,4,1,6
5454,5,1,5
5454,6,1,2
5454,7,0,0
5454,8,0,0
5454,9,0,0
5454,10,0,0
5454,11,0,0
5454,12,0,0
5455,0,1,5
5455,1,1,2
5455,2,1,5
5455,3,1,2
5455,4,1,3
5455,5,1,3
5455,6,1,3
5455,7,1,2
5455,8,0,0
5455,9,0,0
5455,10,0,0
5455,11,0,0
5455,12,0,0
5456,0,1,6
5456,1,1,1
5456,2,1,3
5456,3,1,3
5456,4,1,3
5456,5,1,3
5456,6,1,2
5456,7,1,6
5456,8,1,1
5456,9,1,2
5456,10,1,1
5456,11,1,2
5456,12,1,3
5457,0,1,3
5457,1,1,3
5457,2,1,6
5457,3,0,0
5457,4,0,0
5457,5,0,0
5457,6,0,0
5457,7,0,0
5457,8,0,0
5457,9,0,0
5457,10,0,0
5457,11,0,0
5457,12,0,0
5458,0,1,5
5458,1,1,3
5458,2,1,3
5458,3,1,4
5458,4,1,3
5458,5,0,0
5458,6,0,0
5458,7,0,0
5458,8,0,0
5458,9,0,0
5458,10,0,0
5458,11,0,0
5458,12,0,0
5459,0,1,7
5459,1,1,1
5459,2,0,0
5459,3,0,0
5459,4,0,0
5459,5,0,0
5459,6,0,0
5459,7,0,0
5459,8,0,0
5459,9,0,0
5459,10,0,0
5459,11,0,0
5459,12,0,0
5460,0,1,5
5460,1,1,4
5460,2,1,6
5460,3,1,4
5460,4,1,1
5460,5,1,2
5460,6,0,0
5460,7,0,0
5460,8,0,0
5460,9,0,0
5460,10,0,0
5460,11,0,0
5460,12,0,0
5461,0,1,3
5461,1,1,6
5461,2,1,3
5461,3,1,3
5461,4,1,4
5461,5,1,5
5461,6,1,5
5461,7,1,5
5461,8,1,5
5461,9,1,1
5461,10,1,1
5461,11,1,1
5461,12,1,3
5462,0,1,8
5462,1,1,4
5462,2,1,0
5462,3,1,2
5462,4,1,1
5462,5,1,3
5462,6,1,1
5462,7,1,2
5462,8,1,2
5462,9,1,5
5462,10,0,0
5462,11,0,0
5462,12,0,0
5463,0,1,3
5463,1,1,5
5463,2,1,2
5463,3,1,6
5463,4,1,2
5463,5,1,6
5463,6,0,0
5463,7,0,0
5463,8,0,0
5463,9,0,0
5463,10,0,0
5463,11,0,0
5463,12,0,0
5464,0,1,5
5464,1,1,4
5464,2,1,2
5464,3,1,4
5464,4,0,0
5464,5,0,0
5464,6,0,0
5464,7,0,0
5464,8,0,0
5464,9,0,0
5464,10,0,0
5464,11,0,0
5464,12,0,0
5465,0,1,9
5465,1,1,6
5465,2,1,3
5465,3,1,4
5465,4,1,2
5465,5,1,3
5465,6,1,3
5465,7,1,4
5465,8,1,1
5465,9,1,2
5465,10,1,2
5465,11,1,3
5465,12,1,3
5466,0,1,4
5466,1,0,0
5466,2,0,0
5466,3,0,0
5466,4,0,0
5466,5,0,0
5466,6,0,0
5466,7,0,0
5466,8,0,0
5466,9,0,0
5466,10,0,0
5466,11,0,0
5466,12,0,0
5467,0,1,2
5467,1,1,2
5467,2,1,3
5467,3,1,6
5467,4,1,6
5467,5,1,0
5467,6,1,3
5467,7,0,0
5467,8,0,0
5467,9,0,0
5467,10,0,0
5467,11,0,0
5467,12,0,0
5468,0,1,5
5468,1,1,1
5468,2,1,2
5468,3,1,1
5468,4,1,1
5468,5,1,2
5468,6,1,4
5468,7,1,1
5468,8,0,0
5468,9,0,0
5468,10,0,0
5468,11,0,0
5468,12,0,0
5469,0,1,4
5469,1,0,0
5469,2,0,0
5469,3,0,0
5469,4,0,0
5469,5,0,0
5469,6,0,0
5469,7,0,0
5469,8,0,0
5469,9,0,0
5469,10,0,0
5469,11,0,0
5469,12,0,0
5470,0,1,4
5470,1,1,6
5470,2,1,3
5470,3,1,3
5470,4,1,2
5470,5,1,7
5470,6,0,0
5470,7,0,0
5470,8,0,0
5470,9,0,0
5470,10,0,0
5470,11,0,0
5470,12,0,0
5471,0,1,2
5471,1,1,6
5471,2,1,4
5471,3,1,5
5471,4,1,1
5471,5,1,5
5471,6,1,3
5471,7,0,0
5471,8,0,0
5471,9,0,0
5471,10,0,0
5471,11,0,0
5471,12,0,0
5472,0,1,5
5472,1,0,0
5472,2,0,0
5472,3,0,0
5472,4,0,0
5472,5,0,0
5472,6,0,0
5472,7,0,0
5472,8,0,0
5472,9,0,0
5472,10,0,0
5472,11,0,0
5472,12,0,0
5473,0,1,7
5473,1,1,6
5473,2,0,0
5473,3,0,0
5473,4,0,0
5473,5,0,0
5473,6,0,0
5473,7,0,0
5473,8,0,0
5473,9,0,0
5473,10,0,0
5473,11,0,0
5473,12,0,0
5474,0,1,6
5474,1,1,3
5474,2,1,6
5474,3,1,4
5474,4,1,2
5474,5,1,2
5474,6,1,5
5474,7,1,5
5474,8,0,0
5474,9,0,0
5474,10,0,0
5474,11,0,0
5474,12,0,0
5475,0,1,5
5475,1,1,4
5475,2,1,3
5475,3,1,0
5475,4,1,3
5475,5,1,3
5475,6,0,0
5475,7,0,0
5475,8,0,0
5475,9,0,0
5475,10,0,0
5475,11,0,0
5475,12,0,0
5476,0,1,8
5476,1,1,2
5476,2,1,2
5476,3,1,1
5476,4,1,4
5476,5,1,5
5476,6,0,0
5476,7,0,0
5476,8,0,0
5476,9,0,0
5476,10,0,0
5476,11,0,0
5476,12,0,0
5477,0,1,4
5477,1,1,3
5477,2,1,6
5477,3,1,5
5477,4,1,2
5477,5,1,7
5477,6,1,2
5477,7,1,2
5477,8,0,0
5477,9,0,0
5477,10,0,0
5477,11,0,0
5477,12,0,0
5478,0,1,8
5478,1,1,4
5478,2,1,3
5478,3,1,1
5478,4,1,3
5478,5,1,4
5478,6,1,4
5478,7,1,1
5478,8,1,6
5478,9,1,4
5478,10,1,2
5478,11,1,3
5478,12,0,0
5479,0,1,5
5479,1,1,2
5479,2,1,4
5479,3,1,5
5479,4,1,4
5479,5,1,2
5479,6,1,4
5479,7,1,7
5479,8,1,6
5479,9,1,4
5479,10,1,4
5479,11,1,3
5479,12,1,3
5480,0,1,3
5480,1,1,3
5480,2,1,3
5480,3,1,1
5480,4,1,1
5480,5,1,4
5480,6,1,1
5480,7,1,3
5480,8,1,2
5480,9,1,2
5480,10,1,2
5480,11,1,2
5480,12,0,0
5481,0,1,4
5481,1,1,4
5481,2,1,0
5481,3,1,2
5481,4,1,4
5481,5,1,3
5481,6,1,2
5481,7,1,3
5481,8,1,2
5481,9,1,3
5481,10,1,1
5481,11,1,2
5481,12,1,3
5482,0,1,6
5482,1,1,4
5482,2,1,1
5482,3,1,2
5482,4,1,1
5482,5,1,0
5482,6,0,0
5482,7,0,0
5482,8,0,0
5482,9,0,0
5482,10,0,0
5482,11,0,0
5482,12,0,0
5483,0,1,2
5483,1,1,3
5483,2,1,4
5483,3,1,5
5483,4,1,4
5483,5,1,2
5483,6,1,2
5483,7,1,1
5483,8,1,0
5483,9,1,4
5483,10,1,1
5483,11,1,4
5483,12,1,1
5484,0,1,6
5484,1,1,4
5484,2,1,2
5484,3,1,3
5484,4,1,2
5484,5,1,1
5484,6,1,4
5484,7,1,6
5484,8,1,1
5484,9,1,4
5484,10,1,3
5484,11,1,2
5484,12,1,2
5485,0,1,4
5485,1,1,4
5485,2,1,2
5485,3,1,1
5485,4,1,5
5485,5,1,4
5485,6,1,3
5485,7,1,5
5485,8,0,0
5485,9,0,0
5485,10,0,0
5485,11,0,0
5485,12,0,0
5486,0,1,2
5486,1,1,1
5486,2,1,1
5486,3,1,1
5486,4,1,2
5486,5,0,0
5486,6,0,0
5486,7,0,0
5486,8,0,0
5486,9,0,0
5486,10,0,0
5486,11,0,0
5486,12,0,0
5487,0,1,3
5487,1,1,1
5487,2,1,1
5487,3,1,4
5487,4,1,1
5487,5,1,0
5487,6,1,1
5487,7,1,4
5487,8,0,0
5487,9,0,0
5487,10,0,0
5487,11,0,0
5487,12,0,0
5488,0,1,4
5488,1,1,2
5488,2,1,3
5488,3,1,4
5488,4,1,6
5488,5,1,7
5488,6,1,5
5488,7,1,2
5488,8,1,6
5488,9,1,2
5488,10,1,0
5488,11,1,5
5488,12,1,2
5489,0,1,4
5489,1,1,3
5489,2,1,4
5489,3,1,1
5489,4,1,3
5489,5,1,1
5489,6,1,1
5489,7,1,1
5489,8,1,4
5489,9,1,2
5489,10,1,0
5489,11,1,4
5489,12,1,8
5490,0,1,3
5490,1,1,2
5490,2,1,1
5490,3,0,0
5490,4,0,0
5490,5,0,0
5490,6,0,0
5490,7,0,0
5490,8,0,0
5490,9,0,0
5490,10,0,0
5490,11,0,0
5490,12,0,0
5491,0,1,4
5491,1,1,3
5491,2,1,5
5491,3,1,4
5491,4,1,3
5491,5,1,5
5491,6,1,3
5491,7,1,3
5491,8,1,2
5491,9,0,0
5491,10,0,0
5491,11,0,0
5491,12,0,0
5492,0,1,10
5492,1,1,3
5492,2,1,3
5492,3,1,2
5492,4,0,0
5492,5,0,0
5492,6,0,0
5492,7,0,0
5492,8,0,0
5492,9,0,0
5492,10,0,0
5492,11,0,0
5492,12,0,0
5493,0,1,3
5493,1,1,1
5493,2,1,3
5493,3,1,3
5493,4,1,5
5493,5,1,0
5493,6,1,3
5493,7,1,2
5493,8,1,2
5493,9,1,0
5493,10,1,3
5493,11,1,2
5493,12,1,1
5494,0,1,3
5494,1,1,2
5494,2,1,5
5494,3,1,4
5494,4,1,1
5494,5,1,4
5494,6,1,3
5494,7,1,1
5494,8,1,3
5494,9,1,0
5494,10,1,2
5494,11,0,0
5494,12,0,0
5495,0,1,10
5495,1,1,5
5495,2,0,0
5495,3,0,0
5495,4,0,0
5495,5,0,0
5495,6,0,0
5495,7,0,0
5495,8,0,0
5495,9,0,0
5495,10,0,0
5495,11,0,0
5495,12,0,0
5496,0,1,4
5496,1,0,0
5496,2,0,0
5496,3,0,0
5496,4,0,0
5496,5,0,0
5496,6,0,0
5496,7,0,0
5496,8,0,0
5496,9,0,0
5496,10,0,0
5496,11,0,0
5496,12,0,0
5497,0,1,4
5497,1,1,6
5497,2,1,1
5497,3,1,1
5497,4,1,4
5497,5,1,4
5497,6,1,2
5497,7,1,4
5497,8,1,5
5497,9,1,3
5497,10,1,6
5497,11,1,5
5497,12,1,4
5498,0,1,6
5498,1,0,0
5498,2,0,0
5498,3,0,0
5498,4,0,0
5498,5,0,0
5498,6,0,0
5498,7,0,0
5498,8,0,0
5498,9,0,0
5498,10,0,0
5498,11,0,0
5498,12,0,0
5499,0,1,3
5499,1,0,0
5499,2,0,0
5499,3,0,0
5499,4,0,0
5499,5,0,0
5499,6,0,0
5499,7,0,0
5499,8,0,0
5499,9,0,0
5499,10,0,0
5499,11,0,0
5499,12,0,0
5500,0,1,5
5500,1,1,1
5500,2,1,2
5500,3,1,5
5500,4,1,1
5500,5,1,1
5500,6,1,4
5500,7,1,3
5500,8,1,6
5500,9,1,1
5500,10,1,2
5500,11,1,1
5500,12,1,3
5501,0,1,5
5501,1,1,2
5501,2,1,5
5501,3,1,1
5501,4,1,2
5501,5,1,3
5501,6,1,3
5501,7,1,2
5501,8,1,5
5501,9,1,1
5501,10,1,3
5501,11,1,3
5501,12,1,0
5502,0,1,3
5502,1,1,2
5502,2,1,0
5502,3,1,2
5502,4,1,2
5502,5,1,3
5502,6,1,2
5502,7,1,4
5502,8,1,2
5502,9,1,0
5502,10,1,3
5502,11,1,3
5502,12,1,3
5503,0,1,3
5503,1,1,1
5503,2,1,1
5503,3,1,2
5503,4,1,2
5503,5,1,1
5503,6,1,0
5503,7,1,3
5503,8,1,4
5503,9,1,2
5503,10,1,4
5503,11,1,2
5503,12,1,2
5504,0,1,7
5504,1,0,0
5504,2,0,0
5504,3,0,0
5504,4,0,0
5504,5,0,0
5504,6,0,0
5504,7,0,0
5504,8,0,0
5504,9,0,0
5504,10,0,0
5504,11,0,0
5504,12,0,0
5505,0,1,7
5505,1,1,3
5505,2,1,5
5505,3,1,4
5505,4,1,3
5505,5,1,1
5505,6,1,6
5505,7,0,0
5505,8,0,0
5505,9,0,0
5505,10,0,0
5505,11,0,0
5505,12,0,0
5506,0,1,4
5506,1,1,2
5506,2,1,0
5506,3,1,3
5506,4,1,6
5506,5,1,0
5506,6,0,0
5506,7,0,0
5506,8,0,0
5506,9,0,0
5506,10,0,0
5506,11,0,0
5506,12,0,0
5507,0,1,4
5507,1,1,0
5507,2,1,4
5507,3,1,5
5507,4,1,2
5507,5,1,2
5507,6,1,2
5507,7,1,4
5507,8,1,3
5507,9,1,9
5507,10,1,8
5507,11,1,4
5507,12,1,6
5508,0,1,2
5508,1,1,2
5508,2,1,6
5508,3,1,4
5508,4,0,0
5508,5,0,0
5508,6,0,0
5508,7,0,0
5508,8,0,0
5508,9,0,0
5508,10,0,0
5508,11,0,0
5508,12,0,0
5509,0,1,4
5509,1,1,3
5509,2,1,1
5509,3,1,2
5509,4,1,2
5509,5,1,0
5509,6,0,0
5509,7,0,0
5509,8,0,0
5509,9,0,0
5509,10,0,0
5509,11,0,0
5509,12,0,0
5510,0,1,5
5510,1,1,3
5510,2,0,0
5510,3,0,0
5510,4,0,0
5510,5,0,0
5510,6,0,0
5510,7,0,0
5510,8,0,0
5510,9,0,0
5510,10,0,0
5510,11,0,0
5510,12,0,0
5511,0,1,5
5511,1,0,0
5511,2,0,0
5511,3,0,0
5511,4,0,0
5511,5,0,0
5511,6,0,0
5511,7,0,0
5511,8,0,0
5511,9,0,0
5511,10,0,0
5511,11,0,0
5511,12,0,0
5512,0,1,4
5512,1,1,4
5512,2,1,3
5512,3,0,0
5512,4,0,0
5512,5,0,0
5512,6,0,0
5512,7,0,0
5512,8,0,0
5512,9,0,0
5512,10,0,0
5512,11,0,0
5512,12,0,0
5513,0,1,3
5513,1,1,3
5513,2,1,3
5513,3,1,6
5513,4,1,4
5513,5,1,4
5513,6,1,2
5513,7,1,4
5513,8,1,3
5513,9,1,2
5513,10,1,6
5513,11,1,6
5513,12,1,3
5514,0,1,6
5514,1,0,0
5514,2,0,0
5514,3,0,0
5514,4,0,0
5514,5,0,0
5514,6,0,0
5514,7,0,0
5514,8,0,0
5514,9,0,0
5514,10,0,0
5514,11,0,0
5514,12,0,0
5515,0,1,9
5515,1,1,2
5515,2,1,3
5515,3,1,1
5515,4,1,4
5515,5,1,2
5515,6,1,4
5515,7,1,3
5515,8,1,4
5515,9,1,2
5515,10,1,6
5515,11,1,4
5515,12,1,2
5516,0,1,13
5516,1,1,2
5516,2,1,2
5516,3,1,2
5516,4,1,6
5516,5,1,3
5516,6,1,3
5516,7,1,3
5516,8,1,4
5516,9,1,4
5516,10,1,2
5516,11,1,3
5516,12,1,1
5517,0,1,3
5517,1,1,2
5517,2,1,0
5517,3,1,3
5517,4,1,2
5517,5,1,5
5517,6,1,8
5517,7,1,1
5517,8,1,3
5517,9,1,1
5517,10,1,7
5517,11,1,2
5517,12,1,3
5518,0,1,3
5518,1,1,3
5518,2,1,3
5518,3,1,3
5518,4,1,5
5518,5,0,0
5518,6,0,0
5518,7,0,0
5518,8,0,0
5518,9,0,0
5518,10,0,0
5518,11,0,0
5518,12,0,0
5519,0,1,3
5519,1,1,3
5519,2,1,2
5519,3,1,2
5519,4,1,4
5519,5,1,2
5519,6,1,4
5519,7,1,2
5519,8,1,3
5519,9,1,5
5519,10,1,4
5519,11,1,6
5519,12,1,4
5520,0,1,5
5520,1,1,5
5520,2,1,5
5520,3,1,2
5520,4,1,2
5520,5,1,1
5520,6,1,3
5520,7,1,4
5520,8,1,1
5520,9,1,5
5520,10,1,7
5520,11,1,3
5520,12,1,3
5521,0,1,3
5521,1,1,3
5521,2,1,4
5521,3,1,2
5521,4,1,3
5521,5,1,4
5521,6,1,5
5521,7,1,6
5521,8,1,4
5521,9,1,4
5521,10,1,7
5521,11,1,3
5521,12,1,5
5522,0,1,4
5522,1,1,7
5522,2,1,3
5522,3,1,6
5522,4,1,3
5522,5,1,3
5522,6,1,3
5522,7,1,5
5522,8,1,0
5522,9,0,0
5522,10,0,0
5522,11,0,0
5522,12,0,0
5523,0,1,9
5523,1,1,5
5523,2,1,2
5523,3,1,5
5523,4,1,3
5523,5,1,3
5523,6,1,3
5523,7,1,6
5523,8,1,3
5523,9,1,6
5523,10,1,2
5523,11,0,0
5523,12,0,0
5524,0,1,3
5524,1,1,7
5524,2,1,3
5524,3,1,3
5524,4,1,3
5524,5,1,7
5524,6,1,3
5524,7,1,4
5524,8,1,7
5524,9,0,0
5524,10,0,0
5524,11,0,0
5524,12,0,0
5525,0,1,7
5525,1,1,2
5525,2,1,0
5525,3,1,4
5525,4,1,4
5525,5,1,0
5525,6,1,6
5525,7,1,1
5525,8,1,5
5525,9,1,4
5525,10,1,1
5525,11,1,4
5525,12,1,2
5526,0,1,6
5526,1,1,3
5526,2,1,2
5526,3,1,2
5526,4,1,3
5526,5,0,0
5526,6,0,0
5526,7,0,0
5526,8,0,0
5526,9,0,0
5526,10,0,0
5526,11,0,0
5526,12,0,0
5527,0,1,5
5527,1,0,0
5527,2,0,0
5527,3,0,0
5527,4,0,0
5527,5,0,0
5527,6,0,0
5527,7,0,0
5527,8,0,0
5527,9,0,0
5527,10,0,0
5527,11,0,0
5527,12,0,0
5528,0,1,7
5528,1,1,3
5528,2,1,0
5528,3,1,0
5528,4,1,2
5528,5,0,0
5528,6,0,0
5528,7,0,0
5528,8,0,0
5528,9,0,0
5528,10,0,0
5528,11,0,0
5528,12,0,0
5529,0,1,4
5529,1,1,3
5529,2,1,2
5529,3,1,1
5529,4,1,4
5529,5,0,0
5529,6,0,0
5529,7,0,0
5529,8,0,0
5529,9,0,0
5529,10,0,0
5529,11,0,0
5529,12,0,0
5530,0,1,8
5530,1,1,4
5530,2,1,1
5530,3,1,1
5530,4,1,1
5530,5,1,3
5530,6,1,3
5530,7,1,2
5530,8,1,3
5530,9,1,4
5530,10,1,3
5530,11,1,2
5530,12,1,1
5531,0,1,9
5531,1,1,2
5531,2,1,7
5531,3,1,3
5531,4,1,7
5531,5,1,2
5531,6,1,2
5531,7,1,1
5531,8,1,3
5531,9,1,3
5531,10,1,3
5531,11,1,8
5531,12,1,2
5532,0,1,6
5532,1,1,4
5532,2,1,3
5532,3,1,2
5532,4,1,4
5532,5,1,1
5532,6,1,2
5532,7,1,2
5532,8,1,3
5532,9,1,4
5532,10,1,1
5532,11,1,0
5532,12,1,3
5533,0,1,4
5533,1,1,1
5533,2,1,2
5533,3,0,0
5533,4,0,0
5533,5,0,0
5533,6,0,0
5533,7,0,0
5533,8,0,0
5533,9,0,0
5533,10,0,0
5533,11,0,0
5533,12,0,0
5534,0,1,6
5534,1,1,5
5534,2,1,2
5534,3,1,2
5534,4,1,0
5534,5,1,3
5534,6,1,1
5534,7,1,5
5534,8,1,3
5534,9,1,4
5534,10,1,3
5534,11,1,5
5534,12,1,5
5535,0,1,5
5535,1,1,1
5535,2,1,2
5535,3,1,2
5535,4,1,2
5535,5,1,1
5535,6,0,0
5535,7,0,0
5535,8,0,0
5535,9,0,0
5535,10,0,0
5535,11,0,0
5535,12,0,0
5536,0,1,5
5536,1,1,4
5536,2,1,5
5536,3,0,0
5536,4,0,0
5536,5,0,0
5536,6,0,0
5536,7,0,0
5536,8,0,0
5536,9,0,0
5536,10,0,0
5536,11,0,0
5536,12,0,0
5537,0,1,8
5537,1,1,3
5537,2,1,3
5537,3,1,1
5537,4,1,4
5537,5,1,5
5537,6,1,5
5537,7,1,5
5537,8,1,2
5537,9,1,4
5537,10,1,5
5537,11,1,2
5537,12,1,0
5538,0,1,3
5538,1,1,2
5538,2,1,3
5538,3,1,0
5538,4,1,1
5538,5,1,1
5538,6,1,4
5538,7,0,0
5538,8,0,0
5538,9,0,0
5538,10,0,0
5538,11,0,0
5538,12,0,0
5539,0,1,3
5539,1,1,3
5539,2,1,3
5539,3,0,0
5539,4,0,0
5539,5,0,0
5539,6,0,0
5539,7,0,0
5539,8,0,0
5539,9,0,0
5539,10,0,0
5539,11,0,0
5539,12,0,0
5540,0,1,7
5540,1,1,2
5540,2,1,4
5540,3,1,2
5540,4,0,0
5540,5,0,0
5540,6,0,0
5540,7,0,0
5540,8,0,0
5540,9,0,0
5540,10,0,0
5540,11,0,0
5540,12,0,0
5541,0,1,7
5541,1,1,3
5541,2,1,4
5541,3,1,4
5541,4,1,4
5541,5,1,2
5541,6,1,3
5541,7,1,3
5541,8,1,4
5541,9,1,2
5541,10,1,4
5541,11,1,4
5541,12,0,0
5542,0,1,5
5542,1,1,4
5542,2,1,6
5542,3,1,3
5542,4,0,0
5542,5,0,0
5542,6,0,0
5542,7,0,0
5542,8,0,0
5542,9,0,0
5542,10,0,0
5542,11,0,0
5542,12,0,0
5543,0,1,6
5543,1,1,1
5543,2,1,3
5543,3,1,4
5543,4,1,1
5543,5,1,2
5543,6,1,3
5543,7,1,3
5543,8,1,8
5543,9,1,3
5543,10,1,2
5543,11,0,0
5543,12,0,0
5544,0,1,5
5544,1,1,7
5544,2,1,5
5544,3,1,4
5544,4,1,7
5544,5,1,3
5544,6,1,4
5544,7,1,5
5544,8,1,4
5544,9,1,2
5544,10,1,6
5544,11,1,2
5544,12,1,7
5545,0,1,5
5545,1,1,1
5545,2,1,2
5545,3,1,3
5545,4,1,3
5545,5,1,2
5545,6,1,4
5545,7,1,1
5545,8,1,1
5545,9,1,1
5545,10,1,4
5545,11,1,2
5545,12,1,2
5546,0,1,6
5546,1,1,3
5546,2,1,5
5546,3,1,2
5546,4,1,1
5546,5,1,2
5546,6,0,0
5546,7,0,0
5546,8,0,0
5546,9,0,0
5546,10,0,0
5546,11,0,0
5546,12,0,0
5547,0,1,3
5547,1,0,0
5547,2,0,0
5547,3,0,0
5547,4,0,0
5547,5,0,0
5547,6,0,0
5547,7,0,0
5547,8,0,0
5547,9,0,0
5547,10,0,0
5547,11,0,0
5547,12,0,0
5548,0,1,4
5548,1,0,0
5548,2,0,0
5548,3,0,0
5548,4,0,0
5548,5,0,0
5548,6,0,0
5548,7,0,0
5548,8,0,0
5548,9,0,0
5548,10,0,0
5548,11,0,0
5548,12,0,0
5549,0,1,5
5549,1,1,1
5549,2,1,3
5549,3,1,3
5549,4,1,1
5549,5,1,0
5549,6,1,2
5549,7,1,5
5549,8,1,5
5549,9,1,0
5549,10,1,3
5549,11,1,3
5549,12,1,4
5550,0,1,5
5550,1,1,4
5550,2,1,3
5550,3,1,2
5550,4,0,0
5550,5,0,0
5550,6,0,0
5550,7,0,0
5550,8,0,0
5550,9,0,0
5550,10,0,0
5550,11,0,0
5550,12,0,0
5551,0,1,5
5551,1,1,2
5551,2,1,2
5551,3,1,1
5551,4,1,2
5551,5,1,4
5551,6,0,0
5551,7,0,0
5551,8,0,0
5551,9,0,0
5551,10,0,0
5551,11,0,0
5551,12,0,0
5552,0,1,4
5552,1,1,1
5552,2,1,2
5552,3,0,0
5552,4,0,0
5552,5,0,0
5552,6,0,0
5552,7,0,0
5552,8,0,0
5552,9,0,0
5552,10,0,0
5552,11,0,0
5552,12,0,0
5553,0,1,5
5553,1,1,3
5553,2,1,0
5553,3,1,3
5553,4,1,3
5553,5,1,3
5553,6,1,0
5553,7,0,0
5553,8,0,0
5553,9,0,0
5553,10,0,0
5553,11,0,0
5553,12,0,0
5554,0,1,3
5554,1,1,5
5554,2,1,7
5554,3,1,2
5554,4,1,4
5554,5,1,3
5554,6,1,1
5554,7,1,5
5554,8,1,5
5554,9,1,1
5554,10,1,5
5554,11,1,3
5554,12,1,2
5555,0,1,3
5555,1,1,3
5555,2,1,1
5555,3,1,4
5555,4,1,4
5555,5,1,7
5555,6,1,6
5555,7,1,2
5555,8,1,2
5555,9,1,5
5555,10,1,1
5555,11,1,5
5555,12,1,8
5556,0,1,2
5556,1,1,1
5556,2,1,1
5556,3,0,0
5556,4,0,0
5556,5,0,0
5556,6,0,0
5556,7,0,0
5556,8,0,0
5556,9,0,0
5556,10,0,0
5556,11,0,0
5556,12,0,0
5557,0,1,7
5557,1,1,2
5557,2,1,8
5557,3,1,1
5557,4,1,1
5557,5,0,0
5557,6,0,0
5557,7,0,0
5557,8,0,0
5557,9,0,0
5557,10,0,0
5557,11,0,0
5557,12,0,0
5558,0,1,7
5558,1,1,2
5558,2,1,1
5558,3,1,4
5558,4,1,2
5558,5,1,3
5558,6,1,5
5558,7,0,0
5558,8,0,0
5558,9,0,0
5558,10,0,0
5558,11,0,0
5558,12,0,0
5559,0,1,5
5559,1,1,2
5559,2,1,6
5559,3,1,4
5559,4,1,5
5559,5,1,3
5559,6,1,3
5559,7,1,7
5559,8,1,5
5559,9,1,5
5559,10,1,7
5559,11,1,1
5559,12,1,9
5560,0,1,3
5560,1,1,0
5560,2,1,4
5560,3,1,4
5560,4,1,3
5560,5,0,0
5560,6,0,0
5560,7,0,0
5560,8,0,0
5560,9,0,0
5560,10,0,0
5560,11,0,0
5560,12,0,0
5561,0,1,6
5561,1,1,4
5561,2,1,3
5561,3,0,0
5561,4,0,0
5561,5,0,0
5561,6,0,0
5561,7,0,0
5561,8,0,0
5561,9,0,0
5561,10,0,0
5561,11,0,0
5561,12,0,0
5562,0,1,6
5562,1,1,2
5562,2,1,1
5562,3,1,3
5562,4,1,1
5562,5,1,2
5562,6,1,1
5562,7,1,2
5562,8,0,0
5562,9,0,0
5562,10,0,0
5562,11,0,0
5562,12,0,0
5563,0,1,6
5563,1,1,3
5563,2,1,4
5563,3,1,3
5563,4,1,4
5563,5,1,0
5563,6,1,4
5563,7,1,4
5563,8,1,3
5563,9,1,6
5563,10,1,2
5563,11,1,4
5563,12,1,8
5564,0,1,3
5564,1,1,1
5564,2,1,0
5564,3,1,3
5564,4,1,3
5564,5,0,0
5564,6,0,0
5564,7,0,0
5564,8,0,0
5564,9,0,0
5564,10,0,0
5564,11,0,0
5564,12,0,0
5565,0,1,3
5565,1,0,0
5565,2,0,0
5565,3,0,0
5565,4,0,0
5565,5,0,0
5565,6,0,0
5565,7,0,0
5565,8,0,0
5565,9,0,0
5565,10,0,0
5565,11,0,0
5565,12,0,0
5566,0,1,5
5566,1,1,1
5566,2,1,1
5566,3,1,4
5566,4,1,4
5566,5,1,4
5566,6,1,1
5566,7,1,5
5566,8,1,4
5566,9,0,0
5566,10,0,0
5566,11,0,0
5566,12,0,0
5567,0,1,9
5567,1,1,2
5567,2,1,4
5567,3,1,2
5567,4,1,2
5567,5,1,3
5567,6,1,2
5567,7,1,5
5567,8,1,2
5567,9,1,2
5567,10,1,1
5567,11,1,2
5567,12,1,1
5568,0,1,7
5568,1,1,4
5568,2,1,4
5568,3,1,6
5568,4,1,7
5568,5,1,6
5568,6,1,6
5568,7,1,4
5568,8,1,1
5568,9,1,2
5568,10,0,0
5568,11,0,0
5568,12,0,0
5569,0,1,1
5569,1,1,1
5569,2,1,2
5569,3,1,2
5569,4,0,0
5569,5,0,0
5569,6,0,0
5569,7,0,0
5569,8,0,0
5569,9,0,0
5569,10,0,0
5569,11,0,0
5569,12,0,0
5570,0,1,4
5570,1,1,3
5570,2,0,0
5570,3,0,0
5570,4,0,0
5570,5,0,0
5570,6,0,0
5570,7,0,0
5570,8,0,0
5570,9,0,0
5570,10,0,0
5570,11,0,0
5570,12,0,0
5571,0,1,4
5571,1,1,1
5571,2,1,2
5571,3,1,2
5571,4,1,3
5571,5,1,1
5571,6,1,3
5571,7,1,2
5571,8,1,0
5571,9,1,2
5571,10,1,9
5571,11,1,1
5571,12,1,4
5572,0,1,3
5572,1,1,4
5572,2,1,1
5572,3,1,2
5572,4,1,2
5572,5,1,3
5572,6,1,10
5572,7,1,1
5572,8,1,3
5572,9,1,5
5572,10,1,2
5572,11,1,6
5572,12,1,7
5573,0,1,5
5573,1,1,3
5573,2,1,3
5573,3,1,1
5573,4,1,3
5573,5,1,4
5573,6,1,2
5573,7,1,1
5573,8,1,2
5573,9,1,3
5573,10,1,3
5573,11,1,2
5573,12,1,7
5574,0,1,5
5574,1,0,0
5574,2,0,0
5574,3,0,0
5574,4,0,0
5574,5,0,0
5574,6,0,0
5574,7,0,0
5574,8,0,0
5574,9,0,0
5574,10,0,0
5574,11,0,0
5574,12,0,0
5575,0,1,5
5575,1,1,2
5575,2,1,1
5575,3,1,4
5575,4,1,0
5575,5,1,1
5575,6,1,2
5575,7,1,3
5575,8,1,3
5575,9,1,0
5575,10,1,4
5575,11,0,0
5575,12,0,0
5576,0,1,6
5576,1,1,4
5576,2,1,3
5576,3,1,6
5576,4,1,7
5576,5,0,0
5576,6,0,0
5576,7,0,0
5576,8,0,0
5576,9,0,0
5576,10,0,0
5576,11,0,0
5576,12,0,0
5577,0,1,9
5577,1,1,4
5577,2,1,3
5577,3,1,2
5577,4,1,5
5577,5,1,3
5577,6,1,2
5577,7,1,4
5577,8,1,3
5577,9,1,6
5577,10,1,0
5577,11,1,9
5577,12,1,2
5578,0,1,4
5578,1,1,0
5578,2,1,1
5578,3,0,0
5578,4,0,0
5578,5,0,0
5578,6,0,0
5578,7,0,0
5578,8,0,0
5578,9,0,0
5578,10,0,0
5578,11,0,0
5578,12,0,0
5579,0,1,6
5579,1,1,6
5579,2,1,1
5579,3,1,3
5579,4,0,0
5579,5,0,0
5579,6,0,0
5579,7,0,0
5579,8,0,0
5579,9,0,0
5579,10,0,0
5579,11,0,0
5579,12,0,0
5580,0,1,5
5580,1,1,4
5580,2,1,3
5580,3,1,3
5580,4,1,1
5580,5,1,3
5580,6,0,0
5580,7,0,0
5580,8,0,0
5580,9,0,0
5580,10,0,0
5580,11,0,0
5580,12,0,0
5581,0,1,5
5581,1,1,5
5581,2,1,0
5581,3,1,3
5581,4,0,0
5581,5,0,0
5581,6,0,0
5581,7,0,0
5581,8,0,0
5581,9,0,0
5581,10,0,0
5581,11,0,0
5581,12,0,0
5582,0,1,8
5582,1,0,0
5582,2,0,0
5582,3,0,0
5582,4,0,0
5582,5,0,0
5582,6,0,0
5582,7,0,0
5582,8,0,0
5582,9,0,0
5582,10,0,0
5582,11,0,0
5582,12,0,0
5583,0,1,4
5583,1,1,5
5583,2,1,3
5583,3,1,4
5583,4,1,3
5583,5,1,6
5583,6,1,3
5583,7,1,3
5583,8,1,1
5583,9,1,7
5583,10,1,2
5583,11,1,2
5583,12,1,3
5584,0,1,6
5584,1,1,6
5584,2,1,2
5584,3,1,2
5584,4,1,1
5584,5,1,2
5584,6,1,2
5584,7,1,2
5584,8,1,2
5584,9,1,3
5584,10,1,5
5584,11,1,4
5584,12,1,3
5585,0,1,5
5585,1,1,1
5585,2,1,3
5585,3,1,3
5585,4,1,3
5585,5,1,6
5585,6,1,4
5585,7,1,3
5585,8,1,8
5585,9,1,5
5585,10,1,1
5585,11,1,2
5585,12,0,0
5586,0,1,3
5586,1,1,1
5586,2,1,4
5586,3,1,1
5586,4,1,1
5586,5,1,3
5586,6,1,0
5586,7,1,5
5586,8,1,0
5586,9,1,4
5586,10,1,3
5586,11,1,2
5586,12,1,3
5587,0,1,4
5587,1,1,5
5587,2,1,4
5587,3,1,4
5587,4,1,4
5587,5,0,0
5587,6,0,0
5587,7,0,0
5587,8,0,0
5587,9,0,0
5587,10,0,0
5587,11,0,0
5587,12,0,0
5588,0,1,7
5588,1,1,2
5588,2,1,4
5588,3,1,4
5588,4,0,0
5588,5,0,0
5588,6,0,0
5588,7,0,0
5588,8,0,0
5588,9,0,0
5588,10,0,0
5588,11,0,0
5588,12,0,0
5589,0,1,6
5589,1,0,0
5589,2,0,0
5589,3,0,0
5589,4,0,0
5589,5,0,0
5589,6,0,0
5589,7,0,0
5589,8,0,0
5589,9,0,0
5589,10,0,0
5589,11,0,0
5589,12,0,0
5590,0,1,3
5590,1,1,2
5590,2,1,1
5590,3,1,3
5590,4,1,2
5590,5,1,0
5590,6,1,0
5590,7,1,3
5590,8,1,2
5590,9,1,3
5590,10,1,4
5590,11,1,3
5590,12,0,0
5591,0,1,2
5591,1,0,0
5591,2,0,0
5591,3,0,0
5591,4,0,0
5591,5,0,0
5591,6,0,0
5591,7,0,0
5591,8,0,0
5591,9,0,0
5591,10,0,0
5591,11,0,0
5591,12,0,0
5592,0,1,5
5592,1,1,4
5592,2,1,6
5592,3,1,3
5592,4,0,0
5592,5,0,0
5592,6,0,0
5592,7,0,0
5592,8,0,0
5592,9,0,0
5592,10,0,0
5592,11,0,0
5592,12,0,0
5593,0,1,3
5593,1,1,2
5593,2,1,3
5593,3,1,4
5593,4,0,0
5593,5,0,0
5593,6,0,0
5593,7,0,0
5593,8,0,0
5593,9,0,0
5593,10,0,0
5593,11,0,0
5593,12,0,0
5594,0,1,2
5594,1,0,0
5594,2,0,0
5594,3,0,0
5594,4,0,0
5594,5,0,0
5594,6,0,0
5594,7,0,0
5594,8,0,0
5594,9,0,0
5594,10,0,0
5594,11,0,0
5594,12,0,0
5595,0,1,5
5595,1,1,4
5595,2,1,2
5595,3,1,4
5595,4,1,6
5595,5,1,3
5595,6,1,1
5595,7,1,2
5595,8,1,2
5595,9,0,0
5595,10,0,0
5595,11,0,0
5595,12,0,0
5596,0,1,9
5596,1,1,14
5596,2,1,3
5596,3,1,2
5596,4,1,4
5596,5,1,2
5596,6,1,3
5596,7,0,0
5596,8,0,0
5596,9,0,0
5596,10,0,0
5596,11,0,0
5596,12,0,0
5597,0,1,4
5597,1,1,4
5597,2,1,5
5597,3,1,1
5597,4,1,4
5597,5,1,3
5597,6,1,5
5597,7,1,5
5597,8,1,2
5597,9,1,3
5597,10,1,0
5597,11,1,3
5597,12,1,4
5598,0,1,3
5598,1,1,2
5598,2,1,3
5598,3,1,4
5598,4,1,2
5598,5,1,1
5598,6,1,2
5598,7,1,7
5598,8,0,0
5598,9,0,0
5598,10,0,0
5598,11,0,0
5598,12,0,0
5599,0,1,7
5599,1,1,6
5599,2,1,2
5599,3,0,0
5599,4,0,0
5599,5,0,0
5599,6,0,0
5599,7,0,0
5599,8,0,0
5599,9,0,0
5599,10,0,0
5599,11,0,0
5599,12,0,0
5600,0,1,3
5600,1,1,5
5600,2,1,5
5600,3,1,1
5600,4,1,7
5600,5,1,1
5600,6,1,2
5600,7,1,0
5600,8,1,4
5600,9,1,3
5600,10,1,0
5600,11,1,1
5600,12,1,3
5601,0,1,5
5601,1,1,1
5601,2,1,5
5601,3,1,4
5601,4,1,4
5601,5,1,3
5601,6,1,4
5601,7,1,4
5601,8,1,2
5601,9,1,4
5601,10,1,3
5601,11,1,1
5601,12,1,5
5602,0,1,4
5602,1,1,4
5602,2,1,4
5602,3,1,1
5602,4,1,6
5602,5,1,7
5602,6,1,1
5602,7,1,5
5602,8,1,7
5602,9,1,2
5602,10,1,0
5602,11,1,7
5602,12,1,6
5603,0,1,6
5603,1,1,9
5603,2,1,4
5603,3,0,0
5603,4,0,0
5603,5,0,0
5603,6,0,0
5603,7,0,0
5603,8,0,0
5603,9,0,0
5603,10,0,0
5603,11,0,0
5603,12,0,0
5604,0,1,4
5604,1,1,1
5604,2,1,4
5604,3,1,3
5604,4,1,2
5604,5,1,2
5604,6,1,4
5604,7,1,0
5604,8,1,5
5604,9,1,2
5604,10,1,1
5604,11,1,1
5604,12,1,3
5605,0,1,4
5605,1,1,4
5605,2,1,4
5605,3,1,0
5605,4,1,2
5605,5,1,3
5605,6,1,1
5605,7,1,5
5605,8,1,4
5605,9,1,3
5605,10,1,1
5605,11,1,4
5605,12,1,2
5606,0,1,4
5606,1,1,3
5606,2,1,3
5606,3,1,1
5606,4,1,3
5606,5,1,1
5606,6,1,2
5606,7,1,2
5606,8,1,2
5606,9,1,3
5606,10,1,3
5606,11,1,0
5606,12,1,3
5607,0,1,6
5607,1,1,1
5607,2,1,4
5607,3,1,2
5607,4,1,4
5607,5,1,1
5607,6,1,3
5607,7,1,2
5607,8,1,2
5607,9,1,0
5607,10,1,4
5607,11,1,4
5607,12,0,0
5608,0,1,11
5608,1,1,7
5608,2,1,1
5608,3,1,2
5608,4,1,4
5608,5,0,0
5608,6,0,0
5608,7,0,0
5608,8,0,0
5608,9,0,0
5608,10,0,0
5608,11,0,0
5608,12,0,0
5609,0,1,9
5609,1,1,2
5609,2,1,4
5609,3,1,4
5609,4,1,6
5609,5,1,2
5609,6,1,5
5609,7,0,0
5609,8,0,0
5609,9,0,0
5609,10,0,0
5609,11,0,0
5609,12,0,0
5610,0,1,6
5610,1,1,3
5610,2,1,1
5610,3,0,0
5610,4,0,0
5610,5,0,0
5610,6,0,0
5610,7,0,0
5610,8,0,0
5610,9,0,0
5610,10,0,0
5610,11,0,0
5610,12,0,0
5611,0,1,4
5611,1,1,2
5611,2,1,5
5611,3,1,5
5611,4,1,1
5611,5,1,1
5611,6,1,3
5611,7,0,0
5611,8,0,0
5611,9,0,0
5611,10,0,0
5611,11,0,0
5611,12,0,0
5612,0,1,3
5612,1,1,1
5612,2,1,3
5612,3,1,3
5612,4,1,2
5612,5,1,3
5612,6,1,3
5612,7,1,1
5612,8,1,3
5612,9,1,4
5612,10,1,5
5612,11,1,2
5612,12,0,0
5613,0,1,6
5613,1,1,0
5613,2,1,1
5613,3,1,2
5613,4,1,1
5613,5,1,1
5613,6,1,1
5613,7,1,4
5613,8,1,0
5613,9,1,1
5613,10,1,3
5613,11,1,1
5613,12,1,2
5614,0,1,8
5614,1,1,1
5614,2,1,1
5614,3,1,0
5614,4,1,5
5614,5,1,3
5614,6,1,3
5614,7,1,5
5614,8,1,4
5614,9,1,5
5614,10,0,0
5614,11,0,0
5614,12,0,0
5615,0,1,5
5615,1,1,7
5615,2,1,6
5615,3,1,3
5615,4,1,5
5615,5,1,5
5615,6,1,3
5615,7,1,1
5615,8,1,5
5615,9,1,3
5615,10,1,2
5615,11,0,0
5615,12,0,0
5616,0,1,6
5616,1,1,7
5616,2,1,1
5616,3,1,1
5616,4,1,6
5616,5,1,5
5616,6,1,6
5616,7,1,2
5616,8,1,4
5616,9,1,1
5616,10,1,4
5616,11,1,3
5616,12,1,3
5617,0,1,5
5617,1,1,1
5617,2,1,6
5617,3,1,1
5617,4,1,2
5617,5,1,6
5617,6,1,2
5617,7,1,2
5617,8,1,0
5617,9,1,4
5617,10,1,2
5617,11,1,5
5617,12,1,6
5618,0,1,5
5618,1,1,4
5618,2,1,0
5618,3,1,1
5618,4,1,6
5618,5,1,2
5618,6,1,3
5618,7,1,4
5618,8,1,1
5618,9,1,2
5618,10,1,2
5618,11,1,3
5618,12,1,2
5619,0,1,5
5619,1,0,0
5619,2,0,0
5619,3,0,0
5619,4,0,0
5619,5,0,0
5619,6,0,0
5619,7,0,0
5619,8,0,0
5619,9,0,0
5619,10,0,0
5619,11,0,0
5619,12,0,0
5620,0,1,5
5620,1,1,2
5620,2,1,3
5620,3,1,5
5620,4,1,3
5620,5,0,0
5620,6,0,0
5620,7,0,0
5620,8,0,0
5620,9,0,0
5620,10,0,0
5620,11,0,0
5620,12,0,0
5621,0,1,6
5621,1,1,5
5621,2,0,0
5621,3,0,0
5621,4,0,0
5621,5,0,0
5621,6,0,0
5621,7,0,0
5621,8,0,0
5621,9,0,0
5621,10,0,0
5621,11,0,0
5621,12,0,0
5622,0,1,5
5622,1,1,5
5622,2,1,2
5622,3,1,1
5622,4,1,2
5622,5,1,4
5622,6,1,1
5622,7,1,2
5622,8,1,3
5622,9,1,1
5622,10,1,4
5622,11,1,4
5622,12,1,0
5623,0,1,4
5623,1,0,0
5623,2,0,0
5623,3,0,0
5623,4,0,0
5623,5,0,0
5623,6,0,0
5623,7,0,0
5623,8,0,0
5623,9,0,0
5623,10,0,0
5623,11,0,0
5623,12,0,0
5624,0,1,12
5624,1,1,2
5624,2,1,3
5624,3,1,3
5624,4,1,2
5624,5,1,4
5624,6,1,5
5624,7,1,2
5624,8,0,0
5624,9,0,0
5624,10,0,0
5624,11,0,0
5624,12,0,0
5625,0,1,4
5625,1,1,5
5625,2,1,1
5625,3,1,2
5625,4,1,7
5625,5,1,4
5625,6,1,2
5625,7,1,7
5625,8,1,2
5625,9,1,3
5625,10,1,6
5625,11,1,3
5625,12,1,5
5626,0,1,4
5626,1,1,3
5626,2,1,4
5626,3,1,9
5626,4,1,7
5626,5,1,2
5626,6,1,6
5626,7,1,5
5626,8,1,2
5626,9,1,4
5626,10,1,4
5626,11,1,5
5626,12,1,6
5627,0,1,5
5627,1,1,1
5627,2,1,2
5627,3,1,4
5627,4,1,2
5627,5,1,4
5627,6,1,6
5627,7,1,0
5627,8,1,2
5627,9,1,2
5627,10,0,0
5627,11,0,0
5627,12,0,0
5628,0,1,5
5628,1,1,5
5628,2,1,5
5628,3,1,5
5628,4,1,4
5628,5,1,0
5628,6,1,3
5628,7,1,2
5628,8,1,1
5628,9,1,4
5628,10,1,6
5628,11,1,2
5628,12,1,2
5629,0,1,4
5629,1,1,4
5629,2,1,4
5629,3,1,2
5629,4,1,3
5629,5,1,2
5629,6,1,3
5629,7,1,8
5629,8,1,1
5629,9,1,1
5629,10,1,3
5629,11,1,3
5629,12,1,1
5630,0,1,8
5630,1,1,6
5630,2,1,1
5630,3,1,4
5630,4,1,2
5630,5,1,3
5630,6,1,5
5630,7,1,4
5630,8,1,6
5630,9,1,5
5630,10,1,3
5630,11,1,2
5630,12,1,2
5631,0,1,1
5631,1,1,4
5631,2,1,3
5631,3,1,2
5631,4,1,5
5631,5,1,1
5631,6,1,0
5631,7,1,4
5631,8,1,1
5631,9,1,0
5631,10,1,6
5631,11,1,3
5631,12,1,6
5632,0,1,4
5632,1,1,2
5632,2,1,3
5632,3,1,0
5632,4,1,6
5632,5,1,4
5632,6,1,3
5632,7,1,0
5632,8,1,3
5632,9,1,2
5632,10,1,3
5632,11,1,3
5632,12,1,3
5633,0,1,2
5633,1,0,0
5633,2,0,0
5633,3,0,0
5633,4,0,0
5633,5,0,0
5633,6,0,0
5633,7,0,0
5633,8,0,0
5633,9,0,0
5633,10,0,0
5633,11,0,0
5633,12,0,0
5634,0,1,3
5634,1,1,3
5634,2,1,4
5634,3,1,1
5634,4,0,0
5634,5,0,0
5634,6,0,0
5634,7,0,0
5634,8,0,0
5634,9,0,0
5634,10,0,0
5634,11,0,0
5634,12,0,0
5635,0,1,5
5635,1,1,1
5635,2,1,7
5635,3,1,3
5635,4,1,2
5635,5,1,2
5635,6,1,5
5635,7,1,5
5635,8,1,3
5635,9,1,4
5635,10,1,1
5635,11,1,2
5635,12,1,3
5636,0,1,6
5636,1,1,1
5636,2,1,0
5636,3,0,0
5636,4,0,0
5636,5,0,0
5636,6,0,0
5636,7,0,0
5636,8,0,0
5636,9,0,0
5636,10,0,0
5636,11,0,0
5636,12,0,0
5637,0,1,4
5637,1,1,1
5637,2,1,2
5637,3,1,0
5637,4,1,2
5637,5,1,3
5637,6,1,2
5637,7,1,5
5637,8,1,1
5637,9,1,1
5637,10,1,1
5637,11,1,2
5637,12,1,0
5638,0,1,7
5638,1,1,1
5638,2,1,1
5638,3,1,2
5638,4,1,2
5638,5,1,3
5638,6,1,2
5638,7,1,3
5638,8,1,2
5638,9,1,1
5638,10,1,4
5638,11,1,3
5638,12,1,1
5639,0,1,5
5639,1,1,4
5639,2,1,1
5639,3,1,3
5639,4,1,4
5639,5,1,3
5639,6,1,2
5639,7,1,4
5639,8,1,3
5639,9,1,0
5639,10,1,3
5639,11,1,5
5639,12,1,1
5640,0,1,6
5640,1,1,2
5640,2,1,4
5640,3,0,0
5640,4,0,0
5640,5,0,0
5640,6,0,0
5640,7,0,0
5640,8,0,0
5640,9,0,0
5640,10,0,0
5640,11,0,0
5640,12,0,0
5641,0,1,2
5641,1,1,3
5641,2,1,1
5641,3,1,2
5641,4,1,1
5641,5,1,4
5641,6,1,2
5641,7,1,3
5641,8,1,6
5641,9,1,2
5641,10,1,0
5641,11,1,3
5641,12,1,2
5642,0,1,4
5642,1,1,0
5642,2,1,4
5642,3,1,6
5642,4,1,2
5642,5,1,4
5642,6,1,4
5642,7,1,5
5642,8,1,3
5642,9,1,2
5642,10,0,0
5642,11,0,0
5642,12,0,0
5643,0,1,5
5643,1,0,0
5643,2,0,0
5643,3,0,0
5643,4,0,0
5643,5,0,0
5643,6,0,0
5643,7,0,0
5643,8,0,0
5643,9,0,0
5643,10,0,0
5643,11,0,0
5643,12,0,0
5644,0,1,3
5644,1,1,4
5644,2,1,1
5644,3,1,3
5644,4,0,0
5644,5,0,0
5644,6,0,0
5644,7,0,0
5644,8,0,0
5644,9,0,0
5644,10,0,0
5644,11,0,0
5644,12,0,0
5645,0,1,8
5645,1,1,4
5645,2,0,0
5645,3,0,0
5645,4,0,0
5645,5,0,0
5645,6,0,0
5645,7,0,0
5645,8,0,0
5645,9,0,0
5645,10,0,0
5645,11,0,0
5645,12,0,0
5646,0,1,7
5646,1,1,1
5646,2,1,2
5646,3,1,2
5646,4,1,3
5646,5,1,2
5646,6,1,2
5646,7,0,0
5646,8,0,0
5646,9,0,0
5646,10,0,0
5646,11,0,0
5646,12,0,0
5647,0,1,2
5647,1,1,4
5647,2,1,7
5647,3,1,4
5647,4,1,5
5647,5,1,1
5647,6,1,4
5647,7,1,5
5647,8,1,7
5647,9,1,3
5647,10,1,2
5647,11,1,2
5647,12,1,3
5648,0,1,5
5648,1,1,3
5648,2,1,1
5648,3,0,0
5648,4,0,0
5648,5,0,0
5648,6,0,0
5648,7,0,0
5648,8,0,0
5648,9,0,0
5648,10,0,0
5648,11,0,0
5648,12,0,0
5649,0,1,9
5649,1,1,3
5649,2,1,2
5649,3,1,5
5649,4,1,5
5649,5,1,6
5649,6,1,6
5649,7,1,6
5649,8,1,1
5649,9,1,3
5649,10,1,7
5649,11,1,4
5649,12,1,6
5650,0,1,5
5650,1,1,6
5650,2,1,2
5650,3,1,6
5650,4,1,6
5650,5,1,2
5650,6,1,5
5650,7,1,8
5650,8,1,4
5650,9,1,3
5650,10,1,2
5650,11,1,4
5650,12,1,2
5651,0,1,4
5651,1,1,2
5651,2,1,6
5651,3,1,4
5651,4,1,4
5651,5,1,4
5651,6,1,3
5651,7,1,6
5651,8,1,2
5651,9,1,4
5651,10,1,4
5651,11,1,4
5651,12,1,4
5652,0,1,8
5652,1,1,3
5652,2,1,0
5652,3,1,4
5652,4,1,5
5652,5,1,7
5652,6,1,6
5652,7,1,2
5652,8,1,4
5652,9,1,5
5652,10,1,2
5652,11,0,0
5652,12,0,0
5653,0,1,4
5653,1,1,5
5653,2,1,2
5653,3,1,1
5653,4,1,2
5653,5,0,0
5653,6,0,0
5653,7,0,0
5653,8,0,0
5653,9,0,0
5653,10,0,0
5653,11,0,0
5653,12,0,0
5654,0,1,2
5654,1,1,1
5654,2,1,2
5654,3,0,0
5654,4,0,0
5654,5,0,0
5654,6,0,0
5654,7,0,0
5654,8,0,0
5654,9,0,0
5654,10,0,0
5654,11,0,0
5654,12,0,0
5655,0,1,7
5655,1,1,4
5655,2,1,3
5655,3,1,2
5655,4,1,6
5655,5,1,5
5655,6,1,1
5655,7,1,5
5655,8,1,5
5655,9,1,1
5655,10,1,3
5655,11,1,3
5655,12,1,2
5656,0,1,9
5656,1,1,4
5656,2,1,1
5656,3,1,1
5656,4,1,3
5656,5,1,2
5656,6,1,1
5656,7,1,3
5656,8,1,2
5656,9,1,4
5656,10,1,1
5656,11,1,2
5656,12,1,3
5657,0,1,6
5657,1,1,3
5657,2,1,4
5657,3,1,2
5657,4,1,0
5657,5,1,2
5657,6,1,2
5657,7,1,4
5657,8,1,4
5657,9,0,0
5657,10,0,0
5657,11,0,0
5657,12,0,0
5658,0,1,4
5658,1,1,2
5658,2,1,2
5658,3,1,1
5658,4,1,1
5658,5,1,1
5658,6,1,2
5658,7,1,3
5658,8,1,2
5658,9,1,0
5658,10,0,0
5658,11,0,0
5658,12,0,0
5659,0,1,7
5659,1,1,7
5659,2,1,2
5659,3,1,2
5659,4,0,0
5659,5,0,0
5659,6,0,0
5659,7,0,0
5659,8,0,0
5659,9,0,0
5659,10,0,0
5659,11,0,0
5659,12,0,0
5660,0,1,3
5660,1,0,0
5660,2,0,0
5660,3,0,0
5660,4,0,0
5660,5,0,0
5660,6,0,0
5660,7,0,0
5660,8,0,0
5660,9,0,0
5660,10,0,0
5660,11,0,0
5660,12,0,0
5661,0,1,4
5661,1,1,6
5661,2,1,3
5661,3,1,3
5661,4,1,2
5661,5,0,0
5661,6,0,0
5661,7,0,0
5661,8,0,0
5661,9,0,0
5661,10,0,0
5661,11,0,0
5661,12,0,0
5662,0,1,8
5662,1,1,0
5662,2,1,4
5662,3,1,1
5662,4,0,0
5662,5,0,0
5662,6,0,0
5662,7,0,0
5662,8,0,0
5662,9,0,0
5662,10,0,0
5662,11,0,0
5662,12,0,0
5663,0,1,8
5663,1,1,2
5663,2,1,3
5663,3,1,5
5663,4,1,2
5663,5,1,3
5663,6,1,2
5663,7,1,1
5663,8,1,1
5663,9,1,2
5663,10,1,4
5663,11,1,2
5663,12,1,1
5664,0,1,6
5664,1,1,3
5664,2,1,3
5664,3,1,3
5664,4,1,3
5664,5,1,8
5664,6,1,1
5664,7,1,4
5664,8,1,4
5664,9,1,5
5664,10,1,6
5664,11,1,3
5664,12,1,3
5665,0,1,7
5665,1,1,3
5665,2,1,3
5665,3,1,3
5665,4,1,6
5665,5,1,2
5665,6,1,2
5665,7,1,3
5665,8,1,6
5665,9,1,3
5665,10,0,0
5665,11,0,0
5665,12,0,0
5666,0,1,12
5666,1,1,0
5666,2,1,2
5666,3,1,2
5666,4,1,1
5666,5,1,1
5666,6,1,1
5666,7,1,5
5666,8,1,3
5666,9,1,4
5666,10,1,3
5666,11,1,1
5666,12,1,4
5667,0,1,5
5667,1,1,4
5667,2,1,3
5667,3,1,5
5667,4,1,3
5667,5,1,2
5667,6,1,9
5667,7,1,1
5667,8,1,1
5667,9,1,3
5667,10,1,4
5667,11,1,3
5667,12,0,0
5668,0,1,5
5668,1,1,4
5668,2,1,2
5668,3,1,1
5668,4,1,3
5668,5,1,7
5668,6,1,3
5668,7,1,8
5668,8,1,0
5668,9,1,2
5668,10,1,4
5668,11,1,5
5668,12,1,3
5669,0,1,6
5669,1,1,4
5669,2,1,4
5669,3,1,4
5669,4,1,6
5669,5,1,5
5669,6,1,5
5669,7,1,5
5669,8,0,0
5669,9,0,0
5669,10,0,0
5669,11,0,0
5669,12,0,0
5670,0,1,5
5670,1,0,0
5670,2,0,0
5670,3,0,0
5670,4,0,0
5670,5,0,0
5670,6,0,0
5670,7,0,0
5670,8,0,0
5670,9,0,0
5670,10,0,0
5670,11,0,0
5670,12,0,0
5671,0,1,4
5671,1,1,6
5671,2,1,1
5671,3,1,1
5671,4,0,0
5671,5,0,0
5671,6,0,0
5671,7,0,0
5671,8,0,0
5671,9,0,0
5671,10,0,0
5671,11,0,0
5671,12,0,0
5672,0,1,9
5672,1,1,6
5672,2,1,4
5672,3,1,5
5672,4,1,3
5672,5,1,2
5672,6,1,1
5672,7,1,2
5672,8,1,1
5672,9,1,7
5672,10,1,2
5672,11,1,2
5672,12,0,0
5673,0,1,5
5673,1,1,5
5673,2,1,4
5673,3,1,7
5673,4,1,5
5673,5,1,5
5673,6,1,6
5673,7,1,1
5673,8,1,3
5673,9,1,5
5673,10,1,6
5673,11,1,4
5673,12,1,5
5674,0,1,5
5674,1,1,4
5674,2,1,4
5674,3,0,0
5674,4,0,0
5674,5,0,0
5674,6,0,0
5674,7,0,0
5674,8,0,0
5674,9,0,0
5674,10,0,0
5674,11,0,0
5674,12,0,0
5675,0,1,6
5675,1,1,2
5675,2,0,0
5675,3,0,0
5675,4,0,0
5675,5,0,0
5675,6,0,0
5675,7,0,0
5675,8,0,0
5675,9,0,0
5675,10,0,0
5675,11,0,0
5675,12,0,0
5676,0,1,5
5676,1,1,5
5676,2,1,3
5676,3,1,2
5676,4,1,6
5676,5,1,7
5676,6,1,6
5676,7,1,4
5676,8,1,1
5676,9,1,4
5676,10,1,6
5676,11,1,5
5676,12,1,9
5677,0,1,4
5677,1,1,4
5677,2,1,1
5677,3,1,0
5677,4,1,5
5677,5,1,4
5677,6,0,0
5677,7,0,0
5677,8,0,0
5677,9,0,0
5677,10,0,0
5677,11,0,0
5677,12,0,0
5678,0,1,4
5678,1,1,7
5678,2,1,1
5678,3,1,4
5678,4,1,4
5678,5,1,1
5678,6,1,1
5678,7,1,2
5678,8,1,4
5678,9,1,7
5678,10,1,2
5678,11,1,2
5678,12,1,3
5679,0,1,5
5679,1,1,5
5679,2,1,1
5679,3,1,1
5679,4,1,2
5679,5,0,0
5679,6,0,0
5679,7,0,0
5679,8,0,0
5679,9,0,0
5679,10,0,0
5679,11,0,0
5679,12,0,0
5680,0,1,7
5680,1,1,1
5680,2,1,3
5680,3,1,3
5680,4,1,2
5680,5,1,4
5680,6,1,1
5680,7,1,1
5680,8,1,1
5680,9,1,0
5680,10,1,2
5680,11,1,3
5680,12,1,2
5681,0,1,6
5681,1,1,4
5681,2,1,4
5681,3,1,5
5681,4,0,0
5681,5,0,0
5681,6,0,0
5681,7,0,0
5681,8,0,0
5681,9,0,0
5681,10,0,0
5681,11,0,0
5681,12,0,0
5682,0,1,4
5682,1,1,2
5682,2,1,4
5682,3,1,3
5682,4,1,3
5682,5,1,5
5682,6,0,0
5682,7,0,0
5682,8,0,0
5682,9,0,0
5682,10,0,0
5682,11,0,0
5682,12,0,0
5683,0,1,6
5683,1,1,0
5683,2,1,4
5683,3,1,5
5683,4,1,1
5683,5,1,6
5683,6,1,3
5683,7,1,1
5683,8,1,2
5683,9,0,0
5683,10,0,0
5683,11,0,0
5683,12,0,0
5684,0,1,4
5684,1,1,2
5684,2,1,3
5684,3,1,2
5684,4,1,2
5684,5,0,0
5684,6,0,0
5684,7,0,0
5684,8,0,0
5684,9,0,0
5684,10,0,0
5684,11,0,0
5684,12,0,0
5685,0,1,4
5685,1,1,2
5685,2,1,2
5685,3,1,2
5685,4,1,1
5685,5,1,5
5685,6,1,5
5685,7,0,0
5685,8,0,0
5685,9,0,0
5685,10,0,0
5685,11,0,0
5685,12,0,0
5686,0,1,7
5686,1,0,0
5686,2,0,0
5686,3,0,0
5686,4,0,0
5686,5,0,0
5686,6,0,0
5686,7,0,0
5686,8,0,0
5686,9,0,0
5686,10,0,0
5686,11,0,0
5686,12,0,0
5687,0,1,4
5687,1,0,0
5687,2,0,0
5687,3,0,0
5687,4,0,0
5687,5,0,0
5687,6,0,0
5687,7,0,0
5687,8,0,0
5687,9,0,0
5687,10,0,0
5687,11,0,0
5687,12,0,0
5688,0,1,4
5688,1,1,1
5688,2,1,3
5688,3,1,4
5688,4,1,2
5688,5,1,5
5688,6,1,2
5688,7,1,3
5688,8,1,1
5688,9,1,1
5688,10,1,3
5688,11,0,0
5688,12,0,0
5689,0,1,4
5689,1,1,3
5689,2,1,1
5689,3,1,1
5689,4,1,1
5689,5,1,2
5689,6,1,2
5689,7,1,1
5689,8,0,0
5689,9,0,0
5689,10,0,0
5689,11,0,0
5689,12,0,0
5690,0,1,2
5690,1,1,3
5690,2,1,3
5690,3,1,0
5690,4,1,4
5690,5,1,0
5690,6,1,2
5690,7,1,4
5690,8,1,0
5690,9,1,3
5690,10,1,0
5690,11,1,1
5690,12,1,3
5691,0,1,9
5691,1,1,1
5691,2,1,1
5691,3,1,2
5691,4,1,4
5691,5,1,4
5691,6,1,1
5691,7,1,1
5691,8,1,2
5691,9,1,1
5691,10,1,2
5691,11,1,4
5691,12,0,0
5692,0,1,5
5692,1,1,4
5692,2,1,3
5692,3,1,4
5692,4,1,8
5692,5,1,2
5692,6,0,0
5692,7,0,0
5692,8,0,0
5692,9,0,0
5692,10,0,0
5692,11,0,0
5692,12,0,0
5693,0,1,3
5693,1,1,6
5693,2,0,0
5693,3,0,0
5693,4,0,0
5693,5,0,0
5693,6,0,0
5693,7,0,0
5693,8,0,0
5693,9,0,0
5693,10,0,0
5693,11,0,0
5693,12,0,0
5694,0,1,1
5694,1,1,3
5694,2,1,3
5694,3,0,0
5694,4,0,0
5694,5,0,0
5694,6,0,0
5694,7,0,0
5694,8,0,0
5694,9,0,0
5694,10,0,0
5694,11,0,0
5694,12,0,0
5695,0,1,5
5695,1,1,0
5695,2,1,2
5695,3,1,2
5695,4,1,4
5695,5,1,3
5695,6,1,3
5695,7,1,4
5695,8,1,1
5695,9,1,3
5695,10,1,1
5695,11,1,1
5695,12,1,2
5696,0,1,8
5696,1,1,1
5696,2,1,2
5696,3,1,2
5696,4,0,0
5696,5,0,0
5696,6,0,0
5696,7,0,0
5696,8,0,0
5696,9,0,0
5696,10,0,0
5696,11,0,0
5696,12,0,0
5697,0,1,7
5697,1,1,3
5697,2,1,4
5697,3,1,4
5697,4,1,7
5697,5,1,0
5697,6,1,2
5697,7,1,3
5697,8,1,8
5697,9,1,2
5697,10,1,9
5697,11,1,5
5697,12,1,4
5698,0,1,4
5698,1,1,5
5698,2,1,4
5698,3,1,3
5698,4,1,3
5698,5,1,6
5698,6,1,4
5698,7,1,4
5698,8,1,6
5698,9,1,4
5698,10,1,4
5698,11,1,5
5698,12,1,2
5699,0,1,10
5699,1,1,2
5699,2,1,4
5699,3,1,4
5699,4,0,0
5699,5,0,0
5699,6,0,0
5699,7,0,0
5699,8,0,0
5699,9,0,0
5699,10,0,0
5699,11,0,0
5699,12,0,0
5700,0,1,4
5700,1,1,4
5700,2,1,5
5700,3,0,0
5700,4,0,0
5700,5,0,0
5700,6,0,0
5700,7,0,0
5700,8,0,0
5700,9,0,0
5700,10,0,0
5700,11,0,0
5700,12,0,0
5701,0,1,6
5701,1,1,4
5701,2,1,4
5701,3,0,0
5701,4,0,0
5701,5,0,0
5701,6,0,0
5701,7,0,0
5701,8,0,0
5701,9,0,0
5701,10,0,0
5701,11,0,0
5701,12,0,0
5702,0,1,5
5702,1,0,0
5702,2,0,0
5702,3,0,0
5702,4,0,0
5702,5,0,0
5702,6,0,0
5702,7,0,0
5702,8,0,0
5702,9,0,0
5702,10,0,0
5702,11,0,0
5702,12,0,0
5703,0,1,6
5703,1,1,6
5703,2,1,2
5703,3,1,4
5703,4,1,4
5703,5,1,4
5703,6,1,6
5703,7,1,2
5703,8,1,4
5703,9,1,4
5703,10,1,3
5703,11,1,8
5703,12,1,9
5704,0,1,3
5704,1,0,0
5704,2,0,0
5704,3,0,0
5704,4,0,0
5704,5,0,0
5704,6,0,0
5704,7,0,0
5704,8,0,0
5704,9,0,0
5704,10,0,0
5704,11,0,0
5704,12,0,0
5705,0,1,2
5705,1,1,4
5705,2,1,1
5705,3,1,5
5705,4,1,5
5705,5,1,6
5705,6,1,3
5705,7,1,2
5705,8,1,2
5705,9,1,1
5705,10,0,0
5705,11,0,0
5705,12,0,0
5706,0,1,5
5706,1,1,0
5706,2,1,5
5706,3,1,2
5706,4,1,2
5706,5,1,6
5706,6,1,3
5706,7,1,3
5706,8,1,2
5706,9,1,1
5706,10,1,4
5706,11,1,5
5706,12,1,5
5707,0,1,1
5707,1,1,2
5707,2,1,4
5707,3,1,4
5707,4,1,1
5707,5,1,5
5707,6,1,2
5707,7,1,3
5707,8,1,7
5707,9,1,2
5707,10,1,4
5707,11,1,4
5707,12,1,6
5708,0,1,5
5708,1,1,5
5708,2,1,2
5708,3,1,2
5708,4,1,7
5708,5,1,5
5708,6,1,4
5708,7,1,3
5708,8,1,2
5708,9,1,1
5708,10,1,11
5708,11,1,1
5708,12,1,1
5709,0,1,5
5709,1,1,3
5709,2,1,2
5709,3,1,4
5709,4,1,3
5709,5,1,2
5709,6,1,6
5709,7,1,3
5709,8,1,5
5709,9,1,2
5709,10,1,3
5709,11,1,7
5709,12,1,0
5710,0,1,3
5710,1,1,2
5710,2,0,0
5710,3,0,0
5710,4,0,0
5710,5,0,0
5710,6,0,0
5710,7,0,0
5710,8,0,0
5710,9,0,0
5710,10,0,0
5710,11,0,0
5710,12,0,0
5711,0,1,8
5711,1,1,4
5711,2,1,3
5711,3,1,2
5711,4,1,2
5711,5,1,4
5711,6,1,3
5711,7,1,2
5711,8,1,1
5711,9,1,2
5711,10,1,5
5711,11,0,0
5711,12,0,0
5712,0,1,7
5712,1,1,1
5712,2,0,0
5712,3,0,0
5712,4,0,0
5712,5,0,0
5712,6,0,0
5712,7,0,0
5712,8,0,0
5712,9,0,0
5712,10,0,0
5712,11,0,0
5712,12,0,0
5713,0,1,2
5713,1,1,1
5713,2,1,3
5713,3,1,4
5713,4,1,0
5713,5,1,4
5713,6,1,2
5713,7,1,3
5713,8,1,3
5713,9,1,3
5713,10,1,2
5713,11,1,4
5713,12,1,1
5714,0,1,6
5714,1,1,4
5714,2,1,4
5714,3,1,5
5714,4,1,4
5714,5,1,3
5714,6,0,0
5714,7,0,0
5714,8,0,0
5714,9,0,0
5714,10,0,0
5714,11,0,0
5714,12,0,0
5715,0,1,3
5715,1,1,3
5715,2,1,3
5715,3,0,0
5715,4,0,0
5715,5,0,0
5715,6,0,0
5715,7,0,0
5715,8,0,0
5715,9,0,0
5715,10,0,0
5715,11,0,0
5715,12,0,0
5716,0,1,3
5716,1,1,2
5716,2,1,3
5716,3,1,0
5716,4,1,2
5716,5,0,0
5716,6,0,0
5716,7,0,0
5716,8,0,0
5716,9,0,0
5716,10,0,0
5716,11,0,0
5716,12,0,0
5717,0,1,6
5717,1,1,3
5717,2,1,4
5717,3,1,5
5717,4,1,3
5717,5,1,2
5717,6,0,0
5717,7,0,0
5717,8,0,0
5717,9,0,0
5717,10,0,0
5717,11,0,0
5717,12,0,0
5718,0,1,4
5718,1,1,3
5718,2,1,2
5718,3,1,2
5718,4,1,2
5718,5,1,4
5718,6,1,3
5718,7,1,5
5718,8,1,4
5718,9,1,1
5718,10,1,3
5718,11,1,2
5718,12,0,0
5719,0,1,5
5719,1,1,7
5719,2,1,3
5719,3,1,6
5719,4,1,2
5719,5,1,4
5719,6,0,0
5719,7,0,0
5719,8,0,0
5719,9,0,0
5719,10,0,0
5719,11,0,0
5719,12,0,0
5720,0,1,3
5720,1,1,5
5720,2,1,3
5720,3,1,0
5720,4,1,2
5720,5,1,3
5720,6,1,2
5720,7,1,2
5720,8,1,3
5720,9,1,2
5720,10,1,2
5720,11,1,1
5720,12,1,3
5721,0,1,7
5721,1,1,5
5721,2,1,2
5721,3,1,3
5721,4,1,6
5721,5,1,1
5721,6,1,2
5721,7,1,4
5721,8,1,1
5721,9,1,2
5721,10,1,2
5721,11,1,4
5721,12,1,6
5722,0,1,8
5722,1,1,6
5722,2,1,4
5722,3,1,1
5722,4,1,3
5722,5,1,1
5722,6,1,2
5722,7,1,2
5722,8,1,2
5722,9,1,5
5722,10,1,4
5722,11,1,3
5722,12,1,4
5723,0,1,8
5723,1,1,1
5723,2,1,3
5723,3,1,6
5723,4,1,5
5723,5,1,2
5723,6,1,2
5723,7,1,2
5723,8,1,5
5723,9,1,3
5723,10,1,1
5723,11,1,3
5723,12,1,2
5724,0,1,5
5724,1,1,5
5724,2,1,4
5724,3,1,4
5724,4,1,3
5724,5,1,0
5724,6,1,2
5724,7,1,0
5724,8,0,0
5724,9,0,0
5724,10,0,0
5724,11,0,0
5724,12,0,0
5725,0,1,6
5725,1,1,6
5725,2,1,4
5725,3,1,3
5725,4,1,3
5725,5,1,4
5725,6,1,4
5725,7,1,5
5725,8,1,4
5725,9,1,6
5725,10,1,3
5725,11,1,5
5725,12,0,0
5726,0,1,3
5726,1,1,5
5726,2,1,0
5726,3,1,3
5726,4,1,1
5726,5,1,0
5726,6,1,0
5726,7,1,4
5726,8,1,2
5726,9,1,0
5726,10,1,4
5726,11,1,2
5726,12,1,2
5727,0,1,4
5727,1,1,1
5727,2,0,0
5727,3,0,0
5727,4,0,0
5727,5,0,0
5727,6,0,0
5727,7,0,0
5727,8,0,0
5727,9,0,0
5727,10,0,0
5727,11,0,0
5727,12,0,0
5728,0,1,10
5728,1,1,4
5728,2,1,3
5728,3,1,3
5728,4,1,3
5728,5,1,1
5728,6,1,0
5728,7,0,0
5728,8,0,0
5728,9,0,0
5728,10,0,0
5728,11,0,0
5728,12,0,0
5729,0,1,4
5729,1,1,2
5729,2,1,9
5729,3,1,1
5729,4,1,3
5729,5,0,0
5729,6,0,0
5729,7,0,0
5729,8,0,0
5729,9,0,0
5729,10,0,0
5729,11,0,0
5729,12,0,0
5730,0,1,11
5730,1,1,4
5730,2,1,3
5730,3,1,4
5730,4,1,2
5730,5,1,2
5730,6,1,7
5730,7,1,4
5730,8,1,2
5730,9,1,3
5730,10,1,7
5730,11,1,4
5730,12,1,6
5731,0,1,9
5731,1,1,2
5731,2,0,0
5731,3,0,0
5731,4,0,0
5731,5,0,0
5731,6,0,0
5731,7,0,0
5731,8,0,0
5731,9,0,0
5731,10,0,0
5731,11,0,0
5731,12,0,0
5732,0,1,6
5732,1,1,2
5732,2,1,3
5732,3,1,1
5732,4,1,2
5732,5,1,1
5732,6,1,3
5732,7,0,0
5732,8,0,0
5732,9,0,0
5732,10,0,0
5732,11,0,0
5732,12,0,0
5733,0,1,2
5733,1,1,5
5733,2,1,5
5733,3,1,2
5733,4,1,5
5733,5,1,5
5733,6,0,0
5733,7,0,0
5733,8,0,0
5733,9,0,0
5733,10,0,0
5733,11,0,0
5733,12,0,0
5734,0,1,3
5734,1,0,0
5734,2,0,0
5734,3,0,0
5734,4,0,0
5734,5,0,0
5734,6,0,0
5734,7,0,0
5734,8,0,0
5734,9,0,0
5734,10,0,0
5734,11,0,0
5734,12,0,0
5735,0,1,7
5735,1,1,2
5735,2,1,4
5735,3,1,2
5735,4,1,0
5735,5,1,2
5735,6,1,7
5735,7,1,6
5735,8,1,3
5735,9,1,4
5735,10,1,4
5735,11,1,6
5735,12,0,0
5736,0,1,3
5736,1,1,2
5736,2,1,2
5736,3,1,2
5736,4,1,2
5736,5,1,1
5736,6,0,0
5736,7,0,0
5736,8,0,0
5736,9,0,0
5736,10,0,0
5736,11,0,0
5736,12,0,0
5737,0,1,8
5737,1,1,2
5737,2,1,3
5737,3,1,5
5737,4,1,1
5737,5,1,2
5737,6,1,5
5737,7,1,2
5737,8,0,0
5737,9,0,0
5737,10,0,0
5737,11,0,0
5737,12,0,0
5738,0,1,4
5738,1,0,0
5738,2,0,0
5738,3,0,0
5738,4,0,0
5738,5,0,0
5738,6,0,0
5738,7,0,0
5738,8,0,0
5738,9,0,0
5738,10,0,0
5738,11,0,0
5738,12,0,0
5739,0,1,3
5739,1,1,3
5739,2,1,1
5739,3,1,1
5739,4,1,1
5739,5,1,1
5739,6,1,2
5739,7,1,3
5739,8,1,1
5739,9,1,3
5739,10,1,1
5739,11,1,1
5739,12,1,4
5740,0,1,5
5740,1,1,4
5740,2,1,3
5740,3,1,4
5740,4,1,7
5740,5,1,5
5740,6,1,2
5740,7,0,0
5740,8,0,0
5740,9,0,0
5740,10,0,0
5740,11,0,0
5740,12,0,0
5741,0,1,7
5741,1,1,2
5741,2,1,3
5741,3,0,0
5741,4,0,0
5741,5,0,0
5741,6,0,0
5741,7,0,0
5741,8,0,0
5741,9,0,0
5741,10,0,0
5741,11,0,0
5741,12,0,0
5742,0,1,4
5742,1,1,3
5742,2,1,3
5742,3,1,6
5742,4,1,4
5742,5,1,3
5742,6,1,7
5742,7,1,4
5742,8,1,5
5742,9,1,1
5742,10,1,5
5742,11,1,4
5742,12,1,5
5743,0,1,4
5743,1,1,2
5743,2,1,4
5743,3,1,1
5743,4,1,4
5743,5,1,4
5743,6,1,1
5743,7,1,0
5743,8,1,5
5743,9,1,4
5743,10,1,3
5743,11,1,5
5743,12,0,0
5744,0,1,5
5744,1,1,0
5744,2,1,2
5744,3,1,1
5744,4,0,0
5744,5,0,0
5744,6,0,0
5744,7,0,0
5744,8,0,0
5744,9,0,0
5744,10,0,0
5744,11,0,0
5744,12,0,0
5745,0,1,3
5745,1,1,2
5745,2,1,2
5745,3,1,3
5745,4,0,0
5745,5,0,0
5745,6,0,0
5745,7,0,0
5745,8,0,0
5745,9,0,0
5745,10,0,0
5745,11,0,0
5745,12,0,0
5746,0,1,7
5746,1,1,2
5746,2,1,4
5746,3,1,5
5746,4,1,5
5746,5,1,2
5746,6,1,2
5746,7,1,5
5746,8,1,1
5746,9,1,1
5746,10,1,3
5746,11,1,1
5746,12,1,2
5747,0,1,6
5747,1,1,1
5747,2,1,0
5747,3,1,4
5747,4,1,4
5747,5,1,0
5747,6,1,4
5747,7,1,0
5747,8,1,2
5747,9,1,2
5747,10,1,3
5747,11,1,8
5747,12,1,4
5748,0,1,9
5748,1,1,5
5748,2,1,2
5748,3,1,3
5748,4,1,12
5748,5,1,2
5748,6,1,1
5748,7,1,2
5748,8,1,2
5748,9,0,0
5748,10,0,0
5748,11,0,0
5748,12,0,0
5749,0,1,2
5749,1,1,5
5749,2,1,3
5749,3,1,5
5749,4,1,6
5749,5,0,0
5749,6,0,0
5749,7,0,0
5749,8,0,0
5749,9,0,0
5749,10,0,0
5749,11,0,0
5749,12,0,0
5750,0,1,4
5750,1,1,3
5750,2,1,4
5750,3,1,2
5750,4,1,2
5750,5,1,3
5750,6,0,0
5750,7,0,0
5750,8,0,0
5750,9,0,0
5750,10,0,0
5750,11,0,0
5750,12,0,0
5751,0,1,7
5751,1,1,2
5751,2,1,0
5751,3,1,2
5751,4,1,1
5751,5,1,5
5751,6,1,2
5751,7,1,1
5751,8,1,2
5751,9,1,2
5751,10,1,5
5751,11,1,3
5751,12,0,0
5752,0,1,5
5752,1,1,3
5752,2,1,2
5752,3,1,2
5752,4,1,2
5752,5,1,1
5752,6,1,2
5752,7,1,3
5752,8,1,2
5752,9,1,4
5752,10,1,2
5752,11,1,2
5752,12,1,1
5753,0,1,6
5753,1,1,4
5753,2,1,5
5753,3,1,5
5753,4,1,1
5753,5,0,0
5753,6,0,0
5753,7,0,0
5753,8,0,0
5753,9,0,0
5753,10,0,0
5753,11,0,0
5753,12,0,0
5754,0,1,3
5754,1,1,4
5754,2,1,3
5754,3,1,2
5754,4,1,4
5754,5,1,2
5754,6,1,4
5754,7,1,2
5754,8,1,0
5754,9,1,1
5754,10,1,2
5754,11,1,1
5754,12,1,6
5755,0,1,4
5755,1,0,0
5755,2,0,0
5755,3,0,0
5755,4,0,0
5755,5,0,0
5755,6,0,0
5755,7,0,0
5755,8,0,0
5755,9,0,0
5755,10,0,0
5755,11,0,0
5755,12,0,0
5756,0,1,4
5756,1,1,1
5756,2,1,2
5756,3,1,1
5756,4,1,2
5756,5,1,3
5756,6,1,1
5756,7,1,1
5756,8,1,3
5756,9,1,0
5756,10,1,5
5756,11,1,3
5756,12,1,4
5757,0,1,5
5757,1,1,2
5757,2,1,3
5757,3,1,1
5757,4,1,3
5757,5,1,3
5757,6,1,6
5757,7,1,5
5757,8,1,6
5757,9,0,0
5757,10,0,0
5757,11,0,0
5757,12,0,0
5758,0,1,4
5758,1,1,0
5758,2,1,1
5758,3,1,3
5758,4,1,3
5758,5,1,3
5758,6,1,2
5758,7,1,2
5758,8,1,3
5758,9,1,3
5758,10,1,2
5758,11,1,0
5758,12,1,5
5759,0,1,5
5759,1,1,3
5759,2,1,5
5759,3,1,1
5759,4,1,4
5759,5,1,5
5759,6,1,2
5759,7,1,1
5759,8,1,4
5759,9,1,5
5759,10,1,4
5759,11,1,5
5759,12,1,3
5760,0,1,5
5760,1,1,5
5760,2,1,2
5760,3,1,5
5760,4,1,2
5760,5,1,5
5760,6,1,8
5760,7,1,3
5760,8,1,1
5760,9,0,0
5760,10,0,0
5760,11,0,0
5760,12,0,0
5761,0,1,8
5761,1,1,6
5761,2,1,3
5761,3,1,2
5761,4,1,2
5761,5,1,3
5761,6,1,2
5761,7,1,3
5761,8,1,3
5761,9,1,7
5761,10,0,0
5761,11,0,0
5761,12,0,0
5762,0,1,6
5762,1,1,2
5762,2,1,5
5762,3,1,3
5762,4,1,2
5762,5,1,4
5762,6,0,0
5762,7,0,0
5762,8,0,0
5762,9,0,0
5762,10,0,0
5762,11,0,0
5762,12,0,0
5763,0,1,9
5763,1,1,3
5763,2,1,3
5763,3,1,2
5763,4,1,3
5763,5,1,2
5763,6,1,2
5763,7,0,0
5763,8,0,0
5763,9,0,0
5763,10,0,0
5763,11,0,0
5763,12,0,0
5764,0,1,3
5764,1,0,0
5764,2,0,0
5764,3,0,0
5764,4,0,0
5764,5,0,0
5764,6,0,0
5764,7,0,0
5764,8,0,0
5764,9,0,0
5764,10,0,0
5764,11,0,0
5764,12,0,0
5765,0,1,8
5765,1,1,4
5765,2,1,5
5765,3,1,1
5765,4,0,0
5765,5,0,0
5765,6,0,0
5765,7,0,0
5765,8,0,0
5765,9,0,0
5765,10,0,0
5765,11,0,0
5765,12,0,0
5766,0,1,6
5766,1,1,1
5766,2,1,3
5766,3,1,2
5766,4,1,1
5766,5,1,2
5766,6,1,0
5766,7,1,1
5766,8,1,2
5766,9,1,4
5766,10,1,1
5766,11,1,2
5766,12,1,2
5767,0,1,9
5767,1,1,4
5767,2,1,2
5767,3,1,2
5767,4,1,4
5767,5,1,3
5767,6,1,2
5767,7,1,4
5767,8,1,2
5767,9,1,1
5767,10,1,3
5767,11,1,0
5767,12,1,3
5768,0,1,6
5768,1,1,3
5768,2,1,4
5768,3,1,4
5768,4,1,0
5768,5,1,5
5768,6,1,6
5768,7,1,6
5768,8,1,1
5768,9,1,4
5768,10,1,2
5768,11,1,4
5768,12,1,1
5769,0,1,7
5769,1,1,4
5769,2,1,6
5769,3,1,6
5769,4,1,3
5769,5,0,0
5769,6,0,0
5769,7,0,0
5769,8,0,0
5769,9,0,0
5769,10,0,0
5769,11,0,0
5769,12,0,0
5770,0,1,4
5770,1,1,3
5770,2,1,1
5770,3,1,4
5770,4,1,0
5770,5,1,3
5770,6,1,2
5770,7,0,0
5770,8,0,0
5770,9,0,0
5770,10,0,0
5770,11,0,0
5770,12,0,0
5771,0,1,4
5771,1,1,1
5771,2,1,1
5771,3,1,2
5771,4,1,2
5771,5,0,0
5771,6,0,0
5771,7,0,0
5771,8,0,0
5771,9,0,0
5771,10,0,0
5771,11,0,0
5771,12,0,0
5772,0,1,2
5772,1,1,0
5772,2,1,5
5772,3,1,5
5772,4,1,1
5772,5,1,4
5772,6,1,3
5772,7,1,0
5772,8,1,1
5772,9,1,4
5772,10,1,1
5772,11,1,4
5772,12,1,3
5773,0,1,4
5773,1,0,0
5773,2,0,0
5773,3,0,0
5773,4,0,0
5773,5,0,0
5773,6,0,0
5773,7,0,0
5773,8,0,0
5773,9,0,0
5773,10,0,0
5773,11,0,0
5773,12,0,0
5774,0,1,5
5774,1,1,3
5774,2,1,3
5774,3,1,4
5774,4,1,4
5774,5,1,4
5774,6,1,2
5774,7,1,7
5774,8,1,3
5774,9,1,3
5774,10,1,2
5774,11,1,4
5774,12,1,4
5775,0,1,8
5775,1,1,2
5775,2,1,3
5775,3,1,6
5775,4,1,0
5775,5,1,4
5775,6,1,1
5775,7,1,3
5775,8,1,0
5775,9,1,3
5775,10,1,5
5775,11,1,4
5775,12,1,1
5776,0,1,3
5776,1,1,1
5776,2,1,3
5776,3,1,2
5776,4,1,2
5776,5,1,2
5776,6,1,2
5776,7,1,7
5776,8,1,4
5776,9,1,1
5776,10,1,4
5776,11,1,5
5776,12,1,0
5777,0,1,6
5777,1,1,3
5777,2,1,5
5777,3,1,5
5777,4,1,2
5777,5,1,5
5777,6,1,2
5777,7,1,3
5777,8,1,4
5777,9,1,2
5777,10,1,2
5777,11,1,5
5777,12,1,0
5778,0,1,9
5778,1,1,1
5778,2,1,3
5778,3,1,1
5778,4,1,5
5778,5,1,4
5778,6,1,5
5778,7,0,0
5778,8,0,0
5778,9,0,0
5778,10,0,0
5778,11,0,0
5778,12,0,0
5779,0,1,5
5779,1,1,4
5779,2,1,1
5779,3,1,1
5779,4,1,6
5779,5,1,5
5779,6,1,6
5779,7,1,4
5779,8,1,4
5779,9,1,3
5779,10,1,2
5779,11,1,4
5779,12,0,0
5780,0,1,4
5780,1,1,4
5780,2,1,2
5780,3,1,3
5780,4,1,3
5780,5,1,2
5780,6,1,6
5780,7,1,1
5780,8,1,4
5780,9,1,5
5780,10,1,4
5780,11,1,1
5780,12,1,5
5781,0,1,8
5781,1,0,0
5781,2,0,0
5781,3,0,0
5781,4,0,0
5781,5,0,0
5781,6,0,0
5781,7,0,0
5781,8,0,0
5781,9,0,0
5781,10,0,0
5781,11,0,0
5781,12,0,0
5782,0,1,5
5782,1,1,2
5782,2,1,4
5782,3,0,0
5782,4,0,0
5782,5,0,0
5782,6,0,0
5782,7,0,0
5782,8,0,0
5782,9,0,0
5782,10,0,0
5782,11,0,0
5782,12,0,0
5783,0,1,6
5783,1,1,4
5783,2,1,9
5783,3,1,3
5783,4,1,5
5783,5,1,2
5783,6,1,6
5783,7,1,8
5783,8,1,11
5783,9,1,2
5783,10,1,5
5783,11,1,2
5783,12,1,8
5784,0,1,7
5784,1,1,3
5784,2,1,5
5784,3,1,6
5784,4,1,0
5784,5,1,7
5784,6,1,3
5784,7,1,2
5784,8,1,1
5784,9,1,1
5784,10,1,1
5784,11,1,4
5784,12,1,0
5785,0,1,8
5785,1,1,0
5785,2,1,1
5785,3,1,3
5785,4,1,5
5785,5,1,4
5785,6,1,5
5785,7,1,7
5785,8,1,3
5785,9,1,4
5785,10,0,0
5785,11,0,0
5785,12,0,0
5786,0,1,7
5786,1,1,4
5786,2,1,2
5786,3,1,4
5786,4,1,3
5786,5,1,4
5786,6,1,3
5786,7,0,0
5786,8,0,0
5786,9,0,0
5786,10,0,0
5786,11,0,0
5786,12,0,0
5787,0,1,3
5787,1,1,4
5787,2,1,0
5787,3,1,2
5787,4,1,3
5787,5,1,6
5787,6,1,3
5787,7,1,4
5787,8,1,1
5787,9,1,2
5787,10,1,3
5787,11,0,0
5787,12,0,0
5788,0,1,4
5788,1,1,3
5788,2,1,3
5788,3,1,2
5788,4,1,5
5788,5,1,9
5788,6,1,3
5788,7,1,4
5788,8,1,3
5788,9,1,2
5788,10,1,0
5788,11,1,3
5788,12,1,3
5789,0,1,3
5789,1,0,0
5789,2,0,0
5789,3,0,0
5789,4,0,0
5789,5,0,0
5789,6,0,0
5789,7,0,0
5789,8,0,0
5789,9,0,0
5789,10,0,0
5789,11,0,0
5789,12,0,0
5790,0,1,5
5790,1,1,6
5790,2,1,3
5790,3,1,3
5790,4,1,5
5790,5,1,4
5790,6,1,2
5790,7,1,3
5790,8,1,1
5790,9,1,3
5790,10,1,8
5790,11,0,0
5790,12,0,0
5791,0,1,5
5791,1,0,0
5791,2,0,0
5791,3,0,0
5791,4,0,0
5791,5,0,0
5791,6,0,0
5791,7,0,0
5791,8,0,0
5791,9,0,0
5791,10,0,0
5791,11,0,0
5791,12,0,0
5792,0,1,5
5792,1,1,2
5792,2,1,2
5792,3,1,4
5792,4,1,5
5792,5,1,3
5792,6,1,2
5792,7,0,0
5792,8,0,0
5792,9,0,0
5792,10,0,0
5792,11,0,0
5792,12,0,0
5793,0,1,4
5793,1,1,4
5793,2,1,1
5793,3,1,5
5793,4,0,0
5793,5,0,0
5793,6,0,0
5793,7,0,0
5793,8,0,0
5793,9,0,0
5793,10,0,0
5793,11,0,0
5793,12,0,0
5794,0,1,4
5794,1,1,4
5794,2,1,1
5794,3,1,2
5794,4,1,1
5794,5,1,8
5794,6,1,2
5794,7,1,4
5794,8,1,7
5794,9,1,5
5794,10,1,4
5794,11,1,2
5794,12,1,2
5795,0,1,7
5795,1,0,0
5795,2,0,0
5795,3,0,0
5795,4,0,0
5795,5,0,0
5795,6,0,0
5795,7,0,0
5795,8,0,0
5795,9,0,0
5795,10,0,0
5795,11,0,0
5795,12,0,0
5796,0,1,6
5796,1,1,1
5796,2,1,5
5796,3,1,4
5796,4,1,1
5796,5,1,3
5796,6,1,6
5796,7,1,3
5796,8,1,2
5796,9,1,1
5796,10,1,3
5796,11,1,6
5796,12,1,5
5797,0,1,8
5797,1,1,3
5797,2,1,1
5797,3,1,3
5797,4,1,4
5797,5,1,2
5797,6,1,6
5797,7,1,4
5797,8,1,4
5797,9,1,2
5797,10,1,3
5797,11,1,3
5797,12,1,1
5798,0,1,6
5798,1,1,4
5798,2,1,3
5798,3,1,7
5798,4,1,0
5798,5,1,3
5798,6,1,4
5798,7,1,3
5798,8,1,1
5798,9,1,1
5798,10,1,5
5798,11,1,1
5798,12,1,3
5799,0,1,3
5799,1,1,2
5799,2,1,3
5799,3,1,5
5799,4,0,0
5799,5,0,0
5799,6,0,0
5799,7,0,0
5799,8,0,0
5799,9,0,0
5799,10,0,0
5799,11,0,0
5799,12,0,0
5800,0,1,7
5800,1,0,0
5800,2,0,0
5800,3,0,0
5800,4,0,0
5800,5,0,0
5800,6,0,0
5800,7,0,0
5800,8,0,0
5800,9,0,0
5800,10,0,0
5800,11,0,0
5800,12,0,0
5801,0,1,6
5801,1,1,0
5801,2,1,2
5801,3,0,0
5801,4,0,0
5801,5,0,0
5801,6,0,0
5801,7,0,0
5801,8,0,0
5801,9,0,0
5801,10,0,0
5801,11,0,0
5801,12,0,0
5802,0,1,2
5802,1,1,2
5802,2,0,0
5802,3,0,0
5802,4,0,0
5802,5,0,0
5802,6,0,0
5802,7,0,0
5802,8,0,0
5802,9,0,0
5802,10,0,0
5802,11,0,0
5802,12,0,0
5803,0,1,6
5803,1,1,4
5803,2,1,4
5803,3,1,2
5803,4,1,3
5803,5,1,4
5803,6,1,3
5803,7,1,5
5803,8,1,4
5803,9,1,1
5803,10,1,2
5803,11,1,4
5803,12,1,5
5804,0,1,4
5804,1,1,2
5804,2,1,3
5804,3,1,1
5804,4,1,1
5804,5,1,3
5804,6,1,3
5804,7,1,4
5804,8,1,4
5804,9,1,2
5804,10,1,4
5804,11,1,6
5804,12,1,1
5805,0,1,4
5805,1,1,2
5805,2,1,3
5805,3,1,1
5805,4,1,3
5805,5,1,3
5805,6,0,0
5805,7,0,0
5805,8,0,0
5805,9,0,0
5805,10,0,0
5805,11,0,0
5805,12,0,0
5806,0,1,3
5806,1,1,3
5806,2,1,4
5806,3,1,3
5806,4,1,2
5806,5,1,1
5806,6,0,0
5806,7,0,0
5806,8,0,0
5806,9,0,0
5806,10,0,0
5806,11,0,0
5806,12,0,0
5807,0,1,2
5807,1,1,3
5807,2,1,5
5807,3,1,1
5807,4,1,2
5807,5,0,0
5807,6,0,0
5807,7,0,0
5807,8,0,0
5807,9,0,0
5807,10,0,0
5807,11,0,0
5807,12,0,0
5808,0,1,6
5808,1,1,1
5808,2,1,5
5808,3,1,4
5808,4,1,4
5808,5,1,3
5808,6,1,2
5808,7,1,5
5808,8,1,2
5808,9,1,2
5808,10,1,2
5808,11,1,5
5808,12,0,0
5809,0,1,5
5809,1,1,4
5809,2,1,2
5809,3,1,3
5809,4,1,1
5809,5,1,2
5809,6,1,4
5809,7,1,2
5809,8,1,2
5809,9,1,6
5809,10,1,2
5809,11,0,0
5809,12,0,0
5810,0,1,3
5810,1,1,5
5810,2,1,6
5810,3,1,3
5810,4,1,0
5810,5,1,0
5810,6,1,7
5810,7,0,0
5810,8,0,0
5810,9,0,0
5810,10,0,0
5810,11,0,0
5810,12,0,0
5811,0,1,5
5811,1,1,5
5811,2,1,3
5811,3,1,4
5811,4,1,1
5811,5,1,6
5811,6,1,2
5811,7,1,3
5811,8,1,0
5811,9,1,3
5811,10,1,1
5811,11,1,1
5811,12,1,3
5812,0,1,6
5812,1,1,1
5812,2,1,2
5812,3,1,1
5812,4,1,0
5812,5,1,3
5812,6,1,3
5812,7,1,2
5812,8,1,5
5812,9,1,0
5812,10,1,3
5812,11,1,0
5812,12,1,2
5813,0,1,4
5813,1,1,2
5813,2,1,1
5813,3,1,1
5813,4,1,1
5813,5,1,1
5813,6,1,1
5813,7,0,0
5813,8,0,0
5813,9,0,0
5813,10,0,0
5813,11,0,0
5813,12,0,0
5814,0,1,3
5814,1,0,0
5814,2,0,0
5814,3,0,0
5814,4,0,0
5814,5,0,0
5814,6,0,0
5814,7,0,0
5814,8,0,0
5814,9,0,0
5814,10,0,0
5814,11,0,0
5814,12,0,0
5815,0,1,3
5815,1,0,0
5815,2,0,0
5815,3,0,0
5815,4,0,0
5815,5,0,0
5815,6,0,0
5815,7,0,0
5815,8,0,0
5815,9,0,0
5815,10,0,0
5815,11,0,0
5815,12,0,0
5816,0,1,4
5816,1,0,0
5816,2,0,0
5816,3,0,0
5816,4,0,0
5816,5,0,0
5816,6,0,0
5816,7,0,0
5816,8,0,0
5816,9,0,0
5816,10,0,0
5816,11,0,0
5816,12,0,0
5817,0,1,9
5817,1,1,1
5817,2,1,0
5817,3,1,1
5817,4,1,2
5817,5,1,0
5817,6,1,2
5817,7,0,0
5817,8,0,0
5817,9,0,0
5817,10,0,0
5817,11,0,0
5817,12,0,0
5818,0,1,5
5818,1,1,4
5818,2,0,0
5818,3,0,0
5818,4,0,0
5818,5,0,0
5818,6,0,0
5818,7,0,0
5818,8,0,0
5818,9,0,0
5818,10,0,0
5818,11,0,0
5818,12,0,0
5819,0,1,3
5819,1,0,0
5819,2,0,0
5819,3,0,0
5819,4,0,0
5819,5,0,0
5819,6,0,0
5819,7,0,0
5819,8,0,0
5819,9,0,0
5819,10,0,0
5819,11,0,0
5819,12,0,0
5820,0,1,5
5820,1,1,7
5820,2,1,4
5820,3,1,5
5820,4,0,0
5820,5,0,0
5820,6,0,0
5820,7,0,0
5820,8,0,0
5820,9,0,0
5820,10,0,0
5820,11,0,0
5820,12,0,0
5821,0,1,4
5821,1,1,4
5821,2,1,3
5821,3,1,3
5821,4,1,3
5821,5,1,2
5821,6,1,4
5821,7,1,2
5821,8,1,3
5821,9,1,5
5821,10,1,2
5821,11,1,3
5821,12,1,4
5822,0,1,6
5822,1,1,2
5822,2,1,7
5822,3,1,5
5822,4,1,4
5822,5,0,0
5822,6,0,0
5822,7,0,0
5822,8,0,0
5822,9,0,0
5822,10,0,0
5822,11,0,0
5822,12,0,0
5823,0,1,7
5823,1,1,3
5823,2,1,4
5823,3,1,3
5823,4,1,2
5823,5,1,5
5823,6,1,3
5823,7,1,2
5823,8,1,4
5823,9,1,3
5823,10,1,9
5823,11,1,7
5823,12,1,5
5824,0,1,3
5824,1,1,3
5824,2,1,4
5824,3,1,0
5824,4,1,2
5824,5,1,2
5824,6,1,3
5824,7,1,2
5824,8,1,4
5824,9,0,0
5824,10,0,0
5824,11,0,0
5824,12,0,0
5825,0,1,2
5825,1,1,3
5825,2,1,4
5825,3,1,4
5825,4,1,2
5825,5,1,5
5825,6,1,0
5825,7,1,1
5825,8,1,4
5825,9,1,3
5825,10,1,1
5825,11,1,1
5825,12,1,3
5826,0,1,3
5826,1,1,3
5826,2,1,4
5826,3,0,0
5826,4,0,0
5826,5,0,0
5826,6,0,0
5826,7,0,0
5826,8,0,0
5826,9,0,0
5826,10,0,0
5826,11,0,0
5826,12,0,0
5827,0,1,3
5827,1,1,0
5827,2,1,2
5827,3,1,1
5827,4,1,1
5827,5,1,1
5827,6,1,4
5827,7,1,2
5827,8,1,2
5827,9,1,1
5827,10,1,2
5827,11,1,1
5827,12,1,4
5828,0,1,5
5828,1,1,1
5828,2,1,2
5828,3,1,4
5828,4,1,2
5828,5,1,5
5828,6,1,3
5828,7,1,2
5828,8,1,6
5828,9,1,2
5828,10,1,5
5828,11,1,3
5828,12,1,5
5829,0,1,7
5829,1,1,2
5829,2,1,3
5829,3,1,0
5829,4,0,0
5829,5,0,0
5829,6,0,0
5829,7,0,0
5829,8,0,0
5829,9,0,0
5829,10,0,0
5829,11,0,0
5829,12,0,0
5830,0,1,4
5830,1,0,0
5830,2,0,0
5830,3,0,0
5830,4,0,0
5830,5,0,0
5830,6,0,0
5830,7,0,0
5830,8,0,0
5830,9,0,0
5830,10,0,0
5830,11,0,0
5830,12,0,0
5831,0,1,6
5831,1,1,5
5831,2,1,2
5831,3,1,5
5831,4,1,2
5831,5,1,5
5831,6,1,2
5831,7,1,3
5831,8,1,1
5831,9,1,4
5831,10,1,4
5831,11,1,2
5831,12,1,3
5832,0,1,2
5832,1,1,1
5832,2,0,0
5832,3,0,0
5832,4,0,0
5832,5,0,0
5832,6,0,0
5832,7,0,0
5832,8,0,0
5832,9,0,0
5832,10,0,0
5832,11,0,0
5832,12,0,0
5833,0,1,6
5833,1,1,0
5833,2,1,3
5833,3,1,2
5833,4,1,3
5833,5,1,3
5833,6,1,2
5833,7,1,2
5833,8,1,3
5833,9,1,2
5833,10,1,3
5833,11,1,0
5833,12,1,4
5834,0,1,5
5834,1,1,3
5834,2,1,4
5834,3,1,7
5834,4,1,2
5834,5,1,3
5834,6,1,6
5834,7,1,1
5834,8,1,4
5834,9,1,3
5834,10,1,2
5834,11,1,7
5834,12,1,2
5835,0,1,5
5835,1,1,1
5835,2,1,1
5835,3,1,3
5835,4,1,4
5835,5,1,5
5835,6,1,3
5835,7,1,1
5835,8,1,0
5835,9,1,2
5835,10,1,3
5835,11,1,2
5835,12,0,0
5836,0,1,7
5836,1,1,3
5836,2,1,6
5836,3,1,1
5836,4,1,2
5836,5,1,4
5836,6,1,3
5836,7,1,2
5836,8,1,4
5836,9,1,5
5836,10,1,4
5836,11,1,2
5836,12,1,3
5837,0,1,6
5837,1,1,2
5837,2,0,0
5837,3,0,0
5837,4,0,0
5837,5,0,0
5837,6,0,0
5837,7,0,0
5837,8,0,0
5837,9,0,0
5837,10,0,0
5837,11,0,0
5837,12,0,0
5838,0,1,5
5838,1,1,1
5838,2,1,3
5838,3,0,0
5838,4,0,0
5838,5,0,0
5838,6,0,0
5838,7,0,0
5838,8,0,0
5838,9,0,0
5838,10,0,0
5838,11,0,0
5838,12,0,0
5839,0,1,5
5839,1,1,4
5839,2,1,2
5839,3,1,6
5839,4,1,3
5839,5,1,3
5839,6,1,4
5839,7,1,2
5839,8,1,2
5839,9,1,2
5839,10,1,1
5839,11,1,4
5839,12,0,0
5840,0,1,3
5840,1,1,2
5840,2,1,4
5840,3,1,2
5840,4,1,2
5840,5,1,2
5840,6,1,2
5840,7,1,1
5840,8,1,3
5840,9,1,3
5840,10,1,2
5840,11,1,1
5840,12,0,0
5841,0,1,7
5841,1,1,3
5841,2,0,0
5841,3,0,0
5841,4,0,0
5841,5,0,0
5841,6,0,0
5841,7,0,0
5841,8,0,0
5841,9,0,0
5841,10,0,0
5841,11,0,0
5841,12,0,0
5842,0,1,6
5842,1,0,0
5842,2,0,0
5842,3,0,0
5842,4,0,0
5842,5,0,0
5842,6,0,0
5842,7,0,0
5842,8,0,0
5842,9,0,0
5842,10,0,0
5842,11,0,0
5842,12,0,0
5843,0,1,1
5843,1,1,1
5843,2,0,0
5843,3,0,0
5843,4,0,0
5843,5,0,0
5843,6,0,0
5843,7,0,0
5843,8,0,0
5843,9,0,0
5843,10,0,0
5843,11,0,0
5843,12,0,0
5844,0,1,1
5844,1,1,3
5844,2,1,4
5844,3,1,5
5844,4,1,1
5844,5,1,2
5844,6,1,2
5844,7,1,0
5844,8,1,6
5844,9,1,3
5844,10,1,3
5844,11,1,4
5844,12,1,5
5845,0,1,6
5845,1,0,0
5845,2,0,0
5845,3,0,0
5845,4,0,0
5845,5,0,0
5845,6,0,0
5845,7,0,0
5845,8,0,0
5845,9,0,0
5845,10,0,0
5845,11,0,0
5845,12,0,0
5846,0,1,3
5846,1,1,1
5846,2,1,5
5846,3,1,3
5846,4,1,1
5846,5,1,2
5846,6,1,2
5846,7,1,2
5846,8,1,4
5846,9,1,2
5846,10,1,2
5846,11,1,1
5846,12,1,2
5847,0,1,5
5847,1,1,4
5847,2,1,0
5847,3,1,2
5847,4,1,3
5847,5,1,2
5847,6,1,2
5847,7,1,0
5847,8,1,0
5847,9,0,0
5847,10,0,0
5847,11,0,0
5847,12,0,0
5848,0,1,8
5848,1,1,2
5848,2,1,1
5848,3,1,5
5848,4,1,4
5848,5,1,1
5848,6,1,1
5848,7,1,2
5848,8,1,4
5848,9,1,1
5848,10,1,4
5848,11,1,2
5848,12,1,1
5849,0,1,10
5849,1,1,2
5849,2,1,9
5849,3,1,2
5849,4,1,3
5849,5,1,0
5849,6,1,1
5849,7,1,6
5849,8,1,2
5849,9,1,4
5849,10,1,4
5849,11,1,2
5849,12,1,3
5850,0,1,6
5850,1,1,0
5850,2,1,6
5850,3,1,0
5850,4,1,3
5850,5,1,6
5850,6,1,5
5850,7,1,7
5850,8,1,3
5850,9,1,3
5850,10,1,0
5850,11,1,4
5850,12,0,0
5851,0,1,3
5851,1,0,0
5851,2,0,0
5851,3,0,0
5851,4,0,0
5851,5,0,0
5851,6,0,0
5851,7,0,0
5851,8,0,0
5851,9,0,0
5851,10,0,0
5851,11,0,0
5851,12,0,0
5852,0,1,3
5852,1,1,5
5852,2,0,0
5852,3,0,0
5852,4,0,0
5852,5,0,0
5852,6,0,0
5852,7,0,0
5852,8,0,0
5852,9,0,0
5852,10,0,0
5852,11,0,0
5852,12,0,0
5853,0,1,4
5853,1,1,2
5853,2,0,0
5853,3,0,0
5853,4,0,0
5853,5,0,0
5853,6,0,0
5853,7,0,0
5853,8,0,0
5853,9,0,0
5853,10,0,0
5853,11,0,0
5853,12,0,0
5854,0,1,4
5854,1,1,3
5854,2,1,6
5854,3,1,5
5854,4,1,9
5854,5,0,0
5854,6,0,0
5854,7,0,0
5854,8,0,0
5854,9,0,0
5854,10,0,0
5854,11,0,0
5854,12,0,0
5855,0,1,4
5855,1,1,2
5855,2,1,0
5855,3,1,5
5855,4,1,9
5855,5,1,1
5855,6,1,3
5855,7,1,4
5855,8,1,1
5855,9,1,3
5855,10,1,0
5855,11,1,2
5855,12,0,0
5856,0,1,4
5856,1,1,1
5856,2,1,1
5856,3,1,2
5856,4,1,2
5856,5,1,2
5856,6,1,2
5856,7,1,2
5856,8,1,2
5856,9,1,1
5856,10,1,5
5856,11,1,1
5856,12,1,2
5857,0,1,4
5857,1,1,3
5857,2,1,8
5857,3,1,3
5857,4,1,3
5857,5,1,6
5857,6,1,5
5857,7,1,2
5857,8,1,3
5857,9,1,2
5857,10,1,4
5857,11,0,0
5857,12,0,0
5858,0,1,6
5858,1,1,3
5858,2,1,5
5858,3,1,3
5858,4,1,3
5858,5,1,3
5858,6,1,4
5858,7,1,4
5858,8,1,7
5858,9,1,5
5858,10,1,5
5858,11,1,4
5858,12,1,4
5859,0,1,10
5859,1,1,4
5859,2,1,6
5859,3,1,4
5859,4,1,4
5859,5,1,4
5859,6,1,8
5859,7,1,7
5859,8,1,1
5859,9,1,5
5859,10,1,2
5859,11,1,4
5859,12,1,3
5860,0,1,6
5860,1,1,6
5860,2,1,2
5860,3,1,7
5860,4,1,4
5860,5,1,3
5860,6,1,6
5860,7,1,2
5860,8,1,4
5860,9,1,2
5860,10,1,6
5860,11,1,5
5860,12,1,2
5861,0,1,4
5861,1,1,8
5861,2,1,9
5861,3,1,2
5861,4,0,0
5861,5,0,0
5861,6,0,0
5861,7,0,0
5861,8,0,0
5861,9,0,0
5861,10,0,0
5861,11,0,0
5861,12,0,0
5862,0,1,4
5862,1,1,2
5862,2,0,0
5862,3,0,0
5862,4,0,0
5862,5,0,0
5862,6,0,0
5862,7,0,0
5862,8,0,0
5862,9,0,0
5862,10,0,0
5862,11,0,0
5862,12,0,0
5863,0,1,8
5863,1,1,4
5863,2,1,4
5863,3,1,6
5863,4,1,2
5863,5,1,5
5863,6,1,4
5863,7,1,1
5863,8,1,2
5863,9,1,6
5863,10,1,3
5863,11,1,4
5863,12,1,8
5864,0,1,3
5864,1,1,4
5864,2,1,6
5864,3,1,5
5864,4,1,2
5864,5,1,6
5864,6,0,0
5864,7,0,0
5864,8,0,0
5864,9,0,0
5864,10,0,0
5864,11,0,0
5864,12,0,0
5865,0,1,6
5865,1,1,3
5865,2,1,4
5865,3,1,4
5865,4,1,1
5865,5,1,12
5865,6,1,5
5865,7,1,3
5865,8,1,4
5865,9,1,4
5865,10,1,7
5865,11,1,7
5865,12,1,4
5866,0,1,5
5866,1,1,5
5866,2,1,6
5866,3,1,4
5866,4,1,2
5866,5,1,2
5866,6,1,5
5866,7,1,3
5866,8,0,0
5866,9,0,0
5866,10,0,0
5866,11,0,0
5866,12,0,0
5867,0,1,8
5867,1,1,2
5867,2,1,4
5867,3,1,5
5867,4,0,0
5867,5,0,0
5867,6,0,0
5867,7,0,0
5867,8,0,0
5867,9,0,0
5867,10,0,0
5867,11,0,0
5867,12,0,0
5868,0,1,4
5868,1,1,1
5868,2,1,2
5868,3,1,1
5868,4,1,5
5868,5,1,4
5868,6,0,0
5868,7,0,0
5868,8,0,0
5868,9,0,0
5868,10,0,0
5868,11,0,0
5868,12,0,0
5869,0,1,3
5869,1,1,4
5869,2,1,2
5869,3,1,2
5869,4,1,1
5869,5,1,2
5869,6,1,1
5869,7,1,6
5869,8,1,5
5869,9,0,0
5869,10,0,0
5869,11,0,0
5869,12,0,0
5870,0,1,8
5870,1,1,2
5870,2,1,1
5870,3,1,1
5870,4,1,0
5870,5,1,0
5870,6,1,3
5870,7,1,3
5870,8,1,1
5870,9,1,3
5870,10,1,4
5870,11,1,3
5870,12,1,1
5871,0,1,5
5871,1,1,2
5871,2,1,2
5871,3,1,2
5871,4,1,4
5871,5,1,1
5871,6,0,0
5871,7,0,0
5871,8,0,0
5871,9,0,0
5871,10,0,0
5871,11,0,0
5871,12,0,0
5872,0,1,3
5872,1,1,1
5872,2,1,3
5872,3,1,5
5872,4,1,1
5872,5,1,1
5872,6,1,2
5872,7,1,5
5872,8,0,0
5872,9,0,0
5872,10,0,0
5872,11,0,0
5872,12,0,0
5873,0,1,6
5873,1,1,4
5873,2,0,0
5873,3,0,0
5873,4,0,0
5873,5,0,0
5873,6,0,0
5873,7,0,0
5873,8,0,0
5873,9,0,0
5873,10,0,0
5873,11,0,0
5873,12,0,0
5874,0,1,4
5874,1,1,3
5874,2,1,5
5874,3,1,5
5874,4,1,4
5874,5,1,8
5874,6,1,6
5874,7,1,2
5874,8,0,0
5874,9,0,0
5874,10,0,0
5874,11,0,0
5874,12,0,0
5875,0,1,4
5875,1,1,6
5875,2,1,1
5875,3,1,1
5875,4,1,2
5875,5,0,0
5875,6,0,0
5875,7,0,0
5875,8,0,0
5875,9,0,0
5875,10,0,0
5875,11,0,0
5875,12,0,0
5876,0,1,8
5876,1,1,0
5876,2,1,4
5876,3,1,1
5876,4,1,4
5876,5,1,1
5876,6,1,0
5876,7,1,1
5876,8,1,1
5876,9,1,1
5876,10,1,2
5876,11,1,0
5876,12,1,2
5877,0,1,8
5877,1,1,0
5877,2,0,0
5877,3,0,0
5877,4,0,0
5877,5,0,0
5877,6,0,0
5877,7,0,0
5877,8,0,0
5877,9,0,0
5877,10,0,0
5877,11,0,0
5877,12,0,0
5878,0,1,7
5878,1,1,3
5878,2,1,4
5878,3,1,4
5878,4,1,4
5878,5,1,7
5878,6,1,2
5878,7,1,4
5878,8,1,7
5878,9,1,5
5878,10,1,3
5878,11,1,5
5878,12,1,4
5879,0,1,3
5879,1,1,5
5879,2,1,4
5879,3,1,7
5879,4,1,2
5879,5,1,4
5879,6,1,3
5879,7,1,4
5879,8,1,3
5879,9,1,3
5879,10,1,3
5879,11,1,7
5879,12,1,3
5880,0,1,3
5880,1,1,6
5880,2,1,1
5880,3,1,4
5880,4,1,4
5880,5,0,0
5880,6,0,0
5880,7,0,0
5880,8,0,0
5880,9,0,0
5880,10,0,0
5880,11,0,0
5880,12,0,0
5881,0,1,6
5881,1,1,3
5881,2,1,3
5881,3,1,6
5881,4,1,3
5881,5,1,1
5881,6,1,4
5881,7,0,0
5881,8,0,0
5881,9,0,0
5881,10,0,0
5881,11,0,0
5881,12,0,0
5882,0,1,8
5882,1,1,2
5882,2,1,3
5882,3,1,3
5882,4,0,0
5882,5,0,0
5882,6,0,0
5882,7,0,0
5882,8,0,0
5882,9,0,0
5882,10,0,0
5882,11,0,0
5882,12,0,0
5883,0,1,4
5883,1,1,1
5883,2,1,3
5883,3,1,1
5883,4,0,0
5883,5,0,0
5883,6,0,0
5883,7,0,0
5883,8,0,0
5883,9,0,0
5883,10,0,0
5883,11,0,0
5883,12,0,0
5884,0,1,2
5884,1,0,0
5884,2,0,0
5884,3,0,0
5884,4,0,0
5884,5,0,0
5884,6,0,0
5884,7,0,0
5884,8,0,0
5884,9,0,0
5884,10,0,0
5884,11,0,0
5884,12,0,0
5885,0,1,7
5885,1,1,4
5885,2,1,4
5885,3,1,3
5885,4,0,0
5885,5,0,0
5885,6,0,0
5885,7,0,0
5885,8,0,0
5885,9,0,0
5885,10,0,0
5885,11,0,0
5885,12,0,0
5886,0,1,3
5886,1,1,2
5886,2,1,1
5886,3,1,4
5886,4,1,5
5886,5,0,0
5886,6,0,0
5886,7,0,0
5886,8,0,0
5886,9,0,0
5886,10,0,0
5886,11,0,0
5886,12,0,0
5887,0,1,3
5887,1,1,5
5887,2,1,4
5887,3,1,3
5887,4,1,3
5887,5,1,4
5887,6,1,3
5887,7,1,1
5887,8,1,5
5887,9,1,6
5887,10,1,4
5887,11,1,3
5887,12,1,2
5888,0,1,5
5888,1,0,0
5888,2,0,0
5888,3,0,0
5888,4,0,0
5888,5,0,0
5888,6,0,0
5888,7,0,0
5888,8,0,0
5888,9,0,0
5888,10,0,0
5888,11,0,0
5888,12,0,0
5889,0,1,1
5889,1,0,0
5889,2,0,0
5889,3,0,0
5889,4,0,0
5889,5,0,0
5889,6,0,0
5889,7,0,0
5889,8,0,0
5889,9,0,0
5889,10,0,0
5889,11,0,0
5889,12,0,0
5890,0,1,7
5890,1,1,4
5890,2,1,4
5890,3,1,2
5890,4,1,9
5890,5,1,3
5890,6,1,3
5890,7,1,6
5890,8,1,4
5890,9,1,1
5890,10,1,3
5890,11,1,1
5890,12,1,6
5891,0,1,8
5891,1,1,0
5891,2,1,0
5891,3,1,3
5891,4,1,3
5891,5,1,1
5891,6,0,0
5891,7,0,0
5891,8,0,0
5891,9,0,0
5891,10,0,0
5891,11,0,0
5891,12,0,0
5892,0,1,1
5892,1,1,4
5892,2,1,5
5892,3,1,5
5892,4,1,7
5892,5,1,4
5892,6,1,7
5892,7,1,5
5892,8,1,6
5892,9,1,3
5892,10,1,3
5892,11,1,5
5892,12,1,8
5893,0,1,4
5893,1,1,0
5893,2,1,3
5893,3,1,3
5893,4,1,1
5893,5,1,0
5893,6,1,4
5893,7,1,8
5893,8,1,1
5893,9,1,3
5893,10,1,4
5893,11,1,2
5893,12,1,4
5894,0,1,3
5894,1,1,3
5894,2,1,3
5894,3,1,3
5894,4,1,2
5894,5,1,4
5894,6,1,6
5894,7,1,5
5894,8,1,1
5894,9,1,4
5894,10,1,5
5894,11,1,6
5894,12,1,2
5895,0,1,6
5895,1,0,0
5895,2,0,0
5895,3,0,0
5895,4,0,0
5895,5,0,0
5895,6,0,0
5895,7,0,0
5895,8,0,0
5895,9,0,0
5895,10,0,0
5895,11,0,0
5895,12,0,0
5896,0,1,7
5896,1,1,5
5896,2,1,0
5896,3,1,4
5896,4,1,2
5896,5,1,1
5896,6,1,5
5896,7,1,8
5896,8,1,4
5896,9,1,2
5896,10,1,2
5896,11,1,2
5896,12,1,3
5897,0,1,5
5897,1,1,1
5897,2,1,0
5897,3,0,0
5897,4,0,0
5897,5,0,0
5897,6,0,0
5897,7,0,0
5897,8,0,0
5897,9,0,0
5897,10,0,0
5897,11,0,0
5897,12,0,0
5898,0,1,3
5898,1,1,2
5898,2,1,1
5898,3,1,1
5898,4,1,3
5898,5,1,3
5898,6,0,0
5898,7,0,0
5898,8,0,0
5898,9,0,0
5898,10,0,0
5898,11,0,0
5898,12,0,0
5899,0,1,7
5899,1,1,7
5899,2,1,5
5899,3,1,2
5899,4,1,6
5899,5,1,5
5899,6,1,4
5899,7,0,0
5899,8,0,0
5899,9,0,0
5899,10,0,0
5899,11,0,0
5899,12,0,0
5900,0,1,5
5900,1,1,3
5900,2,1,2
5900,3,1,1
5900,4,1,3
5900,5,1,4
5900,6,1,5
5900,7,1,5
5900,8,1,3
5900,9,1,3
5900,10,1,5
5900,11,1,5
5900,12,1,4
5901,0,1,5
5901,1,1,0
5901,2,1,3
5901,3,1,2
5901,4,1,3
5901,5,1,1
5901,6,1,3
5901,7,1,4
5901,8,1,1
5901,9,1,1
5901,10,1,3
5901,11,1,1
5901,12,1,1
5902,0,1,5
5902,1,1,4
5902,2,1,7
5902,3,1,3
5902,4,1,1
5902,5,1,7
5902,6,1,2
5902,7,1,2
5902,8,1,8
5902,9,1,4
5902,10,1,3
5902,11,0,0
5902,12,0,0
5903,0,1,3
5903,1,1,4
5903,2,1,3
5903,3,1,4
5903,4,1,0
5903,5,1,4
5903,6,0,0
5903,7,0,0
5903,8,0,0
5903,9,0,0
5903,10,0,0
5903,11,0,0
5903,12,0,0
5904,0,1,7
5904,1,1,2
5904,2,0,0
5904,3,0,0
5904,4,0,0
5904,5,0,0
5904,6,0,0
5904,7,0,0
5904,8,0,0
5904,9,0,0
5904,10,0,0
5904,11,0,0
5904,12,0,0
5905,0,1,6
5905,1,1,2
5905,2,1,4
5905,3,1,3
5905,4,1,3
5905,5,1,5
5905,6,1,5
5905,7,1,2
5905,8,0,0
5905,9,0,0
5905,10,0,0
5905,11,0,0
5905,12,0,0
5906,0,1,3
5906,1,1,3
5906,2,1,4
5906,3,1,5
5906,4,0,0
5906,5,0,0
5906,6,0,0
5906,7,0,0
5906,8,0,0
5906,9,0,0
5906,10,0,0
5906,11,0,0
5906,12,0,0
5907,0,1,3
5907,1,1,1
5907,2,0,0
5907,3,0,0
5907,4,0,0
5907,5,0,0
5907,6,0,0
5907,7,0,0
5907,8,0,0
5907,9,0,0
5907,10,0,0
5907,11,0,0
5907,12,0,0
5908,0,1,7
5908,1,1,2
5908,2,0,0
5908,3,0,0
5908,4,0,0
5908,5,0,0
5908,6,0,0
5908,7,0,0
5908,8,0,0
5908,9,0,0
5908,10,0,0
5908,11,0,0
5908,12,0,0
5909,0,1,8
5909,1,1,3
5909,2,1,4
5909,3,1,2
5909,4,1,1
5909,5,1,1
5909,6,1,0
5909,7,1,6
5909,8,1,4
5909,9,1,1
5909,10,1,3
5909,11,0,0
5909,12,0,0
5910,0,1,3
5910,1,1,5
5910,2,1,3
5910,3,1,5
5910,4,1,9
5910,5,1,5
5910,6,1,5
5910,7,1,3
5910,8,1,3
5910,9,1,2
5910,10,1,1
5910,11,1,4
5910,12,1,7
5911,0,1,5
5911,1,1,0
5911,2,1,0
5911,3,1,4
5911,4,1,1
5911,5,1,5
5911,6,1,4
5911,7,1,0
5911,8,1,7
5911,9,1,0
5911,10,1,1
5911,11,1,3
5911,12,1,0
5912,0,1,6
5912,1,1,1
5912,2,1,5
5912,3,1,8
5912,4,1,1
5912,5,1,2
5912,6,1,7
5912,7,1,4
5912,8,1,1
5912,9,1,3
5912,10,1,4
5912,11,1,4
5912,12,0,0
5913,0,1,5
5913,1,1,0
5913,2,1,4
5913,3,1,5
5913,4,1,4
5913,5,1,3
5913,6,1,2
5913,7,1,1
5913,8,1,0
5913,9,1,2
5913,10,1,5
5913,11,1,2
5913,12,1,4
5914,0,1,5
5914,1,1,3
5914,2,1,4
5914,3,1,3
5914,4,1,7
5914,5,1,6
5914,6,1,1
5914,7,1,3
5914,8,1,5
5914,9,1,7
5914,10,1,2
5914,11,1,6
5914,12,1,4
5915,0,1,4
5915,1,1,2
5915,2,1,5
5915,3,1,4
5915,4,1,4
5915,5,0,0
5915,6,0,0
5915,7,0,0
5915,8,0,0
5915,9,0,0
5915,10,0,0
5915,11,0,0
5915,12,0,0
5916,0,1,4
5916,1,1,5
5916,2,1,4
5916,3,1,4
5916,4,1,5
5916,5,1,2
5916,6,1,2
5916,7,1,2
5916,8,1,3
5916,9,1,9
5916,10,1,1
5916,11,1,4
5916,12,0,0
5917,0,1,3
5917,1,1,3
5917,2,0,0
5917,3,0,0
5917,4,0,0
5917,5,0,0
5917,6,0,0
5917,7,0,0
5917,8,0,0
5917,9,0,0
5917,10,0,0
5917,11,0,0
5917,12,0,0
5918,0,1,6
5918,1,0,0
5918,2,0,0
5918,3,0,0
5918,4,0,0
5918,5,0,0
5918,6,0,0
5918,7,0,0
5918,8,0,0
5918,9,0,0
5918,10,0,0
5918,11,0,0
5918,12,0,0
5919,0,1,3
5919,1,1,2
5919,2,1,1
5919,3,1,4
5919,4,1,5
5919,5,1,6
5919,6,1,4
5919,7,1,3
5919,8,1,4
5919,9,1,3
5919,10,1,1
5919,11,1,3
5919,12,1,1
5920,0,1,4
5920,1,1,2
5920,2,1,3
5920,3,1,6
5920,4,1,0
5920,5,0,0
5920,6,0,0
5920,7,0,0
5920,8,0,0
5920,9,0,0
5920,10,0,0
5920,11,0,0
5920,12,0,0
5921,0,1,6
5921,1,1,2
5921,2,1,4
5921,3,1,0
5921,4,1,1
5921,5,1,2
5921,6,1,4
5921,7,1,1
5921,8,1,4
5921,9,1,3
5921,10,1,3
5921,11,1,0
5921,12,1,3
5922,0,1,6
5922,1,1,3
5922,2,1,2
5922,3,1,2
5922,4,1,0
5922,5,1,2
5922,6,1,2
5922,7,1,0
5922,8,0,0
5922,9,0,0
5922,10,0,0
5922,11,0,0
5922,12,0,0
5923,0,1,8
5923,1,1,1
5923,2,1,2
5923,3,1,0
5923,4,1,2
5923,5,1,1
5923,6,1,3
5923,7,1,1
5923,8,1,1
5923,9,1,5
5923,10,1,2
5923,11,0,0
5923,12,0,0
5924,0,1,6
5924,1,1,1
5924,2,1,0
5924,3,1,0
5924,4,1,5
5924,5,1,1
5924,6,1,4
5924,7,1,2
5924,8,1,5
5924,9,1,1
5924,10,1,0
5924,11,1,4
5924,12,1,1
5925,0,1,5
5925,1,1,3
5925,2,1,1
5925,3,1,3
5925,4,0,0
5925,5,0,0
5925,6,0,0
5925,7,0,0
5925,8,0,0
5925,9,0,0
5925,10,0,0
5925,11,0,0
5925,12,0,0
5926,0,1,3
5926,1,1,0
5926,2,1,7
5926,3,1,5
5926,4,1,8
5926,5,1,3
5926,6,1,4
5926,7,1,3
5926,8,1,1
5926,9,1,2
5926,10,1,3
5926,11,1,2
5926,12,1,4
5927,0,1,4
5927,1,1,7
5927,2,1,3
5927,3,1,4
5927,4,1,6
5927,5,1,6
5927,6,1,4
5927,7,1,4
5927,8,1,5
5927,9,1,2
5927,10,1,5
5927,11,1,0
5927,12,1,5
5928,0,1,5
5928,1,1,1
5928,2,1,2
5928,3,1,5
5928,4,1,2
5928,5,1,6
5928,6,1,6
5928,7,1,4
5928,8,1,2
5928,9,1,5
5928,10,1,1
5928,11,1,5
5928,12,1,2
5929,0,1,7
5929,1,1,1
5929,2,1,1
5929,3,1,4
5929,4,0,0
5929,5,0,0
5929,6,0,0
5929,7,0,0
5929,8,0,0
5929,9,0,0
5929,10,0,0
5929,11,0,0
5929,12,0,0
5930,0,1,4
5930,1,1,2
5930,2,0,0
5930,3,0,0
5930,4,0,0
5930,5,0,0
5930,6,0,0
5930,7,0,0
5930,8,0,0
5930,9,0,0
5930,10,0,0
5930,11,0,0
5930,12,0,0
5931,0,1,4
5931,1,1,3
5931,2,1,3
5931,3,1,5
5931,4,1,7
5931,5,1,5
5931,6,1,1
5931,7,1,6
5931,8,1,2
5931,9,1,2
5931,10,1,7
5931,11,1,0
5931,12,1,4
5932,0,1,3
5932,1,1,3
5932,2,1,6
5932,3,1,3
5932,4,1,5
5932,5,1,4
5932,6,1,1
5932,7,1,5
5932,8,1,2
5932,9,1,4
5932,10,1,3
5932,11,1,4
5932,12,1,0
5933,0,1,3
5933,1,0,0
5933,2,0,0
5933,3,0,0
5933,4,0,0
5933,5,0,0
5933,6,0,0
5933,7,0,0
5933,8,0,0
5933,9,0,0
5933,10,0,0
5933,11,0,0
5933,12,0,0
5934,0,1,6
5934,1,1,6
5934,2,0,0
5934,3,0,0
5934,4,0,0
5934,5,0,0
5934,6,0,0
5934,7,0,0
5934,8,0,0
5934,9,0,0
5934,10,0,0
5934,11,0,0
5934,12,0,0
5935,0,1,4
5935,1,1,2
5935,2,1,5
5935,3,1,7
5935,4,1,1
5935,5,1,1
5935,6,1,1
5935,7,1,2
5935,8,1,0
5935,9,1,1
5935,10,1,4
5935,11,1,5
5935,12,1,1
5936,0,1,5
5936,1,1,2
5936,2,1,5
5936,3,1,1
5936,4,1,4
5936,5,1,6
5936,6,1,3
5936,7,1,7
5936,8,1,4
5936,9,1,3
5936,10,1,7
5936,11,1,3
5936,12,1,2
5937,0,1,4
5937,1,1,4
5937,2,1,7
5937,3,1,6
5937,4,1,3
5937,5,1,2
5937,6,1,4
5937,7,1,9
5937,8,1,3
5937,9,0,0
5937,10,0,0
5937,11,0,0
5937,12,0,0
5938,0,1,8
5938,1,1,5
5938,2,1,4
5938,3,1,4
5938,4,1,3
5938,5,1,1
5938,6,1,3
5938,7,1,2
5938,8,1,3
5938,9,0,0
5938,10,0,0
5938,11,0,0
5938,12,0,0
5939,0,1,3
5939,1,1,2
5939,2,1,1
5939,3,1,2
5939,4,1,3
5939,5,1,5
5939,6,1,4
5939,7,0,0
5939,8,0,0
5939,9,0,0
5939,10,0,0
5939,11,0,0
5939,12,0,0
5940,0,1,7
5940,1,1,7
5940,2,1,2
5940,3,1,1
5940,4,1,4
5940,5,1,4
5940,6,0,0
5940,7,0,0
5940,8,0,0
5940,9,0,0
5940,10,0,0
5940,11,0,0
5940,12,0,0
5941,0,1,4
5941,1,1,3
5941,2,0,0
5941,3,0,0
5941,4,0,0
5941,5,0,0
5941,6,0,0
5941,7,0,0
5941,8,0,0
5941,9,0,0
5941,10,0,0
5941,11,0,0
5941,12,0,0
5942,0,1,2
5942,1,1,4
5942,2,1,3
5942,3,1,1
5942,4,1,2
5942,5,1,4
5942,6,1,7
5942,7,1,4
5942,8,1,3
5942,9,1,3
5942,10,1,5
5942,11,0,0
5942,12,0,0
5943,0,1,6
5943,1,1,4
5943,2,1,1
5943,3,0,0
5943,4,0,0
5943,5,0,0
5943,6,0,0
5943,7,0,0
5943,8,0,0
5943,9,0,0
5943,10,0,0
5943,11,0,0
5943,12,0,0
5944,0,1,7
5944,1,1,2
5944,2,1,2
5944,3,1,2
5944,4,1,3
5944,5,1,2
5944,6,1,1
5944,7,1,2
5944,8,1,0
5944,9,1,1
5944,10,1,2
5944,11,1,2
5944,12,1,1
5945,0,1,2
5945,1,1,2
5945,2,1,5
5945,3,1,6
5945,4,1,4
5945,5,1,4
5945,6,1,5
5945,7,1,5
5945,8,1,5
5945,9,0,0
5945,10,0,0
5945,11,0,0
5945,12,0,0
5946,0,1,5
5946,1,1,3
5946,2,0,0
5946,3,0,0
5946,4,0,0
5946,5,0,0
5946,6,0,0
5946,7,0,0
5946,8,0,0
5946,9,0,0
5946,10,0,0
5946,11,0,0
5946,12,0,0
5947,0,1,4
5947,1,0,0
5947,2,0,0
5947,3,0,0
5947,4,0,0
5947,5,0,0
5947,6,0,0
5947,7,0,0
5947,8,0,0
5947,9,0,0
5947,10,0,0
5947,11,0,0
5947,12,0,0
5948,0,1,6
5948,1,1,9
5948,2,1,3
5948,3,1,3
5948,4,1,2
5948,5,1,5
5948,6,1,3
5948,7,1,6
5948,8,1,3
5948,9,1,4
5948,10,1,3
5948,11,1,2
5948,12,1,4
5949,0,1,3
5949,1,1,4
5949,2,1,1
5949,3,1,5
5949,4,1,3
5949,5,1,2
5949,6,1,1
5949,7,1,2
5949,8,1,6
5949,9,1,0
5949,10,1,3
5949,11,1,3
5949,12,1,2
5950,0,1,5
5950,1,1,5
5950,2,1,4
5950,3,1,2
5950,4,1,2
5950,5,1,2
5950,6,1,3
5950,7,1,4
5950,8,0,0
5950,9,0,0
5950,10,0,0
5950,11,0,0
5950,12,0,0
5951,0,1,4
5951,1,1,5
5951,2,1,5
5951,3,1,2
5951,4,1,3
5951,5,0,0
5951,6,0,0
5951,7,0,0
5951,8,0,0
5951,9,0,0
5951,10,0,0
5951,11,0,0
5951,12,0,0
5952,0,1,5
5952,1,1,5
5952,2,1,0
5952,3,1,7
5952,4,1,3
5952,5,1,4
5952,6,1,4
5952,7,1,4
5952,8,1,0
5952,9,1,5
5952,10,1,3
5952,11,1,5
5952,12,1,5
5953,0,1,6
5953,1,1,4
5953,2,1,7
5953,3,1,4
5953,4,1,1
5953,5,1,1
5953,6,1,0
5953,7,1,6
5953,8,1,4
5953,9,1,4
5953,10,1,4
5953,11,1,4
5953,12,1,3
5954,0,1,4
5954,1,1,4
5954,2,1,1
5954,3,1,2
5954,4,1,3
5954,5,1,3
5954,6,1,2
5954,7,1,2
5954,8,1,3
5954,9,1,0
5954,10,1,2
5954,11,1,1
5954,12,1,1
5955,0,1,1
5955,1,1,2
5955,2,1,1
5955,3,1,2
5955,4,1,4
5955,5,1,2
5955,6,1,0
5955,7,1,2
5955,8,0,0
5955,9,0,0
5955,10,0,0
5955,11,0,0
5955,12,0,0
5956,0,1,6
5956,1,1,2
5956,2,1,1
5956,3,1,4
5956,4,1,2
5956,5,1,2
5956,6,1,2
5956,7,1,1
5956,8,1,3
5956,9,1,2
5956,10,0,0
5956,11,0,0
5956,12,0,0
5957,0,1,4
5957,1,1,1
5957,2,0,0
5957,3,0,0
5957,4,0,0
5957,5,0,0
5957,6,0,0
5957,7,0,0
5957,8,0,0
5957,9,0,0
5957,10,0,0
5957,11,0,0
5957,12,0,0
5958,0,1,6
5958,1,1,3
5958,2,1,2
5958,3,1,3
5958,4,1,7
5958,5,1,2
5958,6,0,0
5958,7,0,0
5958,8,0,0
5958,9,0,0
5958,10,0,0
5958,11,0,0
5958,12,0,0
5959,0,1,6
5959,1,1,2
5959,2,1,4
5959,3,1,2
5959,4,0,0
5959,5,0,0
5959,6,0,0
5959,7,0,0
5959,8,0,0
5959,9,0,0
5959,10,0,0
5959,11,0,0
5959,12,0,0
5960,0,1,3
5960,1,1,4
5960,2,1,7
5960,3,1,3
5960,4,1,2
5960,5,1,2
5960,6,1,4
5960,7,1,0
5960,8,1,1
5960,9,1,2
5960,10,1,4
5960,11,1,1
5960,12,1,1
5961,0,1,4
5961,1,1,5
5961,2,1,0
5961,3,1,3
5961,4,1,0
5961,5,1,1
5961,6,1,2
5961,7,1,2
5961,8,1,2
5961,9,1,0
5961,10,1,1
5961,11,1,0
5961,12,0,0
5962,0,1,3
5962,1,1,1
5962,2,1,0
5962,3,1,2
5962,4,0,0
5962,5,0,0
5962,6,0,0
5962,7,0,0
5962,8,0,0
5962,9,0,0
5962,10,0,0
5962,11,0,0
5962,12,0,0
5963,0,1,8
5963,1,0,0
5963,2,0,0
5963,3,0,0
5963,4,0,0
5963,5,0,0
5963,6,0,0
5963,7,0,0
5963,8,0,0
5963,9,0,0
5963,10,0,0
5963,11,0,0
5963,12,0,0
5964,0,1,5
5964,1,1,3
5964,2,1,1
5964,3,1,3
5964,4,1,6
5964,5,1,5
5964,6,1,7
5964,7,1,5
5964,8,1,3
5964,9,1,4
5964,10,1,2
5964,11,1,8
5964,12,1,6
5965,0,1,3
5965,1,1,3
5965,2,1,6
5965,3,1,1
5965,4,1,1
5965,5,1,1
5965,6,0,0
5965,7,0,0
5965,8,0,0
5965,9,0,0
5965,10,0,0
5965,11,0,0
5965,12,0,0
5966,0,1,7
5966,1,1,4
5966,2,1,4
5966,3,1,3
5966,4,1,1
5966,5,1,4
5966,6,1,2
5966,7,1,1
5966,8,1,4
5966,9,1,2
5966,10,1,2
5966,11,1,2
5966,12,0,0
5967,0,1,8
5967,1,1,3
5967,2,1,1
5967,3,1,2
5967,4,1,2
5967,5,1,1
5967,6,1,6
5967,7,1,3
5967,8,1,5
5967,9,1,3
5967,10,1,6
5967,11,1,4
5967,12,1,0
5968,0,1,5
5968,1,1,5
5968,2,1,3
5968,3,0,0
5968,4,0,0
5968,5,0,0
5968,6,0,0
5968,7,0,0
5968,8,0,0
5968,9,0,0
5968,10,0,0
5968,11,0,0
5968,12,0,0
5969,0,1,4
5969,1,1,5
5969,2,1,3
5969,3,1,5
5969,4,1,1
5969,5,1,3
5969,6,1,3
5969,7,1,4
5969,8,1,5
5969,9,0,0
5969,10,0,0
5969,11,0,0
5969,12,0,0
5970,0,1,7
5970,1,1,3
5970,2,1,4
5970,3,1,2
5970,4,1,2
5970,5,1,5
5970,6,0,0
5970,7,0,0
5970,8,0,0
5970,9,0,0
5970,10,0,0
5970,11,0,0
5970,12,0,0
5971,0,1,1
5971,1,1,7
5971,2,1,3
5971,3,1,2
5971,4,1,2
5971,5,1,9
5971,6,1,5
5971,7,1,4
5971,8,1,3
5971,9,1,6
5971,10,1,1
5971,11,1,6
5971,12,1,4
5972,0,1,6
5972,1,1,1
5972,2,1,1
5972,3,1,2
5972,4,1,3
5972,5,1,5
5972,6,1,4
5972,7,1,7
5972,8,1,3
5972,9,1,3
5972,10,1,1
5972,11,1,3
5972,12,1,2
5973,0,1,3
5973,1,1,6
5973,2,1,2
5973,3,1,3
5973,4,1,4
5973,5,1,3
5973,6,0,0
5973,7,0,0
5973,8,0,0
5973,9,0,0
5973,10,0,0
5973,11,0,0
5973,12,0,0
5974,0,1,2
5974,1,1,2
5974,2,1,3
5974,3,1,4
5974,4,1,3
5974,5,1,0
5974,6,0,0
5974,7,0,0
5974,8,0,0
5974,9,0,0
5974,10,0,0
5974,11,0,0
5974,12,0,0
5975,0,1,4
5975,1,1,3
5975,2,1,4
5975,3,1,5
5975,4,1,2
5975,5,0,0
5975,6,0,0
5975,7,0,0
5975,8,0,0
5975,9,0,0
5975,10,0,0
5975,11,0,0
5975,12,0,0
5976,0,1,4
5976,1,1,4
5976,2,1,6
5976,3,1,5
5976,4,0,0
5976,5,0,0
5976,6,0,0
5976,7,0,0
5976,8,0,0
5976,9,0,0
5976,10,0,0
5976,11,0,0
5976,12,0,0
5977,0,1,3
5977,1,0,0
5977,2,0,0
5977,3,0,0
5977,4,0,0
5977,5,0,0
5977,6,0,0
5977,7,0,0
5977,8,0,0
5977,9,0,0
5977,10,0,0
5977,11,0,0
5977,12,0,0
5978,0,1,7
5978,1,1,2
5978,2,1,2
5978,3,1,1
5978,4,1,3
5978,5,1,2
5978,6,1,3
5978,7,1,2
5978,8,1,6
5978,9,1,2
5978,10,1,4
5978,11,1,0
5978,12,1,1
5979,0,1,8
5979,1,1,10
5979,2,1,4
5979,3,1,6
5979,4,1,4
5979,5,1,3
5979,6,1,4
5979,7,0,0
5979,8,0,0
5979,9,0,0
5979,10,0,0
5979,11,0,0
5979,12,0,0
5980,0,1,3
5980,1,1,4
5980,2,1,2
5980,3,1,4
5980,4,1,1
5980,5,1,4
5980,6,1,6
5980,7,1,3
5980,8,1,1
5980,9,1,2
5980,10,1,2
5980,11,1,1
5980,12,0,0
5981,0,1,6
5981,1,1,3
5981,2,0,0
5981,3,0,0
5981,4,0,0
5981,5,0,0
5981,6,0,0
5981,7,0,0
5981,8,0,0
5981,9,0,0
5981,10,0,0
5981,11,0,0
5981,12,0,0
5982,0,1,6
5982,1,1,3
5982,2,1,2
5982,3,1,2
5982,4,1,2
5982,5,1,0
5982,6,1,1
5982,7,1,3
5982,8,1,2
5982,9,1,1
5982,10,1,1
5982,11,1,3
5982,12,1,2
5983,0,1,7
5983,1,0,0
5983,2,0,0
5983,3,0,0
5983,4,0,0
5983,5,0,0
5983,6,0,0
5983,7,0,0
5983,8,0,0
5983,9,0,0
5983,10,0,0
5983,11,0,0
5983,12,0,0
5984,0,1,6
5984,1,1,7
5984,2,1,4
5984,3,1,3
5984,4,1,4
5984,5,1,3
5984,6,1,2
5984,7,1,1
5984,8,1,5
5984,9,1,3
5984,10,1,1
5984,11,1,5
5984,12,1,4
5985,0,1,9
5985,1,1,7
5985,2,1,5
5985,3,1,4
5985,4,1,5
5985,5,1,0
5985,6,1,3
5985,7,1,3
5985,8,1,6
5985,9,1,5
5985,10,1,4
5985,11,1,4
5985,12,1,4
5986,0,1,6
5986,1,1,2
5986,2,1,1
5986,3,1,1
5986,4,1,2
5986,5,1,3
5986,6,1,3
5986,7,1,1
5986,8,1,1
5986,9,0,0
5986,10,0,0
5986,11,0,0
5986,12,0,0
5987,0,1,3
5987,1,1,2
5987,2,1,0
5987,3,1,4
5987,4,1,3
5987,5,1,1
5987,6,1,1
5987,7,1,2
5987,8,1,3
5987,9,1,1
5987,10,1,3
5987,11,1,3
5987,12,1,3
5988,0,1,6
5988,1,1,3
5988,2,1,5
5988,3,1,2
5988,4,1,0
5988,5,1,2
5988,6,1,3
5988,7,1,2
5988,8,1,1
5988,9,1,0
5988,10,1,5
5988,11,0,0
5988,12,0,0
5989,0,1,5
5989,1,1,4
5989,2,1,4
5989,3,1,4
5989,4,1,1
5989,5,1,1
5989,6,1,0
5989,7,1,0
5989,8,1,0
5989,9,1,5
5989,10,1,6
5989,11,1,0
5989,12,1,4
5990,0,1,2
5990,1,1,2
5990,2,1,2
5990,3,1,1
5990,4,1,3
5990,5,1,0
5990,6,1,6
5990,7,1,0
5990,8,1,0
5990,9,1,2
5990,10,1,1
5990,11,1,4
5990,12,1,2
5991,0,1,3
5991,1,1,4
5991,2,1,5
5991,3,1,3
5991,4,1,2
5991,5,1,4
5991,6,1,3
5991,7,1,1
5991,8,1,9
5991,9,1,2
5991,10,0,0
5991,11,0,0
5991,12,0,0
5992,0,1,3
5992,1,1,2
5992,2,1,2
5992,3,0,0
5992,4,0,0
5992,5,0,0
5992,6,0,0
5992,7,0,0
5992,8,0,0
5992,9,0,0
5992,10,0,0
5992,11,0,0
5992,12,0,0
5993,0,1,4
5993,1,0,0
5993,2,0,0
5993,3,0,0
5993,4,0,0
5993,5,0,0
5993,6,0,0
5993,7,0,0
5993,8,0,0
5993,9,0,0
5993,10,0,0
5993,11,0,0
5993,12,0,0
5994,0,1,6
5994,1,1,2
5994,2,0,0
5994,3,0,0
5994,4,0,0
5994,5,0,0
5994,6,0,0
5994,7,0,0
5994,8,0,0
5994,9,0,0
5994,10,0,0
5994,11,0,0
5994,12,0,0
5995,0,1,8
5995,1,1,9
5995,2,1,3
5995,3,1,7
5995,4,1,2
5995,5,1,3
5995,6,1,4
5995,7,1,0
5995,8,1,5
5995,9,1,3
5995,10,1,3
5995,11,1,5
5995,12,1,4
5996,0,1,5
5996,1,1,2
5996,2,1,2
5996,3,1,4
5996,4,1,2
5996,5,1,2
5996,6,1,2
5996,7,1,2
5996,8,1,7
5996,9,1,4
5996,10,1,4
5996,11,1,3
5996,12,1,3
5997,0,1,7
5997,1,1,2
5997,2,1,5
5997,3,1,3
5997,4,1,2
5997,5,1,3
5997,6,1,2
5997,7,1,2
5997,8,1,1
5997,9,1,0
5997,10,1,4
5997,11,1,1
5997,12,1,3
5998,0,1,2
5998,1,1,2
5998,2,1,8
5998,3,1,6
5998,4,1,2
5998,5,0,0
5998,6,0,0
5998,7,0,0
5998,8,0,0
5998,9,0,0
5998,10,0,0
5998,11,0,0
5998,12,0,0
5999,0,1,9
5999,1,1,2
5999,2,1,3
5999,3,1,1
5999,4,1,3
5999,5,0,0
5999,6,0,0
5999,7,0,0
5999,8,0,0
5999,9,0,0
5999,10,0,0
5999,11,0,0
5999,12,0,0
6000,0,1,9
6000,1,1,3
6000,2,1,4
6000,3,1,3
6000,4,1,5
6000,5,1,3
6000,6,1,4
6000,7,1,3
6000,8,1,2
6000,9,1,2
6000,10,1,5
6000,11,1,4
6000,12,1,5
6001,0,1,3
6001,1,1,5
6001,2,1,1
6001,3,1,0
6001,4,1,1
6001,5,1,1
6001,6,1,1
6001,7,1,2
6001,8,1,6
6001,9,1,0
6001,10,1,3
6001,11,1,3
6001,12,1,1
6002,0,1,3
6002,1,1,5
6002,2,1,5
6002,3,0,0
6002,4,0,0
6002,5,0,0
6002,6,0,0
6002,7,0,0
6002,8,0,0
6002,9,0,0
6002,10,0,0
6002,11,0,0
6002,12,0,0
6003,0,1,5
6003,1,1,2
6003,2,1,1
6003,3,1,5
6003,4,1,5
6003,5,0,0
6003,6,0,0
6003,7,0,0
6003,8,0,0
6003,9,0,0
6003,10,0,0
6003,11,0,0
6003,12,0,0
6004,0,1,6
6004,1,1,2
6004,2,1,6
6004,3,1,0
6004,4,1,2
6004,5,1,2
6004,6,1,5
6004,7,1,6
6004,8,1,7
6004,9,1,3
6004,10,1,8
6004,11,0,0
6004,12,0,0
6005,0,1,3
6005,1,1,3
6005,2,1,4
6005,3,1,4
6005,4,1,2
6005,5,1,4
6005,6,1,1
6005,7,1,4
6005,8,1,2
6005,9,1,6
6005,10,1,1
6005,11,1,6
6005,12,0,0
6006,0,1,10
6006,1,1,6
6006,2,1,2
6006,3,0,0
6006,4,0,0
6006,5,0,0
6006,6,0,0
6006,7,0,0
6006,8,0,0
6006,9,0,0
6006,10,0,0
6006,11,0,0
6006,12,0,0
6007,0,1,6
6007,1,1,3
6007,2,1,3
6007,3,1,1
6007,4,1,6
6007,5,1,5
6007,6,1,3
6007,7,1,2
6007,8,1,1
6007,9,1,7
6007,10,1,3
6007,11,0,0
6007,12,0,0
6008,0,1,5
6008,1,1,0
6008,2,1,1
6008,3,1,4
6008,4,1,0
6008,5,1,2
6008,6,1,5
6008,7,1,0
6008,8,1,2
6008,9,1,3
6008,10,1,3
6008,11,1,3
6008,12,1,4
6009,0,1,2
6009,1,1,2
6009,2,0,0
6009,3,0,0
6009,4,0,0
6009,5,0,0
6009,6,0,0
6009,7,0,0
6009,8,0,0
6009,9,0,0
6009,10,0,0
6009,11,0,0
6009,12,0,0
6010,0,1,3
6010,1,1,3
6010,2,1,5
6010,3,1,4
6010,4,1,4
6010,5,1,1
6010,6,1,6
6010,7,1,8
6010,8,1,5
6010,9,1,6
6010,10,1,3
6010,11,1,2
6010,12,1,7
6011,0,1,9
6011,1,1,2
6011,2,1,1
6011,3,1,2
6011,4,1,2
6011,5,1,2
6011,6,1,2
6011,7,1,1
6011,8,1,3
6011,9,1,5
6011,10,1,4
6011,11,1,3
6011,12,0,0
6012,0,1,6
6012,1,1,4
6012,2,1,5
6012,3,1,0
6012,4,1,2
6012,5,1,1
6012,6,1,4
6012,7,1,2
6012,8,1,4
6012,9,1,2
6012,10,0,0
6012,11,0,0
6012,12,0,0
6013,0,1,12
6013,1,1,3
6013,2,1,3
6013,3,0,0
6013,4,0,0
6013,5,0,0
6013,6,0,0
6013,7,0,0
6013,8,0,0
6013,9,0,0
6013,10,0,0
6013,11,0,0
6013,12,0,0
6014,0,1,5
6014,1,1,2
6014,2,1,6
6014,3,1,4
6014,4,1,4
6014,5,1,1
6014,6,0,0
6014,7,0,0
6014,8,0,0
6014,9,0,0
6014,10,0,0
6014,11,0,0
6014,12,0,0
6015,0,1,8
6015,1,1,2
6015,2,1,1
6015,3,1,3
6015,4,1,7
6015,5,0,0
6015,6,0,0
6015,7,0,0
6015,8,0,0
6015,9,0,0
6015,10,0,0
6015,11,0,0
6015,12,0,0
6016,0,1,5
6016,1,1,1
6016,2,1,1
6016,3,1,2
6016,4,1,4
6016,5,1,1
6016,6,1,0
6016,7,1,1
6016,8,1,1
6016,9,1,2
6016,10,1,3
6016,11,1,1
6016,12,1,4
6017,0,1,4
6017,1,1,5
6017,2,1,5
6017,3,1,5
6017,4,1,4
6017,5,1,1
6017,6,1,4
6017,7,1,2
6017,8,1,2
6017,9,1,1
6017,10,1,5
6017,11,1,3
6017,12,1,5
6018,0,1,2
6018,1,1,1
6018,2,0,0
6018,3,0,0
6018,4,0,0
6018,5,0,0
6018,6,0,0
6018,7,0,0
6018,8,0,0
6018,9,0,0
6018,10,0,0
6018,11,0,0
6018,12,0,0
6019,0,1,6
6019,1,1,2
6019,2,1,0
6019,3,1,3
6019,4,1,2
6019,5,0,0
6019,6,0,0
6019,7,0,0
6019,8,0,0
6019,9,0,0
6019,10,0,0
6019,11,0,0
6019,12,0,0
6020,0,1,3
6020,1,1,4
6020,2,1,3
6020,3,1,6
6020,4,1,3
6020,5,1,4
6020,6,1,1
6020,7,0,0
6020,8,0,0
6020,9,0,0
6020,10,0,0
6020,11,0,0
6020,12,0,0
6021,0,1,6
6021,1,1,3
6021,2,1,5
6021,3,1,2
6021,4,1,1
6021,5,1,3
6021,6,1,3
6021,7,1,1
6021,8,1,2
6021,9,1,2
6021,10,1,2
6021,11,1,1
6021,12,0,0
6022,0,1,4
6022,1,1,1
6022,2,1,4
6022,3,1,5
6022,4,1,0
6022,5,1,2
6022,6,1,3
6022,7,1,6
6022,8,1,5
6022,9,1,1
6022,10,1,2
6022,11,1,3
6022,12,1,3
6023,0,1,5
6023,1,0,0
6023,2,0,0
6023,3,0,0
6023,4,0,0
6023,5,0,0
6023,6,0,0
6023,7,0,0
6023,8,0,0
6023,9,0,0
6023,10,0,0
6023,11,0,0
6023,12,0,0
6024,0,1,4
6024,1,1,4
6024,2,1,2
6024,3,1,0
6024,4,1,2
6024,5,1,2
6024,6,1,1
6024,7,1,0
6024,8,1,2
6024,9,1,3
6024,10,1,0
6024,11,1,5
6024,12,1,3
6025,0,1,2
6025,1,1,3
6025,2,1,1
6025,3,1,3
6025,4,1,5
6025,5,1,3
6025,6,1,2
6025,7,1,4
6025,8,1,1
6025,9,1,6
6025,10,0,0
6025,11,0,0
6025,12,0,0
6026,0,1,3
6026,1,1,3
6026,2,1,2
6026,3,1,4
6026,4,1,4
6026,5,0,0
6026,6,0,0
6026,7,0,0
6026,8,0,0
6026,9,0,0
6026,10,0,0
6026,11,0,0
6026,12,0,0
6027,0,1,4
6027,1,0,0
6027,2,0,0
6027,3,0,0
6027,4,0,0
6027,5,0,0
6027,6,0,0
6027,7,0,0
6027,8,0,0
6027,9,0,0
6027,10,0,0
6027,11,0,0
6027,12,0,0
6028,0,1,4
6028,1,1,3
6028,2,1,3
6028,3,1,5
6028,4,1,2
6028,5,1,3
6028,6,1,5
6028,7,0,0
6028,8,0,0
6028,9,0,0
6028,10,0,0
6028,11,0,0
6028,12,0,0
6029,0,1,3
6029,1,1,3
6029,2,1,3
6029,3,1,1
6029,4,1,2
6029,5,1,2
6029,6,1,3
6029,7,1,4
6029,8,1,0
6029,9,1,5
6029,10,1,6
6029,11,0,0
6029,12,0,0
6030,0,1,2
6030,1,1,6
6030,2,1,3
6030,3,1,3
6030,4,1,3
6030,5,1,4
6030,6,1,2
6030,7,1,4
6030,8,1,2
6030,9,1,4
6030,10,1,8
6030,11,1,3
6030,12,1,1
6031,0,1,3
6031,1,1,2
6031,2,1,4
6031,3,1,3
6031,4,1,1
6031,5,1,3
6031,6,1,5
6031,7,1,4
6031,8,1,4
6031,9,1,5
6031,10,1,4
6031,11,1,2
6031,12,1,3
6032,0,1,7
6032,1,1,2
6032,2,1,3
6032,3,1,2
6032,4,1,2
6032,5,1,2
6032,6,1,1
6032,7,1,0
6032,8,1,2
6032,9,1,3
6032,10,1,5
6032,11,1,3
6032,12,1,5
6033,0,1,4
6033,1,1,2
6033,2,1,3
6033,3,1,3
6033,4,1,3
6033,5,1,1
6033,6,1,3
6033,7,1,2
6033,8,1,6
6033,9,1,4
6033,10,1,3
6033,11,1,3
6033,12,1,6
6034,0,1,5
6034,1,1,1
6034,2,1,1
6034,3,1,0
6034,4,1,3
6034,5,1,4
6034,6,1,0
6034,7,1,3
6034,8,1,1
6034,9,1,3
6034,10,1,2
6034,11,1,0
6034,12,0,0
6035,0,1,8
6035,1,1,3
6035,2,1,5
6035,3,1,3
6035,4,1,5
6035,5,0,0
6035,6,0,0
6035,7,0,0
6035,8,0,0
6035,9,0,0
6035,10,0,0
6035,11,0,0
6035,12,0,0
6036,0,1,5
6036,1,1,4
6036,2,1,1
6036,3,1,2
6036,4,1,3
6036,5,1,4
6036,6,1,0
6036,7,1,4
6036,8,1,2
6036,9,1,1
6036,10,1,2
6036,11,1,0
6036,12,1,4
6037,0,1,9
6037,1,1,6
6037,2,0,0
6037,3,0,0
6037,4,0,0
6037,5,0,0
6037,6,0,0
6037,7,0,0
6037,8,0,0
6037,9,0,0
6037,10,0,0
6037,11,0,0
6037,12,0,0
6038,0,1,2
6038,1,1,2
6038,2,0,0
6038,3,0,0
6038,4,0,0
6038,5,0,0
6038,6,0,0
6038,7,0,0
6038,8,0,0
6038,9,0,0
6038,10,0,0
6038,11,0,0
6038,12,0,0
6039,0,1,3
6039,1,1,2
6039,2,1,1
6039,3,1,3
6039,4,1,3
6039,5,1,3
6039,6,1,4
6039,7,1,2
6039,8,1,4
6039,9,1,2
6039,10,1,2
6039,11,1,3
6039,12,0,0
6040,0,1,6
6040,1,1,2
6040,2,1,6
6040,3,0,0
6040,4,0,0
6040,5,0,0
6040,6,0,0
6040,7,0,0
6040,8,0,0
6040,9,0,0
6040,10,0,0
6040,11,0,0
6040,12,0,0
6041,0,1,4
6041,1,1,2
6041,2,1,2
6041,3,1,3
6041,4,1,5
6041,5,1,1
6041,6,1,2
6041,7,1,3
6041,8,1,4
6041,9,1,1
6041,10,0,0
6041,11,0,0
6041,12,0,0
6042,0,1,4
6042,1,1,5
6042,2,0,0
6042,3,0,0
6042,4,0,0
6042,5,0,0
6042,6,0,0
6042,7,0,0
6042,8,0,0
6042,9,0,0
6042,10,0,0
6042,11,0,0
6042,12,0,0
6043,0,1,4
6043,1,0,0
6043,2,0,0
6043,3,0,0
6043,4,0,0
6043,5,0,0
6043,6,0,0
6043,7,0,0
6043,8,0,0
6043,9,0,0
6043,10,0,0
6043,11,0,0
6043,12,0,0
6044,0,1,2
6044,1,1,6
6044,2,1,5
6044,3,1,1
6044,4,1,3
6044,5,1,4
6044,6,1,2
6044,7,1,4
6044,8,1,1
6044,9,1,2
6044,10,1,5
6044,11,1,3
6044,12,0,0
6045,0,1,3
6045,1,1,4
6045,2,1,1
6045,3,1,0
6045,4,1,5
6045,5,1,0
6045,6,1,1
6045,7,1,4
6045,8,1,3
6045,9,1,0
6045,10,1,2
6045,11,1,2
6045,12,1,1
6046,0,1,5
6046,1,1,2
6046,2,1,1
6046,3,1,3
6046,4,1,0
6046,5,1,0
6046,6,1,1
6046,7,1,1
6046,8,1,4
6046,9,1,1
6046,10,1,2
6046,11,1,0
6046,12,1,1
6047,0,1,2
6047,1,1,7
6047,2,0,0
6047,3,0,0
6047,4,0,0
6047,5,0,0
6047,6,0,0
6047,7,0,0
6047,8,0,0
6047,9,0,0
6047,10,0,0
6047,11,0,0
6047,12,0,0
6048,0,1,3
6048,1,1,4
6048,2,1,1
6048,3,1,1
6048,4,1,2
6048,5,1,5
6048,6,1,5
6048,7,1,3
6048,8,1,4
6048,9,1,7
6048,10,1,3
6048,11,1,5
6048,12,1,4
6049,0,1,4
6049,1,0,0
6049,2,0,0
6049,3,0,0
6049,4,0,0
6049,5,0,0
6049,6,0,0
6049,7,0,0
6049,8,0,0
6049,9,0,0
6049,10,0,0
6049,11,0,0
6049,12,0,0
6050,0,1,5
6050,1,1,2
6050,2,1,2
6050,3,1,0
6050,4,1,2
6050,5,1,1
6050,6,1,2
6050,7,0,0
6050,8,0,0
6050,9,0,0
6050,10,0,0
6050,11,0,0
6050,12,0,0
6051,0,1,8
6051,1,1,5
6051,2,1,4
6051,3,0,0
6051,4,0,0
6051,5,0,0
6051,6,0,0
6051,7,0,0
6051,8,0,0
6051,9,0,0
6051,10,0,0
6051,11,0,0
6051,12,0,0
6052,0,1,3
6052,1,1,3
6052,2,1,4
6052,3,0,0
6052,4,0,0
6052,5,0,0
6052,6,0,0
6052,7,0,0
6052,8,0,0
6052,9,0,0
6052,10,0,0
6052,11,0,0
6052,12,0,0
6053,0,1,3
6053,1,1,2
6053,2,0,0
6053,3,0,0
6053,4,0,0
6053,5,0,0
6053,6,0,0
6053,7,0,0
6053,8,0,0
6053,9,0,0
6053,10,0,0
6053,11,0,0
6053,12,0,0
6054,0,1,8
6054,1,1,2
6054,2,0,0
6054,3,0,0
6054,4,0,0
6054,5,0,0
6054,6,0,0
6054,7,0,0
6054,8,0,0
6054,9,0,0
6054,10,0,0
6054,11,0,0
6054,12,0,0
6055,0,1,4
6055,1,1,4
6055,2,1,2
6055,3,1,2
6055,4,1,2
6055,5,1,4
6055,6,1,7
6055,7,1,7
6055,8,1,6
6055,9,1,4
6055,10,1,4
6055,11,1,2
6055,12,1,6
6056,0,1,8
6056,1,0,0
6056,2,0,0
6056,3,0,0
6056,4,0,0
6056,5,0,0
6056,6,0,0
6056,7,0,0
6056,8,0,0
6056,9,0,0
6056,10,0,0
6056,11,0,0
6056,12,0,0
6057,0,1,6
6057,1,1,4
6057,2,1,1
6057,3,0,0
6057,4,0,0
6057,5,0,0
6057,6,0,0
6057,7,0,0
6057,8,0,0
6057,9,0,0
6057,10,0,0
6057,11,0,0
6057,12,0,0
6058,0,1,8
6058,1,1,2
6058,2,1,2
6058,3,1,2
6058,4,1,1
6058,5,1,0
6058,6,0,0
6058,7,0,0
6058,8,0,0
6058,9,0,0
6058,10,0,0
6058,11,0,0
6058,12,0,0
6059,0,1,5
6059,1,1,4
6059,2,1,3
6059,3,1,3
6059,4,1,7
6059,5,1,7
6059,6,1,2
6059,7,1,9
6059,8,1,3
6059,9,1,3
6059,10,1,2
6059,11,1,3
6059,12,1,2
6060,0,1,3
6060,1,1,4
6060,2,1,7
6060,3,1,1
6060,4,1,3
6060,5,1,10
6060,6,1,5
6060,7,1,3
6060,8,1,4
6060,9,0,0
6060,10,0,0
6060,11,0,0
6060,12,0,0
6061,0,1,4
6061,1,1,3
6061,2,1,1
6061,3,1,2
6061,4,1,1
6061,5,1,1
6061,6,0,0
6061,7,0,0
6061,8,0,0
6061,9,0,0
6061,10,0,0
6061,11,0,0
6061,12,0,0
6062,0,1,6
6062,1,1,4
6062,2,1,2
6062,3,1,5
6062,4,0,0
6062,5,0,0
6062,6,0,0
6062,7,0,0
6062,8,0,0
6062,9,0,0
6062,10,0,0
6062,11,0,0
6062,12,0,0
6063,0,1,5
6063,1,1,7
6063,2,1,6
6063,3,1,3
6063,4,1,2
6063,5,1,1
6063,6,1,4
6063,7,0,0
6063,8,0,0
6063,9,0,0
6063,10,0,0
6063,11,0,0
6063,12,0,0
6064,0,1,2
6064,1,0,0
6064,2,0,0
6064,3,0,0
6064,4,0,0
6064,5,0,0
6064,6,0,0
6064,7,0,0
6064,8,0,0
6064,9,0,0
6064,10,0,0
6064,11,0,0
6064,12,0,0
6065,0,1,2
6065,1,1,4
6065,2,1,1
6065,3,1,3
6065,4,1,2
6065,5,1,1
6065,6,1,2
6065,7,1,3
6065,8,1,1
6065,9,1,0
6065,10,1,6
6065,11,1,4
6065,12,1,3
6066,0,1,5
6066,1,1,2
6066,2,1,8
6066,3,1,1
6066,4,1,1
6066,5,1,9
6066,6,1,6
6066,7,1,4
6066,8,0,0
6066,9,0,0
6066,10,0,0
6066,11,0,0
6066,12,0,0
6067,0,1,4
6067,1,1,1
6067,2,1,0
6067,3,0,0
6067,4,0,0
6067,5,0,0
6067,6,0,0
6067,7,0,0
6067,8,0,0
6067,9,0,0
6067,10,0,0
6067,11,0,0
6067,12,0,0
6068,0,1,3
6068,1,1,4
6068,2,1,6
6068,3,1,3
6068,4,1,4
6068,5,0,0
6068,6,0,0
6068,7,0,0
6068,8,0,0
6068,9,0,0
6068,10,0,0
6068,11,0,0
6068,12,0,0
6069,0,1,10
6069,1,1,4
6069,2,1,5
6069,3,1,2
6069,4,0,0
6069,5,0,0
6069,6,0,0
6069,7,0,0
6069,8,0,0
6069,9,0,0
6069,10,0,0
6069,11,0,0
6069,12,0,0
6070,0,1,3
6070,1,1,3
6070,2,1,4
6070,3,1,6
6070,4,0,0
6070,5,0,0
6070,6,0,0
6070,7,0,0
6070,8,0,0
6070,9,0,0
6070,10,0,0
6070,11,0,0
6070,12,0,0
6071,0,1,6
6071,1,1,3
6071,2,0,0
6071,3,0,0
6071,4,0,0
6071,5,0,0
6071,6,0,0
6071,7,0,0
6071,8,0,0
6071,9,0,0
6071,10,0,0
6071,11,0,0
6071,12,0,0
6072,0,1,9
6072,1,1,4
6072,2,1,1
6072,3,0,0
6072,4,0,0
6072,5,0,0
6072,6,0,0
6072,7,0,0
6072,8,0,0
6072,9,0,0
6072,10,0,0
6072,11,0,0
6072,12,0,0
6073,0,1,3
6073,1,1,4
6073,2,1,1
6073,3,1,2
6073,4,1,4
6073,5,1,5
6073,6,1,2
6073,7,1,2
6073,8,1,2
6073,9,1,2
6073,10,1,1
6073,11,1,1
6073,12,1,0
6074,0,1,8
6074,1,0,0
6074,2,0,0
6074,3,0,0
6074,4,0,0
6074,5,0,0
6074,6,0,0
6074,7,0,0
6074,8,0,0
6074,9,0,0
6074,10,0,0
6074,11,0,0
6074,12,0,0
6075,0,1,6
6075,1,1,5
6075,2,0,0
6075,3,0,0
6075,4,0,0
6075,5,0,0
6075,6,0,0
6075,7,0,0
6075,8,0,0
6075,9,0,0
6075,10,0,0
6075,11,0,0
6075,12,0,0
6076,0,1,7
6076,1,1,4
6076,2,1,2
6076,3,1,1
6076,4,1,3
6076,5,1,1
6076,6,1,6
6076,7,1,4
6076,8,0,0
6076,9,0,0
6076,10,0,0
6076,11,0,0
6076,12,0,0
6077,0,1,5
6077,1,1,3
6077,2,1,1
6077,3,1,0
6077,4,1,2
6077,5,1,2
6077,6,1,2
6077,7,1,0
6077,8,1,1
6077,9,1,1
6077,10,1,1
6077,11,1,3
6077,12,1,2
6078,0,1,6
6078,1,1,2
6078,2,1,0
6078,3,1,5
6078,4,1,4
6078,5,1,3
6078,6,1,0
6078,7,0,0
6078,8,0,0
6078,9,0,0
6078,10,0,0
6078,11,0,0
6078,12,0,0
6079,0,1,5
6079,1,1,3
6079,2,1,3
6079,3,1,3
6079,4,1,2
6079,5,1,3
6079,6,1,3
6079,7,1,3
6079,8,1,2
6079,9,1,1
6079,10,1,2
6079,11,1,5
6079,12,1,3
6080,0,1,4
6080,1,0,0
6080,2,0,0
6080,3,0,0
6080,4,0,0
6080,5,0,0
6080,6,0,0
6080,7,0,0
6080,8,0,0
6080,9,0,0
6080,10,0,0
6080,11,0,0
6080,12,0,0
6081,0,1,5
6081,1,1,3
6081,2,1,2
6081,3,1,2
6081,4,1,1
6081,5,1,2
6081,6,1,2
6081,7,1,4
6081,8,1,5
6081,9,1,1
6081,10,1,2
6081,11,1,1
6081,12,1,4
6082,0,1,2
6082,1,1,4
6082,2,1,3
6082,3,1,5
6082,4,1,5
6082,5,0,0
6082,6,0,0
6082,7,0,0
6082,8,0,0
6082,9,0,0
6082,10,0,0
6082,11,0,0
6082,12,0,0
6083,0,1,5
6083,1,1,2
6083,2,1,4
6083,3,1,4
6083,4,1,10
6083,5,1,6
6083,6,1,2
6083,7,1,3
6083,8,0,0
6083,9,0,0
6083,10,0,0
6083,11,0,0
6083,12,0,0
6084,0,1,8
6084,1,1,1
6084,2,1,1
6084,3,1,3
6084,4,1,4
6084,5,1,4
6084,6,1,0
6084,7,0,0
6084,8,0,0
6084,9,0,0
6084,10,0,0
6084,11,0,0
6084,12,0,0
6085,0,1,6
6085,1,1,2
6085,2,1,0
6085,3,1,1
6085,4,1,0
6085,5,1,1
6085,6,1,4
6085,7,1,0
6085,8,1,3
6085,9,1,1
6085,10,1,2
6085,11,1,2
6085,12,1,4
6086,0,1,9
6086,1,1,2
6086,2,1,0
6086,3,1,3
6086,4,1,2
6086,5,1,5
6086,6,1,3
6086,7,1,0
6086,8,1,0
6086,9,1,2
6086,10,1,3
6086,11,1,5
6086,12,1,0
6087,0,1,3
6087,1,1,4
6087,2,0,0
6087,3,0,0
6087,4,0,0
6087,5,0,0
6087,6,0,0
6087,7,0,0
6087,8,0,0
6087,9,0,0
6087,10,0,0
6087,11,0,0
6087,12,0,0
6088,0,1,5
6088,1,1,4
6088,2,1,4
6088,3,1,4
6088,4,0,0
6088,5,0,0
6088,6,0,0
6088,7,0,0
6088,8,0,0
6088,9,0,0
6088,10,0,0
6088,11,0,0
6088,12,0,0
6089,0,1,3
6089,1,1,5
6089,2,1,4
6089,3,1,4
6089,4,1,2
6089,5,1,5
6089,6,1,5
6089,7,1,0
6089,8,1,5
6089,9,1,2
6089,10,1,2
6089,11,1,3
6089,12,1,6
6090,0,1,5
6090,1,1,4
6090,2,1,1
6090,3,1,1
6090,4,1,6
6090,5,1,0
6090,6,1,2
6090,7,1,2
6090,8,1,2
6090,9,1,1
6090,10,1,0
6090,11,1,2
6090,12,1,3
6091,0,1,4
6091,1,1,5
6091,2,1,6
6091,3,0,0
6091,4,0,0
6091,5,0,0
6091,6,0,0
6091,7,0,0
6091,8,0,0
6091,9,0,0
6091,10,0,0
6091,11,0,0
6091,12,0,0
6092,0,1,6
6092,1,1,2
6092,2,1,4
6092,3,0,0
6092,4,0,0
6092,5,0,0
6092,6,0,0
6092,7,0,0
6092,8,0,0
6092,9,0,0
6092,10,0,0
6092,11,0,0
6092,12,0,0
6093,0,1,4
6093,1,1,5
6093,2,1,4
6093,3,1,3
6093,4,1,1
6093,5,1,3
6093,6,1,2
6093,7,0,0
6093,8,0,0
6093,9,0,0
6093,10,0,0
6093,11,0,0
6093,12,0,0
6094,0,1,5
6094,1,1,2
6094,2,1,1
6094,3,0,0
6094,4,0,0
6094,5,0,0
6094,6,0,0
6094,7,0,0
6094,8,0,0
6094,9,0,0
6094,10,0,0
6094,11,0,0
6094,12,0,0
6095,0,1,5
6095,1,1,2
6095,2,0,0
6095,3,0,0
6095,4,0,0
6095,5,0,0
6095,6,0,0
6095,7,0,0
6095,8,0,0
6095,9,0,0
6095,10,0,0
6095,11,0,0
6095,12,0,0
6096,0,1,4
6096,1,1,2
6096,2,1,4
6096,3,1,4
6096,4,1,3
6096,5,1,2
6096,6,1,5
6096,7,1,2
6096,8,1,4
6096,9,1,1
6096,10,1,2
6096,11,1,4
6096,12,1,1
6097,0,1,6
6097,1,1,3
6097,2,1,4
6097,3,1,3
6097,4,1,5
6097,5,1,2
6097,6,1,5
6097,7,1,1
6097,8,1,6
6097,9,1,4
6097,10,1,1
6097,11,1,3
6097,12,1,5
6098,0,1,6
6098,1,1,3
6098,2,1,2
6098,3,1,2
6098,4,1,2
6098,5,1,4
6098,6,1,0
6098,7,1,1
6098,8,1,3
6098,9,1,2
6098,10,0,0
6098,11,0,0
6098,12,0,0
6099,0,1,6
6099,1,1,2
6099,2,1,3
6099,3,0,0
6099,4,0,0
6099,5,0,0
6099,6,0,0
6099,7,0,0
6099,8,0,0
6099,9,0,0
6099,10,0,0
6099,11,0,0
6099,12,0,0
6100,0,1,8
6100,1,1,3
6100,2,1,5
6100,3,1,1
6100,4,1,3
6100,5,1,2
6100,6,1,1
6100,7,1,2
6100,8,1,3
6100,9,1,2
6100,10,1,2
6100,11,1,2
6100,12,1,4
6101,0,1,7
6101,1,1,1
6101,2,1,3
6101,3,1,0
6101,4,0,0
6101,5,0,0
6101,6,0,0
6101,7,0,0
6101,8,0,0
6101,9,0,0
6101,10,0,0
6101,11,0,0
6101,12,0,0
6102,0,1,3
6102,1,1,6
6102,2,1,6
6102,3,1,2
6102,4,1,4
6102,5,1,4
6102,6,1,5
6102,7,1,2
6102,8,1,1
6102,9,0,0
6102,10,0,0
6102,11,0,0
6102,12,0,0
6103,0,1,4
6103,1,1,2
6103,2,0,0
6103,3,0,0
6103,4,0,0
6103,5,0,0
6103,6,0,0
6103,7,0,0
6103,8,0,0
6103,9,0,0
6103,10,0,0
6103,11,0,0
6103,12,0,0
6104,0,1,4
6104,1,0,0
6104,2,0,0
6104,3,0,0
6104,4,0,0
6104,5,0,0
6104,6,0,0
6104,7,0,0
6104,8,0,0
6104,9,0,0
6104,10,0,0
6104,11,0,0
6104,12,0,0
6105,0,1,7
6105,1,1,5
6105,2,1,4
6105,3,1,2
6105,4,1,3
6105,5,1,3
6105,6,1,2
6105,7,1,3
6105,8,1,2
6105,9,1,3
6105,10,1,3
6105,11,1,4
6105,12,1,1
6106,0,1,4
6106,1,1,6
6106,2,1,0
6106,3,1,5
6106,4,1,7
6106,5,1,6
6106,6,1,3
6106,7,1,3
6106,8,1,1
6106,9,0,0
6106,10,0,0
6106,11,0,0
6106,12,0,0
6107,0,1,4
6107,1,1,0
6107,2,1,1
6107,3,1,5
6107,4,0,0
6107,5,0,0
6107,6,0,0
6107,7,0,0
6107,8,0,0
6107,9,0,0
6107,10,0,0
6107,11,0,0
6107,12,0,0
6108,0,1,3
6108,1,1,5
6108,2,1,3
6108,3,1,1
6108,4,1,4
6108,5,0,0
6108,6,0,0
6108,7,0,0
6108,8,0,0
6108,9,0,0
6108,10,0,0
6108,11,0,0
6108,12,0,0
6109,0,1,2
6109,1,1,7
6109,2,1,1
6109,3,1,9
6109,4,1,4
6109,5,1,4
6109,6,1,4
6109,7,1,0
6109,8,0,0
6109,9,0,0
6109,10,0,0
6109,11,0,0
6109,12,0,0
6110,0,1,7
6110,1,1,5
6110,2,1,3
6110,3,1,3
6110,4,1,5
6110,5,0,0
6110,6,0,0
6110,7,0,0
6110,8,0,0
6110,9,0,0
6110,10,0,0
6110,11,0,0
6110,12,0,0
6111,0,1,6
6111,1,1,2
6111,2,0,0
6111,3,0,0
6111,4,0,0
6111,5,0,0
6111,6,0,0
6111,7,0,0
6111,8,0,0
6111,9,0,0
6111,10,0,0
6111,11,0,0
6111,12,0,0
6112,0,1,4
6112,1,1,4
6112,2,1,2
6112,3,1,8
6112,4,1,8
6112,5,1,3
6112,6,1,2
6112,7,1,6
6112,8,1,2
6112,9,1,2
6112,10,1,1
6112,11,1,5
6112,12,1,1
6113,0,1,4
6113,1,1,1
6113,2,1,6
6113,3,1,5
6113,4,1,3
6113,5,1,2
6113,6,0,0
6113,7,0,0
6113,8,0,0
6113,9,0,0
6113,10,0,0
6113,11,0,0
6113,12,0,0
6114,0,1,4
6114,1,1,3
6114,2,1,4
6114,3,1,6
6114,4,1,2
6114,5,1,4
6114,6,0,0
6114,7,0,0
6114,8,0,0
6114,9,0,0
6114,10,0,0
6114,11,0,0
6114,12,0,0
6115,0,1,5
6115,1,1,3
6115,2,1,2
6115,3,1,1
6115,4,1,5
6115,5,1,4
6115,6,1,4
6115,7,1,3
6115,8,1,2
6115,9,1,3
6115,10,1,3
6115,11,1,5
6115,12,1,1
6116,0,1,14
6116,1,1,1
6116,2,1,4
6116,3,1,2
6116,4,1,1
6116,5,1,6
6116,6,1,2
6116,7,1,0
6116,8,1,1
6116,9,1,1
6116,10,1,2
6116,11,1,1
6116,12,1,3
6117,0,1,4
6117,1,0,0
6117,2,0,0
6117,3,0,0
6117,4,0,0
6117,5,0,0
6117,6,0,0
6117,7,0,0
6117,8,0,0
6117,9,0,0
6117,10,0,0
6117,11,0,0
6117,12,0,0
6118,0,1,5
6118,1,1,7
6118,2,1,6
6118,3,1,1
6118,4,1,3
6118,5,1,4
6118,6,0,0
6118,7,0,0
6118,8,0,0
6118,9,0,0
6118,10,0,0
6118,11,0,0
6118,12,0,0
6119,0,1,5
6119,1,1,3
6119,2,1,3
6119,3,1,3
6119,4,1,0
6119,5,1,1
6119,6,1,6
6119,7,1,2
6119,8,1,4
6119,9,1,1
6119,10,1,4
6119,11,1,6
6119,12,1,1
6120,0,1,6
6120,1,1,3
6120,2,1,4
6120,3,1,1
6120,4,1,3
6120,5,0,0
6120,6,0,0
6120,7,0,0
6120,8,0,0
6120,9,0,0
6120,10,0,0
6120,11,0,0
6120,12,0,0
6121,0,1,5
6121,1,1,4
6121,2,1,4
6121,3,1,4
6121,4,1,1
6121,5,0,0
6121,6,0,0
6121,7,0,0
6121,8,0,0
6121,9,0,0
6121,10,0,0
6121,11,0,0
6121,12,0,0
6122,0,1,8
6122,1,1,5
6122,2,1,1
6122,3,1,0
6122,4,1,1
6122,5,1,3
6122,6,1,4
6122,7,1,1
6122,8,1,2
6122,9,1,3
6122,10,1,3
6122,11,1,1
6122,12,1,1
6123,0,1,4
6123,1,1,1
6123,2,1,7
6123,3,1,2
6123,4,1,4
6123,5,1,4
6123,6,1,3
6123,7,1,3
6123,8,1,2
6123,9,1,7
6123,10,1,2
6123,11,1,3
6123,12,1,6
6124,0,1,7
6124,1,1,2
6124,2,0,0
6124,3,0,0
6124,4,0,0
6124,5,0,0
6124,6,0,0
6124,7,0,0
6124,8,0,0
6124,9,0,0
6124,10,0,0
6124,11,0,0
6124,12,0,0
6125,0,1,7
6125,1,1,2
6125,2,1,4
6125,3,1,2
6125,4,1,5
6125,5,1,5
6125,6,1,2
6125,7,1,2
6125,8,1,1
6125,9,1,3
6125,10,1,0
6125,11,1,2
6125,12,1,4
6126,0,1,3
6126,1,1,2
6126,2,1,7
6126,3,0,0
6126,4,0,0
6126,5,0,0
6126,6,0,0
6126,7,0,0
6126,8,0,0
6126,9,0,0
6126,10,0,0
6126,11,0,0
6126,12,0,0
6127,0,1,7
6127,1,1,3
6127,2,0,0
6127,3,0,0
6127,4,0,0
6127,5,0,0
6127,6,0,0
6127,7,0,0
6127,8,0,0
6127,9,0,0
6127,10,0,0
6127,11,0,0
6127,12,0,0
6128,0,1,6
6128,1,1,4
6128,2,1,3
6128,3,1,2
6128,4,1,4
6128,5,1,6
6128,6,1,5
6128,7,1,2
6128,8,1,3
6128,9,1,2
6128,10,1,2
6128,11,1,3
6128,12,1,2
6129,0,1,5
6129,1,1,0
6129,2,0,0
6129,3,0,0
6129,4,0,0
6129,5,0,0
6129,6,0,0
6129,7,0,0
6129,8,0,0
6129,9,0,0
6129,10,0,0
6129,11,0,0
6129,12,0,0
6130,0,1,5
6130,1,1,3
6130,2,1,4
6130,3,1,3
6130,4,1,3
6130,5,0,0
6130,6,0,0
6130,7,0,0
6130,8,0,0
6130,9,0,0
6130,10,0,0
6130,11,0,0
6130,12,0,0
6131,0,1,5
6131,1,1,3
6131,2,1,0
6131,3,1,4
6131,4,1,1
6131,5,1,5
6131,6,1,2
6131,7,1,4
6131,8,0,0
6131,9,0,0
6131,10,0,0
6131,11,0,0
6131,12,0,0
6132,0,1,4
6132,1,1,1
6132,2,1,1
6132,3,1,3
6132,4,1,1
6132,5,1,1
6132,6,1,3
6132,7,1,1
6132,8,1,2
6132,9,1,2
6132,10,1,1
6132,11,1,2
6132,12,1,2
6133,0,1,3
6133,1,1,4
6133,2,1,2
6133,3,1,3
6133,4,1,4
6133,5,1,3
6133,6,1,7
6133,7,1,1
6133,8,1,5
6133,9,1,2
6133,10,1,2
6133,11,1,3
6133,12,1,3
6134,0,1,7
6134,1,0,0
6134,2,0,0
6134,3,0,0
6134,4,0,0
6134,5,0,0
6134,6,0,0
6134,7,0,0
6134,8,0,0
6134,9,0,0
6134,10,0,0
6134,11,0,0
6134,12,0,0
6135,0,1,4
6135,1,1,3
6135,2,1,5
6135,3,1,2
6135,4,1,2
6135,5,1,3
6135,6,1,3
6135,7,1,6
6135,8,1,7
6135,9,1,7
6135,10,1,6
6135,11,1,7
6135,12,1,3
6136,0,1,3
6136,1,1,3
6136,2,1,4
6136,3,1,9
6136,4,1,2
6136,5,1,5
6136,6,1,0
6136,7,0,0
6136,8,0,0
6136,9,0,0
6136,10,0,0
6136,11,0,0
6136,12,0,0
6137,0,1,8
6137,1,1,1
6137,2,0,0
6137,3,0,0
6137,4,0,0
6137,5,0,0
6137,6,0,0
6137,7,0,0
6137,8,0,0
6137,9,0,0
6137,10,0,0
6137,11,0,0
6137,12,0,0
6138,0,1,7
6138,1,1,4
6138,2,1,5
6138,3,1,3
6138,4,0,0
6138,5,0,0
6138,6,0,0
6138,7,0,0
6138,8,0,0
6138,9,0,0
6138,10,0,0
6138,11,0,0
6138,12,0,0
6139,0,1,2
6139,1,1,2
6139,2,1,3
6139,3,1,0
6139,4,1,1
6139,5,1,2
6139,6,1,3
6139,7,1,3
6139,8,1,3
6139,9,1,3
6139,10,1,2
6139,11,1,0
6139,12,1,5
6140,0,1,8
6140,1,1,4
6140,2,1,4
6140,3,1,6
6140,4,1,5
6140,5,1,9
6140,6,1,5
6140,7,1,4
6140,8,0,0
6140,9,0,0
6140,10,0,0
6140,11,0,0
6140,12,0,0
6141,0,1,3
6141,1,1,1
6141,2,1,1
6141,3,1,1
6141,4,1,4
6141,5,0,0
6141,6,0,0
6141,7,0,0
6141,8,0,0
6141,9,0,0
6141,10,0,0
6141,11,0,0
6141,12,0,0
6142,0,1,6
6142,1,1,3
6142,2,1,2
6142,3,1,3
6142,4,0,0
6142,5,0,0
6142,6,0,0
6142,7,0,0
6142,8,0,0
6142,9,0,0
6142,10,0,0
6142,11,0,0
6142,12,0,0
6143,0,1,5
6143,1,0,0
6143,2,0,0
6143,3,0,0
6143,4,0,0
6143,5,0,0
6143,6,0,0
6143,7,0,0
6143,8,0,0
6143,9,0,0
6143,10,0,0
6143,11,0,0
6143,12,0,0
6144,0,1,3
6144,1,1,4
6144,2,1,4
6144,3,1,3
6144,4,1,4
6144,5,1,1
6144,6,1,1
6144,7,1,4
6144,8,1,3
6144,9,1,2
6144,10,1,2
6144,11,1,3
6144,12,0,0
6145,0,1,3
6145,1,1,4
6145,2,1,6
6145,3,1,1
6145,4,1,5
6145,5,1,5
6145,6,1,3
6145,7,1,2
6145,8,1,3
6145,9,1,1
6145,10,1,4
6145,11,1,2
6145,12,1,3
6146,0,1,6
6146,1,1,4
6146,2,1,1
6146,3,0,0
6146,4,0,0
6146,5,0,0
6146,6,0,0
6146,7,0,0
6146,8,0,0
6146,9,0,0
6146,10,0,0
6146,11,0,0
6146,12,0,0
6147,0,1,5
6147,1,1,3
6147,2,1,10
6147,3,1,1
6147,4,1,2
6147,5,1,6
6147,6,1,4
6147,7,0,0
6147,8,0,0
6147,9,0,0
6147,10,0,0
6147,11,0,0
6147,12,0,0
6148,0,1,4
6148,1,1,4
6148,2,1,3
6148,3,0,0
6148,4,0,0
6148,5,0,0
6148,6,0,0
6148,7,0,0
6148,8,0,0
6148,9,0,0
6148,10,0,0
6148,11,0,0
6148,12,0,0
6149,0,1,8
6149,1,1,2
6149,2,1,6
6149,3,1,2
6149,4,1,2
6149,5,1,1
6149,6,1,4
6149,7,1,6
6149,8,1,5
6149,9,1,2
6149,10,1,4
6149,11,1,6
6149,12,1,2
6150,0,1,3
6150,1,1,4
6150,2,1,4
6150,3,1,2
6150,4,1,3
6150,5,1,4
6150,6,1,7
6150,7,1,3
6150,8,0,0
6150,9,0,0
6150,10,0,0
6150,11,0,0
6150,12,0,0
6151,0,1,5
6151,1,1,2
6151,2,1,7
6151,3,1,2
6151,4,1,1
6151,5,1,1
6151,6,1,8
6151,7,1,3
6151,8,1,5
6151,9,1,1
6151,10,0,0
6151,11,0,0
6151,12,0,0
6152,0,1,6
6152,1,1,5
6152,2,1,7
6152,3,1,3
6152,4,1,1
6152,5,1,5
6152,6,1,3
6152,7,1,3
6152,8,1,3
6152,9,0,0
6152,10,0,0
6152,11,0,0
6152,12,0,0
6153,0,1,6
6153,1,1,3
6153,2,1,1
6153,3,1,3
6153,4,1,4
6153,5,1,2
6153,6,1,3
6153,7,1,2
6153,8,1,2
6153,9,1,4
6153,10,1,1
6153,11,0,0
6153,12,0,0
6154,0,1,6
6154,1,1,6
6154,2,1,5
6154,3,1,0
6154,4,1,5
6154,5,1,2
6154,6,1,3
6154,7,0,0
6154,8,0,0
6154,9,0,0
6154,10,0,0
6154,11,0,0
6154,12,0,0
6155,0,1,5
6155,1,1,4
6155,2,1,7
6155,3,0,0
6155,4,0,0
6155,5,0,0
6155,6,0,0
6155,7,0,0
6155,8,0,0
6155,9,0,0
6155,10,0,0
6155,11,0,0
6155,12,0,0
6156,0,1,4
6156,1,1,2
6156,2,1,3
6156,3,1,1
6156,4,1,5
6156,5,1,5
6156,6,1,2
6156,7,1,6
6156,8,1,2
6156,9,1,4
6156,10,1,5
6156,11,1,1
6156,12,1,4
6157,0,1,4
6157,1,1,1
6157,2,1,1
6157,3,0,0
6157,4,0,0
6157,5,0,0
6157,6,0,0
6157,7,0,0
6157,8,0,0
6157,9,0,0
6157,10,0,0
6157,11,0,0
6157,12,0,0
6158,0,1,7
6158,1,1,8
6158,2,1,3
6158,3,1,2
6158,4,1,1
6158,5,1,3
6158,6,1,5
6158,7,1,5
6158,8,1,1
6158,9,1,2
6158,10,1,5
6158,11,1,5
6158,12,1,2
6159,0,1,1
6159,1,1,1
6159,2,1,3
6159,3,1,1
6159,4,1,4
6159,5,1,3
6159,6,1,2
6159,7,1,0
6159,8,1,7
6159,9,0,0
6159,10,0,0
6159,11,0,0
6159,12,0,0
6160,0,1,6
6160,1,1,4
6160,2,1,3
6160,3,1,5
6160,4,1,2
6160,5,1,4
6160,6,1,0
6160,7,1,1
6160,8,1,5
6160,9,1,3
6160,10,1,3
6160,11,1,3
6160,12,0,0
6161,0,1,6
6161,1,1,7
6161,2,1,3
6161,3,1,4
6161,4,1,1
6161,5,1,5
6161,6,1,1
6161,7,1,5
6161,8,1,5
6161,9,1,4
6161,10,1,3
6161,11,1,5
6161,12,1,3
6162,0,1,8
6162,1,1,4
6162,2,1,3
6162,3,0,0
6162,4,0,0
6162,5,0,0
6162,6,0,0
6162,7,0,0
6162,8,0,0
6162,9,0,0
6162,10,0,0
6162,11,0,0
6162,12,0,0
6163,0,1,3
6163,1,1,5
6163,2,1,0
6163,3,1,5
6163,4,0,0
6163,5,0,0
6163,6,0,0
6163,7,0,0
6163,8,0,0
6163,9,0,0
6163,10,0,0
6163,11,0,0
6163,12,0,0
6164,0,1,2
6164,1,1,6
6164,2,0,0
6164,3,0,0
6164,4,0,0
6164,5,0,0
6164,6,0,0
6164,7,0,0
6164,8,0,0
6164,9,0,0
6164,10,0,0
6164,11,0,0
6164,12,0,0
6165,0,1,4
6165,1,0,0
6165,2,0,0
6165,3,0,0
6165,4,0,0
6165,5,0,0
6165,6,0,0
6165,7,0,0
6165,8,0,0
6165,9,0,0
6165,10,0,0
6165,11,0,0
6165,12,0,0
6166,0,1,5
6166,1,1,3
6166,2,1,2
6166,3,1,3
6166,4,1,1
6166,5,1,1
6166,6,1,2
6166,7,1,0
6166,8,1,3
6166,9,1,2
6166,10,0,0
6166,11,0,0
6166,12,0,0
6167,0,1,6
6167,1,1,3
6167,2,1,1
6167,3,1,0
6167,4,0,0
6167,5,0,0
6167,6,0,0
6167,7,0,0
6167,8,0,0
6167,9,0,0
6167,10,0,0
6167,11,0,0
6167,12,0,0
6168,0,1,6
6168,1,1,2
6168,2,1,1
6168,3,1,3
6168,4,1,1
6168,5,1,3
6168,6,1,2
6168,7,1,1
6168,8,1,1
6168,9,1,2
6168,10,1,4
6168,11,1,7
6168,12,1,0
6169,0,1,6
6169,1,1,2
6169,2,1,4
6169,3,1,2
6169,4,1,2
6169,5,0,0
6169,6,0,0
6169,7,0,0
6169,8,0,0
6169,9,0,0
6169,10,0,0
6169,11,0,0
6169,12,0,0
6170,0,1,7
6170,1,0,0
6170,2,0,0
6170,3,0,0
6170,4,0,0
6170,5,0,0
6170,6,0,0
6170,7,0,0
6170,8,0,0
6170,9,0,0
6170,10,0,0
6170,11,0,0
6170,12,0,0
6171,0,1,8
6171,1,1,5
6171,2,1,5
6171,3,1,1
6171,4,1,3
6171,5,0,0
6171,6,0,0
6171,7,0,0
6171,8,0,0
6171,9,0,0
6171,10,0,0
6171,11,0,0
6171,12,0,0
6172,0,1,3
6172,1,0,0
6172,2,0,0
6172,3,0,0
6172,4,0,0
6172,5,0,0
6172,6,0,0
6172,7,0,0
6172,8,0,0
6172,9,0,0
6172,10,0,0
6172,11,0,0
6172,12,0,0
6173,0,1,4
6173,1,1,1
6173,2,1,4
6173,3,1,3
6173,4,1,4
6173,5,1,4
6173,6,1,4
6173,7,1,5
6173,8,1,3
6173,9,1,3
6173,10,0,0
6173,11,0,0
6173,12,0,0
6174,0,1,6
6174,1,1,4
6174,2,1,1
6174,3,1,6
6174,4,1,2
6174,5,1,5
6174,6,1,4
6174,7,1,2
6174,8,1,2
6174,9,1,7
6174,10,1,2
6174,11,1,4
6174,12,1,4
6175,0,1,6
6175,1,1,3
6175,2,1,1
6175,3,0,0
6175,4,0,0
6175,5,0,0
6175,6,0,0
6175,7,0,0
6175,8,0,0
6175,9,0,0
6175,10,0,0
6175,11,0,0
6175,12,0,0
6176,0,1,2
6176,1,1,4
6176,2,1,3
6176,3,1,1
6176,4,1,3
6176,5,1,3
6176,6,1,4
6176,7,1,4
6176,8,1,5
6176,9,1,1
6176,10,1,2
6176,11,1,1
6176,12,1,2
6177,0,1,7
6177,1,1,3
6177,2,1,1
6177,3,0,0
6177,4,0,0
6177,5,0,0
6177,6,0,0
6177,7,0,0
6177,8,0,0
6177,9,0,0
6177,10,0,0
6177,11,0,0
6177,12,0,0
6178,0,1,3
6178,1,1,1
6178,2,0,0
6178,3,0,0
6178,4,0,0
6178,5,0,0
6178,6,0,0
6178,7,0,0
6178,8,0,0
6178,9,0,0
6178,10,0,0
6178,11,0,0
6178,12,0,0
6179,0,1,5
6179,1,1,1
6179,2,1,5
6179,3,0,0
6179,4,0,0
6179,5,0,0
6179,6,0,0
6179,7,0,0
6179,8,0,0
6179,9,0,0
6179,10,0,0
6179,11,0,0
6179,12,0,0
6180,0,1,3
6180,1,1,3
6180,2,0,0
6180,3,0,0
6180,4,0,0
6180,5,0,0
6180,6,0,0
6180,7,0,0
6180,8,0,0
6180,9,0,0
6180,10,0,0
6180,11,0,0
6180,12,0,0
6181,0,1,8
6181,1,0,0
6181,2,0,0
6181,3,0,0
6181,4,0,0
6181,5,0,0
6181,6,0,0
6181,7,0,0
6181,8,0,0
6181,9,0,0
6181,10,0,0
6181,11,0,0
6181,12,0,0
6182,0,1,3
6182,1,1,4
6182,2,1,4
6182,3,1,4
6182,4,1,2
6182,5,1,6
6182,6,1,3
6182,7,1,4
6182,8,1,3
6182,9,1,2
6182,10,1,5
6182,11,1,4
6182,12,1,4
6183,0,1,3
6183,1,1,0
6183,2,1,5
6183,3,1,2
6183,4,1,3
6183,5,1,6
6183,6,1,4
6183,7,1,4
6183,8,1,3
6183,9,1,7
6183,10,1,5
6183,11,1,3
6183,12,1,3
6184,0,1,4
6184,1,0,0
6184,2,0,0
6184,3,0,0
6184,4,0,0
6184,5,0,0
6184,6,0,0
6184,7,0,0
6184,8,0,0
6184,9,0,0
6184,10,0,0
6184,11,0,0
6184,12,0,0
6185,0,1,5
6185,1,1,1
6185,2,1,2
6185,3,1,3
6185,4,1,6
6185,5,1,5
6185,6,1,1
6185,7,1,2
6185,8,1,0
6185,9,1,2
6185,10,1,4
6185,11,1,1
6185,12,1,1
6186,0,1,6
6186,1,0,0
6186,2,0,0
6186,3,0,0
6186,4,0,0
6186,5,0,0
6186,6,0,0
6186,7,0,0
6186,8,0,0
6186,9,0,0
6186,10,0,0
6186,11,0,0
6186,12,0,0
6187,0,1,7
6187,1,1,2
6187,2,1,1
6187,3,1,3
6187,4,1,2
6187,5,1,1
6187,6,1,2
6187,7,1,1
6187,8,1,3
6187,9,1,1
6187,10,1,4
6187,11,1,1
6187,12,1,4
6188,0,1,7
6188,1,1,4
6188,2,1,4
6188,3,1,6
6188,4,1,2
6188,5,1,0
6188,6,1,1
6188,7,0,0
6188,8,0,0
6188,9,0,0
6188,10,0,0
6188,11,0,0
6188,12,0,0
6189,0,1,6
6189,1,1,4
6189,2,1,0
6189,3,1,1
6189,4,1,2
6189,5,1,2
6189,6,1,6
6189,7,0,0
6189,8,0,0
6189,9,0,0
6189,10,0,0
6189,11,0,0
6189,12,0,0
6190,0,1,5
6190,1,1,3
6190,2,1,1
6190,3,1,3
6190,4,1,3
6190,5,1,1
6190,6,1,4
6190,7,1,1
6190,8,1,0
6190,9,1,4
6190,10,1,5
6190,11,1,3
6190,12,1,2
6191,0,1,5
6191,1,1,1
6191,2,1,3
6191,3,1,2
6191,4,1,5
6191,5,1,4
6191,6,1,4
6191,7,1,0
6191,8,1,3
6191,9,1,1
6191,10,1,3
6191,11,1,3
6191,12,1,1
6192,0,1,5
6192,1,1,4
6192,2,1,4
6192,3,1,5
6192,4,1,2
6192,5,1,4
6192,6,1,4
6192,7,1,5
6192,8,1,3
6192,9,1,3
6192,10,1,2
6192,11,1,0
6192,12,1,2
6193,0,1,4
6193,1,0,0
6193,2,0,0
6193,3,0,0
6193,4,0,0
6193,5,0,0
6193,6,0,0
6193,7,0,0
6193,8,0,0
6193,9,0,0
6193,10,0,0
6193,11,0,0
6193,12,0,0
6194,0,1,4
6194,1,0,0
6194,2,0,0
6194,3,0,0
6194,4,0,0
6194,5,0,0
6194,6,0,0
6194,7,0,0
6194,8,0,0
6194,9,0,0
6194,10,0,0
6194,11,0,0
6194,12,0,0
6195,0,1,5
6195,1,1,3
6195,2,1,5
6195,3,1,4
6195,4,1,4
6195,5,0,0
6195,6,0,0
6195,7,0,0
6195,8,0,0
6195,9,0,0
6195,10,0,0
6195,11,0,0
6195,12,0,0
6196,0,1,5
6196,1,1,1
6196,2,1,0
6196,3,1,0
6196,4,1,2
6196,5,1,1
6196,6,1,1
6196,7,1,0
6196,8,1,0
6196,9,1,3
6196,10,1,4
6196,11,1,2
6196,12,1,4
6197,0,1,2
6197,1,1,2
6197,2,1,6
6197,3,1,3
6197,4,1,5
6197,5,0,0
6197,6,0,0
6197,7,0,0
6197,8,0,0
6197,9,0,0
6197,10,0,0
6197,11,0,0
6197,12,0,0
6198,0,1,6
6198,1,1,5
6198,2,1,3
6198,3,1,5
6198,4,1,3
6198,5,1,1
6198,6,1,5
6198,7,1,5
6198,8,1,4
6198,9,1,4
6198,10,1,4
6198,11,1,8
6198,12,1,4
6199,0,1,5
6199,1,1,8
6199,2,1,6
6199,3,1,2
6199,4,1,5
6199,5,1,1
6199,6,1,3
6199,7,1,3
6199,8,1,2
6199,9,1,3
6199,10,1,2
6199,11,1,6
6199,12,1,3
6200,0,1,13
6200,1,1,1
6200,2,1,1
6200,3,1,1
6200,4,1,2
6200,5,1,4
6200,6,1,2
6200,7,1,1
6200,8,1,3
6200,9,1,0
6200,10,1,0
6200,11,1,2
6200,12,0,0
