user_id,signup_date,acquisition_channel,device,segment,completed_course
1,2025-12-01,paid_ads,desktop,professional_upskill,0
2,2025-11-01,social_media,desktop,professional_upskill,0
3,2025-11-01,corporate,mobile,career_changer,0
4,2025-09-01,partner_referral,desktop,professional_upskill,1
5,2025-10-01,organic,mobile,professional_upskill,0
6,2025-11-01,organic,desktop,professional_upskill,1
7,2025-10-01,organic,desktop,professional_upskill,0
8,2025-10-01,social_media,mobile,career_changer,0
9,2025-11-01,partner_referral,desktop,career_changer,1
10,2025-12-01,corporate,desktop,student,1
11,2025-09-01,organic,desktop,student,0
12,2025-10-01,social_media,desktop,professional_upskill,1
13,2025-12-01,corporate,mobile,professional_upskill,1
14,2025-11-01,organic,desktop,professional_upskill,0
15,2025-10-01,organic,desktop,career_changer,0
16,2025-10-01,organic,desktop,student,0
17,2025-10-01,paid_ads,mobile,student,0
18,2025-12-01,paid_ads,desktop,career_changer,1
19,2025-12-01,paid_ads,mobile,career_changer,0
20,2025-12-01,organic,mobile,career_changer,0
21,2025-10-01,partner_referral,desktop,student,0
22,2025-10-01,organic,mobile,professional_upskill,0
23,2025-09-01,organic,desktop,career_changer,1
24,2025-09-01,paid_ads,desktop,professional_upskill,0
25,2025-12-01,paid_ads,desktop,career_changer,0
26,2025-12-01,corporate,mobile,student,1
27,2025-11-01,organic,mobile,professional_upskill,1
28,2025-12-01,paid_ads,desktop,professional_upskill,1
29,2025-09-01,partner_referral,desktop,career_changer,0
30,2025-09-01,organic,mobile,career_changer,0
31,2025-09-01,partner_referral,mobile,student,1
32,2025-10-01,organic,mobile,professional_upskill,1
33,2025-10-01,organic,desktop,professional_upskill,0
34,2025-12-01,social_media,mobile,student,1
35,2025-11-01,social_media,desktop,student,0
36,2025-11-01,corporate,desktop,professional_upskill,1
37,2025-11-01,paid_ads,mobile,student,0
38,2025-10-01,organic,tablet,professional_upskill,1
39,2025-09-01,partner_referral,desktop,career_changer,0
40,2025-09-01,paid_ads,desktop,career_changer,0
41,2025-10-01,organic,mobile,career_changer,0
42,2025-11-01,paid_ads,desktop,student,0
43,2025-11-01,organic,mobile,student,1
44,2025-12-01,social_media,mobile,professional_upskill,0
45,2025-12-01,organic,desktop,professional_upskill,0
46,2025-11-01,partner_referral,tablet,professional_upskill,1
47,2025-10-01,paid_ads,mobile,career_changer,0
48,2025-11-01,paid_ads,mobile,student,1
49,2025-12-01,paid_ads,mobile,student,0
50,2025-11-01,organic,mobile,professional_upskill,1
51,2025-10-01,social_media,desktop,career_changer,0
52,2025-09-01,corporate,desktop,student,1
53,2025-10-01,social_media,mobile,student,1
54,2025-10-01,social_media,desktop,student,0
55,2025-12-01,partner_referral,desktop,student,0
56,2025-10-01,social_media,mobile,professional_upskill,1
57,2025-10-01,organic,mobile,professional_upskill,0
58,2025-12-01,organic,desktop,professional_upskill,1
59,2025-12-01,organic,mobile,professional_upskill,1
60,2025-09-01,paid_ads,mobile,professional_upskill,0
61,2025-11-01,paid_ads,desktop,career_changer,0
62,2025-10-01,organic,mobile,student,1
63,2025-12-01,corporate,desktop,professional_upskill,1
64,2025-09-01,paid_ads,desktop,student,1
65,2025-11-01,organic,desktop,student,0
66,2025-12-01,paid_ads,desktop,student,0
67,2025-11-01,organic,desktop,career_changer,1
68,2025-11-01,corporate,mobile,student,0
69,2025-10-01,organic,mobile,student,1
70,2025-10-01,social_media,desktop,career_changer,0
71,2025-12-01,corporate,mobile,professional_upskill,1
72,2025-11-01,organic,desktop,career_changer,1
73,2025-12-01,organic,desktop,professional_upskill,1
74,2025-12-01,corporate,mobile,student,1
75,2025-11-01,corporate,desktop,student,0
76,2025-12-01,corporate,desktop,career_changer,0
77,2025-11-01,corporate,mobile,career_changer,1
78,2025-11-01,organic,desktop,professional_upskill,1
79,2025-11-01,paid_ads,mobile,professional_upskill,0
80,2025-11-01,organic,desktop,professional_upskill,0
81,2025-09-01,social_media,desktop,professional_upskill,0
82,2025-11-01,partner_referral,desktop,career_changer,0
83,2025-10-01,paid_ads,desktop,student,0
84,2025-10-01,organic,desktop,career_changer,0
85,2025-10-01,paid_ads,desktop,student,1
86,2025-11-01,paid_ads,mobile,student,0
87,2025-10-01,corporate,mobile,student,1
88,2025-09-01,partner_referral,desktop,career_changer,1
89,2025-12-01,social_media,desktop,student,0
90,2025-11-01,paid_ads,desktop,student,1
91,2025-10-01,organic,mobile,professional_upskill,0
92,2025-09-01,corporate,tablet,career_changer,0
93,2025-12-01,corporate,desktop,professional_upskill,1
94,2025-09-01,partner_referral,mobile,professional_upskill,1
95,2025-10-01,corporate,desktop,student,0
96,2025-09-01,paid_ads,desktop,student,0
97,2025-12-01,paid_ads,desktop,student,0
98,2025-10-01,paid_ads,desktop,professional_upskill,0
99,2025-12-01,organic,desktop,professional_upskill,1
100,2025-09-01,organic,desktop,student,0
101,2025-11-01,organic,mobile,student,1
102,2025-11-01,partner_referral,desktop,professional_upskill,1
103,2025-11-01,paid_ads,desktop,career_changer,0
104,2025-11-01,paid_ads,desktop,professional_upskill,1
105,2025-12-01,social_media,desktop,student,0
106,2025-11-01,organic,desktop,student,0
107,2025-12-01,paid_ads,desktop,professional_upskill,1
108,2025-10-01,corporate,desktop,professional_upskill,1
109,2025-11-01,organic,desktop,professional_upskill,1
110,2025-12-01,organic,desktop,career_changer,0
111,2025-11-01,organic,desktop,career_changer,0
112,2025-11-01,organic,mobile,professional_upskill,1
113,2025-11-01,social_media,mobile,student,0
114,2025-12-01,corporate,desktop,career_changer,1
115,2025-09-01,partner_referral,desktop,professional_upskill,1
116,2025-11-01,social_media,desktop,student,0
117,2025-11-01,corporate,desktop,career_changer,0
118,2025-10-01,organic,desktop,professional_upskill,1
119,2025-09-01,social_media,desktop,professional_upskill,0
120,2025-12-01,paid_ads,desktop,career_changer,0
121,2025-10-01,corporate,mobile,career_changer,0
122,2025-11-01,social_media,desktop,professional_upskill,0
123,2025-10-01,paid_ads,desktop,professional_upskill,0
124,2025-10-01,organic,desktop,professional_upskill,0
125,2025-11-01,organic,mobile,career_changer,0
126,2025-09-01,paid_ads,mobile,student,0
127,2025-09-01,corporate,desktop,career_changer,0
128,2025-10-01,social_media,mobile,professional_upskill,1
129,2025-11-01,organic,desktop,professional_upskill,1
130,2025-12-01,paid_ads,mobile,student,0
131,2025-10-01,paid_ads,mobile,career_changer,0
132,2025-12-01,organic,desktop,career_changer,0
133,2025-10-01,organic,mobile,professional_upskill,0
134,2025-10-01,paid_ads,desktop,professional_upskill,0
135,2025-11-01,social_media,desktop,career_changer,1
136,2025-11-01,paid_ads,desktop,student,1
137,2025-12-01,paid_ads,mobile,career_changer,1
138,2025-12-01,corporate,desktop,student,0
139,2025-09-01,paid_ads,desktop,professional_upskill,0
140,2025-11-01,social_media,mobile,professional_upskill,1
141,2025-10-01,social_media,desktop,career_changer,0
142,2025-10-01,organic,desktop,career_changer,0
143,2025-09-01,paid_ads,desktop,professional_upskill,0
144,2025-11-01,paid_ads,desktop,student,1
145,2025-10-01,organic,desktop,student,0
146,2025-09-01,organic,desktop,professional_upskill,0
147,2025-09-01,partner_referral,tablet,professional_upskill,0
148,2025-10-01,paid_ads,mobile,professional_upskill,1
149,2025-10-01,organic,desktop,student,1
150,2025-12-01,organic,desktop,student,0
151,2025-11-01,social_media,desktop,student,0
152,2025-12-01,organic,mobile,student,0
153,2025-09-01,organic,desktop,professional_upskill,1
154,2025-10-01,paid_ads,desktop,student,0
155,2025-12-01,social_media,mobile,professional_upskill,1
156,2025-09-01,organic,desktop,student,0
157,2025-11-01,partner_referral,desktop,career_changer,0
158,2025-10-01,corporate,mobile,professional_upskill,0
159,2025-12-01,organic,mobile,student,0
160,2025-11-01,corporate,desktop,career_changer,1
161,2025-12-01,paid_ads,mobile,student,0
162,2025-09-01,partner_referral,desktop,student,1
163,2025-11-01,partner_referral,mobile,career_changer,0
164,2025-12-01,paid_ads,desktop,career_changer,0
165,2025-11-01,organic,mobile,professional_upskill,0
166,2025-09-01,corporate,tablet,professional_upskill,0
167,2025-11-01,paid_ads,mobile,career_changer,0
168,2025-12-01,organic,mobile,student,1
169,2025-09-01,organic,desktop,career_changer,0
170,2025-10-01,partner_referral,desktop,student,0
171,2025-12-01,partner_referral,desktop,career_changer,1
172,2025-12-01,organic,mobile,professional_upskill,1
173,2025-09-01,paid_ads,mobile,student,0
174,2025-09-01,organic,desktop,professional_upskill,0
175,2025-10-01,partner_referral,mobile,professional_upskill,1
176,2025-12-01,organic,mobile,professional_upskill,0
177,2025-09-01,partner_referral,tablet,student,0
178,2025-10-01,paid_ads,mobile,career_changer,0
179,2025-10-01,social_media,desktop,professional_upskill,0
180,2025-09-01,organic,desktop,student,1
181,2025-12-01,paid_ads,desktop,professional_upskill,1
182,2025-11-01,organic,desktop,student,0
183,2025-11-01,social_media,desktop,student,1
184,2025-10-01,social_media,mobile,professional_upskill,0
185,2025-11-01,organic,mobile,professional_upskill,1
186,2025-11-01,partner_referral,mobile,professional_upskill,1
187,2025-09-01,corporate,desktop,professional_upskill,1
188,2025-10-01,partner_referral,desktop,student,1
189,2025-12-01,paid_ads,desktop,student,0
190,2025-10-01,organic,desktop,professional_upskill,1
191,2025-09-01,organic,desktop,student,1
192,2025-11-01,social_media,desktop,professional_upskill,0
193,2025-12-01,social_media,desktop,career_changer,0
194,2025-10-01,partner_referral,desktop,student,0
195,2025-11-01,paid_ads,mobile,student,1
196,2025-10-01,paid_ads,desktop,career_changer,0
197,2025-12-01,corporate,desktop,professional_upskill,0
198,2025-10-01,social_media,desktop,professional_upskill,0
199,2025-10-01,social_media,tablet,career_changer,0
200,2025-10-01,corporate,desktop,career_changer,0
201,2025-11-01,partner_referral,desktop,student,1
202,2025-12-01,organic,mobile,student,1
203,2025-12-01,organic,desktop,career_changer,1
204,2025-11-01,social_media,mobile,student,0
205,2025-11-01,partner_referral,desktop,student,0
206,2025-11-01,organic,desktop,career_changer,0
207,2025-09-01,organic,desktop,career_changer,0
208,2025-10-01,partner_referral,desktop,student,0
209,2025-10-01,organic,desktop,career_changer,0
210,2025-12-01,organic,desktop,career_changer,0
211,2025-10-01,paid_ads,desktop,student,0
212,2025-09-01,partner_referral,desktop,professional_upskill,1
213,2025-11-01,partner_referral,desktop,student,1
214,2025-12-01,organic,mobile,professional_upskill,1
215,2025-12-01,corporate,mobile,student,0
216,2025-10-01,organic,desktop,professional_upskill,1
217,2025-12-01,paid_ads,desktop,student,0
218,2025-11-01,corporate,mobile,professional_upskill,1
219,2025-12-01,partner_referral,desktop,career_changer,0
220,2025-11-01,corporate,desktop,professional_upskill,1
221,2025-09-01,partner_referral,desktop,career_changer,0
222,2025-09-01,partner_referral,desktop,student,1
223,2025-11-01,organic,mobile,professional_upskill,1
224,2025-10-01,paid_ads,mobile,student,0
225,2025-12-01,organic,desktop,professional_upskill,0
226,2025-10-01,organic,desktop,student,0
227,2025-12-01,social_media,mobile,career_changer,1
228,2025-09-01,paid_ads,desktop,professional_upskill,1
229,2025-09-01,social_media,tablet,career_changer,0
230,2025-09-01,partner_referral,mobile,student,0
231,2025-12-01,corporate,desktop,professional_upskill,1
232,2025-09-01,paid_ads,mobile,professional_upskill,1
233,2025-09-01,partner_referral,desktop,professional_upskill,0
234,2025-09-01,paid_ads,mobile,career_changer,1
235,2025-09-01,organic,desktop,career_changer,0
236,2025-10-01,corporate,desktop,career_changer,1
237,2025-09-01,organic,mobile,student,0
238,2025-09-01,organic,mobile,professional_upskill,1
239,2025-10-01,partner_referral,desktop,student,0
240,2025-10-01,organic,desktop,career_changer,0
241,2025-12-01,social_media,desktop,career_changer,1
242,2025-11-01,social_media,desktop,professional_upskill,0
243,2025-09-01,social_media,desktop,professional_upskill,0
244,2025-09-01,paid_ads,desktop,professional_upskill,0
245,2025-09-01,organic,desktop,career_changer,0
246,2025-12-01,social_media,desktop,professional_upskill,0
247,2025-09-01,paid_ads,desktop,career_changer,0
248,2025-11-01,social_media,desktop,student,0
249,2025-10-01,social_media,desktop,student,0
250,2025-12-01,social_media,tablet,student,0
251,2025-10-01,organic,desktop,career_changer,0
252,2025-09-01,paid_ads,mobile,professional_upskill,0
253,2025-09-01,social_media,mobile,student,0
254,2025-09-01,paid_ads,mobile,career_changer,0
255,2025-11-01,organic,mobile,professional_upskill,1
256,2025-11-01,partner_referral,mobile,professional_upskill,1
257,2025-12-01,social_media,desktop,professional_upskill,1
258,2025-10-01,partner_referral,desktop,student,0
259,2025-09-01,partner_referral,mobile,student,1
260,2025-09-01,organic,desktop,student,1
261,2025-09-01,partner_referral,mobile,student,1
262,2025-09-01,social_media,desktop,student,0
263,2025-11-01,organic,mobile,career_changer,1
264,2025-10-01,paid_ads,desktop,student,0
265,2025-10-01,social_media,desktop,student,0
266,2025-12-01,corporate,desktop,student,1
267,2025-11-01,partner_referral,mobile,career_changer,0
268,2025-09-01,corporate,mobile,career_changer,0
269,2025-10-01,paid_ads,desktop,career_changer,0
270,2025-10-01,organic,mobile,student,1
271,2025-11-01,corporate,desktop,career_changer,1
272,2025-12-01,corporate,desktop,student,1
273,2025-12-01,social_media,desktop,student,0
274,2025-09-01,social_media,desktop,professional_upskill,0
275,2025-12-01,paid_ads,desktop,professional_upskill,1
276,2025-10-01,paid_ads,desktop,career_changer,0
277,2025-12-01,corporate,mobile,professional_upskill,1
278,2025-09-01,partner_referral,mobile,career_changer,1
279,2025-10-01,corporate,desktop,student,0
280,2025-12-01,corporate,desktop,professional_upskill,1
281,2025-12-01,social_media,desktop,student,1
282,2025-11-01,paid_ads,desktop,professional_upskill,0
283,2025-09-01,paid_ads,desktop,student,0
284,2025-12-01,organic,desktop,career_changer,1
285,2025-11-01,partner_referral,mobile,career_changer,0
286,2025-10-01,organic,mobile,career_changer,0
287,2025-11-01,paid_ads,desktop,student,0
288,2025-11-01,paid_ads,desktop,student,1
289,2025-12-01,organic,desktop,student,0
290,2025-12-01,partner_referral,mobile,professional_upskill,1
291,2025-12-01,organic,desktop,professional_upskill,1
292,2025-11-01,organic,desktop,career_changer,0
293,2025-10-01,corporate,mobile,student,0
294,2025-09-01,paid_ads,desktop,professional_upskill,0
295,2025-11-01,organic,desktop,student,0
296,2025-12-01,paid_ads,desktop,student,0
297,2025-09-01,corporate,desktop,career_changer,0
298,2025-10-01,organic,desktop,professional_upskill,1
299,2025-09-01,partner_referral,desktop,student,1
300,2025-12-01,organic,desktop,student,0
301,2025-11-01,organic,desktop,career_changer,1
302,2025-11-01,paid_ads,mobile,student,1
303,2025-12-01,paid_ads,desktop,career_changer,0
304,2025-11-01,partner_referral,desktop,career_changer,0
305,2025-12-01,corporate,mobile,career_changer,1
306,2025-11-01,social_media,mobile,student,0
307,2025-11-01,paid_ads,mobile,student,0
308,2025-11-01,paid_ads,desktop,professional_upskill,0
309,2025-10-01,corporate,desktop,professional_upskill,1
310,2025-10-01,organic,mobile,student,0
311,2025-12-01,paid_ads,mobile,student,0
312,2025-10-01,organic,desktop,student,0
313,2025-12-01,organic,mobile,career_changer,0
314,2025-09-01,social_media,desktop,professional_upskill,0
315,2025-09-01,corporate,tablet,career_changer,1
316,2025-10-01,partner_referral,mobile,professional_upskill,0
317,2025-09-01,paid_ads,mobile,professional_upskill,0
318,2025-09-01,organic,mobile,professional_upskill,1
319,2025-11-01,organic,mobile,student,1
320,2025-11-01,organic,desktop,student,1
321,2025-12-01,paid_ads,desktop,student,0
322,2025-09-01,corporate,desktop,professional_upskill,1
323,2025-12-01,partner_referral,desktop,professional_upskill,0
324,2025-12-01,organic,mobile,career_changer,0
325,2025-09-01,social_media,desktop,student,0
326,2025-10-01,corporate,desktop,student,0
327,2025-09-01,partner_referral,desktop,student,0
328,2025-11-01,partner_referral,mobile,career_changer,0
329,2025-09-01,paid_ads,desktop,student,0
330,2025-10-01,organic,desktop,student,0
331,2025-12-01,paid_ads,desktop,professional_upskill,1
332,2025-12-01,corporate,mobile,student,1
333,2025-11-01,organic,desktop,career_changer,1
334,2025-11-01,organic,mobile,student,0
335,2025-11-01,organic,desktop,professional_upskill,1
336,2025-12-01,organic,desktop,career_changer,0
337,2025-11-01,social_media,mobile,professional_upskill,1
338,2025-09-01,corporate,desktop,career_changer,1
339,2025-12-01,paid_ads,desktop,professional_upskill,0
340,2025-10-01,organic,desktop,professional_upskill,1
341,2025-12-01,paid_ads,desktop,career_changer,0
342,2025-09-01,paid_ads,desktop,professional_upskill,1
343,2025-09-01,organic,desktop,student,0
344,2025-11-01,paid_ads,desktop,career_changer,0
345,2025-12-01,paid_ads,desktop,student,0
346,2025-12-01,partner_referral,mobile,career_changer,0
347,2025-12-01,partner_referral,mobile,professional_upskill,0
348,2025-10-01,organic,desktop,professional_upskill,0
349,2025-11-01,paid_ads,desktop,student,0
350,2025-09-01,partner_referral,desktop,career_changer,0
351,2025-09-01,paid_ads,desktop,student,0
352,2025-11-01,social_media,desktop,professional_upskill,0
353,2025-09-01,partner_referral,desktop,student,1
354,2025-09-01,organic,desktop,professional_upskill,1
355,2025-11-01,organic,desktop,student,1
356,2025-09-01,partner_referral,desktop,student,1
357,2025-12-01,organic,mobile,professional_upskill,0
358,2025-10-01,partner_referral,desktop,career_changer,0
359,2025-11-01,social_media,mobile,student,0
360,2025-10-01,partner_referral,mobile,career_changer,1
361,2025-09-01,paid_ads,desktop,student,0
362,2025-09-01,partner_referral,desktop,professional_upskill,1
363,2025-12-01,paid_ads,desktop,career_changer,1
364,2025-11-01,paid_ads,desktop,student,0
365,2025-09-01,social_media,desktop,career_changer,0
366,2025-11-01,paid_ads,mobile,student,0
367,2025-11-01,social_media,desktop,professional_upskill,0
368,2025-11-01,social_media,desktop,professional_upskill,0
369,2025-11-01,organic,mobile,professional_upskill,1
370,2025-11-01,organic,mobile,student,0
371,2025-10-01,organic,desktop,student,0
372,2025-12-01,organic,mobile,student,1
373,2025-11-01,organic,desktop,professional_upskill,1
374,2025-10-01,partner_referral,desktop,career_changer,0
375,2025-09-01,organic,desktop,career_changer,0
376,2025-11-01,paid_ads,desktop,professional_upskill,1
377,2025-09-01,corporate,mobile,student,1
378,2025-11-01,organic,desktop,student,0
379,2025-10-01,corporate,desktop,student,1
380,2025-10-01,organic,desktop,student,0
381,2025-10-01,organic,desktop,student,0
382,2025-12-01,partner_referral,desktop,career_changer,0
383,2025-09-01,partner_referral,desktop,student,1
384,2025-12-01,social_media,mobile,student,0
385,2025-11-01,corporate,desktop,professional_upskill,1
386,2025-09-01,corporate,desktop,student,1
387,2025-10-01,organic,desktop,professional_upskill,0
388,2025-09-01,organic,desktop,student,0
389,2025-10-01,corporate,desktop,career_changer,0
390,2025-12-01,corporate,mobile,professional_upskill,1
391,2025-12-01,social_media,tablet,student,0
392,2025-10-01,paid_ads,desktop,career_changer,0
393,2025-10-01,paid_ads,desktop,professional_upskill,1
394,2025-11-01,corporate,mobile,career_changer,1
395,2025-12-01,paid_ads,desktop,student,0
396,2025-12-01,social_media,desktop,career_changer,0
397,2025-11-01,social_media,desktop,professional_upskill,0
398,2025-12-01,paid_ads,mobile,professional_upskill,0
399,2025-10-01,corporate,desktop,student,1
400,2025-09-01,corporate,mobile,student,1
401,2025-09-01,organic,mobile,student,1
402,2025-12-01,social_media,desktop,student,0
403,2025-11-01,paid_ads,mobile,student,1
404,2025-10-01,corporate,mobile,student,1
405,2025-09-01,paid_ads,desktop,student,0
406,2025-10-01,social_media,desktop,student,1
407,2025-12-01,paid_ads,desktop,professional_upskill,0
408,2025-12-01,organic,desktop,student,0
409,2025-09-01,social_media,desktop,student,0
410,2025-12-01,organic,desktop,student,0
411,2025-11-01,paid_ads,desktop,professional_upskill,0
412,2025-12-01,social_media,mobile,professional_upskill,0
413,2025-12-01,social_media,desktop,professional_upskill,0
414,2025-12-01,partner_referral,desktop,student,1
415,2025-10-01,partner_referral,desktop,professional_upskill,1
416,2025-10-01,paid_ads,desktop,career_changer,1
417,2025-09-01,organic,desktop,student,1
418,2025-09-01,paid_ads,desktop,career_changer,0
419,2025-09-01,partner_referral,desktop,professional_upskill,1
420,2025-12-01,corporate,mobile,professional_upskill,1
421,2025-10-01,corporate,mobile,professional_upskill,1
422,2025-11-01,corporate,desktop,professional_upskill,1
423,2025-12-01,organic,mobile,student,0
424,2025-12-01,paid_ads,mobile,career_changer,0
425,2025-12-01,organic,desktop,student,0
426,2025-11-01,paid_ads,tablet,professional_upskill,0
427,2025-09-01,paid_ads,mobile,student,0
428,2025-11-01,social_media,desktop,professional_upskill,1
429,2025-09-01,paid_ads,desktop,student,1
430,2025-11-01,organic,desktop,career_changer,0
431,2025-10-01,organic,desktop,student,1
432,2025-12-01,corporate,mobile,student,1
433,2025-12-01,partner_referral,desktop,professional_upskill,1
434,2025-12-01,organic,mobile,student,1
435,2025-09-01,organic,mobile,career_changer,0
436,2025-11-01,corporate,desktop,student,0
437,2025-10-01,organic,mobile,career_changer,0
438,2025-11-01,corporate,desktop,student,1
439,2025-12-01,corporate,desktop,student,1
440,2025-10-01,organic,mobile,professional_upskill,1
441,2025-10-01,organic,desktop,career_changer,0
442,2025-12-01,social_media,desktop,student,0
443,2025-11-01,paid_ads,mobile,career_changer,0
444,2025-12-01,paid_ads,mobile,student,0
445,2025-11-01,corporate,desktop,student,1
446,2025-10-01,social_media,mobile,career_changer,1
447,2025-10-01,social_media,mobile,student,0
448,2025-12-01,corporate,desktop,professional_upskill,1
449,2025-10-01,paid_ads,desktop,career_changer,0
450,2025-09-01,organic,mobile,professional_upskill,0
451,2025-10-01,corporate,desktop,professional_upskill,1
452,2025-09-01,partner_referral,desktop,student,0
453,2025-10-01,paid_ads,desktop,student,0
454,2025-12-01,social_media,mobile,student,0
455,2025-12-01,organic,desktop,student,0
456,2025-09-01,paid_ads,desktop,professional_upskill,0
457,2025-12-01,organic,desktop,professional_upskill,1
458,2025-10-01,paid_ads,tablet,career_changer,0
459,2025-10-01,organic,desktop,career_changer,1
460,2025-12-01,organic,desktop,student,0
461,2025-10-01,organic,mobile,career_changer,0
462,2025-11-01,partner_referral,desktop,professional_upskill,1
463,2025-11-01,corporate,tablet,career_changer,0
464,2025-10-01,partner_referral,mobile,student,1
465,2025-12-01,social_media,mobile,professional_upskill,1
466,2025-09-01,paid_ads,desktop,career_changer,1
467,2025-12-01,organic,mobile,career_changer,1
468,2025-09-01,social_media,mobile,career_changer,0
469,2025-12-01,organic,tablet,career_changer,0
470,2025-10-01,social_media,desktop,professional_upskill,0
471,2025-11-01,organic,mobile,professional_upskill,0
472,2025-12-01,social_media,desktop,student,0
473,2025-09-01,organic,desktop,professional_upskill,1
474,2025-11-01,social_media,desktop,career_changer,0
475,2025-09-01,paid_ads,mobile,professional_upskill,0
476,2025-10-01,social_media,desktop,professional_upskill,1
477,2025-11-01,organic,desktop,career_changer,0
478,2025-09-01,partner_referral,tablet,professional_upskill,1
479,2025-12-01,social_media,desktop,student,0
480,2025-10-01,paid_ads,desktop,student,1
481,2025-10-01,partner_referral,desktop,professional_upskill,1
482,2025-10-01,partner_referral,desktop,professional_upskill,1
483,2025-12-01,paid_ads,mobile,professional_upskill,1
484,2025-12-01,partner_referral,mobile,career_changer,1
485,2025-11-01,partner_referral,desktop,career_changer,0
486,2025-12-01,social_media,mobile,student,0
487,2025-11-01,organic,desktop,professional_upskill,1
488,2025-10-01,organic,desktop,student,0
489,2025-11-01,social_media,desktop,professional_upskill,1
490,2025-09-01,social_media,desktop,career_changer,0
491,2025-10-01,paid_ads,desktop,career_changer,0
492,2025-10-01,partner_referral,desktop,career_changer,1
493,2025-11-01,organic,desktop,professional_upskill,1
494,2025-10-01,organic,desktop,career_changer,0
495,2025-12-01,paid_ads,desktop,professional_upskill,0
496,2025-09-01,paid_ads,desktop,student,1
497,2025-11-01,partner_referral,mobile,career_changer,0
498,2025-11-01,organic,mobile,professional_upskill,1
499,2025-10-01,social_media,desktop,professional_upskill,1
500,2025-12-01,social_media,mobile,professional_upskill,1
501,2025-10-01,partner_referral,mobile,student,0
502,2025-10-01,paid_ads,desktop,student,1
503,2025-11-01,paid_ads,desktop,career_changer,0
504,2025-10-01,corporate,mobile,student,0
505,2025-09-01,partner_referral,desktop,professional_upskill,1
506,2025-10-01,organic,mobile,student,1
507,2025-10-01,social_media,mobile,career_changer,0
508,2025-11-01,corporate,mobile,student,1
509,2025-10-01,social_media,tablet,career_changer,0
510,2025-12-01,corporate,desktop,career_changer,0
511,2025-11-01,partner_referral,desktop,student,1
512,2025-10-01,paid_ads,mobile,student,1
513,2025-09-01,social_media,desktop,career_changer,0
514,2025-09-01,social_media,mobile,professional_upskill,1
515,2025-11-01,organic,tablet,student,1
516,2025-11-01,organic,mobile,career_changer,0
517,2025-10-01,paid_ads,desktop,professional_upskill,0
518,2025-12-01,corporate,desktop,professional_upskill,1
519,2025-10-01,social_media,desktop,professional_upskill,0
520,2025-09-01,organic,desktop,professional_upskill,1
521,2025-12-01,partner_referral,mobile,career_changer,1
522,2025-12-01,paid_ads,mobile,professional_upskill,0
523,2025-12-01,social_media,mobile,student,0
524,2025-10-01,corporate,desktop,career_changer,1
525,2025-09-01,corporate,desktop,professional_upskill,1
526,2025-11-01,paid_ads,mobile,career_changer,0
527,2025-10-01,paid_ads,desktop,professional_upskill,0
528,2025-11-01,organic,desktop,professional_upskill,1
529,2025-12-01,organic,mobile,student,1
530,2025-12-01,social_media,mobile,professional_upskill,1
531,2025-10-01,corporate,desktop,career_changer,0
532,2025-09-01,social_media,mobile,student,0
533,2025-12-01,social_media,desktop,professional_upskill,0
534,2025-11-01,partner_referral,tablet,career_changer,0
535,2025-11-01,corporate,desktop,professional_upskill,1
536,2025-10-01,social_media,desktop,career_changer,0
537,2025-11-01,corporate,mobile,career_changer,1
538,2025-09-01,organic,desktop,professional_upskill,1
539,2025-12-01,paid_ads,mobile,career_changer,0
540,2025-11-01,organic,mobile,career_changer,0
541,2025-11-01,social_media,mobile,student,0
542,2025-12-01,partner_referral,tablet,professional_upskill,0
543,2025-10-01,organic,desktop,student,0
544,2025-11-01,partner_referral,mobile,professional_upskill,1
545,2025-10-01,partner_referral,desktop,career_changer,1
546,2025-10-01,paid_ads,desktop,career_changer,0
547,2025-11-01,organic,mobile,professional_upskill,0
548,2025-09-01,partner_referral,desktop,student,0
549,2025-10-01,paid_ads,desktop,career_changer,0
550,2025-11-01,corporate,desktop,professional_upskill,0
551,2025-10-01,paid_ads,mobile,professional_upskill,1
552,2025-12-01,social_media,tablet,career_changer,0
553,2025-09-01,partner_referral,desktop,career_changer,0
554,2025-09-01,partner_referral,desktop,professional_upskill,1
555,2025-12-01,social_media,mobile,professional_upskill,0
556,2025-12-01,paid_ads,desktop,professional_upskill,1
557,2025-10-01,organic,desktop,career_changer,0
558,2025-12-01,organic,desktop,professional_upskill,1
559,2025-09-01,corporate,desktop,career_changer,0
560,2025-12-01,partner_referral,desktop,student,1
561,2025-11-01,corporate,mobile,career_changer,1
562,2025-11-01,organic,desktop,student,1
563,2025-10-01,organic,mobile,student,0
564,2025-09-01,organic,mobile,student,1
565,2025-11-01,paid_ads,mobile,student,0
566,2025-12-01,partner_referral,desktop,professional_upskill,0
567,2025-11-01,paid_ads,desktop,student,0
568,2025-11-01,paid_ads,desktop,student,0
569,2025-10-01,social_media,mobile,student,0
570,2025-12-01,paid_ads,desktop,student,0
571,2025-12-01,paid_ads,desktop,student,0
572,2025-12-01,corporate,desktop,career_changer,0
573,2025-10-01,paid_ads,desktop,professional_upskill,1
574,2025-12-01,partner_referral,desktop,professional_upskill,1
575,2025-12-01,social_media,desktop,professional_upskill,1
576,2025-11-01,social_media,desktop,student,0
577,2025-11-01,organic,desktop,student,0
578,2025-12-01,social_media,desktop,student,1
579,2025-09-01,paid_ads,mobile,professional_upskill,0
580,2025-09-01,organic,desktop,student,0
581,2025-12-01,paid_ads,desktop,career_changer,0
582,2025-09-01,social_media,desktop,student,0
583,2025-10-01,paid_ads,desktop,student,1
584,2025-11-01,paid_ads,mobile,professional_upskill,0
585,2025-10-01,partner_referral,desktop,professional_upskill,1
586,2025-11-01,organic,mobile,professional_upskill,1
587,2025-09-01,organic,mobile,career_changer,0
588,2025-09-01,organic,mobile,professional_upskill,0
589,2025-12-01,organic,desktop,career_changer,0
590,2025-09-01,organic,desktop,professional_upskill,1
591,2025-09-01,organic,mobile,student,0
592,2025-12-01,partner_referral,desktop,career_changer,1
593,2025-12-01,organic,mobile,professional_upskill,0
594,2025-11-01,paid_ads,mobile,career_changer,1
595,2025-09-01,social_media,mobile,professional_upskill,0
596,2025-11-01,paid_ads,desktop,professional_upskill,0
597,2025-11-01,partner_referral,mobile,career_changer,0
598,2025-10-01,organic,mobile,career_changer,0
599,2025-09-01,organic,mobile,career_changer,0
600,2025-09-01,organic,desktop,professional_upskill,0
601,2025-10-01,organic,desktop,career_changer,0
602,2025-11-01,organic,desktop,student,1
603,2025-09-01,organic,desktop,career_changer,1
604,2025-11-01,organic,desktop,student,0
605,2025-10-01,organic,mobile,professional_upskill,0
606,2025-12-01,paid_ads,desktop,student,0
607,2025-11-01,organic,mobile,career_changer,0
608,2025-09-01,paid_ads,desktop,professional_upskill,1
609,2025-12-01,paid_ads,desktop,student,0
610,2025-11-01,partner_referral,desktop,student,1
611,2025-11-01,organic,desktop,career_changer,0
612,2025-12-01,corporate,mobile,student,1
613,2025-12-01,partner_referral,desktop,student,1
614,2025-12-01,organic,desktop,professional_upskill,0
615,2025-09-01,social_media,desktop,professional_upskill,0
616,2025-09-01,social_media,mobile,professional_upskill,0
617,2025-11-01,organic,desktop,professional_upskill,1
618,2025-11-01,organic,desktop,student,0
619,2025-10-01,corporate,desktop,student,1
620,2025-09-01,corporate,desktop,student,1
621,2025-11-01,organic,desktop,professional_upskill,0
622,2025-12-01,organic,mobile,professional_upskill,0
623,2025-12-01,paid_ads,desktop,student,0
624,2025-09-01,paid_ads,desktop,career_changer,0
625,2025-12-01,partner_referral,desktop,career_changer,1
626,2025-10-01,paid_ads,desktop,career_changer,0
627,2025-11-01,paid_ads,desktop,professional_upskill,0
628,2025-11-01,corporate,tablet,career_changer,0
629,2025-11-01,organic,mobile,professional_upskill,0
630,2025-09-01,organic,mobile,career_changer,0
631,2025-12-01,corporate,mobile,professional_upskill,0
632,2025-10-01,social_media,desktop,professional_upskill,0
633,2025-09-01,paid_ads,desktop,professional_upskill,0
634,2025-11-01,paid_ads,desktop,student,0
635,2025-10-01,organic,desktop,student,0
636,2025-11-01,paid_ads,desktop,career_changer,0
637,2025-11-01,paid_ads,desktop,career_changer,0
638,2025-09-01,organic,mobile,career_changer,1
639,2025-11-01,organic,mobile,professional_upskill,1
640,2025-10-01,paid_ads,mobile,student,0
641,2025-11-01,organic,mobile,career_changer,0
642,2025-12-01,paid_ads,desktop,student,0
643,2025-11-01,organic,desktop,professional_upskill,0
644,2025-09-01,paid_ads,mobile,professional_upskill,0
645,2025-10-01,organic,desktop,career_changer,0
646,2025-09-01,social_media,desktop,student,0
647,2025-12-01,partner_referral,desktop,professional_upskill,0
648,2025-11-01,partner_referral,desktop,professional_upskill,0
649,2025-09-01,corporate,desktop,career_changer,1
650,2025-09-01,paid_ads,desktop,professional_upskill,1
651,2025-09-01,organic,desktop,professional_upskill,1
652,2025-09-01,paid_ads,mobile,career_changer,0
653,2025-12-01,partner_referral,desktop,career_changer,0
654,2025-12-01,corporate,desktop,student,1
655,2025-11-01,paid_ads,desktop,career_changer,0
656,2025-11-01,organic,desktop,career_changer,1
657,2025-10-01,organic,mobile,student,1
658,2025-12-01,paid_ads,mobile,student,0
659,2025-09-01,partner_referral,mobile,student,1
660,2025-09-01,partner_referral,desktop,student,1
661,2025-10-01,paid_ads,desktop,career_changer,0
662,2025-09-01,social_media,desktop,career_changer,0
663,2025-10-01,partner_referral,desktop,career_changer,0
664,2025-11-01,organic,desktop,career_changer,0
665,2025-12-01,organic,desktop,career_changer,0
666,2025-10-01,organic,desktop,professional_upskill,0
667,2025-09-01,organic,mobile,career_changer,1
668,2025-10-01,organic,desktop,professional_upskill,1
669,2025-11-01,organic,mobile,career_changer,0
670,2025-09-01,organic,desktop,career_changer,0
671,2025-11-01,organic,desktop,student,0
672,2025-11-01,social_media,tablet,professional_upskill,0
673,2025-10-01,organic,tablet,professional_upskill,1
674,2025-11-01,paid_ads,desktop,professional_upskill,1
675,2025-09-01,paid_ads,desktop,professional_upskill,1
676,2025-11-01,social_media,desktop,student,0
677,2025-11-01,organic,desktop,career_changer,0
678,2025-10-01,paid_ads,mobile,career_changer,1
679,2025-11-01,social_media,tablet,career_changer,0
680,2025-12-01,social_media,mobile,student,1
681,2025-10-01,corporate,desktop,professional_upskill,1
682,2025-10-01,organic,desktop,professional_upskill,0
683,2025-09-01,organic,desktop,career_changer,1
684,2025-09-01,partner_referral,mobile,student,1
685,2025-09-01,social_media,mobile,student,0
686,2025-09-01,partner_referral,desktop,professional_upskill,1
687,2025-12-01,partner_referral,desktop,student,0
688,2025-10-01,organic,desktop,professional_upskill,1
689,2025-11-01,corporate,desktop,professional_upskill,0
690,2025-09-01,organic,mobile,career_changer,1
691,2025-09-01,paid_ads,desktop,career_changer,0
692,2025-09-01,paid_ads,desktop,student,0
693,2025-11-01,paid_ads,desktop,professional_upskill,1
694,2025-09-01,organic,mobile,career_changer,1
695,2025-11-01,organic,desktop,professional_upskill,1
696,2025-10-01,partner_referral,mobile,career_changer,1
697,2025-10-01,organic,mobile,professional_upskill,1
698,2025-10-01,partner_referral,mobile,student,0
699,2025-12-01,organic,desktop,career_changer,0
700,2025-11-01,paid_ads,desktop,professional_upskill,0
701,2025-09-01,paid_ads,desktop,professional_upskill,1
702,2025-09-01,organic,desktop,professional_upskill,1
703,2025-09-01,paid_ads,desktop,student,0
704,2025-09-01,organic,desktop,professional_upskill,0
705,2025-12-01,organic,desktop,professional_upskill,0
706,2025-09-01,social_media,mobile,student,0
707,2025-12-01,paid_ads,desktop,professional_upskill,0
708,2025-11-01,corporate,mobile,student,0
709,2025-10-01,organic,mobile,professional_upskill,0
710,2025-09-01,partner_referral,mobile,student,0
711,2025-10-01,corporate,mobile,professional_upskill,1
712,2025-11-01,partner_referral,mobile,student,0
713,2025-11-01,paid_ads,mobile,career_changer,1
714,2025-09-01,paid_ads,desktop,career_changer,0
715,2025-11-01,paid_ads,desktop,student,0
716,2025-10-01,social_media,desktop,career_changer,0
717,2025-09-01,corporate,desktop,student,0
718,2025-12-01,social_media,desktop,professional_upskill,0
719,2025-09-01,organic,desktop,professional_upskill,1
720,2025-10-01,corporate,desktop,professional_upskill,1
721,2025-09-01,social_media,desktop,professional_upskill,0
722,2025-09-01,organic,desktop,career_changer,0
723,2025-10-01,organic,mobile,student,0
724,2025-09-01,corporate,desktop,career_changer,0
725,2025-09-01,partner_referral,mobile,student,1
726,2025-10-01,corporate,desktop,professional_upskill,1
727,2025-11-01,organic,mobile,student,0
728,2025-10-01,corporate,mobile,professional_upskill,0
729,2025-09-01,organic,mobile,student,0
730,2025-12-01,organic,mobile,professional_upskill,0
731,2025-12-01,organic,desktop,student,0
732,2025-10-01,corporate,tablet,student,1
733,2025-12-01,partner_referral,mobile,professional_upskill,1
734,2025-09-01,paid_ads,mobile,student,1
735,2025-09-01,paid_ads,mobile,professional_upskill,0
736,2025-10-01,social_media,desktop,career_changer,0
737,2025-09-01,paid_ads,mobile,student,1
738,2025-11-01,corporate,desktop,professional_upskill,0
739,2025-09-01,paid_ads,desktop,career_changer,0
740,2025-10-01,paid_ads,desktop,professional_upskill,0
741,2025-11-01,paid_ads,mobile,career_changer,0
742,2025-11-01,paid_ads,desktop,career_changer,0
743,2025-12-01,corporate,desktop,student,1
744,2025-09-01,paid_ads,desktop,student,0
745,2025-10-01,organic,mobile,career_changer,0
746,2025-12-01,social_media,desktop,career_changer,0
747,2025-12-01,paid_ads,desktop,career_changer,0
748,2025-09-01,paid_ads,desktop,professional_upskill,1
749,2025-09-01,social_media,mobile,professional_upskill,0
750,2025-10-01,partner_referral,tablet,student,1
751,2025-12-01,organic,mobile,student,0
752,2025-10-01,social_media,desktop,career_changer,0
753,2025-12-01,partner_referral,mobile,student,1
754,2025-12-01,paid_ads,desktop,student,1
755,2025-12-01,organic,desktop,student,0
756,2025-09-01,corporate,desktop,professional_upskill,0
757,2025-12-01,partner_referral,desktop,professional_upskill,1
758,2025-12-01,paid_ads,mobile,student,0
759,2025-12-01,social_media,desktop,student,0
760,2025-11-01,corporate,desktop,professional_upskill,1
761,2025-09-01,organic,desktop,career_changer,1
762,2025-11-01,paid_ads,desktop,professional_upskill,0
763,2025-09-01,organic,desktop,professional_upskill,1
764,2025-10-01,corporate,desktop,career_changer,0
765,2025-11-01,organic,desktop,student,0
766,2025-10-01,partner_referral,mobile,professional_upskill,1
767,2025-12-01,corporate,mobile,professional_upskill,1
768,2025-10-01,social_media,mobile,career_changer,0
769,2025-10-01,paid_ads,desktop,professional_upskill,1
770,2025-10-01,corporate,mobile,student,1
771,2025-10-01,organic,mobile,career_changer,0
772,2025-09-01,corporate,mobile,professional_upskill,1
773,2025-11-01,organic,mobile,professional_upskill,1
774,2025-09-01,paid_ads,desktop,career_changer,0
775,2025-09-01,corporate,tablet,professional_upskill,1
776,2025-09-01,organic,desktop,student,1
777,2025-10-01,organic,desktop,student,1
778,2025-09-01,corporate,desktop,career_changer,1
779,2025-11-01,corporate,desktop,student,1
780,2025-09-01,partner_referral,tablet,career_changer,0
781,2025-12-01,partner_referral,desktop,student,0
782,2025-10-01,paid_ads,desktop,professional_upskill,0
783,2025-12-01,organic,mobile,professional_upskill,1
784,2025-11-01,paid_ads,desktop,career_changer,0
785,2025-11-01,organic,desktop,student,0
786,2025-11-01,social_media,desktop,career_changer,0
787,2025-11-01,partner_referral,mobile,professional_upskill,1
788,2025-09-01,paid_ads,desktop,career_changer,0
789,2025-10-01,paid_ads,mobile,student,0
790,2025-11-01,social_media,desktop,student,0
791,2025-12-01,organic,desktop,student,1
792,2025-11-01,partner_referral,desktop,student,0
793,2025-10-01,paid_ads,desktop,professional_upskill,0
794,2025-12-01,partner_referral,mobile,professional_upskill,0
795,2025-12-01,organic,mobile,student,1
796,2025-12-01,social_media,desktop,student,0
797,2025-09-01,social_media,desktop,student,0
798,2025-11-01,partner_referral,mobile,professional_upskill,1
799,2025-09-01,partner_referral,desktop,career_changer,1
800,2025-12-01,social_media,desktop,professional_upskill,0
801,2025-09-01,corporate,tablet,career_changer,1
802,2025-09-01,organic,desktop,career_changer,0
803,2025-09-01,partner_referral,tablet,career_changer,0
804,2025-11-01,partner_referral,desktop,student,1
805,2025-12-01,paid_ads,mobile,career_changer,0
806,2025-12-01,corporate,desktop,career_changer,0
807,2025-11-01,social_media,desktop,student,0
808,2025-09-01,social_media,desktop,student,0
809,2025-09-01,paid_ads,desktop,career_changer,1
810,2025-10-01,organic,desktop,career_changer,0
811,2025-10-01,social_media,desktop,career_changer,0
812,2025-10-01,corporate,desktop,professional_upskill,1
813,2025-11-01,organic,mobile,student,1
814,2025-12-01,social_media,desktop,student,1
815,2025-10-01,social_media,desktop,student,0
816,2025-12-01,paid_ads,desktop,career_changer,0
817,2025-12-01,partner_referral,desktop,career_changer,0
818,2025-12-01,paid_ads,desktop,professional_upskill,0
819,2025-11-01,organic,desktop,student,1
820,2025-11-01,paid_ads,mobile,career_changer,0
821,2025-11-01,corporate,desktop,professional_upskill,1
822,2025-11-01,organic,desktop,professional_upskill,0
823,2025-10-01,paid_ads,mobile,professional_upskill,1
824,2025-09-01,paid_ads,mobile,professional_upskill,0
825,2025-09-01,paid_ads,desktop,professional_upskill,0
826,2025-09-01,social_media,mobile,student,0
827,2025-10-01,paid_ads,desktop,student,0
828,2025-09-01,paid_ads,mobile,student,0
829,2025-10-01,corporate,desktop,professional_upskill,0
830,2025-10-01,paid_ads,mobile,professional_upskill,0
831,2025-10-01,organic,tablet,student,0
832,2025-09-01,paid_ads,desktop,career_changer,0
833,2025-12-01,organic,mobile,professional_upskill,1
834,2025-09-01,organic,desktop,professional_upskill,1
835,2025-09-01,paid_ads,desktop,career_changer,0
836,2025-11-01,paid_ads,desktop,professional_upskill,0
837,2025-10-01,social_media,desktop,student,1
838,2025-12-01,paid_ads,mobile,student,0
839,2025-11-01,partner_referral,desktop,career_changer,1
840,2025-12-01,partner_referral,desktop,career_changer,0
841,2025-12-01,organic,desktop,student,1
842,2025-10-01,partner_referral,desktop,professional_upskill,1
843,2025-09-01,organic,mobile,professional_upskill,1
844,2025-10-01,social_media,desktop,professional_upskill,0
845,2025-10-01,organic,mobile,student,0
846,2025-11-01,paid_ads,mobile,career_changer,0
847,2025-10-01,organic,mobile,career_changer,0
848,2025-09-01,social_media,desktop,student,0
849,2025-12-01,paid_ads,mobile,career_changer,0
850,2025-10-01,partner_referral,desktop,student,1
851,2025-12-01,organic,mobile,student,0
852,2025-10-01,corporate,desktop,professional_upskill,1
853,2025-12-01,organic,desktop,student,0
854,2025-10-01,social_media,desktop,professional_upskill,0
855,2025-11-01,organic,mobile,career_changer,0
856,2025-12-01,organic,desktop,professional_upskill,1
857,2025-10-01,organic,desktop,student,0
858,2025-10-01,paid_ads,desktop,career_changer,1
859,2025-11-01,partner_referral,mobile,student,1
860,2025-11-01,organic,mobile,professional_upskill,1
861,2025-11-01,corporate,desktop,career_changer,0
862,2025-12-01,paid_ads,desktop,student,0
863,2025-12-01,paid_ads,desktop,professional_upskill,0
864,2025-11-01,paid_ads,desktop,career_changer,1
865,2025-09-01,paid_ads,mobile,student,0
866,2025-09-01,partner_referral,desktop,career_changer,1
867,2025-10-01,organic,desktop,professional_upskill,0
868,2025-09-01,organic,desktop,student,1
869,2025-10-01,social_media,desktop,career_changer,0
870,2025-12-01,social_media,desktop,student,1
871,2025-12-01,paid_ads,desktop,career_changer,1
872,2025-09-01,organic,desktop,professional_upskill,1
873,2025-12-01,partner_referral,desktop,career_changer,0
874,2025-11-01,paid_ads,desktop,career_changer,0
875,2025-11-01,organic,desktop,student,1
876,2025-09-01,organic,desktop,student,1
877,2025-09-01,corporate,mobile,student,1
878,2025-10-01,partner_referral,desktop,career_changer,0
879,2025-12-01,organic,mobile,career_changer,1
880,2025-10-01,organic,mobile,professional_upskill,1
881,2025-10-01,organic,mobile,student,1
882,2025-11-01,partner_referral,desktop,career_changer,0
883,2025-11-01,organic,desktop,career_changer,0
884,2025-11-01,organic,desktop,career_changer,0
885,2025-11-01,corporate,mobile,professional_upskill,1
886,2025-10-01,organic,desktop,student,1
887,2025-11-01,partner_referral,mobile,student,0
888,2025-12-01,organic,mobile,professional_upskill,0
889,2025-11-01,organic,desktop,student,0
890,2025-11-01,organic,desktop,student,0
891,2025-11-01,corporate,mobile,student,0
892,2025-09-01,social_media,desktop,student,0
893,2025-12-01,corporate,desktop,career_changer,0
894,2025-12-01,paid_ads,mobile,student,0
895,2025-10-01,partner_referral,desktop,career_changer,0
896,2025-10-01,organic,mobile,career_changer,1
897,2025-11-01,organic,mobile,career_changer,0
898,2025-09-01,social_media,mobile,professional_upskill,0
899,2025-10-01,organic,desktop,student,0
900,2025-10-01,organic,desktop,professional_upskill,1
901,2025-11-01,organic,desktop,career_changer,0
902,2025-11-01,organic,desktop,professional_upskill,0
903,2025-10-01,organic,desktop,career_changer,0
904,2025-10-01,partner_referral,desktop,career_changer,0
905,2025-12-01,paid_ads,desktop,professional_upskill,0
906,2025-09-01,social_media,desktop,professional_upskill,1
907,2025-12-01,corporate,mobile,student,0
908,2025-10-01,paid_ads,desktop,student,0
909,2025-12-01,organic,desktop,career_changer,0
910,2025-12-01,paid_ads,mobile,professional_upskill,0
911,2025-10-01,partner_referral,tablet,student,0
912,2025-11-01,organic,desktop,professional_upskill,1
913,2025-10-01,partner_referral,desktop,professional_upskill,0
914,2025-11-01,paid_ads,desktop,professional_upskill,0
915,2025-10-01,partner_referral,mobile,career_changer,0
916,2025-10-01,paid_ads,mobile,career_changer,0
917,2025-10-01,organic,mobile,professional_upskill,1
918,2025-09-01,social_media,desktop,career_changer,0
919,2025-11-01,corporate,desktop,professional_upskill,1
920,2025-09-01,organic,desktop,student,0
921,2025-10-01,social_media,mobile,professional_upskill,0
922,2025-12-01,paid_ads,mobile,student,0
923,2025-09-01,social_media,tablet,student,0
924,2025-11-01,corporate,desktop,professional_upskill,1
925,2025-10-01,paid_ads,desktop,career_changer,0
926,2025-09-01,organic,desktop,professional_upskill,1
927,2025-12-01,organic,mobile,student,0
928,2025-09-01,paid_ads,mobile,career_changer,0
929,2025-11-01,partner_referral,desktop,career_changer,0
930,2025-09-01,organic,desktop,career_changer,0
931,2025-12-01,organic,desktop,student,0
932,2025-12-01,corporate,desktop,professional_upskill,1
933,2025-11-01,social_media,mobile,professional_upskill,1
934,2025-12-01,paid_ads,desktop,student,0
935,2025-10-01,organic,mobile,student,0
936,2025-12-01,organic,desktop,professional_upskill,0
937,2025-10-01,organic,mobile,professional_upskill,0
938,2025-09-01,social_media,desktop,professional_upskill,0
939,2025-10-01,organic,mobile,professional_upskill,0
940,2025-10-01,partner_referral,desktop,career_changer,0
941,2025-09-01,organic,desktop,career_changer,0
942,2025-12-01,partner_referral,desktop,student,0
943,2025-10-01,partner_referral,desktop,student,0
944,2025-12-01,corporate,desktop,professional_upskill,1
945,2025-09-01,organic,desktop,student,1
946,2025-11-01,organic,tablet,professional_upskill,1
947,2025-12-01,organic,desktop,professional_upskill,0
948,2025-12-01,social_media,mobile,professional_upskill,0
949,2025-11-01,social_media,tablet,professional_upskill,0
950,2025-11-01,partner_referral,desktop,career_changer,0
951,2025-09-01,partner_referral,mobile,professional_upskill,1
952,2025-12-01,partner_referral,desktop,student,1
953,2025-12-01,organic,desktop,student,1
954,2025-09-01,social_media,desktop,professional_upskill,0
955,2025-12-01,paid_ads,mobile,student,1
956,2025-10-01,paid_ads,desktop,professional_upskill,1
957,2025-10-01,paid_ads,desktop,professional_upskill,1
958,2025-10-01,organic,desktop,professional_upskill,0
959,2025-12-01,organic,mobile,student,1
960,2025-10-01,corporate,desktop,professional_upskill,0
961,2025-10-01,organic,mobile,student,0
962,2025-09-01,partner_referral,mobile,professional_upskill,0
963,2025-09-01,organic,mobile,student,0
964,2025-11-01,paid_ads,mobile,professional_upskill,0
965,2025-11-01,organic,mobile,student,1
966,2025-11-01,paid_ads,desktop,student,0
967,2025-11-01,corporate,desktop,career_changer,0
968,2025-09-01,organic,desktop,student,0
969,2025-09-01,partner_referral,desktop,professional_upskill,0
970,2025-09-01,paid_ads,desktop,student,0
971,2025-10-01,partner_referral,desktop,student,0
972,2025-10-01,social_media,desktop,career_changer,0
973,2025-11-01,corporate,tablet,student,1
974,2025-10-01,organic,desktop,career_changer,0
975,2025-12-01,organic,mobile,professional_upskill,1
976,2025-09-01,organic,desktop,student,1
977,2025-11-01,partner_referral,mobile,student,1
978,2025-11-01,organic,mobile,student,1
979,2025-12-01,paid_ads,desktop,career_changer,0
980,2025-10-01,partner_referral,desktop,career_changer,0
981,2025-11-01,paid_ads,desktop,career_changer,0
982,2025-10-01,corporate,desktop,professional_upskill,1
983,2025-10-01,organic,mobile,student,1
984,2025-12-01,organic,mobile,career_changer,1
985,2025-11-01,corporate,desktop,career_changer,1
986,2025-10-01,paid_ads,desktop,career_changer,0
987,2025-10-01,partner_referral,desktop,professional_upskill,1
988,2025-12-01,paid_ads,desktop,career_changer,1
989,2025-12-01,organic,desktop,professional_upskill,0
990,2025-10-01,corporate,desktop,student,0
991,2025-12-01,corporate,desktop,student,0
992,2025-10-01,partner_referral,desktop,student,1
993,2025-11-01,organic,desktop,career_changer,1
994,2025-09-01,partner_referral,mobile,student,1
995,2025-12-01,paid_ads,desktop,student,1
996,2025-09-01,organic,tablet,career_changer,0
997,2025-10-01,social_media,mobile,student,1
998,2025-10-01,organic,desktop,student,0
999,2025-10-01,social_media,desktop,student,1
1000,2025-09-01,paid_ads,mobile,professional_upskill,0
1001,2025-10-01,organic,mobile,student,0
1002,2025-12-01,paid_ads,mobile,professional_upskill,1
1003,2025-11-01,social_media,desktop,career_changer,0
1004,2025-11-01,corporate,tablet,career_changer,0
1005,2025-12-01,corporate,desktop,student,0
1006,2025-11-01,partner_referral,mobile,career_changer,1
1007,2025-09-01,partner_referral,mobile,career_changer,0
1008,2025-10-01,corporate,desktop,career_changer,1
1009,2025-10-01,organic,mobile,student,0
1010,2025-10-01,paid_ads,desktop,student,0
1011,2025-09-01,organic,tablet,professional_upskill,1
1012,2025-09-01,social_media,desktop,career_changer,1
1013,2025-09-01,social_media,tablet,career_changer,0
1014,2025-12-01,organic,desktop,career_changer,0
1015,2025-09-01,corporate,mobile,professional_upskill,0
1016,2025-11-01,social_media,desktop,career_changer,0
1017,2025-12-01,organic,desktop,career_changer,0
1018,2025-12-01,partner_referral,desktop,professional_upskill,0
1019,2025-12-01,social_media,mobile,professional_upskill,0
1020,2025-09-01,organic,desktop,student,1
1021,2025-12-01,partner_referral,desktop,student,1
1022,2025-09-01,organic,desktop,professional_upskill,0
1023,2025-09-01,social_media,tablet,professional_upskill,0
1024,2025-12-01,social_media,desktop,career_changer,0
1025,2025-10-01,social_media,desktop,career_changer,0
1026,2025-10-01,paid_ads,desktop,career_changer,0
1027,2025-12-01,social_media,desktop,career_changer,0
1028,2025-10-01,corporate,desktop,professional_upskill,1
1029,2025-11-01,paid_ads,desktop,student,1
1030,2025-11-01,corporate,mobile,professional_upskill,0
1031,2025-09-01,organic,mobile,professional_upskill,0
1032,2025-10-01,partner_referral,desktop,career_changer,1
1033,2025-11-01,organic,desktop,student,0
1034,2025-12-01,organic,mobile,student,1
1035,2025-10-01,organic,desktop,career_changer,0
1036,2025-11-01,partner_referral,mobile,professional_upskill,0
1037,2025-11-01,paid_ads,desktop,career_changer,0
1038,2025-12-01,corporate,desktop,career_changer,1
1039,2025-09-01,organic,desktop,career_changer,1
1040,2025-12-01,paid_ads,mobile,professional_upskill,0
1041,2025-09-01,paid_ads,desktop,student,0
1042,2025-11-01,corporate,desktop,career_changer,0
1043,2025-09-01,paid_ads,desktop,professional_upskill,0
1044,2025-11-01,partner_referral,mobile,career_changer,1
1045,2025-11-01,social_media,mobile,professional_upskill,0
1046,2025-10-01,partner_referral,desktop,career_changer,0
1047,2025-09-01,organic,desktop,professional_upskill,1
1048,2025-09-01,organic,mobile,student,0
1049,2025-09-01,social_media,desktop,career_changer,1
1050,2025-12-01,organic,desktop,student,0
1051,2025-10-01,social_media,desktop,student,0
1052,2025-10-01,paid_ads,mobile,career_changer,0
1053,2025-10-01,social_media,desktop,student,0
1054,2025-12-01,corporate,mobile,professional_upskill,1
1055,2025-09-01,social_media,desktop,professional_upskill,0
1056,2025-09-01,paid_ads,desktop,student,0
1057,2025-09-01,corporate,mobile,career_changer,0
1058,2025-10-01,paid_ads,desktop,career_changer,0
1059,2025-10-01,paid_ads,desktop,professional_upskill,0
1060,2025-11-01,partner_referral,mobile,career_changer,1
1061,2025-12-01,social_media,mobile,student,0
1062,2025-12-01,social_media,mobile,professional_upskill,0
1063,2025-10-01,corporate,tablet,professional_upskill,1
1064,2025-11-01,paid_ads,mobile,career_changer,0
1065,2025-09-01,paid_ads,desktop,professional_upskill,1
1066,2025-10-01,corporate,desktop,professional_upskill,1
1067,2025-12-01,organic,mobile,career_changer,1
1068,2025-12-01,organic,desktop,career_changer,0
1069,2025-12-01,paid_ads,desktop,professional_upskill,0
1070,2025-09-01,organic,desktop,student,0
1071,2025-12-01,organic,desktop,student,0
1072,2025-09-01,organic,mobile,student,0
1073,2025-09-01,organic,desktop,professional_upskill,1
1074,2025-09-01,organic,desktop,professional_upskill,1
1075,2025-10-01,social_media,tablet,student,0
1076,2025-09-01,paid_ads,desktop,professional_upskill,0
1077,2025-11-01,paid_ads,desktop,professional_upskill,1
1078,2025-12-01,partner_referral,desktop,professional_upskill,1
1079,2025-10-01,organic,mobile,student,1
1080,2025-12-01,social_media,mobile,career_changer,0
1081,2025-09-01,corporate,mobile,professional_upskill,1
1082,2025-10-01,organic,mobile,career_changer,0
1083,2025-11-01,paid_ads,desktop,professional_upskill,0
1084,2025-09-01,social_media,mobile,professional_upskill,0
1085,2025-12-01,social_media,mobile,career_changer,0
1086,2025-11-01,paid_ads,desktop,professional_upskill,0
1087,2025-09-01,partner_referral,desktop,student,1
1088,2025-11-01,organic,tablet,student,1
1089,2025-09-01,social_media,mobile,student,1
1090,2025-10-01,organic,mobile,career_changer,0
1091,2025-09-01,social_media,mobile,career_changer,0
1092,2025-10-01,partner_referral,desktop,professional_upskill,1
1093,2025-09-01,partner_referral,mobile,professional_upskill,1
1094,2025-09-01,paid_ads,desktop,career_changer,0
1095,2025-12-01,organic,desktop,professional_upskill,0
1096,2025-11-01,organic,mobile,student,0
1097,2025-11-01,organic,desktop,student,1
1098,2025-11-01,organic,mobile,career_changer,0
1099,2025-09-01,corporate,desktop,career_changer,0
1100,2025-09-01,paid_ads,desktop,professional_upskill,1
1101,2025-09-01,organic,desktop,career_changer,0
1102,2025-10-01,social_media,desktop,professional_upskill,1
1103,2025-10-01,social_media,desktop,professional_upskill,0
1104,2025-12-01,social_media,desktop,professional_upskill,0
1105,2025-09-01,social_media,tablet,student,1
1106,2025-11-01,organic,desktop,career_changer,0
1107,2025-11-01,paid_ads,desktop,career_changer,1
1108,2025-12-01,corporate,desktop,professional_upskill,1
1109,2025-11-01,partner_referral,desktop,student,0
1110,2025-12-01,organic,desktop,career_changer,0
1111,2025-09-01,corporate,mobile,student,1
1112,2025-11-01,organic,mobile,career_changer,0
1113,2025-09-01,organic,desktop,student,0
1114,2025-10-01,paid_ads,desktop,student,0
1115,2025-11-01,partner_referral,mobile,career_changer,1
1116,2025-10-01,partner_referral,mobile,student,0
1117,2025-11-01,organic,mobile,student,1
1118,2025-09-01,social_media,desktop,student,0
1119,2025-12-01,organic,desktop,student,1
1120,2025-09-01,organic,desktop,professional_upskill,0
1121,2025-09-01,social_media,desktop,career_changer,1
1122,2025-09-01,social_media,desktop,professional_upskill,1
1123,2025-11-01,social_media,desktop,career_changer,0
1124,2025-12-01,corporate,desktop,professional_upskill,0
1125,2025-10-01,partner_referral,mobile,career_changer,0
1126,2025-09-01,partner_referral,mobile,career_changer,0
1127,2025-11-01,organic,desktop,career_changer,0
1128,2025-10-01,paid_ads,mobile,professional_upskill,0
1129,2025-09-01,paid_ads,desktop,career_changer,0
1130,2025-10-01,organic,mobile,student,0
1131,2025-09-01,corporate,desktop,student,0
1132,2025-10-01,paid_ads,desktop,career_changer,0
1133,2025-10-01,organic,mobile,career_changer,0
1134,2025-12-01,organic,desktop,student,0
1135,2025-12-01,partner_referral,mobile,career_changer,0
1136,2025-09-01,organic,desktop,career_changer,0
1137,2025-11-01,social_media,desktop,professional_upskill,0
1138,2025-12-01,paid_ads,desktop,student,1
1139,2025-10-01,paid_ads,desktop,student,0
1140,2025-12-01,partner_referral,desktop,professional_upskill,1
1141,2025-12-01,corporate,mobile,career_changer,0
1142,2025-09-01,paid_ads,mobile,student,0
1143,2025-12-01,partner_referral,mobile,professional_upskill,1
1144,2025-12-01,partner_referral,tablet,career_changer,0
1145,2025-10-01,organic,desktop,career_changer,0
1146,2025-12-01,social_media,mobile,professional_upskill,0
1147,2025-10-01,corporate,desktop,professional_upskill,0
1148,2025-12-01,partner_referral,mobile,career_changer,0
1149,2025-12-01,social_media,desktop,student,0
1150,2025-11-01,social_media,tablet,student,0
1151,2025-12-01,corporate,mobile,student,1
1152,2025-10-01,corporate,tablet,student,1
1153,2025-10-01,partner_referral,mobile,career_changer,1
1154,2025-09-01,partner_referral,mobile,professional_upskill,0
1155,2025-09-01,partner_referral,mobile,professional_upskill,0
1156,2025-11-01,corporate,desktop,career_changer,0
1157,2025-10-01,organic,desktop,career_changer,0
1158,2025-10-01,social_media,desktop,student,0
1159,2025-10-01,social_media,desktop,student,0
1160,2025-11-01,organic,desktop,student,1
1161,2025-10-01,corporate,desktop,professional_upskill,1
1162,2025-09-01,organic,desktop,student,1
1163,2025-11-01,paid_ads,tablet,professional_upskill,0
1164,2025-09-01,corporate,mobile,career_changer,0
1165,2025-09-01,organic,desktop,student,1
1166,2025-11-01,corporate,desktop,student,1
1167,2025-12-01,corporate,desktop,career_changer,0
1168,2025-12-01,paid_ads,desktop,professional_upskill,0
1169,2025-09-01,organic,mobile,professional_upskill,1
1170,2025-12-01,organic,desktop,student,0
1171,2025-10-01,partner_referral,desktop,career_changer,0
1172,2025-11-01,social_media,mobile,student,0
1173,2025-09-01,partner_referral,mobile,professional_upskill,0
1174,2025-10-01,organic,desktop,professional_upskill,0
1175,2025-12-01,partner_referral,mobile,career_changer,1
1176,2025-10-01,paid_ads,desktop,career_changer,1
1177,2025-12-01,corporate,desktop,career_changer,0
1178,2025-09-01,organic,desktop,student,1
1179,2025-10-01,corporate,desktop,student,1
1180,2025-11-01,paid_ads,desktop,career_changer,0
1181,2025-09-01,social_media,desktop,professional_upskill,0
1182,2025-10-01,paid_ads,mobile,career_changer,0
1183,2025-10-01,partner_referral,mobile,student,1
1184,2025-12-01,social_media,desktop,professional_upskill,0
1185,2025-09-01,organic,desktop,student,0
1186,2025-09-01,social_media,mobile,student,0
1187,2025-09-01,partner_referral,desktop,student,1
1188,2025-09-01,organic,mobile,career_changer,0
1189,2025-12-01,paid_ads,mobile,career_changer,0
1190,2025-11-01,corporate,desktop,career_changer,0
1191,2025-09-01,organic,desktop,professional_upskill,0
1192,2025-12-01,partner_referral,desktop,student,1
1193,2025-11-01,paid_ads,desktop,professional_upskill,0
1194,2025-11-01,partner_referral,desktop,student,1
1195,2025-12-01,organic,desktop,professional_upskill,1
1196,2025-09-01,social_media,desktop,professional_upskill,0
1197,2025-11-01,social_media,desktop,professional_upskill,1
1198,2025-09-01,social_media,desktop,career_changer,0
1199,2025-09-01,corporate,desktop,professional_upskill,1
1200,2025-10-01,organic,desktop,student,1
1201,2025-09-01,corporate,desktop,professional_upskill,1
1202,2025-10-01,organic,desktop,student,1
1203,2025-11-01,organic,mobile,student,1
1204,2025-12-01,paid_ads,desktop,career_changer,0
1205,2025-10-01,paid_ads,mobile,professional_upskill,0
1206,2025-12-01,corporate,desktop,student,0
1207,2025-11-01,partner_referral,desktop,professional_upskill,1
1208,2025-09-01,paid_ads,desktop,professional_upskill,0
1209,2025-11-01,organic,mobile,career_changer,0
1210,2025-12-01,social_media,desktop,career_changer,0
1211,2025-11-01,paid_ads,desktop,professional_upskill,0
1212,2025-09-01,paid_ads,desktop,student,0
1213,2025-11-01,organic,desktop,career_changer,0
1214,2025-09-01,corporate,desktop,professional_upskill,1
1215,2025-10-01,partner_referral,mobile,professional_upskill,0
1216,2025-12-01,organic,desktop,professional_upskill,1
1217,2025-09-01,organic,mobile,student,0
1218,2025-09-01,partner_referral,desktop,student,1
1219,2025-11-01,partner_referral,mobile,student,0
1220,2025-10-01,organic,mobile,career_changer,0
1221,2025-09-01,social_media,desktop,student,1
1222,2025-10-01,organic,mobile,career_changer,0
1223,2025-10-01,paid_ads,mobile,career_changer,1
1224,2025-11-01,social_media,desktop,professional_upskill,0
1225,2025-09-01,paid_ads,desktop,professional_upskill,0
1226,2025-11-01,partner_referral,mobile,professional_upskill,0
1227,2025-12-01,paid_ads,desktop,student,0
1228,2025-12-01,organic,desktop,student,1
1229,2025-09-01,social_media,mobile,professional_upskill,0
1230,2025-10-01,paid_ads,desktop,career_changer,1
1231,2025-09-01,social_media,mobile,career_changer,0
1232,2025-09-01,organic,mobile,student,0
1233,2025-12-01,organic,tablet,student,0
1234,2025-12-01,organic,desktop,career_changer,0
1235,2025-10-01,partner_referral,desktop,professional_upskill,1
1236,2025-10-01,paid_ads,desktop,professional_upskill,0
1237,2025-09-01,social_media,desktop,career_changer,0
1238,2025-11-01,paid_ads,desktop,career_changer,0
1239,2025-09-01,social_media,desktop,professional_upskill,1
1240,2025-10-01,organic,desktop,career_changer,0
1241,2025-11-01,social_media,desktop,career_changer,0
1242,2025-12-01,corporate,desktop,professional_upskill,1
1243,2025-10-01,corporate,mobile,professional_upskill,1
1244,2025-10-01,corporate,mobile,professional_upskill,1
1245,2025-11-01,corporate,mobile,student,1
1246,2025-10-01,partner_referral,desktop,career_changer,0
1247,2025-10-01,organic,tablet,professional_upskill,1
1248,2025-10-01,organic,mobile,student,0
1249,2025-10-01,social_media,desktop,professional_upskill,0
1250,2025-10-01,partner_referral,desktop,student,0
1251,2025-10-01,corporate,desktop,professional_upskill,0
1252,2025-10-01,paid_ads,desktop,career_changer,0
1253,2025-10-01,organic,desktop,student,1
1254,2025-12-01,organic,desktop,career_changer,0
1255,2025-10-01,partner_referral,mobile,professional_upskill,0
1256,2025-12-01,paid_ads,desktop,career_changer,0
1257,2025-12-01,organic,desktop,career_changer,1
1258,2025-09-01,paid_ads,mobile,professional_upskill,1
1259,2025-09-01,organic,desktop,career_changer,1
1260,2025-12-01,partner_referral,tablet,career_changer,0
1261,2025-12-01,organic,desktop,student,0
1262,2025-10-01,corporate,tablet,professional_upskill,1
1263,2025-09-01,paid_ads,desktop,student,0
1264,2025-11-01,paid_ads,desktop,career_changer,0
1265,2025-09-01,organic,desktop,professional_upskill,0
1266,2025-12-01,organic,mobile,student,0
1267,2025-12-01,paid_ads,mobile,career_changer,1
1268,2025-10-01,paid_ads,desktop,student,0
1269,2025-10-01,partner_referral,mobile,professional_upskill,1
1270,2025-09-01,organic,desktop,career_changer,0
1271,2025-10-01,partner_referral,mobile,professional_upskill,1
1272,2025-11-01,social_media,mobile,professional_upskill,0
1273,2025-11-01,corporate,desktop,career_changer,0
1274,2025-10-01,organic,desktop,professional_upskill,1
1275,2025-11-01,paid_ads,mobile,career_changer,0
1276,2025-11-01,organic,mobile,career_changer,1
1277,2025-09-01,organic,tablet,career_changer,0
1278,2025-11-01,social_media,mobile,professional_upskill,1
1279,2025-12-01,organic,desktop,career_changer,0
1280,2025-12-01,paid_ads,mobile,student,0
1281,2025-09-01,partner_referral,desktop,career_changer,0
1282,2025-10-01,corporate,tablet,career_changer,0
1283,2025-09-01,partner_referral,desktop,student,0
1284,2025-10-01,organic,desktop,career_changer,0
1285,2025-10-01,paid_ads,desktop,career_changer,0
1286,2025-10-01,paid_ads,desktop,career_changer,0
1287,2025-10-01,organic,desktop,career_changer,0
1288,2025-10-01,paid_ads,mobile,career_changer,0
1289,2025-09-01,organic,mobile,professional_upskill,1
1290,2025-10-01,organic,desktop,professional_upskill,0
1291,2025-11-01,paid_ads,mobile,career_changer,0
1292,2025-11-01,organic,mobile,student,0
1293,2025-10-01,partner_referral,desktop,professional_upskill,1
1294,2025-11-01,partner_referral,desktop,professional_upskill,0
1295,2025-12-01,corporate,mobile,student,1
1296,2025-09-01,organic,mobile,student,0
1297,2025-09-01,organic,desktop,student,1
1298,2025-10-01,organic,desktop,student,0
1299,2025-10-01,partner_referral,desktop,student,1
1300,2025-12-01,corporate,desktop,professional_upskill,0
1301,2025-10-01,organic,desktop,career_changer,1
1302,2025-11-01,social_media,desktop,professional_upskill,0
1303,2025-12-01,organic,mobile,professional_upskill,0
1304,2025-11-01,paid_ads,mobile,professional_upskill,0
1305,2025-09-01,corporate,desktop,professional_upskill,0
1306,2025-11-01,social_media,desktop,professional_upskill,1
1307,2025-09-01,corporate,mobile,career_changer,1
1308,2025-11-01,corporate,mobile,professional_upskill,0
1309,2025-09-01,paid_ads,mobile,professional_upskill,1
1310,2025-10-01,corporate,mobile,student,1
1311,2025-11-01,organic,desktop,professional_upskill,1
1312,2025-09-01,social_media,mobile,professional_upskill,1
1313,2025-11-01,paid_ads,desktop,professional_upskill,1
1314,2025-12-01,corporate,desktop,career_changer,1
1315,2025-10-01,paid_ads,desktop,career_changer,0
1316,2025-09-01,partner_referral,desktop,student,1
1317,2025-12-01,paid_ads,mobile,student,1
1318,2025-11-01,corporate,mobile,student,1
1319,2025-12-01,organic,desktop,career_changer,0
1320,2025-11-01,organic,desktop,professional_upskill,1
1321,2025-10-01,organic,desktop,student,1
1322,2025-12-01,organic,desktop,career_changer,1
1323,2025-10-01,social_media,desktop,student,0
1324,2025-09-01,organic,mobile,student,1
1325,2025-11-01,social_media,tablet,career_changer,0
1326,2025-11-01,paid_ads,mobile,student,1
1327,2025-10-01,organic,mobile,career_changer,1
1328,2025-10-01,corporate,desktop,student,0
1329,2025-09-01,partner_referral,desktop,student,1
1330,2025-12-01,paid_ads,desktop,career_changer,0
1331,2025-11-01,partner_referral,desktop,career_changer,0
1332,2025-11-01,corporate,mobile,student,0
1333,2025-09-01,organic,desktop,career_changer,1
1334,2025-09-01,social_media,desktop,professional_upskill,0
1335,2025-10-01,social_media,desktop,professional_upskill,1
1336,2025-10-01,partner_referral,tablet,student,0
1337,2025-12-01,organic,desktop,career_changer,0
1338,2025-09-01,partner_referral,mobile,professional_upskill,0
1339,2025-12-01,organic,mobile,student,1
1340,2025-09-01,organic,desktop,professional_upskill,0
1341,2025-11-01,organic,desktop,professional_upskill,0
1342,2025-09-01,paid_ads,mobile,professional_upskill,0
1343,2025-09-01,social_media,desktop,professional_upskill,1
1344,2025-11-01,corporate,mobile,professional_upskill,0
1345,2025-09-01,corporate,desktop,career_changer,1
1346,2025-12-01,paid_ads,desktop,professional_upskill,0
1347,2025-10-01,paid_ads,mobile,professional_upskill,1
1348,2025-10-01,paid_ads,mobile,professional_upskill,1
1349,2025-12-01,social_media,tablet,student,0
1350,2025-11-01,organic,mobile,career_changer,0
1351,2025-09-01,social_media,mobile,professional_upskill,1
1352,2025-12-01,partner_referral,mobile,student,0
1353,2025-10-01,paid_ads,mobile,professional_upskill,0
1354,2025-10-01,corporate,desktop,professional_upskill,1
1355,2025-12-01,paid_ads,desktop,professional_upskill,0
1356,2025-10-01,social_media,mobile,professional_upskill,0
1357,2025-12-01,social_media,desktop,professional_upskill,0
1358,2025-10-01,paid_ads,desktop,student,0
1359,2025-12-01,organic,desktop,professional_upskill,0
1360,2025-09-01,partner_referral,desktop,student,1
1361,2025-09-01,social_media,desktop,career_changer,0
1362,2025-09-01,organic,desktop,student,0
1363,2025-09-01,partner_referral,mobile,student,1
1364,2025-10-01,partner_referral,desktop,career_changer,0
1365,2025-11-01,corporate,desktop,career_changer,0
1366,2025-12-01,organic,desktop,career_changer,1
1367,2025-11-01,corporate,desktop,professional_upskill,0
1368,2025-10-01,social_media,desktop,student,0
1369,2025-10-01,organic,mobile,student,1
1370,2025-11-01,organic,desktop,professional_upskill,1
1371,2025-11-01,social_media,mobile,professional_upskill,0
1372,2025-10-01,organic,desktop,professional_upskill,1
1373,2025-10-01,social_media,desktop,student,0
1374,2025-12-01,paid_ads,desktop,professional_upskill,0
1375,2025-09-01,organic,desktop,career_changer,0
1376,2025-09-01,social_media,mobile,career_changer,0
1377,2025-12-01,paid_ads,mobile,student,0
1378,2025-11-01,paid_ads,desktop,career_changer,0
1379,2025-10-01,paid_ads,desktop,student,1
1380,2025-11-01,partner_referral,desktop,student,1
1381,2025-09-01,organic,desktop,career_changer,1
1382,2025-09-01,paid_ads,tablet,professional_upskill,0
1383,2025-11-01,social_media,desktop,professional_upskill,0
1384,2025-09-01,organic,mobile,career_changer,0
1385,2025-10-01,partner_referral,desktop,career_changer,0
1386,2025-12-01,paid_ads,desktop,career_changer,0
1387,2025-11-01,corporate,desktop,professional_upskill,1
1388,2025-10-01,organic,desktop,career_changer,0
1389,2025-10-01,social_media,mobile,student,0
1390,2025-09-01,paid_ads,desktop,student,0
1391,2025-10-01,organic,mobile,career_changer,0
1392,2025-11-01,organic,desktop,career_changer,0
1393,2025-10-01,organic,tablet,student,0
1394,2025-12-01,paid_ads,desktop,professional_upskill,0
1395,2025-10-01,paid_ads,mobile,professional_upskill,0
1396,2025-10-01,corporate,mobile,professional_upskill,1
1397,2025-12-01,paid_ads,tablet,student,0
1398,2025-10-01,organic,desktop,career_changer,1
1399,2025-10-01,partner_referral,mobile,professional_upskill,1
1400,2025-09-01,corporate,desktop,professional_upskill,1
1401,2025-11-01,organic,desktop,student,1
1402,2025-09-01,organic,desktop,student,0
1403,2025-11-01,organic,desktop,career_changer,0
1404,2025-12-01,corporate,tablet,career_changer,0
1405,2025-12-01,partner_referral,desktop,professional_upskill,0
1406,2025-12-01,paid_ads,desktop,professional_upskill,0
1407,2025-11-01,corporate,mobile,career_changer,0
1408,2025-11-01,corporate,desktop,student,1
1409,2025-11-01,partner_referral,mobile,professional_upskill,1
1410,2025-12-01,social_media,desktop,student,1
1411,2025-11-01,organic,desktop,professional_upskill,1
1412,2025-10-01,organic,desktop,professional_upskill,1
1413,2025-09-01,organic,mobile,professional_upskill,0
1414,2025-12-01,organic,mobile,student,1
1415,2025-09-01,paid_ads,tablet,student,0
1416,2025-10-01,social_media,desktop,career_changer,0
1417,2025-11-01,organic,desktop,career_changer,0
1418,2025-09-01,organic,desktop,student,0
1419,2025-10-01,paid_ads,desktop,professional_upskill,0
1420,2025-10-01,social_media,desktop,professional_upskill,0
1421,2025-09-01,paid_ads,mobile,professional_upskill,1
1422,2025-12-01,paid_ads,desktop,student,0
1423,2025-09-01,organic,desktop,professional_upskill,1
1424,2025-12-01,organic,mobile,professional_upskill,1
1425,2025-11-01,social_media,mobile,career_changer,0
1426,2025-12-01,social_media,desktop,professional_upskill,1
1427,2025-11-01,organic,desktop,student,1
1428,2025-09-01,social_media,desktop,student,0
1429,2025-11-01,partner_referral,desktop,student,1
1430,2025-10-01,social_media,mobile,professional_upskill,1
1431,2025-11-01,paid_ads,desktop,career_changer,0
1432,2025-12-01,paid_ads,mobile,student,1
1433,2025-12-01,paid_ads,mobile,student,0
1434,2025-12-01,partner_referral,desktop,student,1
1435,2025-11-01,organic,desktop,student,1
1436,2025-12-01,organic,desktop,career_changer,1
1437,2025-12-01,paid_ads,mobile,student,1
1438,2025-10-01,corporate,desktop,student,0
1439,2025-11-01,organic,desktop,professional_upskill,1
1440,2025-10-01,partner_referral,desktop,career_changer,0
1441,2025-12-01,social_media,desktop,professional_upskill,0
1442,2025-12-01,organic,mobile,student,0
1443,2025-12-01,partner_referral,desktop,career_changer,0
1444,2025-11-01,paid_ads,desktop,career_changer,1
1445,2025-09-01,social_media,desktop,student,0
1446,2025-12-01,organic,desktop,student,0
1447,2025-12-01,partner_referral,mobile,professional_upskill,0
1448,2025-12-01,corporate,mobile,professional_upskill,1
1449,2025-12-01,social_media,desktop,student,0
1450,2025-11-01,partner_referral,desktop,student,1
1451,2025-09-01,paid_ads,desktop,professional_upskill,0
1452,2025-09-01,partner_referral,desktop,student,0
1453,2025-09-01,social_media,desktop,career_changer,0
1454,2025-12-01,partner_referral,mobile,professional_upskill,1
1455,2025-12-01,organic,desktop,professional_upskill,0
1456,2025-09-01,social_media,mobile,career_changer,0
1457,2025-09-01,partner_referral,desktop,student,0
1458,2025-12-01,partner_referral,mobile,student,0
1459,2025-12-01,organic,desktop,professional_upskill,1
1460,2025-10-01,partner_referral,mobile,professional_upskill,0
1461,2025-10-01,paid_ads,desktop,career_changer,0
1462,2025-10-01,partner_referral,desktop,professional_upskill,1
1463,2025-09-01,organic,mobile,professional_upskill,0
1464,2025-11-01,partner_referral,desktop,professional_upskill,0
1465,2025-12-01,social_media,mobile,professional_upskill,0
1466,2025-10-01,organic,mobile,professional_upskill,1
1467,2025-11-01,social_media,desktop,career_changer,0
1468,2025-12-01,paid_ads,desktop,student,0
1469,2025-11-01,social_media,desktop,professional_upskill,0
1470,2025-09-01,corporate,desktop,career_changer,0
1471,2025-09-01,partner_referral,desktop,student,1
1472,2025-09-01,corporate,mobile,professional_upskill,1
1473,2025-10-01,social_media,desktop,professional_upskill,0
1474,2025-12-01,paid_ads,desktop,professional_upskill,0
1475,2025-09-01,paid_ads,desktop,student,0
1476,2025-10-01,partner_referral,desktop,career_changer,1
1477,2025-10-01,corporate,desktop,student,0
1478,2025-10-01,corporate,mobile,professional_upskill,0
1479,2025-10-01,corporate,mobile,student,1
1480,2025-09-01,paid_ads,desktop,professional_upskill,1
1481,2025-10-01,corporate,tablet,professional_upskill,1
1482,2025-09-01,organic,desktop,career_changer,0
1483,2025-09-01,paid_ads,mobile,professional_upskill,0
1484,2025-10-01,organic,mobile,professional_upskill,0
1485,2025-09-01,paid_ads,mobile,student,0
1486,2025-12-01,paid_ads,desktop,student,0
1487,2025-12-01,paid_ads,desktop,student,0
1488,2025-11-01,partner_referral,desktop,student,1
1489,2025-12-01,paid_ads,mobile,professional_upskill,0
1490,2025-09-01,paid_ads,desktop,professional_upskill,0
1491,2025-09-01,organic,mobile,student,0
1492,2025-12-01,paid_ads,desktop,career_changer,0
1493,2025-10-01,organic,mobile,career_changer,0
1494,2025-10-01,organic,desktop,student,1
1495,2025-09-01,partner_referral,desktop,career_changer,0
1496,2025-10-01,partner_referral,desktop,student,0
1497,2025-11-01,partner_referral,desktop,career_changer,0
1498,2025-11-01,paid_ads,desktop,professional_upskill,1
1499,2025-12-01,paid_ads,mobile,professional_upskill,0
1500,2025-12-01,social_media,desktop,student,0
1501,2025-10-01,paid_ads,desktop,professional_upskill,1
1502,2025-09-01,paid_ads,mobile,professional_upskill,1
1503,2025-12-01,organic,desktop,professional_upskill,0
1504,2025-11-01,paid_ads,mobile,career_changer,0
1505,2025-12-01,paid_ads,tablet,professional_upskill,0
1506,2025-12-01,paid_ads,desktop,professional_upskill,0
1507,2025-11-01,partner_referral,desktop,career_changer,1
1508,2025-09-01,paid_ads,desktop,career_changer,0
1509,2025-12-01,partner_referral,mobile,professional_upskill,1
1510,2025-12-01,corporate,desktop,professional_upskill,0
1511,2025-12-01,corporate,mobile,professional_upskill,1
1512,2025-10-01,corporate,mobile,professional_upskill,1
1513,2025-12-01,social_media,desktop,career_changer,0
1514,2025-11-01,organic,mobile,student,0
1515,2025-09-01,organic,mobile,student,0
1516,2025-09-01,organic,desktop,professional_upskill,0
1517,2025-11-01,partner_referral,mobile,student,0
1518,2025-10-01,social_media,mobile,student,0
1519,2025-11-01,organic,desktop,professional_upskill,1
1520,2025-09-01,social_media,desktop,professional_upskill,0
1521,2025-11-01,organic,desktop,student,0
1522,2025-10-01,social_media,desktop,student,1
1523,2025-09-01,paid_ads,tablet,career_changer,0
1524,2025-10-01,organic,desktop,student,0
1525,2025-11-01,paid_ads,mobile,professional_upskill,0
1526,2025-12-01,organic,desktop,student,0
1527,2025-11-01,organic,desktop,professional_upskill,0
1528,2025-10-01,paid_ads,mobile,professional_upskill,0
1529,2025-11-01,corporate,mobile,professional_upskill,1
1530,2025-12-01,paid_ads,desktop,student,1
1531,2025-10-01,paid_ads,desktop,career_changer,1
1532,2025-11-01,partner_referral,desktop,career_changer,1
1533,2025-10-01,corporate,desktop,student,1
1534,2025-10-01,organic,desktop,professional_upskill,0
1535,2025-09-01,paid_ads,desktop,career_changer,1
1536,2025-09-01,organic,tablet,professional_upskill,0
1537,2025-10-01,organic,desktop,student,0
1538,2025-11-01,partner_referral,mobile,student,0
1539,2025-11-01,organic,mobile,professional_upskill,0
1540,2025-11-01,paid_ads,desktop,career_changer,0
1541,2025-12-01,corporate,mobile,career_changer,1
1542,2025-10-01,organic,desktop,career_changer,0
1543,2025-10-01,partner_referral,mobile,student,1
1544,2025-12-01,organic,desktop,professional_upskill,0
1545,2025-10-01,social_media,desktop,student,1
1546,2025-10-01,paid_ads,mobile,career_changer,0
1547,2025-12-01,corporate,desktop,career_changer,0
1548,2025-09-01,partner_referral,mobile,professional_upskill,1
1549,2025-10-01,organic,mobile,career_changer,1
1550,2025-12-01,partner_referral,desktop,student,1
1551,2025-11-01,social_media,desktop,career_changer,0
1552,2025-09-01,partner_referral,desktop,student,0
1553,2025-11-01,corporate,mobile,student,1
1554,2025-10-01,social_media,mobile,student,1
1555,2025-09-01,organic,desktop,career_changer,0
1556,2025-12-01,organic,desktop,student,0
1557,2025-10-01,partner_referral,mobile,career_changer,1
1558,2025-12-01,paid_ads,desktop,professional_upskill,0
1559,2025-09-01,corporate,mobile,professional_upskill,1
1560,2025-11-01,social_media,desktop,student,1
1561,2025-10-01,paid_ads,mobile,student,0
1562,2025-10-01,organic,desktop,professional_upskill,1
1563,2025-12-01,corporate,desktop,professional_upskill,0
1564,2025-09-01,organic,desktop,student,1
1565,2025-12-01,corporate,desktop,professional_upskill,1
1566,2025-09-01,paid_ads,tablet,career_changer,0
1567,2025-10-01,partner_referral,desktop,career_changer,0
1568,2025-09-01,organic,mobile,professional_upskill,1
1569,2025-10-01,partner_referral,desktop,professional_upskill,0
1570,2025-09-01,paid_ads,desktop,professional_upskill,1
1571,2025-11-01,partner_referral,desktop,career_changer,0
1572,2025-09-01,organic,mobile,career_changer,0
1573,2025-11-01,corporate,desktop,career_changer,0
1574,2025-09-01,social_media,desktop,student,0
1575,2025-09-01,organic,mobile,career_changer,0
1576,2025-12-01,organic,desktop,student,1
1577,2025-12-01,organic,desktop,student,0
1578,2025-10-01,partner_referral,desktop,career_changer,0
1579,2025-12-01,partner_referral,desktop,professional_upskill,0
1580,2025-09-01,paid_ads,mobile,professional_upskill,0
1581,2025-12-01,organic,desktop,career_changer,0
1582,2025-09-01,paid_ads,desktop,career_changer,1
1583,2025-11-01,partner_referral,desktop,student,0
1584,2025-09-01,paid_ads,desktop,professional_upskill,0
1585,2025-10-01,social_media,desktop,career_changer,0
1586,2025-11-01,organic,mobile,professional_upskill,0
1587,2025-10-01,partner_referral,desktop,professional_upskill,1
1588,2025-10-01,paid_ads,desktop,student,0
1589,2025-10-01,paid_ads,mobile,career_changer,0
1590,2025-12-01,corporate,desktop,professional_upskill,1
1591,2025-10-01,partner_referral,mobile,student,0
1592,2025-11-01,social_media,desktop,professional_upskill,1
1593,2025-09-01,organic,mobile,professional_upskill,0
1594,2025-10-01,organic,desktop,student,1
1595,2025-11-01,corporate,desktop,professional_upskill,0
1596,2025-10-01,partner_referral,desktop,professional_upskill,0
1597,2025-09-01,organic,desktop,professional_upskill,0
1598,2025-11-01,organic,desktop,student,0
1599,2025-11-01,organic,desktop,student,0
1600,2025-09-01,social_media,desktop,student,0
1601,2025-11-01,organic,desktop,professional_upskill,0
1602,2025-09-01,paid_ads,desktop,professional_upskill,0
1603,2025-11-01,organic,mobile,career_changer,0
1604,2025-11-01,paid_ads,mobile,career_changer,0
1605,2025-09-01,organic,desktop,student,1
1606,2025-09-01,paid_ads,desktop,professional_upskill,1
1607,2025-11-01,organic,desktop,professional_upskill,1
1608,2025-11-01,corporate,desktop,professional_upskill,0
1609,2025-09-01,organic,mobile,professional_upskill,0
1610,2025-12-01,paid_ads,desktop,professional_upskill,0
1611,2025-09-01,social_media,desktop,professional_upskill,1
1612,2025-11-01,partner_referral,mobile,career_changer,1
1613,2025-11-01,paid_ads,desktop,career_changer,0
1614,2025-11-01,paid_ads,mobile,professional_upskill,1
1615,2025-09-01,paid_ads,mobile,professional_upskill,0
1616,2025-11-01,partner_referral,desktop,career_changer,1
1617,2025-12-01,social_media,desktop,student,0
1618,2025-10-01,partner_referral,desktop,student,0
1619,2025-12-01,partner_referral,desktop,career_changer,0
1620,2025-09-01,corporate,desktop,student,1
1621,2025-11-01,paid_ads,mobile,student,0
1622,2025-09-01,organic,desktop,career_changer,0
1623,2025-10-01,partner_referral,desktop,student,1
1624,2025-09-01,social_media,desktop,professional_upskill,0
1625,2025-11-01,organic,mobile,career_changer,0
1626,2025-10-01,partner_referral,desktop,career_changer,0
1627,2025-10-01,organic,mobile,student,0
1628,2025-11-01,paid_ads,desktop,student,0
1629,2025-11-01,organic,desktop,career_changer,0
1630,2025-11-01,paid_ads,mobile,professional_upskill,0
1631,2025-09-01,corporate,mobile,professional_upskill,1
1632,2025-12-01,paid_ads,desktop,student,0
1633,2025-09-01,partner_referral,desktop,career_changer,0
1634,2025-09-01,corporate,mobile,student,0
1635,2025-12-01,social_media,desktop,professional_upskill,0
1636,2025-11-01,organic,desktop,professional_upskill,0
1637,2025-11-01,paid_ads,mobile,career_changer,1
1638,2025-12-01,organic,desktop,professional_upskill,1
1639,2025-12-01,social_media,desktop,professional_upskill,1
1640,2025-09-01,social_media,desktop,professional_upskill,1
1641,2025-10-01,paid_ads,mobile,professional_upskill,0
1642,2025-12-01,corporate,mobile,professional_upskill,1
1643,2025-09-01,paid_ads,desktop,career_changer,0
1644,2025-10-01,partner_referral,desktop,career_changer,0
1645,2025-11-01,organic,desktop,professional_upskill,1
1646,2025-11-01,corporate,mobile,professional_upskill,1
1647,2025-09-01,organic,desktop,professional_upskill,1
1648,2025-09-01,corporate,mobile,student,0
1649,2025-12-01,corporate,desktop,career_changer,0
1650,2025-11-01,corporate,tablet,student,1
1651,2025-09-01,organic,desktop,career_changer,0
1652,2025-11-01,paid_ads,mobile,career_changer,0
1653,2025-11-01,organic,desktop,professional_upskill,0
1654,2025-12-01,paid_ads,desktop,career_changer,0
1655,2025-10-01,organic,mobile,professional_upskill,1
1656,2025-12-01,social_media,mobile,student,0
1657,2025-09-01,partner_referral,desktop,professional_upskill,1
1658,2025-12-01,paid_ads,mobile,career_changer,0
1659,2025-12-01,paid_ads,desktop,professional_upskill,1
1660,2025-11-01,paid_ads,mobile,student,0
1661,2025-12-01,partner_referral,desktop,career_changer,1
1662,2025-09-01,paid_ads,desktop,career_changer,0
1663,2025-10-01,social_media,desktop,career_changer,0
1664,2025-12-01,paid_ads,desktop,professional_upskill,0
1665,2025-12-01,social_media,mobile,professional_upskill,1
1666,2025-10-01,social_media,desktop,professional_upskill,1
1667,2025-09-01,organic,desktop,professional_upskill,1
1668,2025-09-01,social_media,desktop,professional_upskill,0
1669,2025-12-01,organic,mobile,professional_upskill,0
1670,2025-11-01,corporate,desktop,student,1
1671,2025-12-01,paid_ads,desktop,career_changer,0
1672,2025-10-01,social_media,mobile,student,0
1673,2025-10-01,social_media,desktop,student,0
1674,2025-10-01,corporate,mobile,student,1
1675,2025-12-01,corporate,mobile,student,1
1676,2025-12-01,paid_ads,desktop,professional_upskill,0
1677,2025-09-01,organic,mobile,career_changer,0
1678,2025-11-01,paid_ads,mobile,student,0
1679,2025-12-01,organic,desktop,professional_upskill,1
1680,2025-09-01,partner_referral,desktop,professional_upskill,0
1681,2025-12-01,paid_ads,mobile,professional_upskill,0
1682,2025-09-01,social_media,desktop,career_changer,0
1683,2025-09-01,partner_referral,mobile,career_changer,0
1684,2025-11-01,corporate,desktop,student,0
1685,2025-12-01,organic,desktop,student,0
1686,2025-09-01,social_media,desktop,student,0
1687,2025-10-01,social_media,desktop,career_changer,0
1688,2025-10-01,paid_ads,desktop,professional_upskill,0
1689,2025-10-01,partner_referral,mobile,student,0
1690,2025-11-01,corporate,mobile,student,1
1691,2025-09-01,organic,mobile,student,0
1692,2025-11-01,paid_ads,desktop,professional_upskill,0
1693,2025-12-01,paid_ads,mobile,career_changer,0
1694,2025-12-01,organic,desktop,career_changer,0
1695,2025-09-01,paid_ads,mobile,student,0
1696,2025-10-01,organic,desktop,career_changer,0
1697,2025-09-01,organic,mobile,student,0
1698,2025-09-01,organic,mobile,career_changer,0
1699,2025-09-01,social_media,desktop,student,0
1700,2025-11-01,paid_ads,desktop,professional_upskill,0
1701,2025-12-01,social_media,desktop,career_changer,0
1702,2025-09-01,paid_ads,desktop,professional_upskill,1
1703,2025-09-01,paid_ads,desktop,career_changer,1
1704,2025-09-01,paid_ads,desktop,career_changer,0
1705,2025-11-01,paid_ads,desktop,student,0
1706,2025-11-01,organic,mobile,career_changer,0
1707,2025-11-01,partner_referral,mobile,career_changer,0
1708,2025-09-01,organic,mobile,career_changer,1
1709,2025-10-01,partner_referral,mobile,professional_upskill,1
1710,2025-10-01,partner_referral,desktop,professional_upskill,1
1711,2025-10-01,organic,desktop,professional_upskill,1
1712,2025-12-01,organic,mobile,student,1
1713,2025-09-01,corporate,tablet,career_changer,1
1714,2025-10-01,paid_ads,desktop,student,0
1715,2025-10-01,organic,mobile,professional_upskill,1
1716,2025-10-01,social_media,mobile,career_changer,0
1717,2025-09-01,organic,mobile,student,1
1718,2025-10-01,partner_referral,mobile,professional_upskill,1
1719,2025-10-01,social_media,desktop,career_changer,0
1720,2025-09-01,organic,tablet,career_changer,0
1721,2025-12-01,organic,mobile,student,0
1722,2025-11-01,organic,desktop,career_changer,0
1723,2025-10-01,paid_ads,mobile,professional_upskill,0
1724,2025-11-01,organic,desktop,career_changer,0
1725,2025-12-01,partner_referral,desktop,professional_upskill,1
1726,2025-12-01,organic,desktop,student,0
1727,2025-10-01,paid_ads,desktop,career_changer,0
1728,2025-09-01,social_media,desktop,professional_upskill,0
1729,2025-12-01,corporate,mobile,career_changer,0
1730,2025-11-01,partner_referral,desktop,student,1
1731,2025-11-01,paid_ads,desktop,career_changer,0
1732,2025-11-01,partner_referral,desktop,career_changer,0
1733,2025-11-01,paid_ads,desktop,professional_upskill,0
1734,2025-12-01,paid_ads,mobile,professional_upskill,1
1735,2025-10-01,organic,mobile,professional_upskill,1
1736,2025-10-01,social_media,mobile,professional_upskill,0
1737,2025-11-01,paid_ads,desktop,student,0
1738,2025-10-01,organic,desktop,career_changer,0
1739,2025-11-01,paid_ads,mobile,professional_upskill,1
1740,2025-11-01,paid_ads,mobile,professional_upskill,0
1741,2025-09-01,corporate,desktop,student,1
1742,2025-12-01,corporate,mobile,career_changer,0
1743,2025-12-01,corporate,mobile,student,1
1744,2025-11-01,organic,mobile,student,1
1745,2025-12-01,paid_ads,desktop,career_changer,0
1746,2025-10-01,paid_ads,mobile,career_changer,0
1747,2025-11-01,organic,desktop,student,0
1748,2025-09-01,organic,desktop,professional_upskill,0
1749,2025-10-01,corporate,desktop,professional_upskill,0
1750,2025-09-01,organic,desktop,professional_upskill,1
1751,2025-09-01,paid_ads,desktop,student,0
1752,2025-12-01,organic,desktop,career_changer,0
1753,2025-12-01,organic,mobile,career_changer,1
1754,2025-11-01,organic,mobile,student,0
1755,2025-12-01,social_media,tablet,career_changer,0
1756,2025-09-01,corporate,desktop,professional_upskill,1
1757,2025-09-01,social_media,desktop,student,0
1758,2025-10-01,paid_ads,mobile,professional_upskill,0
1759,2025-09-01,organic,desktop,professional_upskill,1
1760,2025-11-01,paid_ads,mobile,professional_upskill,0
1761,2025-11-01,paid_ads,mobile,professional_upskill,0
1762,2025-12-01,corporate,desktop,career_changer,0
1763,2025-12-01,organic,mobile,professional_upskill,0
1764,2025-12-01,paid_ads,mobile,career_changer,0
1765,2025-11-01,organic,desktop,professional_upskill,1
1766,2025-09-01,paid_ads,desktop,student,0
1767,2025-12-01,corporate,desktop,student,0
1768,2025-10-01,paid_ads,desktop,career_changer,0
1769,2025-12-01,paid_ads,desktop,student,1
1770,2025-11-01,paid_ads,desktop,career_changer,0
1771,2025-12-01,paid_ads,desktop,career_changer,0
1772,2025-09-01,corporate,mobile,professional_upskill,1
1773,2025-12-01,social_media,desktop,career_changer,0
1774,2025-11-01,social_media,desktop,career_changer,0
1775,2025-11-01,corporate,desktop,student,0
1776,2025-10-01,paid_ads,desktop,career_changer,0
1777,2025-11-01,partner_referral,desktop,career_changer,1
1778,2025-10-01,paid_ads,desktop,professional_upskill,0
1779,2025-09-01,organic,desktop,student,1
1780,2025-11-01,corporate,mobile,student,1
1781,2025-12-01,organic,tablet,career_changer,0
1782,2025-09-01,social_media,desktop,career_changer,1
1783,2025-12-01,paid_ads,desktop,career_changer,0
1784,2025-12-01,partner_referral,desktop,professional_upskill,1
1785,2025-12-01,partner_referral,mobile,student,1
1786,2025-09-01,social_media,desktop,career_changer,0
1787,2025-09-01,partner_referral,mobile,career_changer,1
1788,2025-11-01,partner_referral,desktop,student,0
1789,2025-12-01,organic,desktop,professional_upskill,0
1790,2025-10-01,paid_ads,mobile,career_changer,0
1791,2025-11-01,organic,tablet,career_changer,0
1792,2025-09-01,corporate,mobile,professional_upskill,1
1793,2025-10-01,paid_ads,desktop,student,0
1794,2025-09-01,partner_referral,desktop,professional_upskill,0
1795,2025-10-01,organic,desktop,career_changer,0
1796,2025-11-01,organic,desktop,career_changer,1
1797,2025-10-01,corporate,mobile,professional_upskill,1
1798,2025-11-01,organic,mobile,professional_upskill,0
1799,2025-09-01,organic,mobile,career_changer,0
1800,2025-10-01,organic,tablet,professional_upskill,0
1801,2025-12-01,social_media,desktop,career_changer,0
1802,2025-12-01,corporate,mobile,career_changer,1
1803,2025-09-01,paid_ads,mobile,student,0
1804,2025-10-01,organic,desktop,student,0
1805,2025-12-01,paid_ads,mobile,professional_upskill,0
1806,2025-11-01,corporate,desktop,student,1
1807,2025-10-01,partner_referral,mobile,student,1
1808,2025-10-01,organic,desktop,professional_upskill,0
1809,2025-12-01,organic,desktop,student,1
1810,2025-11-01,organic,mobile,student,0
1811,2025-11-01,partner_referral,mobile,career_changer,0
1812,2025-11-01,corporate,desktop,career_changer,0
1813,2025-10-01,organic,desktop,professional_upskill,0
1814,2025-09-01,organic,desktop,career_changer,1
1815,2025-10-01,organic,desktop,career_changer,0
1816,2025-10-01,social_media,mobile,professional_upskill,0
1817,2025-12-01,organic,mobile,career_changer,0
1818,2025-09-01,corporate,desktop,career_changer,0
1819,2025-11-01,partner_referral,mobile,professional_upskill,0
1820,2025-12-01,paid_ads,desktop,career_changer,0
1821,2025-10-01,organic,mobile,career_changer,0
1822,2025-09-01,organic,desktop,student,0
1823,2025-11-01,partner_referral,desktop,career_changer,0
1824,2025-11-01,corporate,mobile,student,1
1825,2025-10-01,partner_referral,desktop,career_changer,0
1826,2025-11-01,paid_ads,mobile,professional_upskill,1
1827,2025-11-01,organic,mobile,career_changer,0
1828,2025-09-01,social_media,desktop,student,0
1829,2025-12-01,corporate,desktop,professional_upskill,0
1830,2025-09-01,organic,mobile,student,1
1831,2025-12-01,social_media,mobile,professional_upskill,0
1832,2025-12-01,partner_referral,desktop,career_changer,0
1833,2025-12-01,partner_referral,desktop,student,0
1834,2025-11-01,corporate,mobile,professional_upskill,1
1835,2025-09-01,corporate,desktop,student,1
1836,2025-11-01,partner_referral,desktop,professional_upskill,1
1837,2025-10-01,organic,desktop,student,1
1838,2025-09-01,paid_ads,mobile,student,0
1839,2025-12-01,social_media,mobile,student,0
1840,2025-11-01,organic,tablet,student,1
1841,2025-11-01,paid_ads,mobile,professional_upskill,1
1842,2025-09-01,paid_ads,mobile,professional_upskill,1
1843,2025-09-01,paid_ads,desktop,professional_upskill,0
1844,2025-12-01,partner_referral,mobile,student,0
1845,2025-12-01,social_media,desktop,career_changer,0
1846,2025-10-01,organic,mobile,professional_upskill,0
1847,2025-12-01,organic,desktop,career_changer,0
1848,2025-11-01,organic,desktop,professional_upskill,1
1849,2025-10-01,social_media,mobile,career_changer,0
1850,2025-10-01,partner_referral,mobile,student,1
1851,2025-10-01,organic,desktop,professional_upskill,0
1852,2025-09-01,corporate,desktop,professional_upskill,1
1853,2025-12-01,social_media,desktop,professional_upskill,0
1854,2025-10-01,corporate,desktop,student,1
1855,2025-09-01,social_media,mobile,student,0
1856,2025-09-01,organic,desktop,career_changer,0
1857,2025-10-01,corporate,mobile,student,1
1858,2025-10-01,paid_ads,desktop,student,0
1859,2025-11-01,corporate,mobile,professional_upskill,1
1860,2025-10-01,corporate,mobile,career_changer,0
1861,2025-11-01,corporate,desktop,career_changer,0
1862,2025-10-01,partner_referral,desktop,student,1
1863,2025-10-01,organic,mobile,professional_upskill,1
1864,2025-12-01,paid_ads,mobile,student,1
1865,2025-10-01,social_media,desktop,professional_upskill,0
1866,2025-10-01,social_media,desktop,professional_upskill,0
1867,2025-11-01,organic,desktop,professional_upskill,1
1868,2025-11-01,organic,desktop,professional_upskill,1
1869,2025-12-01,organic,desktop,professional_upskill,1
1870,2025-10-01,corporate,desktop,student,1
1871,2025-10-01,corporate,mobile,student,0
1872,2025-11-01,organic,mobile,student,0
1873,2025-09-01,paid_ads,mobile,student,0
1874,2025-09-01,corporate,mobile,professional_upskill,1
1875,2025-09-01,corporate,mobile,student,1
1876,2025-11-01,paid_ads,desktop,professional_upskill,0
1877,2025-11-01,partner_referral,desktop,career_changer,1
1878,2025-09-01,paid_ads,tablet,career_changer,0
1879,2025-09-01,organic,mobile,professional_upskill,0
1880,2025-10-01,partner_referral,desktop,student,0
1881,2025-11-01,partner_referral,mobile,professional_upskill,0
1882,2025-11-01,social_media,mobile,professional_upskill,1
1883,2025-09-01,partner_referral,mobile,student,1
1884,2025-09-01,corporate,desktop,career_changer,0
1885,2025-12-01,organic,mobile,career_changer,0
1886,2025-11-01,paid_ads,tablet,professional_upskill,1
1887,2025-12-01,organic,desktop,career_changer,0
1888,2025-10-01,organic,mobile,career_changer,1
1889,2025-12-01,corporate,desktop,professional_upskill,1
1890,2025-09-01,social_media,mobile,student,0
1891,2025-11-01,organic,desktop,professional_upskill,0
1892,2025-11-01,paid_ads,desktop,professional_upskill,0
1893,2025-12-01,corporate,desktop,professional_upskill,1
1894,2025-12-01,organic,mobile,professional_upskill,0
1895,2025-10-01,partner_referral,desktop,career_changer,0
1896,2025-10-01,corporate,desktop,professional_upskill,1
1897,2025-09-01,partner_referral,mobile,career_changer,1
1898,2025-09-01,organic,desktop,career_changer,0
1899,2025-09-01,paid_ads,desktop,student,0
1900,2025-12-01,corporate,mobile,professional_upskill,1
1901,2025-12-01,partner_referral,desktop,professional_upskill,0
1902,2025-11-01,organic,desktop,professional_upskill,0
1903,2025-09-01,corporate,desktop,student,1
1904,2025-12-01,organic,mobile,professional_upskill,1
1905,2025-11-01,corporate,mobile,professional_upskill,1
1906,2025-09-01,organic,mobile,professional_upskill,0
1907,2025-10-01,social_media,mobile,student,0
1908,2025-10-01,paid_ads,desktop,career_changer,0
1909,2025-12-01,paid_ads,desktop,student,0
1910,2025-11-01,organic,desktop,career_changer,0
1911,2025-10-01,paid_ads,desktop,student,0
1912,2025-11-01,social_media,mobile,student,0
1913,2025-11-01,social_media,mobile,student,1
1914,2025-10-01,paid_ads,desktop,student,0
1915,2025-11-01,paid_ads,mobile,student,0
1916,2025-10-01,corporate,desktop,professional_upskill,1
1917,2025-12-01,social_media,desktop,career_changer,0
1918,2025-09-01,partner_referral,mobile,career_changer,0
1919,2025-09-01,paid_ads,desktop,career_changer,0
1920,2025-12-01,paid_ads,desktop,career_changer,0
1921,2025-10-01,partner_referral,desktop,professional_upskill,0
1922,2025-10-01,organic,desktop,student,1
1923,2025-10-01,partner_referral,mobile,student,1
1924,2025-10-01,paid_ads,mobile,professional_upskill,0
1925,2025-12-01,corporate,desktop,career_changer,0
1926,2025-09-01,organic,desktop,student,0
1927,2025-11-01,partner_referral,mobile,student,1
1928,2025-11-01,paid_ads,mobile,student,0
1929,2025-09-01,partner_referral,desktop,professional_upskill,0
1930,2025-12-01,organic,desktop,student,0
1931,2025-11-01,partner_referral,mobile,professional_upskill,1
1932,2025-09-01,partner_referral,desktop,professional_upskill,1
1933,2025-12-01,partner_referral,desktop,career_changer,0
1934,2025-11-01,partner_referral,mobile,student,1
1935,2025-10-01,partner_referral,desktop,student,1
1936,2025-10-01,corporate,desktop,career_changer,1
1937,2025-12-01,organic,desktop,career_changer,0
1938,2025-10-01,corporate,mobile,career_changer,1
1939,2025-12-01,paid_ads,desktop,career_changer,0
1940,2025-09-01,organic,desktop,professional_upskill,0
1941,2025-09-01,organic,desktop,career_changer,0
1942,2025-11-01,paid_ads,mobile,professional_upskill,1
1943,2025-12-01,corporate,desktop,professional_upskill,1
1944,2025-11-01,corporate,desktop,student,1
1945,2025-11-01,corporate,desktop,student,1
1946,2025-09-01,paid_ads,mobile,student,1
1947,2025-11-01,paid_ads,desktop,student,0
1948,2025-10-01,organic,desktop,career_changer,0
1949,2025-11-01,paid_ads,desktop,student,0
1950,2025-12-01,paid_ads,mobile,career_changer,0
1951,2025-10-01,organic,desktop,professional_upskill,0
1952,2025-09-01,organic,mobile,student,1
1953,2025-12-01,partner_referral,mobile,career_changer,0
1954,2025-10-01,corporate,mobile,student,1
1955,2025-12-01,social_media,desktop,student,0
1956,2025-10-01,social_media,tablet,career_changer,0
1957,2025-12-01,partner_referral,desktop,professional_upskill,1
1958,2025-12-01,paid_ads,desktop,career_changer,0
1959,2025-10-01,partner_referral,mobile,student,0
1960,2025-09-01,corporate,desktop,career_changer,0
1961,2025-09-01,organic,desktop,student,0
1962,2025-12-01,paid_ads,desktop,student,0
1963,2025-12-01,corporate,desktop,career_changer,1
1964,2025-09-01,paid_ads,desktop,student,0
1965,2025-09-01,partner_referral,mobile,career_changer,1
1966,2025-11-01,partner_referral,mobile,career_changer,0
1967,2025-09-01,organic,mobile,career_changer,1
1968,2025-12-01,paid_ads,desktop,student,0
1969,2025-10-01,paid_ads,mobile,professional_upskill,1
1970,2025-09-01,organic,desktop,career_changer,0
1971,2025-11-01,organic,desktop,professional_upskill,1
1972,2025-11-01,corporate,desktop,student,0
1973,2025-11-01,organic,desktop,career_changer,0
1974,2025-10-01,paid_ads,desktop,career_changer,0
1975,2025-09-01,organic,desktop,student,1
1976,2025-09-01,social_media,desktop,student,0
1977,2025-09-01,organic,desktop,career_changer,0
1978,2025-10-01,paid_ads,desktop,professional_upskill,0
1979,2025-10-01,social_media,mobile,professional_upskill,1
1980,2025-12-01,corporate,mobile,student,1
1981,2025-11-01,organic,desktop,career_changer,1
1982,2025-11-01,corporate,desktop,professional_upskill,1
1983,2025-09-01,paid_ads,tablet,professional_upskill,1
1984,2025-10-01,paid_ads,desktop,student,0
1985,2025-10-01,organic,mobile,professional_upskill,1
1986,2025-09-01,organic,desktop,student,1
1987,2025-09-01,corporate,mobile,career_changer,1
1988,2025-12-01,paid_ads,desktop,career_changer,0
1989,2025-11-01,paid_ads,desktop,professional_upskill,0
1990,2025-11-01,corporate,mobile,professional_upskill,1
1991,2025-11-01,corporate,desktop,professional_upskill,1
1992,2025-12-01,organic,desktop,student,0
1993,2025-09-01,partner_referral,desktop,professional_upskill,0
1994,2025-09-01,organic,mobile,student,1
1995,2025-11-01,corporate,desktop,student,0
1996,2025-11-01,partner_referral,desktop,career_changer,0
1997,2025-12-01,social_media,desktop,career_changer,0
1998,2025-10-01,organic,desktop,career_changer,0
1999,2025-10-01,organic,mobile,career_changer,0
2000,2025-11-01,organic,desktop,professional_upskill,1
2001,2025-12-01,organic,desktop,student,1
2002,2025-11-01,organic,desktop,student,1
2003,2025-10-01,social_media,desktop,professional_upskill,0
2004,2025-11-01,organic,desktop,student,1
2005,2025-10-01,organic,desktop,career_changer,1
2006,2025-10-01,corporate,desktop,professional_upskill,1
2007,2025-10-01,paid_ads,tablet,career_changer,1
2008,2025-09-01,corporate,desktop,professional_upskill,0
2009,2025-09-01,organic,mobile,student,0
2010,2025-11-01,paid_ads,desktop,professional_upskill,0
2011,2025-10-01,organic,desktop,student,0
2012,2025-09-01,organic,desktop,career_changer,0
2013,2025-11-01,social_media,desktop,student,0
2014,2025-11-01,organic,tablet,career_changer,1
2015,2025-11-01,paid_ads,mobile,professional_upskill,1
2016,2025-11-01,paid_ads,mobile,professional_upskill,0
2017,2025-11-01,paid_ads,desktop,professional_upskill,1
2018,2025-12-01,social_media,desktop,career_changer,0
2019,2025-10-01,organic,desktop,professional_upskill,0
2020,2025-11-01,partner_referral,mobile,career_changer,0
2021,2025-12-01,social_media,desktop,career_changer,0
2022,2025-10-01,partner_referral,desktop,career_changer,0
2023,2025-09-01,social_media,desktop,career_changer,1
2024,2025-11-01,organic,desktop,professional_upskill,1
2025,2025-12-01,paid_ads,mobile,student,0
2026,2025-09-01,organic,desktop,career_changer,0
2027,2025-12-01,corporate,desktop,professional_upskill,1
2028,2025-10-01,social_media,desktop,professional_upskill,0
2029,2025-10-01,organic,mobile,professional_upskill,1
2030,2025-09-01,partner_referral,desktop,career_changer,1
2031,2025-12-01,organic,mobile,career_changer,0
2032,2025-11-01,partner_referral,desktop,career_changer,0
2033,2025-11-01,paid_ads,mobile,career_changer,0
2034,2025-09-01,social_media,mobile,professional_upskill,1
2035,2025-09-01,partner_referral,desktop,professional_upskill,0
2036,2025-09-01,paid_ads,desktop,professional_upskill,1
2037,2025-12-01,organic,desktop,student,1
2038,2025-11-01,organic,desktop,professional_upskill,0
2039,2025-11-01,organic,mobile,professional_upskill,0
2040,2025-11-01,organic,desktop,career_changer,1
2041,2025-09-01,social_media,desktop,career_changer,0
2042,2025-11-01,partner_referral,desktop,professional_upskill,0
2043,2025-10-01,paid_ads,desktop,career_changer,1
2044,2025-09-01,organic,mobile,professional_upskill,1
2045,2025-11-01,social_media,desktop,career_changer,0
2046,2025-12-01,corporate,tablet,professional_upskill,1
2047,2025-09-01,organic,mobile,professional_upskill,1
2048,2025-10-01,corporate,desktop,career_changer,1
2049,2025-10-01,paid_ads,desktop,professional_upskill,0
2050,2025-12-01,organic,mobile,career_changer,1
2051,2025-12-01,paid_ads,desktop,career_changer,0
2052,2025-09-01,paid_ads,desktop,student,0
2053,2025-09-01,organic,desktop,career_changer,0
2054,2025-10-01,social_media,desktop,professional_upskill,0
2055,2025-12-01,corporate,mobile,professional_upskill,1
2056,2025-09-01,partner_referral,desktop,student,0
2057,2025-10-01,paid_ads,desktop,career_changer,0
2058,2025-12-01,paid_ads,mobile,student,1
2059,2025-10-01,partner_referral,mobile,professional_upskill,0
2060,2025-11-01,paid_ads,desktop,professional_upskill,0
2061,2025-12-01,organic,mobile,career_changer,0
2062,2025-09-01,paid_ads,desktop,career_changer,0
2063,2025-09-01,corporate,mobile,career_changer,0
2064,2025-11-01,paid_ads,desktop,student,0
2065,2025-12-01,organic,desktop,professional_upskill,0
2066,2025-10-01,corporate,mobile,career_changer,0
2067,2025-09-01,organic,desktop,professional_upskill,0
2068,2025-11-01,organic,tablet,professional_upskill,1
2069,2025-11-01,organic,desktop,professional_upskill,0
2070,2025-12-01,paid_ads,mobile,professional_upskill,1
2071,2025-12-01,corporate,mobile,professional_upskill,1
2072,2025-09-01,paid_ads,desktop,professional_upskill,0
2073,2025-11-01,organic,mobile,career_changer,0
2074,2025-10-01,social_media,desktop,student,1
2075,2025-11-01,social_media,mobile,career_changer,0
2076,2025-10-01,social_media,desktop,professional_upskill,1
2077,2025-10-01,organic,mobile,student,0
2078,2025-09-01,paid_ads,desktop,student,1
2079,2025-11-01,social_media,desktop,student,0
2080,2025-10-01,corporate,desktop,professional_upskill,0
2081,2025-12-01,organic,desktop,career_changer,1
2082,2025-10-01,organic,mobile,career_changer,0
2083,2025-12-01,paid_ads,desktop,student,0
2084,2025-12-01,social_media,mobile,professional_upskill,0
2085,2025-11-01,paid_ads,desktop,student,0
2086,2025-12-01,paid_ads,desktop,student,0
2087,2025-10-01,organic,desktop,professional_upskill,0
2088,2025-12-01,partner_referral,mobile,career_changer,0
2089,2025-11-01,corporate,tablet,career_changer,1
2090,2025-09-01,paid_ads,desktop,career_changer,0
2091,2025-10-01,corporate,desktop,student,1
2092,2025-10-01,social_media,desktop,professional_upskill,1
2093,2025-11-01,organic,mobile,student,0
2094,2025-11-01,paid_ads,desktop,student,1
2095,2025-11-01,organic,mobile,professional_upskill,1
2096,2025-11-01,corporate,desktop,professional_upskill,1
2097,2025-10-01,partner_referral,mobile,student,1
2098,2025-09-01,partner_referral,mobile,student,0
2099,2025-12-01,corporate,desktop,professional_upskill,1
2100,2025-12-01,paid_ads,desktop,professional_upskill,0
2101,2025-09-01,social_media,desktop,student,0
2102,2025-09-01,paid_ads,desktop,professional_upskill,0
2103,2025-09-01,organic,mobile,student,1
2104,2025-11-01,partner_referral,desktop,career_changer,0
2105,2025-10-01,corporate,mobile,student,1
2106,2025-10-01,paid_ads,desktop,career_changer,0
2107,2025-10-01,social_media,desktop,student,0
2108,2025-11-01,social_media,desktop,career_changer,0
2109,2025-10-01,organic,desktop,career_changer,1
2110,2025-11-01,social_media,desktop,career_changer,0
2111,2025-10-01,organic,desktop,student,0
2112,2025-09-01,organic,desktop,career_changer,0
2113,2025-12-01,organic,desktop,professional_upskill,1
2114,2025-12-01,social_media,desktop,career_changer,0
2115,2025-11-01,partner_referral,desktop,professional_upskill,1
2116,2025-10-01,organic,desktop,career_changer,0
2117,2025-12-01,paid_ads,mobile,career_changer,0
2118,2025-09-01,partner_referral,desktop,career_changer,0
2119,2025-09-01,organic,mobile,professional_upskill,0
2120,2025-09-01,social_media,desktop,student,1
2121,2025-11-01,corporate,mobile,student,1
2122,2025-11-01,paid_ads,desktop,career_changer,0
2123,2025-10-01,social_media,mobile,professional_upskill,0
2124,2025-09-01,paid_ads,desktop,professional_upskill,1
2125,2025-10-01,social_media,mobile,career_changer,0
2126,2025-10-01,partner_referral,desktop,career_changer,0
2127,2025-09-01,partner_referral,desktop,career_changer,1
2128,2025-10-01,organic,mobile,career_changer,0
2129,2025-12-01,social_media,desktop,career_changer,1
2130,2025-11-01,paid_ads,desktop,professional_upskill,0
2131,2025-10-01,organic,desktop,professional_upskill,1
2132,2025-09-01,organic,mobile,career_changer,0
2133,2025-11-01,partner_referral,tablet,career_changer,0
2134,2025-11-01,paid_ads,desktop,career_changer,0
2135,2025-10-01,corporate,mobile,career_changer,1
2136,2025-12-01,social_media,desktop,career_changer,0
2137,2025-10-01,organic,desktop,student,0
2138,2025-12-01,corporate,mobile,student,1
2139,2025-11-01,organic,mobile,career_changer,0
2140,2025-10-01,social_media,mobile,professional_upskill,0
2141,2025-09-01,corporate,desktop,student,1
2142,2025-10-01,paid_ads,desktop,career_changer,0
2143,2025-12-01,corporate,desktop,student,1
2144,2025-12-01,paid_ads,desktop,student,0
2145,2025-10-01,paid_ads,desktop,professional_upskill,1
2146,2025-12-01,corporate,mobile,professional_upskill,1
2147,2025-11-01,paid_ads,mobile,student,1
2148,2025-10-01,paid_ads,desktop,professional_upskill,1
2149,2025-12-01,paid_ads,desktop,student,0
2150,2025-10-01,corporate,mobile,professional_upskill,0
2151,2025-10-01,paid_ads,desktop,student,0
2152,2025-09-01,organic,mobile,student,0
2153,2025-10-01,corporate,desktop,career_changer,1
2154,2025-09-01,corporate,desktop,professional_upskill,0
2155,2025-12-01,organic,tablet,student,1
2156,2025-09-01,organic,desktop,professional_upskill,1
2157,2025-09-01,organic,desktop,student,1
2158,2025-09-01,paid_ads,desktop,professional_upskill,0
2159,2025-11-01,paid_ads,mobile,student,0
2160,2025-09-01,corporate,mobile,professional_upskill,1
2161,2025-10-01,partner_referral,desktop,career_changer,1
2162,2025-09-01,partner_referral,desktop,career_changer,1
2163,2025-10-01,paid_ads,mobile,professional_upskill,0
2164,2025-09-01,corporate,desktop,professional_upskill,1
2165,2025-11-01,paid_ads,mobile,professional_upskill,1
2166,2025-12-01,social_media,desktop,student,0
2167,2025-09-01,partner_referral,desktop,career_changer,0
2168,2025-09-01,organic,mobile,career_changer,1
2169,2025-11-01,partner_referral,desktop,career_changer,0
2170,2025-09-01,paid_ads,mobile,career_changer,1
2171,2025-10-01,partner_referral,desktop,student,0
2172,2025-09-01,organic,desktop,professional_upskill,1
2173,2025-09-01,organic,tablet,professional_upskill,0
2174,2025-12-01,social_media,desktop,student,1
2175,2025-12-01,organic,mobile,career_changer,1
2176,2025-09-01,corporate,desktop,career_changer,0
2177,2025-11-01,organic,desktop,professional_upskill,0
2178,2025-12-01,partner_referral,mobile,student,0
2179,2025-09-01,partner_referral,desktop,career_changer,1
2180,2025-12-01,paid_ads,mobile,student,1
2181,2025-09-01,paid_ads,desktop,career_changer,0
2182,2025-12-01,organic,desktop,professional_upskill,0
2183,2025-12-01,organic,desktop,professional_upskill,1
2184,2025-10-01,paid_ads,desktop,student,0
2185,2025-09-01,partner_referral,desktop,career_changer,0
2186,2025-09-01,social_media,desktop,professional_upskill,1
2187,2025-09-01,social_media,desktop,student,0
2188,2025-09-01,corporate,desktop,professional_upskill,0
2189,2025-12-01,corporate,mobile,professional_upskill,1
2190,2025-10-01,partner_referral,desktop,professional_upskill,1
2191,2025-10-01,organic,mobile,student,0
2192,2025-11-01,social_media,desktop,student,0
2193,2025-09-01,partner_referral,desktop,professional_upskill,1
2194,2025-11-01,partner_referral,mobile,career_changer,1
2195,2025-12-01,organic,desktop,student,1
2196,2025-11-01,paid_ads,desktop,career_changer,0
2197,2025-09-01,paid_ads,desktop,student,1
2198,2025-10-01,social_media,desktop,professional_upskill,0
2199,2025-10-01,paid_ads,desktop,career_changer,0
2200,2025-09-01,paid_ads,tablet,professional_upskill,1
2201,2025-12-01,social_media,desktop,professional_upskill,0
2202,2025-09-01,organic,mobile,student,0
2203,2025-12-01,paid_ads,mobile,career_changer,0
2204,2025-10-01,organic,desktop,professional_upskill,0
2205,2025-12-01,corporate,desktop,career_changer,0
2206,2025-09-01,social_media,mobile,professional_upskill,0
2207,2025-09-01,organic,mobile,professional_upskill,0
2208,2025-09-01,social_media,desktop,student,0
2209,2025-12-01,organic,desktop,professional_upskill,1
2210,2025-12-01,social_media,desktop,student,0
2211,2025-12-01,corporate,desktop,student,0
2212,2025-10-01,corporate,desktop,professional_upskill,0
2213,2025-11-01,organic,mobile,professional_upskill,0
2214,2025-11-01,social_media,desktop,career_changer,0
2215,2025-09-01,corporate,mobile,student,1
2216,2025-10-01,paid_ads,mobile,career_changer,0
2217,2025-12-01,corporate,desktop,student,1
2218,2025-09-01,organic,desktop,student,0
2219,2025-10-01,social_media,mobile,student,0
2220,2025-09-01,organic,mobile,career_changer,0
2221,2025-10-01,corporate,mobile,professional_upskill,1
2222,2025-10-01,paid_ads,desktop,student,0
2223,2025-11-01,organic,desktop,student,0
2224,2025-09-01,organic,desktop,professional_upskill,0
2225,2025-12-01,organic,desktop,professional_upskill,1
2226,2025-11-01,paid_ads,mobile,professional_upskill,0
2227,2025-11-01,paid_ads,desktop,student,0
2228,2025-12-01,partner_referral,mobile,student,1
2229,2025-10-01,organic,desktop,career_changer,0
2230,2025-12-01,organic,mobile,career_changer,1
2231,2025-09-01,corporate,tablet,career_changer,1
2232,2025-12-01,organic,desktop,career_changer,1
2233,2025-10-01,social_media,mobile,student,0
2234,2025-12-01,social_media,desktop,career_changer,0
2235,2025-10-01,partner_referral,desktop,professional_upskill,1
2236,2025-10-01,partner_referral,mobile,career_changer,0
2237,2025-09-01,social_media,mobile,professional_upskill,0
2238,2025-12-01,organic,desktop,career_changer,0
2239,2025-12-01,organic,desktop,student,0
2240,2025-09-01,organic,mobile,student,0
2241,2025-10-01,corporate,mobile,career_changer,0
2242,2025-12-01,organic,desktop,student,1
2243,2025-09-01,partner_referral,mobile,professional_upskill,0
2244,2025-10-01,social_media,desktop,professional_upskill,0
2245,2025-09-01,social_media,desktop,career_changer,1
2246,2025-12-01,paid_ads,desktop,student,0
2247,2025-09-01,organic,desktop,professional_upskill,0
2248,2025-11-01,corporate,mobile,student,1
2249,2025-10-01,partner_referral,desktop,student,0
2250,2025-11-01,organic,tablet,career_changer,0
2251,2025-11-01,organic,desktop,professional_upskill,0
2252,2025-10-01,social_media,mobile,student,0
2253,2025-10-01,partner_referral,mobile,career_changer,1
2254,2025-09-01,corporate,mobile,career_changer,1
2255,2025-10-01,social_media,desktop,student,1
2256,2025-11-01,partner_referral,desktop,student,1
2257,2025-11-01,paid_ads,mobile,professional_upskill,0
2258,2025-12-01,paid_ads,mobile,career_changer,0
2259,2025-10-01,paid_ads,desktop,student,0
2260,2025-11-01,paid_ads,mobile,student,0
2261,2025-12-01,corporate,desktop,career_changer,1
2262,2025-12-01,partner_referral,desktop,professional_upskill,1
2263,2025-09-01,social_media,mobile,student,0
2264,2025-11-01,paid_ads,desktop,career_changer,0
2265,2025-09-01,partner_referral,mobile,student,1
2266,2025-11-01,partner_referral,desktop,student,1
2267,2025-09-01,partner_referral,desktop,student,1
2268,2025-09-01,corporate,desktop,professional_upskill,1
2269,2025-10-01,organic,desktop,career_changer,1
2270,2025-09-01,paid_ads,mobile,professional_upskill,0
2271,2025-10-01,organic,desktop,professional_upskill,0
2272,2025-12-01,paid_ads,desktop,professional_upskill,1
2273,2025-11-01,paid_ads,desktop,student,0
2274,2025-12-01,partner_referral,desktop,student,0
2275,2025-11-01,social_media,mobile,professional_upskill,0
2276,2025-12-01,partner_referral,desktop,professional_upskill,0
2277,2025-11-01,corporate,mobile,professional_upskill,1
2278,2025-09-01,paid_ads,mobile,student,1
2279,2025-11-01,partner_referral,mobile,career_changer,0
2280,2025-11-01,organic,mobile,professional_upskill,0
2281,2025-12-01,organic,desktop,student,0
2282,2025-12-01,paid_ads,desktop,career_changer,0
2283,2025-12-01,paid_ads,mobile,career_changer,1
2284,2025-10-01,organic,mobile,student,0
2285,2025-10-01,organic,mobile,student,0
2286,2025-11-01,organic,mobile,student,1
2287,2025-11-01,social_media,desktop,student,0
2288,2025-09-01,paid_ads,desktop,career_changer,1
2289,2025-09-01,paid_ads,mobile,student,1
2290,2025-11-01,organic,mobile,student,0
2291,2025-10-01,partner_referral,desktop,professional_upskill,1
2292,2025-11-01,organic,mobile,career_changer,0
2293,2025-09-01,organic,desktop,career_changer,0
2294,2025-10-01,paid_ads,desktop,professional_upskill,0
2295,2025-10-01,organic,mobile,professional_upskill,0
2296,2025-09-01,organic,mobile,student,1
2297,2025-11-01,organic,desktop,career_changer,0
2298,2025-12-01,organic,desktop,career_changer,0
2299,2025-11-01,organic,desktop,student,0
2300,2025-11-01,paid_ads,mobile,professional_upskill,1
2301,2025-09-01,corporate,desktop,professional_upskill,1
2302,2025-10-01,partner_referral,mobile,professional_upskill,1
2303,2025-09-01,paid_ads,mobile,student,0
2304,2025-11-01,organic,mobile,student,0
2305,2025-12-01,social_media,desktop,professional_upskill,1
2306,2025-12-01,paid_ads,mobile,career_changer,0
2307,2025-12-01,organic,desktop,student,1
2308,2025-09-01,partner_referral,desktop,professional_upskill,0
2309,2025-10-01,organic,desktop,student,1
2310,2025-09-01,paid_ads,desktop,student,0
2311,2025-12-01,paid_ads,mobile,professional_upskill,0
2312,2025-11-01,social_media,desktop,student,0
2313,2025-10-01,paid_ads,desktop,student,0
2314,2025-09-01,corporate,tablet,student,0
2315,2025-09-01,social_media,desktop,career_changer,0
2316,2025-10-01,organic,mobile,student,1
2317,2025-10-01,organic,desktop,career_changer,1
2318,2025-11-01,paid_ads,desktop,career_changer,0
2319,2025-10-01,paid_ads,mobile,professional_upskill,1
2320,2025-11-01,paid_ads,desktop,student,1
2321,2025-12-01,social_media,desktop,professional_upskill,1
2322,2025-12-01,corporate,desktop,student,0
2323,2025-09-01,partner_referral,desktop,professional_upskill,0
2324,2025-12-01,paid_ads,desktop,career_changer,0
2325,2025-12-01,corporate,desktop,student,1
2326,2025-11-01,social_media,desktop,professional_upskill,0
2327,2025-09-01,corporate,mobile,student,1
2328,2025-10-01,organic,desktop,student,0
2329,2025-09-01,partner_referral,desktop,career_changer,1
2330,2025-12-01,organic,desktop,professional_upskill,0
2331,2025-10-01,organic,mobile,student,1
2332,2025-09-01,organic,mobile,student,1
2333,2025-09-01,partner_referral,mobile,student,1
2334,2025-09-01,partner_referral,mobile,career_changer,0
2335,2025-09-01,organic,desktop,career_changer,0
2336,2025-11-01,paid_ads,desktop,student,0
2337,2025-09-01,paid_ads,desktop,student,0
2338,2025-12-01,paid_ads,mobile,career_changer,0
2339,2025-12-01,organic,desktop,professional_upskill,1
2340,2025-11-01,paid_ads,desktop,professional_upskill,1
2341,2025-10-01,corporate,tablet,professional_upskill,1
2342,2025-10-01,organic,mobile,student,0
2343,2025-12-01,organic,desktop,professional_upskill,0
2344,2025-12-01,paid_ads,mobile,student,0
2345,2025-11-01,social_media,desktop,professional_upskill,0
2346,2025-10-01,partner_referral,desktop,student,0
2347,2025-10-01,partner_referral,desktop,career_changer,1
2348,2025-09-01,paid_ads,desktop,career_changer,1
2349,2025-09-01,partner_referral,desktop,career_changer,0
2350,2025-09-01,organic,mobile,professional_upskill,0
2351,2025-11-01,partner_referral,desktop,professional_upskill,1
2352,2025-12-01,social_media,desktop,professional_upskill,0
2353,2025-11-01,partner_referral,desktop,career_changer,0
2354,2025-10-01,social_media,desktop,career_changer,0
2355,2025-12-01,corporate,mobile,student,0
2356,2025-09-01,organic,desktop,professional_upskill,0
2357,2025-11-01,social_media,tablet,career_changer,1
2358,2025-11-01,organic,tablet,professional_upskill,1
2359,2025-09-01,paid_ads,desktop,career_changer,1
2360,2025-11-01,organic,desktop,career_changer,0
2361,2025-09-01,organic,mobile,professional_upskill,0
2362,2025-10-01,paid_ads,tablet,student,0
2363,2025-12-01,organic,mobile,student,1
2364,2025-10-01,paid_ads,mobile,student,0
2365,2025-10-01,partner_referral,mobile,professional_upskill,1
2366,2025-09-01,organic,desktop,student,1
2367,2025-11-01,organic,desktop,student,1
2368,2025-10-01,partner_referral,mobile,student,0
2369,2025-10-01,paid_ads,mobile,career_changer,0
2370,2025-10-01,corporate,desktop,career_changer,0
2371,2025-11-01,partner_referral,desktop,student,1
2372,2025-11-01,corporate,desktop,professional_upskill,1
2373,2025-09-01,partner_referral,desktop,professional_upskill,1
2374,2025-10-01,paid_ads,mobile,student,0
2375,2025-12-01,partner_referral,desktop,professional_upskill,0
2376,2025-11-01,organic,desktop,career_changer,0
2377,2025-09-01,paid_ads,desktop,student,0
2378,2025-10-01,corporate,desktop,student,1
2379,2025-12-01,paid_ads,desktop,career_changer,1
2380,2025-11-01,corporate,desktop,career_changer,1
2381,2025-12-01,corporate,desktop,student,1
2382,2025-11-01,social_media,desktop,professional_upskill,0
2383,2025-09-01,social_media,desktop,career_changer,0
2384,2025-12-01,paid_ads,desktop,professional_upskill,0
2385,2025-10-01,paid_ads,mobile,student,0
2386,2025-10-01,partner_referral,desktop,career_changer,0
2387,2025-11-01,paid_ads,desktop,student,0
2388,2025-10-01,partner_referral,mobile,career_changer,0
2389,2025-12-01,corporate,desktop,professional_upskill,1
2390,2025-09-01,partner_referral,mobile,professional_upskill,1
2391,2025-11-01,paid_ads,desktop,career_changer,0
2392,2025-12-01,organic,desktop,professional_upskill,0
2393,2025-11-01,paid_ads,mobile,professional_upskill,0
2394,2025-09-01,organic,mobile,career_changer,1
2395,2025-11-01,social_media,desktop,student,0
2396,2025-10-01,paid_ads,desktop,professional_upskill,1
2397,2025-10-01,organic,desktop,student,1
2398,2025-11-01,organic,mobile,professional_upskill,0
2399,2025-09-01,partner_referral,mobile,career_changer,1
2400,2025-09-01,partner_referral,desktop,career_changer,0
2401,2025-10-01,paid_ads,desktop,student,1
2402,2025-09-01,organic,desktop,career_changer,0
2403,2025-11-01,paid_ads,desktop,professional_upskill,0
2404,2025-12-01,paid_ads,desktop,student,1
2405,2025-11-01,partner_referral,desktop,career_changer,1
2406,2025-10-01,partner_referral,mobile,professional_upskill,0
2407,2025-10-01,paid_ads,mobile,career_changer,0
2408,2025-10-01,organic,tablet,career_changer,0
2409,2025-09-01,social_media,desktop,career_changer,0
2410,2025-11-01,paid_ads,desktop,career_changer,0
2411,2025-12-01,partner_referral,mobile,student,1
2412,2025-11-01,organic,desktop,student,1
2413,2025-12-01,paid_ads,mobile,career_changer,0
2414,2025-11-01,organic,desktop,professional_upskill,1
2415,2025-10-01,paid_ads,desktop,student,0
2416,2025-12-01,social_media,desktop,student,0
2417,2025-11-01,paid_ads,desktop,career_changer,0
2418,2025-09-01,organic,mobile,professional_upskill,0
2419,2025-09-01,organic,desktop,student,0
2420,2025-11-01,paid_ads,desktop,professional_upskill,1
2421,2025-10-01,organic,desktop,student,1
2422,2025-12-01,organic,mobile,professional_upskill,0
2423,2025-11-01,corporate,desktop,career_changer,0
2424,2025-09-01,paid_ads,desktop,professional_upskill,1
2425,2025-12-01,organic,desktop,career_changer,0
2426,2025-09-01,social_media,desktop,professional_upskill,0
2427,2025-09-01,organic,desktop,student,0
2428,2025-11-01,social_media,mobile,student,1
2429,2025-09-01,paid_ads,desktop,career_changer,0
2430,2025-12-01,social_media,desktop,professional_upskill,0
2431,2025-10-01,partner_referral,mobile,professional_upskill,1
2432,2025-11-01,corporate,desktop,career_changer,1
2433,2025-12-01,social_media,desktop,career_changer,0
2434,2025-11-01,organic,desktop,student,1
2435,2025-09-01,social_media,desktop,professional_upskill,0
2436,2025-09-01,paid_ads,mobile,professional_upskill,0
2437,2025-12-01,paid_ads,mobile,professional_upskill,0
2438,2025-12-01,paid_ads,mobile,career_changer,0
2439,2025-10-01,paid_ads,mobile,professional_upskill,0
2440,2025-12-01,organic,desktop,professional_upskill,0
2441,2025-12-01,partner_referral,desktop,career_changer,0
2442,2025-11-01,paid_ads,desktop,career_changer,1
2443,2025-09-01,corporate,desktop,career_changer,1
2444,2025-12-01,corporate,tablet,career_changer,1
2445,2025-10-01,paid_ads,mobile,career_changer,0
2446,2025-12-01,paid_ads,desktop,student,0
2447,2025-09-01,organic,desktop,career_changer,0
2448,2025-12-01,organic,desktop,career_changer,0
2449,2025-11-01,organic,desktop,career_changer,1
2450,2025-09-01,paid_ads,desktop,student,0
2451,2025-12-01,organic,desktop,professional_upskill,0
2452,2025-11-01,social_media,mobile,career_changer,0
2453,2025-09-01,partner_referral,mobile,student,1
2454,2025-12-01,paid_ads,desktop,career_changer,0
2455,2025-11-01,partner_referral,desktop,professional_upskill,0
2456,2025-10-01,organic,desktop,professional_upskill,1
2457,2025-11-01,paid_ads,mobile,student,0
2458,2025-10-01,partner_referral,mobile,professional_upskill,0
2459,2025-12-01,paid_ads,mobile,student,0
2460,2025-11-01,paid_ads,desktop,professional_upskill,0
2461,2025-10-01,social_media,mobile,student,0
2462,2025-09-01,social_media,desktop,student,1
2463,2025-11-01,partner_referral,desktop,career_changer,1
2464,2025-12-01,partner_referral,desktop,career_changer,1
2465,2025-09-01,partner_referral,desktop,career_changer,1
2466,2025-10-01,organic,mobile,professional_upskill,0
2467,2025-11-01,paid_ads,desktop,professional_upskill,0
2468,2025-11-01,organic,desktop,career_changer,1
2469,2025-12-01,paid_ads,desktop,career_changer,0
2470,2025-09-01,paid_ads,desktop,student,0
2471,2025-11-01,organic,desktop,student,1
2472,2025-11-01,social_media,desktop,career_changer,1
2473,2025-09-01,social_media,desktop,student,0
2474,2025-11-01,corporate,desktop,professional_upskill,1
2475,2025-09-01,paid_ads,tablet,career_changer,1
2476,2025-09-01,social_media,desktop,student,0
2477,2025-09-01,organic,desktop,career_changer,0
2478,2025-12-01,corporate,desktop,student,1
2479,2025-09-01,organic,mobile,career_changer,0
2480,2025-09-01,corporate,mobile,professional_upskill,1
2481,2025-10-01,organic,desktop,career_changer,0
2482,2025-10-01,social_media,desktop,student,0
2483,2025-12-01,social_media,mobile,professional_upskill,0
2484,2025-09-01,organic,mobile,student,1
2485,2025-10-01,paid_ads,mobile,professional_upskill,0
2486,2025-10-01,social_media,mobile,career_changer,0
2487,2025-11-01,paid_ads,mobile,career_changer,0
2488,2025-09-01,social_media,desktop,professional_upskill,0
2489,2025-10-01,partner_referral,desktop,professional_upskill,1
2490,2025-12-01,paid_ads,mobile,student,0
2491,2025-11-01,organic,mobile,student,0
2492,2025-11-01,organic,desktop,professional_upskill,1
2493,2025-09-01,corporate,tablet,student,0
2494,2025-09-01,paid_ads,desktop,career_changer,1
2495,2025-11-01,paid_ads,desktop,professional_upskill,1
2496,2025-12-01,paid_ads,mobile,career_changer,0
2497,2025-09-01,partner_referral,desktop,professional_upskill,0
2498,2025-09-01,social_media,desktop,professional_upskill,0
2499,2025-11-01,social_media,desktop,professional_upskill,0
2500,2025-11-01,paid_ads,desktop,professional_upskill,0
2501,2025-09-01,corporate,desktop,career_changer,0
2502,2025-10-01,corporate,desktop,career_changer,0
2503,2025-09-01,partner_referral,desktop,career_changer,1
2504,2025-10-01,social_media,tablet,professional_upskill,0
2505,2025-11-01,organic,tablet,professional_upskill,0
2506,2025-10-01,organic,desktop,student,0
2507,2025-12-01,social_media,mobile,student,0
2508,2025-11-01,paid_ads,desktop,professional_upskill,0
2509,2025-09-01,corporate,desktop,career_changer,1
2510,2025-09-01,social_media,desktop,student,0
2511,2025-11-01,organic,tablet,professional_upskill,1
2512,2025-11-01,social_media,mobile,professional_upskill,0
2513,2025-12-01,paid_ads,desktop,professional_upskill,1
2514,2025-11-01,paid_ads,desktop,professional_upskill,0
2515,2025-09-01,partner_referral,desktop,student,1
2516,2025-12-01,social_media,desktop,professional_upskill,0
2517,2025-09-01,organic,desktop,career_changer,1
2518,2025-10-01,paid_ads,desktop,professional_upskill,0
2519,2025-11-01,partner_referral,mobile,student,1
2520,2025-10-01,corporate,desktop,student,1
2521,2025-09-01,partner_referral,mobile,career_changer,0
2522,2025-10-01,organic,mobile,student,0
2523,2025-10-01,organic,desktop,professional_upskill,0
2524,2025-09-01,paid_ads,mobile,professional_upskill,0
2525,2025-09-01,corporate,mobile,professional_upskill,0
2526,2025-11-01,organic,desktop,professional_upskill,1
2527,2025-10-01,organic,desktop,career_changer,0
2528,2025-12-01,social_media,mobile,professional_upskill,0
2529,2025-12-01,organic,desktop,professional_upskill,1
2530,2025-09-01,social_media,desktop,professional_upskill,0
2531,2025-09-01,partner_referral,desktop,career_changer,1
2532,2025-10-01,corporate,mobile,career_changer,0
2533,2025-09-01,organic,mobile,professional_upskill,0
2534,2025-12-01,organic,mobile,student,0
2535,2025-11-01,corporate,desktop,professional_upskill,1
2536,2025-11-01,corporate,desktop,professional_upskill,0
2537,2025-10-01,corporate,desktop,career_changer,0
2538,2025-11-01,organic,mobile,professional_upskill,1
2539,2025-09-01,corporate,desktop,professional_upskill,1
2540,2025-09-01,corporate,desktop,professional_upskill,1
2541,2025-09-01,partner_referral,desktop,career_changer,1
2542,2025-09-01,corporate,desktop,professional_upskill,1
2543,2025-10-01,corporate,mobile,career_changer,0
2544,2025-11-01,partner_referral,mobile,student,0
2545,2025-12-01,organic,tablet,professional_upskill,0
2546,2025-11-01,paid_ads,desktop,professional_upskill,1
2547,2025-09-01,organic,mobile,professional_upskill,0
2548,2025-12-01,paid_ads,mobile,student,1
2549,2025-10-01,paid_ads,desktop,student,1
2550,2025-09-01,organic,tablet,professional_upskill,0
2551,2025-09-01,paid_ads,desktop,student,0
2552,2025-12-01,organic,mobile,professional_upskill,1
2553,2025-10-01,corporate,mobile,professional_upskill,0
2554,2025-12-01,social_media,mobile,professional_upskill,0
2555,2025-10-01,organic,desktop,student,1
2556,2025-09-01,social_media,desktop,professional_upskill,0
2557,2025-11-01,paid_ads,desktop,professional_upskill,0
2558,2025-09-01,organic,desktop,career_changer,1
2559,2025-11-01,organic,mobile,career_changer,0
2560,2025-11-01,paid_ads,mobile,career_changer,0
2561,2025-10-01,corporate,mobile,student,1
2562,2025-12-01,corporate,desktop,professional_upskill,0
2563,2025-10-01,organic,mobile,professional_upskill,1
2564,2025-09-01,organic,mobile,professional_upskill,0
2565,2025-12-01,paid_ads,mobile,career_changer,0
2566,2025-11-01,organic,desktop,professional_upskill,0
2567,2025-11-01,organic,desktop,student,1
2568,2025-09-01,organic,desktop,professional_upskill,1
2569,2025-12-01,corporate,mobile,career_changer,1
2570,2025-09-01,social_media,mobile,professional_upskill,1
2571,2025-09-01,paid_ads,tablet,professional_upskill,0
2572,2025-10-01,social_media,desktop,professional_upskill,0
2573,2025-09-01,paid_ads,desktop,professional_upskill,0
2574,2025-12-01,paid_ads,mobile,professional_upskill,1
2575,2025-09-01,organic,mobile,student,0
2576,2025-12-01,partner_referral,mobile,professional_upskill,0
2577,2025-11-01,social_media,mobile,career_changer,0
2578,2025-09-01,partner_referral,desktop,career_changer,0
2579,2025-12-01,paid_ads,mobile,student,1
2580,2025-11-01,partner_referral,mobile,professional_upskill,1
2581,2025-12-01,organic,desktop,student,1
2582,2025-11-01,social_media,desktop,career_changer,1
2583,2025-10-01,paid_ads,desktop,professional_upskill,0
2584,2025-09-01,paid_ads,desktop,professional_upskill,0
2585,2025-09-01,partner_referral,mobile,professional_upskill,0
2586,2025-11-01,partner_referral,desktop,career_changer,0
2587,2025-10-01,organic,desktop,career_changer,0
2588,2025-12-01,partner_referral,desktop,student,0
2589,2025-10-01,organic,desktop,career_changer,0
2590,2025-12-01,corporate,desktop,student,0
2591,2025-12-01,corporate,mobile,professional_upskill,0
2592,2025-09-01,corporate,desktop,career_changer,0
2593,2025-11-01,partner_referral,desktop,student,0
2594,2025-09-01,paid_ads,desktop,career_changer,0
2595,2025-09-01,organic,desktop,career_changer,0
2596,2025-09-01,corporate,desktop,career_changer,1
2597,2025-12-01,organic,desktop,student,1
2598,2025-09-01,paid_ads,mobile,professional_upskill,0
2599,2025-12-01,organic,mobile,student,0
2600,2025-11-01,organic,desktop,student,0
2601,2025-12-01,partner_referral,desktop,student,1
2602,2025-12-01,organic,tablet,career_changer,0
2603,2025-10-01,corporate,mobile,student,0
2604,2025-09-01,paid_ads,desktop,student,0
2605,2025-09-01,organic,mobile,career_changer,0
2606,2025-09-01,paid_ads,mobile,career_changer,0
2607,2025-09-01,organic,mobile,student,0
2608,2025-10-01,organic,desktop,student,1
2609,2025-10-01,corporate,desktop,career_changer,1
2610,2025-10-01,organic,desktop,student,0
2611,2025-10-01,corporate,mobile,career_changer,1
2612,2025-09-01,organic,desktop,student,1
2613,2025-12-01,organic,desktop,student,0
2614,2025-11-01,corporate,mobile,career_changer,0
2615,2025-10-01,paid_ads,mobile,student,1
2616,2025-12-01,organic,tablet,student,1
2617,2025-10-01,paid_ads,mobile,career_changer,0
2618,2025-09-01,organic,tablet,professional_upskill,1
2619,2025-09-01,corporate,desktop,professional_upskill,1
2620,2025-12-01,paid_ads,mobile,professional_upskill,1
2621,2025-12-01,corporate,mobile,professional_upskill,1
2622,2025-12-01,social_media,desktop,professional_upskill,1
2623,2025-09-01,paid_ads,desktop,professional_upskill,0
2624,2025-09-01,social_media,tablet,career_changer,1
2625,2025-11-01,paid_ads,desktop,career_changer,1
2626,2025-12-01,social_media,mobile,student,0
2627,2025-11-01,organic,desktop,professional_upskill,0
2628,2025-10-01,partner_referral,desktop,professional_upskill,1
2629,2025-11-01,paid_ads,desktop,career_changer,0
2630,2025-10-01,paid_ads,desktop,professional_upskill,1
2631,2025-10-01,partner_referral,mobile,career_changer,0
2632,2025-11-01,corporate,desktop,career_changer,1
2633,2025-12-01,organic,desktop,career_changer,1
2634,2025-10-01,organic,desktop,career_changer,1
2635,2025-12-01,corporate,desktop,career_changer,1
2636,2025-09-01,partner_referral,desktop,professional_upskill,0
2637,2025-10-01,social_media,mobile,professional_upskill,0
2638,2025-09-01,corporate,desktop,professional_upskill,1
2639,2025-11-01,social_media,desktop,student,0
2640,2025-12-01,corporate,desktop,professional_upskill,1
2641,2025-11-01,organic,desktop,student,0
2642,2025-10-01,organic,desktop,student,0
2643,2025-09-01,corporate,desktop,professional_upskill,1
2644,2025-10-01,partner_referral,mobile,student,0
2645,2025-11-01,organic,mobile,student,0
2646,2025-12-01,paid_ads,mobile,career_changer,0
2647,2025-12-01,social_media,desktop,professional_upskill,0
2648,2025-10-01,paid_ads,desktop,student,0
2649,2025-10-01,paid_ads,desktop,career_changer,0
2650,2025-09-01,paid_ads,mobile,professional_upskill,1
2651,2025-11-01,organic,tablet,professional_upskill,0
2652,2025-10-01,paid_ads,desktop,professional_upskill,0
2653,2025-09-01,paid_ads,desktop,career_changer,0
2654,2025-10-01,organic,mobile,student,1
2655,2025-12-01,corporate,mobile,student,0
2656,2025-09-01,paid_ads,mobile,career_changer,0
2657,2025-09-01,corporate,mobile,professional_upskill,1
2658,2025-10-01,social_media,tablet,student,1
2659,2025-11-01,organic,desktop,student,0
2660,2025-12-01,partner_referral,mobile,professional_upskill,1
2661,2025-11-01,paid_ads,tablet,professional_upskill,0
2662,2025-09-01,social_media,mobile,professional_upskill,0
2663,2025-11-01,organic,desktop,professional_upskill,1
2664,2025-09-01,partner_referral,desktop,professional_upskill,1
2665,2025-11-01,partner_referral,desktop,professional_upskill,1
2666,2025-10-01,organic,desktop,career_changer,0
2667,2025-11-01,organic,mobile,professional_upskill,1
2668,2025-09-01,partner_referral,desktop,career_changer,0
2669,2025-12-01,corporate,desktop,student,1
2670,2025-12-01,paid_ads,mobile,student,0
2671,2025-12-01,partner_referral,desktop,professional_upskill,0
2672,2025-09-01,paid_ads,desktop,professional_upskill,1
2673,2025-11-01,corporate,desktop,student,1
2674,2025-12-01,organic,mobile,student,0
2675,2025-12-01,social_media,desktop,professional_upskill,0
2676,2025-12-01,organic,mobile,professional_upskill,1
2677,2025-10-01,paid_ads,desktop,student,0
2678,2025-09-01,organic,mobile,career_changer,0
2679,2025-09-01,organic,desktop,professional_upskill,0
2680,2025-09-01,paid_ads,desktop,student,0
2681,2025-09-01,organic,desktop,professional_upskill,0
2682,2025-09-01,corporate,desktop,student,1
2683,2025-10-01,organic,desktop,student,0
2684,2025-11-01,paid_ads,desktop,student,0
2685,2025-10-01,paid_ads,desktop,student,0
2686,2025-12-01,organic,desktop,student,0
2687,2025-10-01,organic,desktop,student,1
2688,2025-09-01,paid_ads,desktop,professional_upskill,1
2689,2025-10-01,paid_ads,mobile,student,1
2690,2025-09-01,paid_ads,mobile,professional_upskill,0
2691,2025-10-01,paid_ads,desktop,career_changer,0
2692,2025-09-01,partner_referral,desktop,professional_upskill,0
2693,2025-12-01,organic,tablet,student,1
2694,2025-09-01,paid_ads,desktop,student,0
2695,2025-10-01,social_media,tablet,career_changer,0
2696,2025-12-01,paid_ads,desktop,career_changer,0
2697,2025-10-01,partner_referral,mobile,professional_upskill,1
2698,2025-12-01,paid_ads,desktop,professional_upskill,0
2699,2025-11-01,corporate,mobile,professional_upskill,1
2700,2025-11-01,corporate,desktop,career_changer,1
2701,2025-11-01,paid_ads,mobile,professional_upskill,0
2702,2025-10-01,social_media,desktop,career_changer,1
2703,2025-10-01,organic,desktop,professional_upskill,0
2704,2025-12-01,organic,mobile,professional_upskill,0
2705,2025-12-01,corporate,desktop,student,1
2706,2025-12-01,corporate,mobile,student,0
2707,2025-12-01,organic,desktop,career_changer,1
2708,2025-09-01,organic,mobile,professional_upskill,1
2709,2025-11-01,organic,desktop,career_changer,0
2710,2025-09-01,organic,tablet,professional_upskill,0
2711,2025-09-01,corporate,tablet,student,0
2712,2025-09-01,paid_ads,desktop,student,1
2713,2025-09-01,paid_ads,mobile,student,0
2714,2025-11-01,paid_ads,mobile,career_changer,0
2715,2025-09-01,organic,desktop,professional_upskill,0
2716,2025-12-01,organic,mobile,student,1
2717,2025-10-01,partner_referral,desktop,career_changer,1
2718,2025-12-01,social_media,mobile,student,0
2719,2025-10-01,corporate,desktop,student,1
2720,2025-12-01,organic,desktop,professional_upskill,1
2721,2025-12-01,social_media,desktop,career_changer,0
2722,2025-10-01,corporate,desktop,professional_upskill,0
2723,2025-11-01,corporate,mobile,professional_upskill,0
2724,2025-09-01,paid_ads,tablet,professional_upskill,0
2725,2025-12-01,paid_ads,desktop,student,0
2726,2025-11-01,paid_ads,desktop,career_changer,0
2727,2025-09-01,organic,mobile,professional_upskill,0
2728,2025-11-01,organic,desktop,professional_upskill,1
2729,2025-11-01,organic,desktop,professional_upskill,1
2730,2025-09-01,paid_ads,desktop,student,1
2731,2025-12-01,corporate,desktop,student,0
2732,2025-11-01,paid_ads,desktop,career_changer,0
2733,2025-12-01,organic,mobile,professional_upskill,1
2734,2025-12-01,social_media,desktop,student,0
2735,2025-12-01,social_media,mobile,student,1
2736,2025-09-01,corporate,desktop,professional_upskill,1
2737,2025-10-01,social_media,desktop,student,0
2738,2025-12-01,paid_ads,mobile,student,0
2739,2025-10-01,social_media,desktop,student,0
2740,2025-10-01,organic,desktop,student,0
2741,2025-11-01,paid_ads,mobile,career_changer,1
2742,2025-12-01,organic,desktop,career_changer,1
2743,2025-12-01,organic,mobile,student,1
2744,2025-12-01,organic,desktop,student,1
2745,2025-10-01,partner_referral,mobile,student,1
2746,2025-09-01,corporate,desktop,professional_upskill,1
2747,2025-10-01,partner_referral,desktop,student,0
2748,2025-12-01,organic,tablet,career_changer,0
2749,2025-12-01,corporate,mobile,student,0
2750,2025-12-01,partner_referral,desktop,student,1
2751,2025-10-01,paid_ads,desktop,student,0
2752,2025-12-01,partner_referral,desktop,student,1
2753,2025-11-01,organic,mobile,professional_upskill,1
2754,2025-12-01,paid_ads,mobile,career_changer,0
2755,2025-09-01,social_media,mobile,professional_upskill,0
2756,2025-11-01,organic,desktop,student,0
2757,2025-12-01,paid_ads,mobile,student,0
2758,2025-11-01,social_media,desktop,student,0
2759,2025-12-01,corporate,desktop,professional_upskill,1
2760,2025-09-01,organic,desktop,student,0
2761,2025-12-01,organic,tablet,career_changer,0
2762,2025-11-01,organic,mobile,student,1
2763,2025-09-01,partner_referral,desktop,student,0
2764,2025-10-01,paid_ads,mobile,professional_upskill,1
2765,2025-09-01,organic,mobile,career_changer,0
2766,2025-09-01,social_media,desktop,professional_upskill,0
2767,2025-09-01,paid_ads,desktop,professional_upskill,1
2768,2025-11-01,organic,tablet,career_changer,0
2769,2025-09-01,paid_ads,mobile,student,1
2770,2025-12-01,partner_referral,desktop,career_changer,0
2771,2025-09-01,organic,desktop,student,1
2772,2025-09-01,organic,desktop,career_changer,0
2773,2025-12-01,corporate,desktop,career_changer,0
2774,2025-12-01,paid_ads,tablet,professional_upskill,1
2775,2025-10-01,paid_ads,desktop,professional_upskill,1
2776,2025-09-01,paid_ads,mobile,professional_upskill,0
2777,2025-11-01,organic,desktop,student,1
2778,2025-09-01,organic,desktop,student,1
2779,2025-09-01,paid_ads,desktop,student,0
2780,2025-12-01,organic,mobile,professional_upskill,1
2781,2025-10-01,organic,desktop,professional_upskill,0
2782,2025-09-01,corporate,mobile,student,0
2783,2025-11-01,social_media,desktop,student,0
2784,2025-09-01,corporate,desktop,career_changer,0
2785,2025-11-01,social_media,desktop,professional_upskill,0
2786,2025-12-01,organic,desktop,career_changer,1
2787,2025-10-01,social_media,mobile,student,1
2788,2025-09-01,organic,desktop,professional_upskill,1
2789,2025-10-01,social_media,desktop,professional_upskill,1
2790,2025-09-01,social_media,desktop,student,0
2791,2025-11-01,corporate,desktop,professional_upskill,1
2792,2025-10-01,social_media,desktop,career_changer,0
2793,2025-09-01,partner_referral,desktop,career_changer,0
2794,2025-12-01,organic,mobile,career_changer,0
2795,2025-11-01,paid_ads,desktop,professional_upskill,0
2796,2025-10-01,partner_referral,desktop,professional_upskill,1
2797,2025-09-01,organic,desktop,student,1
2798,2025-10-01,partner_referral,mobile,professional_upskill,0
2799,2025-09-01,social_media,mobile,student,0
2800,2025-11-01,organic,mobile,professional_upskill,1
2801,2025-12-01,corporate,desktop,career_changer,0
2802,2025-11-01,social_media,desktop,student,0
2803,2025-10-01,social_media,tablet,student,1
2804,2025-10-01,social_media,mobile,professional_upskill,0
2805,2025-09-01,paid_ads,desktop,career_changer,0
2806,2025-11-01,social_media,mobile,professional_upskill,0
2807,2025-09-01,corporate,mobile,career_changer,0
2808,2025-11-01,organic,desktop,professional_upskill,0
2809,2025-10-01,paid_ads,desktop,career_changer,0
2810,2025-09-01,corporate,desktop,student,1
2811,2025-09-01,organic,desktop,career_changer,0
2812,2025-11-01,partner_referral,mobile,professional_upskill,1
2813,2025-12-01,partner_referral,desktop,career_changer,1
2814,2025-11-01,organic,mobile,student,0
2815,2025-12-01,partner_referral,tablet,professional_upskill,0
2816,2025-11-01,corporate,desktop,professional_upskill,1
2817,2025-10-01,paid_ads,desktop,student,0
2818,2025-09-01,organic,mobile,professional_upskill,1
2819,2025-11-01,organic,mobile,professional_upskill,1
2820,2025-10-01,paid_ads,mobile,student,0
2821,2025-11-01,social_media,desktop,student,0
2822,2025-09-01,organic,desktop,professional_upskill,1
2823,2025-11-01,partner_referral,desktop,professional_upskill,1
2824,2025-12-01,organic,tablet,student,1
2825,2025-09-01,paid_ads,desktop,student,0
2826,2025-12-01,corporate,mobile,student,0
2827,2025-10-01,corporate,desktop,career_changer,0
2828,2025-10-01,organic,tablet,student,1
2829,2025-11-01,paid_ads,mobile,student,0
2830,2025-12-01,organic,desktop,professional_upskill,0
2831,2025-12-01,paid_ads,desktop,professional_upskill,0
2832,2025-09-01,partner_referral,desktop,career_changer,1
2833,2025-12-01,organic,desktop,career_changer,1
2834,2025-12-01,organic,desktop,career_changer,0
2835,2025-09-01,paid_ads,desktop,career_changer,0
2836,2025-09-01,social_media,desktop,professional_upskill,0
2837,2025-12-01,social_media,mobile,professional_upskill,1
2838,2025-11-01,organic,desktop,student,1
2839,2025-09-01,corporate,desktop,career_changer,0
2840,2025-09-01,paid_ads,mobile,career_changer,0
2841,2025-12-01,paid_ads,desktop,career_changer,0
2842,2025-12-01,corporate,tablet,career_changer,1
2843,2025-09-01,social_media,mobile,professional_upskill,0
2844,2025-12-01,social_media,desktop,professional_upskill,1
2845,2025-09-01,partner_referral,desktop,career_changer,1
2846,2025-11-01,paid_ads,mobile,professional_upskill,0
2847,2025-11-01,corporate,desktop,professional_upskill,0
2848,2025-09-01,organic,desktop,professional_upskill,0
2849,2025-09-01,partner_referral,desktop,professional_upskill,1
2850,2025-10-01,paid_ads,desktop,student,0
2851,2025-10-01,partner_referral,desktop,student,1
2852,2025-12-01,organic,desktop,professional_upskill,0
2853,2025-12-01,organic,desktop,professional_upskill,1
2854,2025-09-01,social_media,mobile,professional_upskill,1
2855,2025-09-01,organic,desktop,student,1
2856,2025-10-01,paid_ads,desktop,career_changer,0
2857,2025-10-01,organic,desktop,student,0
2858,2025-09-01,organic,desktop,career_changer,1
2859,2025-11-01,organic,desktop,student,0
2860,2025-11-01,organic,desktop,student,0
2861,2025-12-01,social_media,desktop,student,0
2862,2025-09-01,organic,mobile,career_changer,0
2863,2025-09-01,social_media,desktop,career_changer,0
2864,2025-12-01,partner_referral,desktop,student,0
2865,2025-10-01,paid_ads,desktop,student,1
2866,2025-10-01,partner_referral,desktop,student,1
2867,2025-11-01,paid_ads,mobile,professional_upskill,0
2868,2025-09-01,corporate,mobile,student,1
2869,2025-10-01,organic,desktop,student,0
2870,2025-11-01,paid_ads,desktop,professional_upskill,1
2871,2025-11-01,social_media,desktop,career_changer,0
2872,2025-11-01,social_media,mobile,professional_upskill,0
2873,2025-10-01,social_media,desktop,career_changer,0
2874,2025-10-01,paid_ads,tablet,professional_upskill,1
2875,2025-09-01,corporate,mobile,student,0
2876,2025-09-01,paid_ads,mobile,professional_upskill,0
2877,2025-11-01,paid_ads,desktop,professional_upskill,1
2878,2025-11-01,organic,desktop,career_changer,0
2879,2025-10-01,partner_referral,desktop,professional_upskill,1
2880,2025-10-01,organic,desktop,career_changer,0
2881,2025-09-01,paid_ads,desktop,student,0
2882,2025-09-01,social_media,mobile,student,0
2883,2025-12-01,organic,desktop,professional_upskill,0
2884,2025-09-01,organic,desktop,career_changer,0
2885,2025-10-01,organic,desktop,career_changer,1
2886,2025-11-01,social_media,mobile,professional_upskill,0
2887,2025-12-01,paid_ads,mobile,career_changer,0
2888,2025-09-01,paid_ads,desktop,student,0
2889,2025-09-01,corporate,desktop,professional_upskill,1
2890,2025-10-01,corporate,desktop,professional_upskill,0
2891,2025-12-01,paid_ads,desktop,student,0
2892,2025-09-01,partner_referral,desktop,professional_upskill,1
2893,2025-11-01,corporate,mobile,student,0
2894,2025-10-01,partner_referral,desktop,career_changer,0
2895,2025-12-01,organic,desktop,student,1
2896,2025-09-01,social_media,desktop,career_changer,0
2897,2025-09-01,paid_ads,mobile,career_changer,0
2898,2025-12-01,organic,desktop,career_changer,1
2899,2025-10-01,paid_ads,desktop,professional_upskill,0
2900,2025-12-01,organic,mobile,student,1
2901,2025-12-01,organic,desktop,professional_upskill,1
2902,2025-10-01,corporate,mobile,career_changer,0
2903,2025-09-01,organic,desktop,professional_upskill,1
2904,2025-11-01,paid_ads,mobile,career_changer,0
2905,2025-10-01,paid_ads,desktop,student,0
2906,2025-11-01,organic,desktop,student,1
2907,2025-09-01,social_media,mobile,professional_upskill,0
2908,2025-12-01,organic,desktop,professional_upskill,0
2909,2025-11-01,paid_ads,desktop,student,0
2910,2025-09-01,paid_ads,desktop,career_changer,0
2911,2025-09-01,organic,desktop,career_changer,0
2912,2025-12-01,organic,desktop,professional_upskill,1
2913,2025-12-01,corporate,tablet,professional_upskill,1
2914,2025-09-01,social_media,tablet,professional_upskill,1
2915,2025-09-01,organic,mobile,professional_upskill,1
2916,2025-11-01,partner_referral,desktop,professional_upskill,1
2917,2025-09-01,corporate,desktop,student,0
2918,2025-09-01,corporate,mobile,professional_upskill,1
2919,2025-11-01,paid_ads,desktop,professional_upskill,0
2920,2025-10-01,paid_ads,desktop,professional_upskill,0
2921,2025-11-01,paid_ads,desktop,career_changer,1
2922,2025-11-01,corporate,desktop,student,1
2923,2025-12-01,corporate,desktop,career_changer,1
2924,2025-11-01,organic,desktop,professional_upskill,1
2925,2025-09-01,paid_ads,mobile,student,0
2926,2025-09-01,social_media,desktop,career_changer,0
2927,2025-09-01,corporate,desktop,career_changer,0
2928,2025-10-01,social_media,desktop,career_changer,0
2929,2025-09-01,corporate,desktop,career_changer,0
2930,2025-10-01,paid_ads,desktop,student,0
2931,2025-09-01,partner_referral,desktop,professional_upskill,0
2932,2025-11-01,partner_referral,tablet,professional_upskill,1
2933,2025-12-01,organic,desktop,student,1
2934,2025-09-01,paid_ads,desktop,professional_upskill,0
2935,2025-10-01,corporate,desktop,professional_upskill,1
2936,2025-10-01,organic,tablet,student,1
2937,2025-12-01,corporate,mobile,career_changer,1
2938,2025-09-01,partner_referral,mobile,career_changer,1
2939,2025-11-01,social_media,desktop,career_changer,1
2940,2025-09-01,organic,tablet,professional_upskill,1
2941,2025-09-01,organic,desktop,career_changer,0
2942,2025-12-01,partner_referral,desktop,student,1
2943,2025-09-01,organic,mobile,professional_upskill,0
2944,2025-11-01,corporate,mobile,student,1
2945,2025-10-01,corporate,desktop,professional_upskill,1
2946,2025-12-01,organic,desktop,student,1
2947,2025-11-01,paid_ads,desktop,student,1
2948,2025-10-01,paid_ads,desktop,career_changer,0
2949,2025-12-01,paid_ads,desktop,student,0
2950,2025-12-01,social_media,tablet,career_changer,0
2951,2025-10-01,corporate,mobile,student,1
2952,2025-10-01,partner_referral,mobile,career_changer,0
2953,2025-11-01,corporate,mobile,professional_upskill,1
2954,2025-09-01,paid_ads,desktop,student,0
2955,2025-09-01,social_media,mobile,professional_upskill,0
2956,2025-09-01,partner_referral,desktop,student,1
2957,2025-09-01,corporate,desktop,student,1
2958,2025-09-01,social_media,desktop,professional_upskill,1
2959,2025-11-01,organic,desktop,career_changer,1
2960,2025-12-01,corporate,mobile,career_changer,1
2961,2025-11-01,organic,tablet,student,0
2962,2025-11-01,paid_ads,desktop,professional_upskill,0
2963,2025-11-01,paid_ads,mobile,career_changer,0
2964,2025-12-01,social_media,desktop,student,1
2965,2025-11-01,social_media,mobile,career_changer,0
2966,2025-11-01,corporate,desktop,professional_upskill,0
2967,2025-12-01,corporate,desktop,career_changer,1
2968,2025-11-01,partner_referral,desktop,student,0
2969,2025-09-01,social_media,desktop,career_changer,0
2970,2025-10-01,paid_ads,desktop,student,0
2971,2025-11-01,paid_ads,mobile,career_changer,1
2972,2025-10-01,organic,desktop,professional_upskill,1
2973,2025-11-01,corporate,mobile,career_changer,1
2974,2025-11-01,corporate,mobile,career_changer,0
2975,2025-09-01,paid_ads,desktop,professional_upskill,0
2976,2025-12-01,organic,desktop,career_changer,1
2977,2025-10-01,corporate,mobile,career_changer,0
2978,2025-12-01,organic,desktop,student,0
2979,2025-09-01,corporate,mobile,career_changer,1
2980,2025-09-01,social_media,desktop,career_changer,0
2981,2025-10-01,paid_ads,desktop,career_changer,0
2982,2025-12-01,organic,tablet,professional_upskill,1
2983,2025-09-01,corporate,desktop,professional_upskill,0
2984,2025-11-01,corporate,desktop,professional_upskill,1
2985,2025-11-01,paid_ads,desktop,career_changer,0
2986,2025-11-01,social_media,mobile,career_changer,0
2987,2025-12-01,organic,mobile,student,1
2988,2025-11-01,paid_ads,desktop,student,0
2989,2025-11-01,corporate,desktop,professional_upskill,1
2990,2025-09-01,social_media,desktop,career_changer,0
2991,2025-09-01,organic,desktop,professional_upskill,1
2992,2025-11-01,corporate,desktop,student,0
2993,2025-11-01,partner_referral,tablet,career_changer,1
2994,2025-09-01,paid_ads,desktop,career_changer,1
2995,2025-10-01,organic,desktop,career_changer,0
2996,2025-12-01,social_media,mobile,professional_upskill,1
2997,2025-12-01,organic,desktop,professional_upskill,1
2998,2025-09-01,paid_ads,desktop,student,0
2999,2025-12-01,organic,desktop,student,0
3000,2025-09-01,social_media,desktop,student,0
3001,2025-09-01,partner_referral,mobile,professional_upskill,1
3002,2025-09-01,corporate,desktop,career_changer,1
3003,2025-09-01,organic,desktop,professional_upskill,1
3004,2025-10-01,partner_referral,mobile,career_changer,0
3005,2025-11-01,partner_referral,mobile,career_changer,1
3006,2025-11-01,corporate,desktop,professional_upskill,1
3007,2025-10-01,social_media,desktop,career_changer,0
3008,2025-12-01,organic,tablet,career_changer,0
3009,2025-12-01,partner_referral,desktop,student,1
3010,2025-11-01,organic,mobile,career_changer,1
3011,2025-12-01,paid_ads,desktop,career_changer,1
3012,2025-11-01,organic,mobile,career_changer,0
3013,2025-11-01,paid_ads,desktop,professional_upskill,0
3014,2025-10-01,paid_ads,desktop,professional_upskill,0
3015,2025-12-01,partner_referral,mobile,professional_upskill,0
3016,2025-10-01,paid_ads,desktop,career_changer,0
3017,2025-11-01,corporate,desktop,professional_upskill,1
3018,2025-11-01,paid_ads,desktop,career_changer,0
3019,2025-11-01,organic,desktop,student,0
3020,2025-09-01,corporate,tablet,student,1
3021,2025-09-01,organic,desktop,student,0
3022,2025-09-01,paid_ads,tablet,student,0
3023,2025-10-01,partner_referral,desktop,career_changer,0
3024,2025-11-01,paid_ads,desktop,professional_upskill,0
3025,2025-12-01,organic,desktop,student,1
3026,2025-10-01,paid_ads,mobile,professional_upskill,0
3027,2025-10-01,social_media,mobile,student,0
3028,2025-10-01,partner_referral,desktop,student,1
3029,2025-12-01,partner_referral,mobile,career_changer,0
3030,2025-11-01,partner_referral,desktop,professional_upskill,1
3031,2025-09-01,organic,desktop,student,1
3032,2025-11-01,paid_ads,tablet,student,0
3033,2025-11-01,corporate,mobile,career_changer,1
3034,2025-10-01,organic,tablet,student,0
3035,2025-10-01,organic,desktop,professional_upskill,0
3036,2025-10-01,organic,desktop,career_changer,1
3037,2025-09-01,paid_ads,desktop,student,0
3038,2025-09-01,social_media,desktop,professional_upskill,0
3039,2025-09-01,organic,mobile,student,1
3040,2025-11-01,paid_ads,desktop,professional_upskill,1
3041,2025-10-01,organic,mobile,professional_upskill,0
3042,2025-12-01,social_media,desktop,professional_upskill,0
3043,2025-11-01,organic,desktop,career_changer,1
3044,2025-09-01,paid_ads,mobile,career_changer,0
3045,2025-12-01,corporate,desktop,student,1
3046,2025-12-01,corporate,mobile,professional_upskill,0
3047,2025-10-01,paid_ads,desktop,career_changer,0
3048,2025-12-01,paid_ads,mobile,career_changer,1
3049,2025-09-01,paid_ads,desktop,professional_upskill,0
3050,2025-10-01,organic,desktop,student,0
3051,2025-12-01,organic,mobile,professional_upskill,1
3052,2025-10-01,paid_ads,mobile,professional_upskill,0
3053,2025-12-01,organic,desktop,career_changer,1
3054,2025-11-01,organic,desktop,career_changer,0
3055,2025-11-01,partner_referral,desktop,career_changer,0
3056,2025-09-01,social_media,desktop,professional_upskill,0
3057,2025-11-01,partner_referral,mobile,student,1
3058,2025-11-01,organic,mobile,career_changer,0
3059,2025-11-01,organic,desktop,professional_upskill,0
3060,2025-12-01,social_media,desktop,professional_upskill,1
3061,2025-12-01,organic,mobile,professional_upskill,0
3062,2025-10-01,organic,desktop,career_changer,0
3063,2025-12-01,partner_referral,mobile,student,0
3064,2025-11-01,partner_referral,desktop,career_changer,1
3065,2025-12-01,partner_referral,desktop,student,1
3066,2025-09-01,organic,desktop,professional_upskill,1
3067,2025-10-01,organic,mobile,professional_upskill,1
3068,2025-10-01,social_media,desktop,professional_upskill,1
3069,2025-12-01,organic,desktop,professional_upskill,0
3070,2025-11-01,partner_referral,mobile,career_changer,1
3071,2025-10-01,corporate,desktop,student,0
3072,2025-09-01,partner_referral,desktop,student,1
3073,2025-09-01,paid_ads,desktop,student,0
3074,2025-10-01,organic,desktop,professional_upskill,0
3075,2025-11-01,partner_referral,mobile,student,0
3076,2025-11-01,social_media,mobile,professional_upskill,0
3077,2025-12-01,social_media,desktop,professional_upskill,0
3078,2025-12-01,organic,mobile,career_changer,0
3079,2025-10-01,organic,desktop,student,1
3080,2025-12-01,social_media,mobile,student,0
3081,2025-12-01,corporate,desktop,student,0
3082,2025-12-01,social_media,desktop,professional_upskill,0
3083,2025-09-01,organic,desktop,student,1
3084,2025-12-01,partner_referral,desktop,professional_upskill,1
3085,2025-10-01,corporate,desktop,professional_upskill,0
3086,2025-11-01,partner_referral,desktop,student,0
3087,2025-12-01,paid_ads,mobile,professional_upskill,1
3088,2025-11-01,organic,desktop,professional_upskill,0
3089,2025-12-01,partner_referral,tablet,professional_upskill,1
3090,2025-10-01,organic,desktop,student,0
3091,2025-09-01,paid_ads,mobile,student,0
3092,2025-10-01,social_media,mobile,student,0
3093,2025-09-01,paid_ads,mobile,career_changer,0
3094,2025-12-01,corporate,mobile,professional_upskill,1
3095,2025-12-01,organic,mobile,professional_upskill,1
3096,2025-09-01,partner_referral,desktop,professional_upskill,1
3097,2025-10-01,social_media,desktop,student,1
3098,2025-10-01,organic,desktop,student,1
3099,2025-09-01,organic,desktop,professional_upskill,1
3100,2025-12-01,paid_ads,desktop,student,0
3101,2025-09-01,organic,mobile,student,0
3102,2025-12-01,corporate,desktop,career_changer,0
3103,2025-09-01,social_media,desktop,student,0
3104,2025-12-01,paid_ads,desktop,career_changer,0
3105,2025-09-01,organic,tablet,student,1
3106,2025-11-01,paid_ads,desktop,career_changer,0
3107,2025-12-01,corporate,desktop,professional_upskill,0
3108,2025-10-01,organic,desktop,student,1
3109,2025-09-01,partner_referral,tablet,professional_upskill,1
3110,2025-10-01,partner_referral,tablet,career_changer,0
3111,2025-09-01,partner_referral,mobile,professional_upskill,1
3112,2025-10-01,organic,mobile,student,1
3113,2025-10-01,corporate,desktop,career_changer,0
3114,2025-09-01,organic,tablet,career_changer,0
3115,2025-09-01,organic,desktop,professional_upskill,0
3116,2025-10-01,social_media,desktop,career_changer,0
3117,2025-10-01,corporate,desktop,career_changer,0
3118,2025-10-01,organic,desktop,professional_upskill,0
3119,2025-12-01,organic,mobile,career_changer,1
3120,2025-12-01,organic,desktop,student,0
3121,2025-11-01,organic,tablet,career_changer,0
3122,2025-12-01,organic,desktop,career_changer,0
3123,2025-12-01,organic,desktop,career_changer,0
3124,2025-09-01,paid_ads,desktop,career_changer,0
3125,2025-11-01,corporate,mobile,professional_upskill,1
3126,2025-11-01,partner_referral,mobile,professional_upskill,1
3127,2025-12-01,partner_referral,desktop,student,1
3128,2025-09-01,organic,desktop,student,0
3129,2025-09-01,social_media,desktop,professional_upskill,0
3130,2025-11-01,corporate,mobile,professional_upskill,0
3131,2025-09-01,corporate,tablet,professional_upskill,0
3132,2025-10-01,corporate,desktop,student,0
3133,2025-12-01,social_media,mobile,professional_upskill,0
3134,2025-10-01,paid_ads,desktop,professional_upskill,0
3135,2025-11-01,organic,desktop,student,1
3136,2025-11-01,partner_referral,tablet,career_changer,0
3137,2025-09-01,corporate,desktop,career_changer,0
3138,2025-09-01,corporate,desktop,career_changer,1
3139,2025-11-01,paid_ads,desktop,professional_upskill,0
3140,2025-11-01,organic,desktop,professional_upskill,0
3141,2025-10-01,paid_ads,mobile,professional_upskill,0
3142,2025-10-01,social_media,desktop,professional_upskill,0
3143,2025-09-01,partner_referral,mobile,career_changer,0
3144,2025-10-01,paid_ads,desktop,career_changer,1
3145,2025-09-01,organic,desktop,professional_upskill,1
3146,2025-09-01,paid_ads,desktop,career_changer,0
3147,2025-12-01,social_media,desktop,student,0
3148,2025-09-01,partner_referral,tablet,career_changer,0
3149,2025-10-01,corporate,mobile,student,1
3150,2025-11-01,paid_ads,desktop,professional_upskill,0
3151,2025-11-01,partner_referral,mobile,student,1
3152,2025-10-01,organic,mobile,student,1
3153,2025-11-01,corporate,desktop,professional_upskill,0
3154,2025-09-01,paid_ads,mobile,professional_upskill,0
3155,2025-11-01,paid_ads,desktop,professional_upskill,0
3156,2025-10-01,partner_referral,desktop,career_changer,0
3157,2025-11-01,social_media,desktop,professional_upskill,0
3158,2025-09-01,organic,desktop,professional_upskill,0
3159,2025-09-01,corporate,desktop,career_changer,0
3160,2025-10-01,organic,desktop,professional_upskill,0
3161,2025-10-01,paid_ads,desktop,student,0
3162,2025-10-01,organic,mobile,professional_upskill,1
3163,2025-12-01,paid_ads,tablet,career_changer,0
3164,2025-12-01,paid_ads,mobile,career_changer,0
3165,2025-09-01,organic,desktop,student,1
3166,2025-12-01,paid_ads,desktop,career_changer,0
3167,2025-12-01,social_media,desktop,career_changer,0
3168,2025-11-01,organic,desktop,professional_upskill,0
3169,2025-12-01,corporate,desktop,professional_upskill,1
3170,2025-11-01,paid_ads,desktop,professional_upskill,1
3171,2025-10-01,partner_referral,mobile,student,1
3172,2025-11-01,organic,mobile,professional_upskill,0
3173,2025-11-01,organic,desktop,career_changer,0
3174,2025-10-01,organic,desktop,professional_upskill,1
3175,2025-10-01,organic,mobile,student,1
3176,2025-09-01,organic,desktop,career_changer,1
3177,2025-09-01,partner_referral,desktop,professional_upskill,0
3178,2025-09-01,social_media,desktop,professional_upskill,0
3179,2025-09-01,corporate,desktop,professional_upskill,1
3180,2025-11-01,partner_referral,desktop,professional_upskill,0
3181,2025-11-01,organic,mobile,student,1
3182,2025-09-01,organic,mobile,professional_upskill,0
3183,2025-12-01,paid_ads,desktop,career_changer,0
3184,2025-09-01,organic,desktop,student,0
3185,2025-12-01,paid_ads,mobile,student,0
3186,2025-10-01,paid_ads,desktop,student,0
3187,2025-11-01,paid_ads,desktop,professional_upskill,0
3188,2025-11-01,paid_ads,desktop,student,1
3189,2025-12-01,corporate,desktop,career_changer,0
3190,2025-09-01,corporate,mobile,career_changer,0
3191,2025-11-01,paid_ads,mobile,career_changer,0
3192,2025-12-01,social_media,desktop,professional_upskill,1
3193,2025-10-01,social_media,desktop,professional_upskill,0
3194,2025-10-01,paid_ads,desktop,career_changer,1
3195,2025-11-01,paid_ads,desktop,career_changer,0
3196,2025-09-01,paid_ads,tablet,career_changer,0
3197,2025-12-01,social_media,mobile,professional_upskill,0
3198,2025-11-01,social_media,desktop,student,1
3199,2025-10-01,organic,mobile,student,0
3200,2025-09-01,paid_ads,mobile,professional_upskill,1
3201,2025-12-01,partner_referral,mobile,career_changer,0
3202,2025-11-01,paid_ads,desktop,professional_upskill,1
3203,2025-12-01,organic,desktop,student,1
3204,2025-09-01,social_media,mobile,professional_upskill,1
3205,2025-09-01,partner_referral,desktop,student,0
3206,2025-10-01,corporate,tablet,career_changer,0
3207,2025-09-01,social_media,mobile,student,0
3208,2025-11-01,corporate,tablet,professional_upskill,1
3209,2025-12-01,paid_ads,desktop,professional_upskill,1
3210,2025-09-01,partner_referral,mobile,career_changer,0
3211,2025-09-01,organic,desktop,professional_upskill,0
3212,2025-11-01,partner_referral,tablet,professional_upskill,1
3213,2025-12-01,organic,desktop,professional_upskill,1
3214,2025-12-01,partner_referral,desktop,professional_upskill,0
3215,2025-10-01,organic,mobile,student,1
3216,2025-10-01,organic,desktop,professional_upskill,1
3217,2025-12-01,organic,desktop,career_changer,0
3218,2025-11-01,organic,tablet,student,0
3219,2025-11-01,corporate,desktop,student,1
3220,2025-10-01,corporate,desktop,professional_upskill,1
3221,2025-09-01,paid_ads,desktop,professional_upskill,1
3222,2025-11-01,organic,mobile,professional_upskill,1
3223,2025-09-01,organic,mobile,professional_upskill,0
3224,2025-11-01,organic,desktop,professional_upskill,1
3225,2025-12-01,organic,desktop,student,0
3226,2025-10-01,social_media,desktop,student,0
3227,2025-09-01,organic,desktop,student,1
3228,2025-09-01,paid_ads,desktop,student,1
3229,2025-12-01,organic,desktop,student,1
3230,2025-11-01,organic,desktop,career_changer,0
3231,2025-09-01,paid_ads,desktop,professional_upskill,0
3232,2025-11-01,partner_referral,mobile,professional_upskill,0
3233,2025-12-01,organic,desktop,career_changer,0
3234,2025-10-01,organic,desktop,professional_upskill,1
3235,2025-09-01,paid_ads,desktop,career_changer,0
3236,2025-11-01,organic,desktop,professional_upskill,1
3237,2025-09-01,organic,mobile,career_changer,0
3238,2025-11-01,social_media,mobile,student,0
3239,2025-11-01,partner_referral,desktop,professional_upskill,1
3240,2025-11-01,partner_referral,desktop,career_changer,0
3241,2025-12-01,paid_ads,desktop,career_changer,0
3242,2025-10-01,paid_ads,desktop,student,1
3243,2025-09-01,paid_ads,mobile,professional_upskill,1
3244,2025-10-01,partner_referral,desktop,professional_upskill,0
3245,2025-11-01,corporate,desktop,student,1
3246,2025-11-01,organic,desktop,professional_upskill,1
3247,2025-10-01,paid_ads,desktop,student,1
3248,2025-10-01,paid_ads,mobile,career_changer,0
3249,2025-09-01,social_media,mobile,student,0
3250,2025-11-01,partner_referral,mobile,professional_upskill,0
3251,2025-10-01,paid_ads,desktop,student,1
3252,2025-12-01,organic,desktop,career_changer,1
3253,2025-11-01,partner_referral,desktop,student,1
3254,2025-11-01,organic,mobile,student,0
3255,2025-09-01,paid_ads,desktop,professional_upskill,0
3256,2025-12-01,organic,desktop,student,0
3257,2025-09-01,partner_referral,mobile,student,0
3258,2025-12-01,organic,mobile,student,0
3259,2025-09-01,paid_ads,mobile,career_changer,1
3260,2025-12-01,social_media,desktop,professional_upskill,0
3261,2025-12-01,organic,mobile,student,0
3262,2025-12-01,paid_ads,desktop,student,0
3263,2025-10-01,paid_ads,mobile,career_changer,0
3264,2025-11-01,organic,mobile,student,1
3265,2025-12-01,corporate,desktop,professional_upskill,1
3266,2025-10-01,organic,mobile,professional_upskill,0
3267,2025-10-01,paid_ads,mobile,career_changer,0
3268,2025-09-01,partner_referral,desktop,student,0
3269,2025-11-01,partner_referral,desktop,professional_upskill,0
3270,2025-11-01,partner_referral,desktop,professional_upskill,1
3271,2025-09-01,organic,tablet,career_changer,0
3272,2025-11-01,organic,mobile,professional_upskill,1
3273,2025-09-01,corporate,desktop,professional_upskill,1
3274,2025-10-01,paid_ads,desktop,career_changer,1
3275,2025-10-01,corporate,desktop,student,0
3276,2025-12-01,corporate,desktop,professional_upskill,1
3277,2025-09-01,corporate,desktop,student,1
3278,2025-10-01,paid_ads,desktop,professional_upskill,0
3279,2025-10-01,paid_ads,desktop,professional_upskill,1
3280,2025-09-01,corporate,desktop,professional_upskill,0
3281,2025-10-01,paid_ads,mobile,career_changer,0
3282,2025-11-01,organic,mobile,student,1
3283,2025-10-01,social_media,mobile,student,0
3284,2025-09-01,social_media,mobile,professional_upskill,1
3285,2025-11-01,paid_ads,desktop,professional_upskill,0
3286,2025-11-01,organic,desktop,professional_upskill,0
3287,2025-10-01,paid_ads,desktop,student,1
3288,2025-12-01,corporate,mobile,professional_upskill,0
3289,2025-11-01,social_media,mobile,professional_upskill,1
3290,2025-09-01,organic,mobile,career_changer,1
3291,2025-12-01,organic,mobile,career_changer,0
3292,2025-12-01,social_media,mobile,professional_upskill,0
3293,2025-11-01,paid_ads,desktop,professional_upskill,1
3294,2025-10-01,paid_ads,desktop,professional_upskill,0
3295,2025-12-01,social_media,desktop,student,0
3296,2025-10-01,organic,desktop,career_changer,0
3297,2025-11-01,partner_referral,mobile,professional_upskill,1
3298,2025-09-01,organic,desktop,professional_upskill,1
3299,2025-12-01,paid_ads,desktop,professional_upskill,1
3300,2025-09-01,corporate,desktop,professional_upskill,1
3301,2025-10-01,paid_ads,desktop,career_changer,0
3302,2025-10-01,social_media,desktop,professional_upskill,0
3303,2025-09-01,partner_referral,desktop,career_changer,0
3304,2025-11-01,paid_ads,desktop,career_changer,0
3305,2025-11-01,organic,mobile,student,1
3306,2025-12-01,paid_ads,desktop,professional_upskill,1
3307,2025-12-01,paid_ads,desktop,professional_upskill,1
3308,2025-11-01,organic,mobile,student,0
3309,2025-11-01,paid_ads,mobile,student,1
3310,2025-09-01,paid_ads,mobile,professional_upskill,0
3311,2025-10-01,corporate,desktop,career_changer,0
3312,2025-10-01,partner_referral,desktop,professional_upskill,0
3313,2025-12-01,corporate,desktop,student,0
3314,2025-11-01,organic,desktop,student,1
3315,2025-09-01,organic,mobile,career_changer,1
3316,2025-12-01,partner_referral,mobile,student,1
3317,2025-09-01,paid_ads,desktop,student,0
3318,2025-11-01,organic,desktop,student,0
3319,2025-11-01,corporate,desktop,student,1
3320,2025-11-01,corporate,mobile,student,1
3321,2025-10-01,paid_ads,mobile,professional_upskill,1
3322,2025-11-01,organic,mobile,student,0
3323,2025-12-01,corporate,mobile,career_changer,0
3324,2025-10-01,partner_referral,desktop,professional_upskill,1
3325,2025-09-01,corporate,desktop,professional_upskill,1
3326,2025-12-01,corporate,desktop,career_changer,0
3327,2025-12-01,corporate,desktop,professional_upskill,0
3328,2025-09-01,paid_ads,mobile,professional_upskill,0
3329,2025-10-01,organic,desktop,professional_upskill,1
3330,2025-12-01,partner_referral,mobile,career_changer,0
3331,2025-12-01,partner_referral,desktop,professional_upskill,1
3332,2025-12-01,corporate,desktop,career_changer,1
3333,2025-10-01,organic,desktop,student,1
3334,2025-10-01,organic,desktop,professional_upskill,0
3335,2025-10-01,social_media,mobile,career_changer,0
3336,2025-12-01,corporate,desktop,professional_upskill,1
3337,2025-11-01,social_media,mobile,student,0
3338,2025-09-01,corporate,mobile,career_changer,0
3339,2025-11-01,partner_referral,desktop,professional_upskill,1
3340,2025-10-01,partner_referral,mobile,student,1
3341,2025-12-01,social_media,desktop,professional_upskill,0
3342,2025-12-01,partner_referral,mobile,professional_upskill,1
3343,2025-11-01,partner_referral,mobile,professional_upskill,1
3344,2025-11-01,organic,tablet,career_changer,0
3345,2025-09-01,paid_ads,desktop,career_changer,0
3346,2025-12-01,corporate,desktop,professional_upskill,1
3347,2025-11-01,organic,desktop,professional_upskill,1
3348,2025-09-01,organic,desktop,career_changer,1
3349,2025-10-01,paid_ads,mobile,professional_upskill,0
3350,2025-11-01,organic,mobile,professional_upskill,1
3351,2025-10-01,organic,desktop,professional_upskill,0
3352,2025-09-01,paid_ads,desktop,student,0
3353,2025-10-01,social_media,desktop,student,0
3354,2025-12-01,paid_ads,desktop,career_changer,0
3355,2025-12-01,organic,desktop,career_changer,0
3356,2025-10-01,organic,desktop,professional_upskill,0
3357,2025-12-01,partner_referral,mobile,student,0
3358,2025-09-01,paid_ads,desktop,professional_upskill,1
3359,2025-12-01,corporate,desktop,student,0
3360,2025-10-01,partner_referral,mobile,career_changer,0
3361,2025-10-01,corporate,desktop,student,1
3362,2025-10-01,organic,desktop,career_changer,0
3363,2025-11-01,partner_referral,mobile,student,0
3364,2025-10-01,organic,mobile,student,1
3365,2025-09-01,social_media,desktop,professional_upskill,0
3366,2025-12-01,partner_referral,desktop,student,0
3367,2025-12-01,paid_ads,mobile,student,0
3368,2025-11-01,organic,mobile,professional_upskill,1
3369,2025-11-01,organic,desktop,student,0
3370,2025-09-01,partner_referral,desktop,career_changer,0
3371,2025-10-01,organic,desktop,student,0
3372,2025-11-01,partner_referral,desktop,student,0
3373,2025-12-01,organic,desktop,professional_upskill,1
3374,2025-11-01,partner_referral,desktop,student,1
3375,2025-11-01,corporate,desktop,professional_upskill,1
3376,2025-10-01,corporate,mobile,professional_upskill,1
3377,2025-11-01,corporate,desktop,student,0
3378,2025-09-01,organic,mobile,professional_upskill,1
3379,2025-12-01,organic,mobile,student,0
3380,2025-10-01,partner_referral,desktop,student,1
3381,2025-12-01,paid_ads,mobile,student,0
3382,2025-09-01,paid_ads,mobile,career_changer,0
3383,2025-09-01,organic,desktop,career_changer,0
3384,2025-11-01,organic,desktop,student,1
3385,2025-11-01,organic,desktop,professional_upskill,0
3386,2025-11-01,social_media,mobile,professional_upskill,0
3387,2025-12-01,organic,mobile,career_changer,0
3388,2025-09-01,partner_referral,desktop,professional_upskill,0
3389,2025-10-01,organic,mobile,professional_upskill,1
3390,2025-11-01,partner_referral,desktop,student,1
3391,2025-12-01,paid_ads,desktop,student,0
3392,2025-11-01,social_media,mobile,career_changer,0
3393,2025-09-01,social_media,desktop,career_changer,1
3394,2025-10-01,paid_ads,mobile,career_changer,0
3395,2025-09-01,social_media,mobile,student,0
3396,2025-12-01,social_media,desktop,professional_upskill,0
3397,2025-11-01,corporate,desktop,career_changer,1
3398,2025-09-01,corporate,mobile,career_changer,0
3399,2025-12-01,organic,mobile,student,1
3400,2025-11-01,partner_referral,desktop,career_changer,0
3401,2025-10-01,organic,desktop,career_changer,0
3402,2025-09-01,organic,desktop,career_changer,1
3403,2025-11-01,social_media,mobile,professional_upskill,0
3404,2025-11-01,paid_ads,mobile,career_changer,1
3405,2025-11-01,corporate,desktop,student,0
3406,2025-11-01,corporate,mobile,career_changer,0
3407,2025-09-01,social_media,desktop,professional_upskill,1
3408,2025-11-01,social_media,mobile,professional_upskill,1
3409,2025-12-01,organic,desktop,career_changer,0
3410,2025-09-01,organic,desktop,student,0
3411,2025-11-01,paid_ads,desktop,career_changer,1
3412,2025-09-01,organic,desktop,career_changer,0
3413,2025-12-01,organic,mobile,professional_upskill,1
3414,2025-12-01,paid_ads,desktop,career_changer,0
3415,2025-09-01,corporate,desktop,professional_upskill,1
3416,2025-11-01,partner_referral,desktop,career_changer,0
3417,2025-11-01,paid_ads,desktop,career_changer,0
3418,2025-12-01,partner_referral,mobile,professional_upskill,0
3419,2025-11-01,organic,mobile,career_changer,0
3420,2025-12-01,organic,desktop,professional_upskill,0
3421,2025-11-01,corporate,desktop,career_changer,0
3422,2025-12-01,partner_referral,desktop,student,1
3423,2025-10-01,corporate,mobile,professional_upskill,1
3424,2025-11-01,organic,mobile,student,1
3425,2025-11-01,corporate,mobile,student,0
3426,2025-11-01,partner_referral,mobile,career_changer,0
3427,2025-09-01,partner_referral,mobile,professional_upskill,1
3428,2025-11-01,partner_referral,mobile,career_changer,1
3429,2025-09-01,social_media,desktop,student,0
3430,2025-09-01,partner_referral,desktop,career_changer,0
3431,2025-12-01,partner_referral,desktop,career_changer,0
3432,2025-09-01,social_media,desktop,professional_upskill,0
3433,2025-09-01,corporate,mobile,career_changer,0
3434,2025-10-01,paid_ads,desktop,professional_upskill,0
3435,2025-11-01,corporate,desktop,student,1
3436,2025-09-01,paid_ads,desktop,professional_upskill,0
3437,2025-11-01,organic,desktop,professional_upskill,0
3438,2025-09-01,partner_referral,desktop,professional_upskill,0
3439,2025-12-01,social_media,mobile,student,1
3440,2025-10-01,social_media,mobile,career_changer,0
3441,2025-09-01,paid_ads,mobile,professional_upskill,0
3442,2025-11-01,paid_ads,desktop,student,0
3443,2025-12-01,organic,desktop,career_changer,0
3444,2025-11-01,social_media,desktop,professional_upskill,1
3445,2025-12-01,social_media,mobile,career_changer,1
3446,2025-10-01,partner_referral,desktop,professional_upskill,0
3447,2025-12-01,corporate,desktop,student,0
3448,2025-11-01,corporate,mobile,professional_upskill,1
3449,2025-11-01,partner_referral,desktop,career_changer,0
3450,2025-09-01,organic,desktop,career_changer,1
3451,2025-12-01,paid_ads,desktop,professional_upskill,1
3452,2025-11-01,partner_referral,desktop,student,0
3453,2025-09-01,partner_referral,desktop,professional_upskill,1
3454,2025-10-01,paid_ads,desktop,professional_upskill,0
3455,2025-11-01,social_media,mobile,student,1
3456,2025-09-01,organic,mobile,professional_upskill,1
3457,2025-11-01,paid_ads,desktop,career_changer,0
3458,2025-12-01,partner_referral,mobile,professional_upskill,0
3459,2025-09-01,partner_referral,desktop,career_changer,0
3460,2025-12-01,partner_referral,desktop,professional_upskill,0
3461,2025-10-01,organic,desktop,career_changer,0
3462,2025-12-01,organic,mobile,student,0
3463,2025-09-01,partner_referral,desktop,career_changer,1
3464,2025-11-01,partner_referral,desktop,student,1
3465,2025-09-01,organic,mobile,career_changer,0
3466,2025-12-01,corporate,desktop,student,0
3467,2025-12-01,paid_ads,mobile,student,1
3468,2025-11-01,partner_referral,mobile,student,0
3469,2025-10-01,corporate,desktop,career_changer,0
3470,2025-09-01,organic,desktop,career_changer,0
3471,2025-11-01,organic,mobile,career_changer,0
3472,2025-11-01,corporate,desktop,student,1
3473,2025-11-01,partner_referral,desktop,professional_upskill,1
3474,2025-09-01,partner_referral,desktop,professional_upskill,1
3475,2025-09-01,corporate,desktop,career_changer,1
3476,2025-09-01,corporate,desktop,professional_upskill,1
3477,2025-10-01,social_media,desktop,career_changer,0
3478,2025-11-01,paid_ads,mobile,professional_upskill,1
3479,2025-12-01,paid_ads,mobile,student,0
3480,2025-12-01,paid_ads,desktop,student,0
3481,2025-11-01,organic,mobile,professional_upskill,1
3482,2025-12-01,partner_referral,mobile,professional_upskill,0
3483,2025-10-01,organic,desktop,student,0
3484,2025-10-01,social_media,desktop,career_changer,0
3485,2025-09-01,partner_referral,desktop,professional_upskill,0
3486,2025-09-01,partner_referral,mobile,professional_upskill,1
3487,2025-09-01,paid_ads,desktop,professional_upskill,0
3488,2025-09-01,organic,tablet,student,0
3489,2025-09-01,organic,desktop,career_changer,0
3490,2025-12-01,paid_ads,desktop,student,0
3491,2025-12-01,organic,desktop,career_changer,1
3492,2025-09-01,partner_referral,desktop,student,0
3493,2025-10-01,social_media,mobile,professional_upskill,1
3494,2025-12-01,social_media,tablet,career_changer,0
3495,2025-10-01,partner_referral,desktop,professional_upskill,1
3496,2025-10-01,organic,tablet,student,0
3497,2025-11-01,social_media,mobile,student,0
3498,2025-11-01,social_media,desktop,student,0
3499,2025-09-01,organic,mobile,career_changer,0
3500,2025-10-01,corporate,desktop,professional_upskill,1
3501,2025-12-01,organic,desktop,career_changer,0
3502,2025-11-01,corporate,desktop,student,0
3503,2025-11-01,social_media,mobile,student,1
3504,2025-10-01,organic,desktop,student,1
3505,2025-11-01,social_media,mobile,professional_upskill,1
3506,2025-11-01,partner_referral,mobile,career_changer,0
3507,2025-12-01,social_media,desktop,professional_upskill,0
3508,2025-10-01,paid_ads,desktop,professional_upskill,0
3509,2025-11-01,corporate,desktop,student,1
3510,2025-10-01,organic,desktop,student,1
3511,2025-11-01,paid_ads,desktop,professional_upskill,0
3512,2025-12-01,organic,desktop,professional_upskill,0
3513,2025-10-01,social_media,desktop,career_changer,0
3514,2025-11-01,corporate,desktop,student,1
3515,2025-12-01,social_media,desktop,student,0
3516,2025-11-01,social_media,desktop,student,0
3517,2025-10-01,organic,mobile,student,1
3518,2025-11-01,paid_ads,tablet,student,1
3519,2025-10-01,organic,desktop,career_changer,1
3520,2025-10-01,organic,desktop,student,0
3521,2025-11-01,organic,desktop,student,0
3522,2025-12-01,paid_ads,desktop,professional_upskill,0
3523,2025-09-01,organic,desktop,career_changer,0
3524,2025-12-01,organic,desktop,professional_upskill,1
3525,2025-12-01,organic,mobile,student,0
3526,2025-11-01,organic,desktop,professional_upskill,0
3527,2025-12-01,social_media,mobile,student,1
3528,2025-12-01,corporate,desktop,career_changer,0
3529,2025-09-01,social_media,desktop,student,0
3530,2025-12-01,paid_ads,desktop,student,0
3531,2025-09-01,organic,desktop,professional_upskill,1
3532,2025-11-01,corporate,desktop,career_changer,1
3533,2025-09-01,paid_ads,desktop,professional_upskill,1
3534,2025-10-01,organic,desktop,student,1
3535,2025-10-01,organic,desktop,student,0
3536,2025-09-01,organic,mobile,career_changer,1
3537,2025-10-01,organic,mobile,professional_upskill,1
3538,2025-11-01,paid_ads,desktop,career_changer,0
3539,2025-10-01,partner_referral,desktop,professional_upskill,0
3540,2025-09-01,organic,desktop,student,1
3541,2025-11-01,organic,mobile,professional_upskill,0
3542,2025-10-01,corporate,desktop,student,0
3543,2025-11-01,organic,desktop,student,0
3544,2025-09-01,paid_ads,desktop,career_changer,0
3545,2025-10-01,social_media,desktop,career_changer,1
3546,2025-11-01,organic,desktop,student,1
3547,2025-11-01,organic,mobile,student,1
3548,2025-10-01,paid_ads,mobile,career_changer,0
3549,2025-11-01,paid_ads,desktop,career_changer,0
3550,2025-11-01,partner_referral,desktop,student,0
3551,2025-09-01,corporate,desktop,student,0
3552,2025-09-01,organic,desktop,student,1
3553,2025-09-01,partner_referral,mobile,professional_upskill,0
3554,2025-09-01,paid_ads,desktop,professional_upskill,0
3555,2025-09-01,organic,desktop,career_changer,0
3556,2025-09-01,partner_referral,desktop,professional_upskill,1
3557,2025-10-01,organic,mobile,professional_upskill,0
3558,2025-09-01,paid_ads,mobile,student,0
3559,2025-11-01,organic,desktop,student,1
3560,2025-10-01,paid_ads,desktop,professional_upskill,1
3561,2025-11-01,paid_ads,desktop,career_changer,0
3562,2025-09-01,corporate,tablet,professional_upskill,1
3563,2025-09-01,organic,desktop,professional_upskill,0
3564,2025-11-01,paid_ads,desktop,career_changer,1
3565,2025-11-01,paid_ads,desktop,student,0
3566,2025-11-01,corporate,mobile,student,0
3567,2025-12-01,partner_referral,desktop,student,1
3568,2025-12-01,partner_referral,desktop,student,0
3569,2025-12-01,corporate,desktop,career_changer,0
3570,2025-12-01,social_media,mobile,student,0
3571,2025-10-01,paid_ads,mobile,student,0
3572,2025-09-01,paid_ads,mobile,career_changer,0
3573,2025-11-01,corporate,desktop,student,1
3574,2025-09-01,social_media,desktop,career_changer,1
3575,2025-11-01,social_media,tablet,career_changer,0
3576,2025-09-01,paid_ads,desktop,career_changer,0
3577,2025-10-01,organic,mobile,professional_upskill,1
3578,2025-12-01,paid_ads,mobile,student,0
3579,2025-09-01,corporate,desktop,student,1
3580,2025-11-01,paid_ads,desktop,professional_upskill,1
3581,2025-09-01,paid_ads,mobile,career_changer,0
3582,2025-10-01,corporate,mobile,professional_upskill,1
3583,2025-10-01,paid_ads,desktop,student,0
3584,2025-09-01,social_media,desktop,professional_upskill,1
3585,2025-12-01,paid_ads,desktop,professional_upskill,0
3586,2025-11-01,paid_ads,desktop,career_changer,1
3587,2025-10-01,paid_ads,desktop,student,0
3588,2025-10-01,corporate,desktop,professional_upskill,1
3589,2025-09-01,organic,tablet,professional_upskill,1
3590,2025-10-01,organic,mobile,professional_upskill,0
3591,2025-10-01,social_media,mobile,student,1
3592,2025-11-01,organic,desktop,professional_upskill,0
3593,2025-12-01,partner_referral,desktop,student,0
3594,2025-11-01,partner_referral,tablet,student,0
3595,2025-12-01,paid_ads,desktop,career_changer,0
3596,2025-11-01,partner_referral,desktop,student,0
3597,2025-09-01,organic,desktop,professional_upskill,1
3598,2025-10-01,partner_referral,mobile,career_changer,0
3599,2025-12-01,paid_ads,mobile,student,1
3600,2025-09-01,partner_referral,desktop,professional_upskill,0
3601,2025-10-01,organic,mobile,professional_upskill,0
3602,2025-10-01,partner_referral,desktop,student,1
3603,2025-10-01,organic,desktop,career_changer,1
3604,2025-11-01,organic,mobile,student,1
3605,2025-09-01,organic,mobile,career_changer,0
3606,2025-09-01,organic,desktop,student,0
3607,2025-10-01,corporate,desktop,career_changer,0
3608,2025-12-01,organic,mobile,student,1
3609,2025-09-01,social_media,mobile,professional_upskill,1
3610,2025-11-01,social_media,mobile,career_changer,0
3611,2025-12-01,partner_referral,desktop,career_changer,1
3612,2025-12-01,organic,tablet,career_changer,0
3613,2025-12-01,paid_ads,tablet,career_changer,0
3614,2025-12-01,corporate,desktop,career_changer,0
3615,2025-09-01,paid_ads,mobile,career_changer,0
3616,2025-10-01,organic,desktop,career_changer,0
3617,2025-12-01,partner_referral,desktop,student,1
3618,2025-11-01,corporate,desktop,student,0
3619,2025-11-01,corporate,desktop,career_changer,0
3620,2025-10-01,organic,desktop,professional_upskill,0
3621,2025-09-01,partner_referral,mobile,student,1
3622,2025-10-01,organic,desktop,student,1
3623,2025-12-01,organic,desktop,student,0
3624,2025-09-01,social_media,mobile,professional_upskill,1
3625,2025-09-01,organic,desktop,professional_upskill,1
3626,2025-12-01,organic,desktop,career_changer,0
3627,2025-11-01,organic,desktop,professional_upskill,1
3628,2025-12-01,social_media,desktop,career_changer,0
3629,2025-10-01,corporate,mobile,professional_upskill,1
3630,2025-12-01,partner_referral,mobile,student,0
3631,2025-11-01,corporate,desktop,student,0
3632,2025-12-01,organic,mobile,career_changer,1
3633,2025-10-01,paid_ads,desktop,career_changer,0
3634,2025-10-01,paid_ads,desktop,career_changer,1
3635,2025-11-01,organic,mobile,student,0
3636,2025-10-01,paid_ads,mobile,career_changer,0
3637,2025-10-01,social_media,desktop,student,0
3638,2025-12-01,organic,desktop,student,1
3639,2025-09-01,organic,desktop,professional_upskill,1
3640,2025-10-01,organic,desktop,professional_upskill,1
3641,2025-10-01,organic,desktop,professional_upskill,0
3642,2025-11-01,social_media,mobile,professional_upskill,1
3643,2025-11-01,paid_ads,desktop,professional_upskill,0
3644,2025-12-01,paid_ads,mobile,career_changer,0
3645,2025-12-01,corporate,desktop,student,1
3646,2025-10-01,organic,desktop,student,0
3647,2025-09-01,paid_ads,desktop,student,0
3648,2025-09-01,paid_ads,desktop,professional_upskill,0
3649,2025-12-01,partner_referral,mobile,student,1
3650,2025-11-01,social_media,desktop,professional_upskill,0
3651,2025-10-01,corporate,desktop,career_changer,0
3652,2025-10-01,paid_ads,mobile,professional_upskill,0
3653,2025-09-01,corporate,desktop,student,1
3654,2025-12-01,organic,desktop,student,1
3655,2025-09-01,organic,desktop,professional_upskill,0
3656,2025-09-01,organic,mobile,student,0
3657,2025-12-01,paid_ads,tablet,student,1
3658,2025-11-01,paid_ads,mobile,student,0
3659,2025-10-01,partner_referral,desktop,student,1
3660,2025-11-01,social_media,tablet,student,0
3661,2025-12-01,paid_ads,desktop,career_changer,0
3662,2025-12-01,paid_ads,desktop,career_changer,0
3663,2025-10-01,organic,mobile,career_changer,1
3664,2025-11-01,organic,desktop,student,1
3665,2025-10-01,partner_referral,desktop,professional_upskill,0
3666,2025-09-01,paid_ads,desktop,professional_upskill,0
3667,2025-09-01,corporate,desktop,student,1
3668,2025-09-01,organic,mobile,career_changer,1
3669,2025-11-01,organic,mobile,student,1
3670,2025-09-01,paid_ads,desktop,professional_upskill,0
3671,2025-10-01,organic,desktop,professional_upskill,1
3672,2025-11-01,organic,mobile,professional_upskill,1
3673,2025-10-01,corporate,mobile,student,0
3674,2025-12-01,organic,desktop,career_changer,0
3675,2025-11-01,partner_referral,tablet,student,1
3676,2025-10-01,organic,mobile,career_changer,1
3677,2025-10-01,organic,desktop,career_changer,0
3678,2025-11-01,paid_ads,desktop,student,0
3679,2025-12-01,corporate,desktop,professional_upskill,1
3680,2025-11-01,paid_ads,mobile,career_changer,0
3681,2025-09-01,corporate,desktop,professional_upskill,1
3682,2025-09-01,organic,desktop,student,1
3683,2025-12-01,corporate,desktop,professional_upskill,1
3684,2025-10-01,organic,mobile,professional_upskill,0
3685,2025-10-01,partner_referral,desktop,professional_upskill,0
3686,2025-10-01,partner_referral,mobile,professional_upskill,0
3687,2025-11-01,social_media,mobile,professional_upskill,1
3688,2025-11-01,paid_ads,desktop,career_changer,0
3689,2025-12-01,organic,desktop,student,1
3690,2025-09-01,organic,desktop,professional_upskill,1
3691,2025-10-01,corporate,mobile,professional_upskill,1
3692,2025-09-01,paid_ads,desktop,professional_upskill,0
3693,2025-11-01,corporate,desktop,career_changer,1
3694,2025-11-01,organic,desktop,student,0
3695,2025-11-01,paid_ads,desktop,professional_upskill,1
3696,2025-09-01,organic,mobile,professional_upskill,1
3697,2025-12-01,social_media,mobile,student,0
3698,2025-12-01,partner_referral,mobile,student,1
3699,2025-11-01,social_media,desktop,career_changer,1
3700,2025-10-01,organic,desktop,student,0
3701,2025-09-01,partner_referral,tablet,student,0
3702,2025-11-01,partner_referral,desktop,student,0
3703,2025-09-01,paid_ads,mobile,professional_upskill,1
3704,2025-09-01,corporate,desktop,student,1
3705,2025-12-01,social_media,desktop,career_changer,1
3706,2025-11-01,social_media,mobile,professional_upskill,1
3707,2025-12-01,corporate,tablet,professional_upskill,1
3708,2025-11-01,organic,tablet,professional_upskill,1
3709,2025-09-01,organic,desktop,career_changer,0
3710,2025-12-01,social_media,desktop,professional_upskill,1
3711,2025-09-01,organic,desktop,student,1
3712,2025-11-01,corporate,mobile,professional_upskill,1
3713,2025-10-01,corporate,mobile,career_changer,0
3714,2025-12-01,partner_referral,desktop,student,0
3715,2025-12-01,social_media,tablet,career_changer,0
3716,2025-09-01,paid_ads,mobile,student,1
3717,2025-09-01,paid_ads,mobile,professional_upskill,1
3718,2025-10-01,organic,desktop,career_changer,0
3719,2025-12-01,paid_ads,desktop,career_changer,0
3720,2025-11-01,organic,tablet,student,0
3721,2025-11-01,paid_ads,desktop,student,0
3722,2025-12-01,corporate,mobile,professional_upskill,0
3723,2025-12-01,social_media,tablet,professional_upskill,0
3724,2025-12-01,organic,mobile,professional_upskill,1
3725,2025-10-01,paid_ads,desktop,student,0
3726,2025-11-01,social_media,desktop,student,0
3727,2025-11-01,organic,desktop,career_changer,0
3728,2025-09-01,organic,desktop,career_changer,0
3729,2025-09-01,organic,desktop,student,0
3730,2025-12-01,partner_referral,desktop,professional_upskill,1
3731,2025-09-01,organic,desktop,career_changer,1
3732,2025-10-01,social_media,desktop,student,1
3733,2025-11-01,paid_ads,desktop,student,0
3734,2025-11-01,paid_ads,desktop,career_changer,0
3735,2025-09-01,organic,desktop,professional_upskill,1
3736,2025-12-01,paid_ads,mobile,career_changer,0
3737,2025-09-01,partner_referral,desktop,career_changer,0
3738,2025-12-01,corporate,desktop,student,0
3739,2025-10-01,corporate,mobile,professional_upskill,0
3740,2025-11-01,partner_referral,mobile,professional_upskill,1
3741,2025-10-01,social_media,desktop,professional_upskill,0
3742,2025-11-01,corporate,mobile,student,1
3743,2025-10-01,corporate,tablet,career_changer,0
3744,2025-09-01,organic,mobile,career_changer,0
3745,2025-10-01,organic,desktop,professional_upskill,0
3746,2025-10-01,organic,mobile,professional_upskill,0
3747,2025-09-01,partner_referral,desktop,professional_upskill,1
3748,2025-11-01,paid_ads,desktop,student,0
3749,2025-11-01,paid_ads,tablet,professional_upskill,0
3750,2025-09-01,social_media,desktop,career_changer,0
3751,2025-10-01,social_media,mobile,professional_upskill,0
3752,2025-10-01,social_media,desktop,career_changer,0
3753,2025-10-01,paid_ads,tablet,student,0
3754,2025-12-01,partner_referral,desktop,career_changer,0
3755,2025-11-01,organic,desktop,student,1
3756,2025-10-01,organic,desktop,career_changer,1
3757,2025-11-01,organic,desktop,professional_upskill,0
3758,2025-10-01,paid_ads,desktop,student,0
3759,2025-09-01,paid_ads,mobile,student,0
3760,2025-09-01,corporate,desktop,student,0
3761,2025-11-01,organic,mobile,career_changer,1
3762,2025-11-01,corporate,desktop,professional_upskill,1
3763,2025-09-01,paid_ads,desktop,student,0
3764,2025-12-01,organic,tablet,student,1
3765,2025-09-01,paid_ads,desktop,professional_upskill,0
3766,2025-10-01,organic,desktop,professional_upskill,1
3767,2025-12-01,partner_referral,desktop,student,1
3768,2025-09-01,paid_ads,desktop,professional_upskill,1
3769,2025-12-01,organic,mobile,professional_upskill,0
3770,2025-12-01,organic,mobile,professional_upskill,0
3771,2025-12-01,paid_ads,desktop,career_changer,0
3772,2025-11-01,social_media,mobile,professional_upskill,0
3773,2025-09-01,paid_ads,desktop,student,0
3774,2025-11-01,corporate,desktop,student,1
3775,2025-11-01,partner_referral,tablet,career_changer,0
3776,2025-10-01,social_media,mobile,career_changer,0
3777,2025-10-01,corporate,mobile,professional_upskill,0
3778,2025-12-01,partner_referral,mobile,career_changer,0
3779,2025-12-01,partner_referral,mobile,student,0
3780,2025-10-01,social_media,mobile,career_changer,0
3781,2025-10-01,paid_ads,desktop,career_changer,0
3782,2025-09-01,paid_ads,desktop,professional_upskill,1
3783,2025-12-01,organic,desktop,career_changer,0
3784,2025-12-01,corporate,mobile,career_changer,0
3785,2025-10-01,corporate,desktop,professional_upskill,1
3786,2025-09-01,organic,desktop,professional_upskill,1
3787,2025-10-01,partner_referral,desktop,career_changer,1
3788,2025-10-01,paid_ads,tablet,student,0
3789,2025-11-01,organic,mobile,professional_upskill,0
3790,2025-12-01,social_media,desktop,professional_upskill,0
3791,2025-09-01,organic,desktop,professional_upskill,0
3792,2025-11-01,organic,desktop,professional_upskill,1
3793,2025-12-01,partner_referral,desktop,professional_upskill,1
3794,2025-10-01,corporate,desktop,professional_upskill,1
3795,2025-09-01,organic,mobile,professional_upskill,0
3796,2025-12-01,partner_referral,tablet,student,0
3797,2025-10-01,paid_ads,desktop,career_changer,0
3798,2025-11-01,organic,desktop,career_changer,0
3799,2025-09-01,organic,desktop,student,0
3800,2025-12-01,partner_referral,desktop,professional_upskill,1
3801,2025-11-01,organic,desktop,professional_upskill,1
3802,2025-10-01,social_media,desktop,professional_upskill,0
3803,2025-10-01,corporate,desktop,professional_upskill,1
3804,2025-12-01,social_media,mobile,student,0
3805,2025-10-01,organic,mobile,professional_upskill,0
3806,2025-09-01,social_media,mobile,career_changer,0
3807,2025-12-01,paid_ads,desktop,student,0
3808,2025-11-01,paid_ads,mobile,student,0
3809,2025-12-01,organic,tablet,professional_upskill,1
3810,2025-12-01,organic,desktop,career_changer,0
3811,2025-11-01,partner_referral,desktop,professional_upskill,1
3812,2025-10-01,paid_ads,desktop,career_changer,0
3813,2025-11-01,organic,desktop,student,1
3814,2025-09-01,partner_referral,desktop,student,1
3815,2025-10-01,organic,desktop,career_changer,0
3816,2025-12-01,partner_referral,desktop,professional_upskill,0
3817,2025-10-01,paid_ads,desktop,student,0
3818,2025-10-01,corporate,desktop,professional_upskill,1
3819,2025-09-01,corporate,tablet,professional_upskill,0
3820,2025-10-01,paid_ads,desktop,professional_upskill,1
3821,2025-10-01,paid_ads,mobile,career_changer,0
3822,2025-10-01,paid_ads,desktop,professional_upskill,0
3823,2025-12-01,corporate,desktop,career_changer,0
3824,2025-10-01,paid_ads,desktop,student,0
3825,2025-11-01,organic,desktop,student,1
3826,2025-10-01,organic,desktop,professional_upskill,1
3827,2025-09-01,paid_ads,desktop,student,0
3828,2025-10-01,paid_ads,desktop,career_changer,1
3829,2025-10-01,corporate,mobile,student,1
3830,2025-12-01,organic,desktop,student,0
3831,2025-11-01,paid_ads,mobile,student,1
3832,2025-10-01,corporate,desktop,professional_upskill,0
3833,2025-11-01,corporate,desktop,career_changer,1
3834,2025-09-01,paid_ads,desktop,professional_upskill,0
3835,2025-12-01,paid_ads,mobile,professional_upskill,0
3836,2025-11-01,paid_ads,tablet,professional_upskill,0
3837,2025-12-01,social_media,mobile,career_changer,1
3838,2025-10-01,organic,desktop,career_changer,0
3839,2025-09-01,social_media,mobile,career_changer,0
3840,2025-12-01,partner_referral,desktop,career_changer,0
3841,2025-10-01,paid_ads,tablet,professional_upskill,0
3842,2025-11-01,organic,desktop,career_changer,0
3843,2025-09-01,paid_ads,desktop,professional_upskill,0
3844,2025-09-01,paid_ads,desktop,professional_upskill,1
3845,2025-11-01,organic,desktop,student,1
3846,2025-11-01,partner_referral,mobile,professional_upskill,0
3847,2025-09-01,social_media,mobile,student,0
3848,2025-12-01,partner_referral,desktop,career_changer,1
3849,2025-09-01,corporate,mobile,professional_upskill,1
3850,2025-11-01,organic,mobile,professional_upskill,1
3851,2025-12-01,paid_ads,desktop,student,1
3852,2025-10-01,organic,desktop,student,1
3853,2025-09-01,partner_referral,desktop,student,1
3854,2025-11-01,social_media,desktop,career_changer,1
3855,2025-10-01,partner_referral,desktop,professional_upskill,1
3856,2025-09-01,organic,desktop,professional_upskill,0
3857,2025-09-01,paid_ads,desktop,professional_upskill,0
3858,2025-12-01,partner_referral,desktop,professional_upskill,1
3859,2025-11-01,paid_ads,mobile,student,0
3860,2025-10-01,corporate,desktop,student,1
3861,2025-09-01,corporate,desktop,student,1
3862,2025-12-01,partner_referral,desktop,professional_upskill,1
3863,2025-10-01,paid_ads,desktop,professional_upskill,0
3864,2025-10-01,organic,desktop,professional_upskill,1
3865,2025-09-01,organic,desktop,student,1
3866,2025-10-01,paid_ads,desktop,career_changer,0
3867,2025-09-01,paid_ads,desktop,professional_upskill,1
3868,2025-12-01,partner_referral,desktop,student,1
3869,2025-12-01,partner_referral,desktop,professional_upskill,1
3870,2025-10-01,organic,mobile,student,0
3871,2025-09-01,paid_ads,desktop,student,1
3872,2025-11-01,organic,desktop,professional_upskill,1
3873,2025-12-01,organic,desktop,student,0
3874,2025-09-01,corporate,mobile,professional_upskill,1
3875,2025-09-01,organic,desktop,professional_upskill,1
3876,2025-09-01,paid_ads,mobile,career_changer,0
3877,2025-10-01,organic,mobile,professional_upskill,0
3878,2025-11-01,social_media,desktop,career_changer,0
3879,2025-10-01,partner_referral,desktop,student,1
3880,2025-12-01,organic,desktop,professional_upskill,1
3881,2025-10-01,paid_ads,desktop,career_changer,0
3882,2025-09-01,corporate,desktop,student,1
3883,2025-10-01,social_media,desktop,professional_upskill,1
3884,2025-09-01,organic,desktop,career_changer,0
3885,2025-11-01,social_media,desktop,professional_upskill,0
3886,2025-10-01,social_media,mobile,professional_upskill,0
3887,2025-10-01,social_media,desktop,career_changer,0
3888,2025-10-01,partner_referral,mobile,career_changer,0
3889,2025-09-01,partner_referral,tablet,career_changer,0
3890,2025-09-01,paid_ads,tablet,career_changer,0
3891,2025-10-01,corporate,mobile,professional_upskill,1
3892,2025-10-01,paid_ads,desktop,professional_upskill,1
3893,2025-11-01,partner_referral,desktop,student,0
3894,2025-11-01,paid_ads,desktop,career_changer,0
3895,2025-12-01,corporate,desktop,professional_upskill,0
3896,2025-11-01,corporate,mobile,career_changer,1
3897,2025-11-01,organic,tablet,professional_upskill,1
3898,2025-11-01,corporate,desktop,professional_upskill,0
3899,2025-09-01,paid_ads,desktop,career_changer,0
3900,2025-11-01,corporate,desktop,career_changer,1
3901,2025-11-01,paid_ads,desktop,professional_upskill,0
3902,2025-10-01,paid_ads,desktop,career_changer,0
3903,2025-09-01,social_media,desktop,career_changer,0
3904,2025-12-01,organic,mobile,professional_upskill,1
3905,2025-12-01,corporate,desktop,professional_upskill,1
3906,2025-11-01,paid_ads,mobile,student,1
3907,2025-12-01,paid_ads,mobile,student,0
3908,2025-12-01,paid_ads,mobile,student,1
3909,2025-12-01,partner_referral,desktop,career_changer,0
3910,2025-11-01,paid_ads,mobile,student,1
3911,2025-12-01,organic,mobile,career_changer,1
3912,2025-11-01,organic,desktop,student,1
3913,2025-10-01,organic,desktop,career_changer,0
3914,2025-10-01,social_media,mobile,career_changer,0
3915,2025-12-01,social_media,desktop,career_changer,0
3916,2025-10-01,paid_ads,desktop,career_changer,0
3917,2025-11-01,corporate,desktop,student,0
3918,2025-10-01,paid_ads,mobile,professional_upskill,0
3919,2025-12-01,partner_referral,mobile,student,0
3920,2025-11-01,corporate,desktop,professional_upskill,1
3921,2025-09-01,social_media,desktop,professional_upskill,1
3922,2025-11-01,paid_ads,tablet,career_changer,0
3923,2025-10-01,corporate,mobile,professional_upskill,0
3924,2025-09-01,organic,mobile,student,0
3925,2025-11-01,social_media,desktop,career_changer,0
3926,2025-09-01,organic,desktop,career_changer,0
3927,2025-09-01,partner_referral,desktop,student,0
3928,2025-09-01,partner_referral,mobile,career_changer,0
3929,2025-11-01,partner_referral,desktop,career_changer,0
3930,2025-10-01,organic,desktop,professional_upskill,0
3931,2025-11-01,social_media,desktop,professional_upskill,1
3932,2025-10-01,organic,desktop,student,0
3933,2025-11-01,partner_referral,mobile,student,0
3934,2025-11-01,organic,desktop,career_changer,0
3935,2025-11-01,paid_ads,mobile,career_changer,0
3936,2025-10-01,paid_ads,mobile,professional_upskill,1
3937,2025-11-01,paid_ads,desktop,career_changer,0
3938,2025-09-01,organic,mobile,student,1
3939,2025-11-01,organic,tablet,professional_upskill,1
3940,2025-09-01,paid_ads,tablet,professional_upskill,1
3941,2025-12-01,corporate,desktop,career_changer,1
3942,2025-12-01,social_media,desktop,career_changer,0
3943,2025-10-01,organic,desktop,student,0
3944,2025-10-01,paid_ads,mobile,student,0
3945,2025-12-01,organic,mobile,student,1
3946,2025-11-01,organic,mobile,career_changer,0
3947,2025-11-01,partner_referral,desktop,professional_upskill,1
3948,2025-11-01,partner_referral,desktop,career_changer,0
3949,2025-12-01,organic,desktop,student,0
3950,2025-09-01,organic,desktop,student,1
3951,2025-10-01,organic,mobile,career_changer,0
3952,2025-09-01,corporate,desktop,career_changer,0
3953,2025-12-01,social_media,desktop,career_changer,0
3954,2025-09-01,organic,desktop,career_changer,0
3955,2025-11-01,organic,desktop,career_changer,0
3956,2025-11-01,social_media,desktop,student,0
3957,2025-09-01,social_media,desktop,student,0
3958,2025-12-01,paid_ads,desktop,student,0
3959,2025-09-01,organic,desktop,student,0
3960,2025-11-01,organic,desktop,student,0
3961,2025-11-01,partner_referral,mobile,student,1
3962,2025-12-01,paid_ads,desktop,professional_upskill,0
3963,2025-09-01,organic,mobile,professional_upskill,0
3964,2025-11-01,partner_referral,mobile,career_changer,1
3965,2025-11-01,organic,desktop,professional_upskill,1
3966,2025-09-01,corporate,tablet,student,0
3967,2025-09-01,paid_ads,desktop,professional_upskill,0
3968,2025-10-01,organic,mobile,career_changer,0
3969,2025-12-01,partner_referral,tablet,career_changer,1
3970,2025-12-01,paid_ads,mobile,career_changer,1
3971,2025-09-01,social_media,desktop,student,0
3972,2025-12-01,paid_ads,desktop,professional_upskill,1
3973,2025-11-01,organic,desktop,student,1
3974,2025-09-01,corporate,desktop,student,1
3975,2025-09-01,organic,mobile,student,0
3976,2025-09-01,social_media,desktop,student,1
3977,2025-10-01,paid_ads,desktop,student,0
3978,2025-12-01,paid_ads,mobile,student,0
3979,2025-10-01,organic,desktop,student,0
3980,2025-11-01,paid_ads,mobile,professional_upskill,0
3981,2025-12-01,corporate,mobile,student,0
3982,2025-10-01,corporate,desktop,student,1
3983,2025-09-01,organic,mobile,career_changer,0
3984,2025-10-01,organic,desktop,professional_upskill,1
3985,2025-09-01,corporate,desktop,student,0
3986,2025-10-01,social_media,tablet,student,0
3987,2025-10-01,organic,mobile,professional_upskill,0
3988,2025-10-01,paid_ads,desktop,student,0
3989,2025-09-01,paid_ads,desktop,career_changer,0
3990,2025-10-01,social_media,desktop,student,1
3991,2025-12-01,organic,desktop,professional_upskill,0
3992,2025-12-01,organic,desktop,professional_upskill,1
3993,2025-12-01,corporate,desktop,professional_upskill,1
3994,2025-09-01,organic,desktop,student,1
3995,2025-09-01,paid_ads,desktop,career_changer,0
3996,2025-12-01,paid_ads,desktop,student,0
3997,2025-12-01,paid_ads,tablet,professional_upskill,0
3998,2025-12-01,paid_ads,mobile,professional_upskill,0
3999,2025-11-01,paid_ads,desktop,career_changer,0
4000,2025-12-01,organic,desktop,professional_upskill,1
4001,2025-10-01,partner_referral,desktop,student,1
4002,2025-11-01,corporate,desktop,career_changer,0
4003,2025-11-01,corporate,desktop,career_changer,0
4004,2025-09-01,organic,mobile,career_changer,1
4005,2025-10-01,organic,desktop,career_changer,0
4006,2025-09-01,organic,mobile,student,1
4007,2025-09-01,paid_ads,desktop,professional_upskill,1
4008,2025-10-01,paid_ads,mobile,professional_upskill,0
4009,2025-09-01,partner_referral,mobile,professional_upskill,1
4010,2025-10-01,organic,desktop,professional_upskill,0
4011,2025-10-01,organic,desktop,career_changer,0
4012,2025-09-01,paid_ads,desktop,student,0
4013,2025-12-01,partner_referral,desktop,professional_upskill,1
4014,2025-09-01,organic,mobile,career_changer,1
4015,2025-11-01,partner_referral,desktop,professional_upskill,1
4016,2025-09-01,organic,desktop,professional_upskill,1
4017,2025-10-01,social_media,desktop,professional_upskill,0
4018,2025-11-01,social_media,desktop,student,1
4019,2025-10-01,organic,mobile,student,1
4020,2025-12-01,organic,desktop,professional_upskill,1
4021,2025-12-01,paid_ads,mobile,professional_upskill,1
4022,2025-11-01,organic,desktop,professional_upskill,1
4023,2025-12-01,partner_referral,desktop,career_changer,1
4024,2025-12-01,corporate,desktop,career_changer,1
4025,2025-09-01,partner_referral,mobile,professional_upskill,0
4026,2025-09-01,corporate,desktop,professional_upskill,1
4027,2025-12-01,paid_ads,desktop,career_changer,1
4028,2025-12-01,organic,desktop,student,1
4029,2025-09-01,corporate,desktop,professional_upskill,1
4030,2025-12-01,paid_ads,tablet,career_changer,0
4031,2025-12-01,partner_referral,desktop,professional_upskill,1
4032,2025-10-01,organic,desktop,student,0
4033,2025-12-01,organic,desktop,student,0
4034,2025-11-01,social_media,mobile,professional_upskill,1
4035,2025-10-01,organic,desktop,student,0
4036,2025-11-01,social_media,mobile,career_changer,0
4037,2025-12-01,social_media,mobile,career_changer,0
4038,2025-09-01,corporate,desktop,professional_upskill,1
4039,2025-10-01,partner_referral,desktop,student,0
4040,2025-09-01,partner_referral,desktop,student,1
4041,2025-10-01,social_media,mobile,professional_upskill,0
4042,2025-09-01,organic,desktop,career_changer,0
4043,2025-10-01,paid_ads,desktop,student,1
4044,2025-10-01,partner_referral,mobile,student,1
4045,2025-11-01,paid_ads,desktop,professional_upskill,1
4046,2025-09-01,paid_ads,desktop,student,1
4047,2025-11-01,paid_ads,desktop,career_changer,0
4048,2025-11-01,partner_referral,desktop,career_changer,1
4049,2025-09-01,social_media,desktop,professional_upskill,0
4050,2025-10-01,organic,desktop,professional_upskill,0
4051,2025-11-01,social_media,mobile,career_changer,0
4052,2025-09-01,partner_referral,desktop,student,0
4053,2025-10-01,corporate,mobile,professional_upskill,1
4054,2025-11-01,partner_referral,mobile,career_changer,0
4055,2025-11-01,corporate,desktop,professional_upskill,1
4056,2025-11-01,organic,mobile,career_changer,0
4057,2025-10-01,corporate,desktop,professional_upskill,1
4058,2025-11-01,organic,tablet,student,1
4059,2025-10-01,social_media,mobile,professional_upskill,0
4060,2025-12-01,social_media,desktop,student,1
4061,2025-11-01,organic,desktop,career_changer,0
4062,2025-12-01,organic,desktop,student,0
4063,2025-09-01,corporate,desktop,student,0
4064,2025-11-01,organic,desktop,student,1
4065,2025-09-01,social_media,desktop,student,0
4066,2025-09-01,organic,mobile,professional_upskill,0
4067,2025-09-01,organic,desktop,career_changer,1
4068,2025-12-01,social_media,mobile,professional_upskill,0
4069,2025-10-01,partner_referral,mobile,student,1
4070,2025-12-01,corporate,desktop,career_changer,0
4071,2025-12-01,paid_ads,mobile,career_changer,0
4072,2025-09-01,partner_referral,desktop,professional_upskill,1
4073,2025-11-01,partner_referral,desktop,professional_upskill,0
4074,2025-10-01,partner_referral,desktop,career_changer,1
4075,2025-09-01,partner_referral,desktop,professional_upskill,1
4076,2025-10-01,partner_referral,desktop,student,1
4077,2025-12-01,paid_ads,mobile,career_changer,0
4078,2025-10-01,organic,tablet,student,1
4079,2025-10-01,corporate,mobile,student,1
4080,2025-11-01,organic,mobile,student,1
4081,2025-09-01,partner_referral,desktop,professional_upskill,1
4082,2025-10-01,organic,desktop,career_changer,0
4083,2025-10-01,partner_referral,mobile,professional_upskill,1
4084,2025-12-01,corporate,desktop,career_changer,0
4085,2025-12-01,organic,desktop,student,0
4086,2025-10-01,organic,desktop,professional_upskill,1
4087,2025-09-01,organic,desktop,professional_upskill,1
4088,2025-10-01,partner_referral,desktop,professional_upskill,0
4089,2025-10-01,corporate,mobile,career_changer,0
4090,2025-11-01,organic,desktop,professional_upskill,0
4091,2025-09-01,corporate,desktop,professional_upskill,1
4092,2025-11-01,paid_ads,desktop,student,0
4093,2025-09-01,paid_ads,desktop,student,0
4094,2025-09-01,social_media,mobile,student,1
4095,2025-09-01,paid_ads,desktop,student,0
4096,2025-11-01,paid_ads,desktop,career_changer,0
4097,2025-11-01,organic,desktop,professional_upskill,0
4098,2025-11-01,organic,desktop,career_changer,0
4099,2025-12-01,organic,desktop,professional_upskill,1
4100,2025-11-01,organic,desktop,professional_upskill,1
4101,2025-12-01,partner_referral,tablet,student,1
4102,2025-12-01,paid_ads,mobile,student,0
4103,2025-12-01,paid_ads,desktop,career_changer,0
4104,2025-10-01,organic,desktop,professional_upskill,1
4105,2025-10-01,organic,desktop,professional_upskill,1
4106,2025-10-01,partner_referral,desktop,career_changer,0
4107,2025-12-01,social_media,mobile,professional_upskill,0
4108,2025-12-01,organic,mobile,career_changer,1
4109,2025-09-01,social_media,desktop,professional_upskill,1
4110,2025-12-01,partner_referral,mobile,career_changer,0
4111,2025-10-01,partner_referral,desktop,student,1
4112,2025-12-01,paid_ads,desktop,student,0
4113,2025-12-01,organic,desktop,student,1
4114,2025-09-01,organic,desktop,career_changer,0
4115,2025-12-01,partner_referral,mobile,professional_upskill,0
4116,2025-11-01,paid_ads,desktop,student,0
4117,2025-09-01,social_media,desktop,career_changer,0
4118,2025-12-01,paid_ads,tablet,student,1
4119,2025-12-01,organic,mobile,professional_upskill,0
4120,2025-09-01,corporate,mobile,professional_upskill,1
4121,2025-12-01,organic,mobile,professional_upskill,1
4122,2025-10-01,paid_ads,desktop,career_changer,0
4123,2025-11-01,partner_referral,mobile,student,0
4124,2025-11-01,social_media,mobile,professional_upskill,1
4125,2025-10-01,corporate,mobile,student,0
4126,2025-12-01,partner_referral,mobile,student,0
4127,2025-12-01,partner_referral,desktop,student,0
4128,2025-11-01,social_media,mobile,professional_upskill,1
4129,2025-12-01,organic,desktop,professional_upskill,0
4130,2025-11-01,organic,desktop,professional_upskill,1
4131,2025-11-01,organic,desktop,career_changer,0
4132,2025-10-01,organic,mobile,student,1
4133,2025-11-01,partner_referral,desktop,professional_upskill,0
4134,2025-12-01,partner_referral,desktop,career_changer,0
4135,2025-12-01,partner_referral,desktop,career_changer,0
4136,2025-09-01,organic,tablet,career_changer,0
4137,2025-12-01,corporate,desktop,student,1
4138,2025-09-01,paid_ads,mobile,student,0
4139,2025-11-01,partner_referral,mobile,career_changer,1
4140,2025-12-01,partner_referral,desktop,student,0
4141,2025-10-01,paid_ads,desktop,student,1
4142,2025-10-01,organic,mobile,professional_upskill,0
4143,2025-10-01,organic,mobile,career_changer,0
4144,2025-11-01,corporate,mobile,career_changer,0
4145,2025-11-01,social_media,desktop,professional_upskill,1
4146,2025-09-01,partner_referral,mobile,professional_upskill,0
4147,2025-10-01,organic,desktop,student,1
4148,2025-09-01,paid_ads,desktop,professional_upskill,0
4149,2025-09-01,corporate,mobile,career_changer,0
4150,2025-12-01,corporate,desktop,student,0
4151,2025-12-01,organic,mobile,student,0
4152,2025-10-01,organic,desktop,career_changer,0
4153,2025-11-01,corporate,mobile,professional_upskill,0
4154,2025-12-01,paid_ads,desktop,student,0
4155,2025-11-01,organic,desktop,career_changer,0
4156,2025-09-01,organic,mobile,professional_upskill,0
4157,2025-09-01,paid_ads,desktop,career_changer,0
4158,2025-09-01,social_media,desktop,professional_upskill,0
4159,2025-09-01,social_media,tablet,professional_upskill,1
4160,2025-10-01,partner_referral,desktop,career_changer,0
4161,2025-09-01,paid_ads,tablet,professional_upskill,1
4162,2025-12-01,organic,desktop,student,1
4163,2025-09-01,paid_ads,desktop,student,0
4164,2025-11-01,paid_ads,mobile,career_changer,0
4165,2025-12-01,partner_referral,mobile,career_changer,0
4166,2025-11-01,paid_ads,desktop,career_changer,1
4167,2025-11-01,organic,desktop,career_changer,0
4168,2025-10-01,organic,mobile,student,0
4169,2025-10-01,paid_ads,desktop,student,1
4170,2025-11-01,organic,desktop,professional_upskill,0
4171,2025-11-01,organic,desktop,professional_upskill,0
4172,2025-09-01,social_media,desktop,professional_upskill,0
4173,2025-12-01,paid_ads,desktop,professional_upskill,1
4174,2025-09-01,paid_ads,desktop,career_changer,0
4175,2025-10-01,social_media,desktop,student,0
4176,2025-10-01,social_media,desktop,career_changer,0
4177,2025-09-01,partner_referral,desktop,professional_upskill,1
4178,2025-12-01,corporate,mobile,career_changer,1
4179,2025-11-01,paid_ads,desktop,student,0
4180,2025-09-01,paid_ads,mobile,professional_upskill,0
4181,2025-10-01,paid_ads,mobile,professional_upskill,1
4182,2025-12-01,partner_referral,desktop,student,1
4183,2025-10-01,partner_referral,desktop,career_changer,1
4184,2025-12-01,paid_ads,desktop,professional_upskill,0
4185,2025-12-01,organic,mobile,student,1
4186,2025-12-01,partner_referral,tablet,career_changer,1
4187,2025-09-01,organic,desktop,career_changer,0
4188,2025-09-01,partner_referral,mobile,career_changer,0
4189,2025-09-01,partner_referral,desktop,professional_upskill,0
4190,2025-12-01,corporate,desktop,career_changer,1
4191,2025-12-01,corporate,mobile,student,1
4192,2025-10-01,social_media,desktop,student,0
4193,2025-11-01,paid_ads,desktop,student,0
4194,2025-09-01,corporate,desktop,career_changer,1
4195,2025-12-01,partner_referral,mobile,professional_upskill,1
4196,2025-10-01,organic,desktop,student,0
4197,2025-10-01,organic,mobile,career_changer,0
4198,2025-10-01,organic,desktop,professional_upskill,1
4199,2025-09-01,paid_ads,desktop,student,1
4200,2025-09-01,partner_referral,mobile,career_changer,0
4201,2025-11-01,corporate,desktop,professional_upskill,0
4202,2025-10-01,organic,mobile,career_changer,0
4203,2025-09-01,organic,desktop,student,1
4204,2025-10-01,social_media,desktop,career_changer,0
4205,2025-12-01,organic,desktop,professional_upskill,0
4206,2025-10-01,paid_ads,mobile,career_changer,0
4207,2025-11-01,partner_referral,desktop,career_changer,0
4208,2025-09-01,paid_ads,mobile,career_changer,0
4209,2025-12-01,organic,desktop,student,0
4210,2025-09-01,organic,desktop,career_changer,1
4211,2025-12-01,organic,desktop,student,1
4212,2025-10-01,partner_referral,mobile,student,1
4213,2025-10-01,paid_ads,mobile,career_changer,0
4214,2025-11-01,organic,mobile,student,0
4215,2025-11-01,partner_referral,desktop,career_changer,1
4216,2025-12-01,corporate,desktop,student,1
4217,2025-11-01,organic,desktop,student,0
4218,2025-11-01,paid_ads,mobile,professional_upskill,0
4219,2025-11-01,partner_referral,desktop,professional_upskill,1
4220,2025-11-01,organic,desktop,student,0
4221,2025-10-01,paid_ads,desktop,career_changer,1
4222,2025-11-01,partner_referral,desktop,student,0
4223,2025-10-01,social_media,desktop,career_changer,0
4224,2025-10-01,corporate,mobile,career_changer,1
4225,2025-09-01,partner_referral,desktop,student,0
4226,2025-10-01,corporate,mobile,professional_upskill,1
4227,2025-10-01,paid_ads,mobile,student,0
4228,2025-11-01,partner_referral,desktop,student,0
4229,2025-10-01,paid_ads,desktop,professional_upskill,0
4230,2025-12-01,organic,desktop,professional_upskill,0
4231,2025-11-01,corporate,mobile,career_changer,1
4232,2025-11-01,partner_referral,desktop,career_changer,0
4233,2025-11-01,paid_ads,desktop,career_changer,0
4234,2025-09-01,social_media,desktop,career_changer,0
4235,2025-11-01,organic,desktop,career_changer,1
4236,2025-10-01,paid_ads,desktop,career_changer,0
4237,2025-12-01,organic,desktop,career_changer,1
4238,2025-11-01,corporate,mobile,professional_upskill,0
4239,2025-11-01,corporate,mobile,professional_upskill,0
4240,2025-12-01,paid_ads,desktop,career_changer,0
4241,2025-11-01,partner_referral,desktop,career_changer,0
4242,2025-09-01,paid_ads,mobile,career_changer,0
4243,2025-10-01,corporate,desktop,career_changer,0
4244,2025-12-01,paid_ads,mobile,career_changer,1
4245,2025-12-01,paid_ads,desktop,professional_upskill,0
4246,2025-09-01,social_media,mobile,professional_upskill,0
4247,2025-10-01,organic,desktop,professional_upskill,0
4248,2025-09-01,organic,desktop,professional_upskill,1
4249,2025-10-01,partner_referral,mobile,professional_upskill,0
4250,2025-09-01,social_media,desktop,career_changer,0
4251,2025-11-01,paid_ads,desktop,professional_upskill,0
4252,2025-09-01,organic,desktop,student,0
4253,2025-12-01,paid_ads,mobile,student,1
4254,2025-12-01,paid_ads,desktop,career_changer,0
4255,2025-12-01,organic,mobile,professional_upskill,0
4256,2025-09-01,partner_referral,desktop,career_changer,0
4257,2025-12-01,social_media,desktop,student,0
4258,2025-12-01,paid_ads,mobile,career_changer,0
4259,2025-11-01,paid_ads,desktop,career_changer,0
4260,2025-11-01,paid_ads,desktop,student,0
4261,2025-10-01,organic,desktop,professional_upskill,1
4262,2025-10-01,social_media,desktop,professional_upskill,0
4263,2025-10-01,paid_ads,desktop,professional_upskill,0
4264,2025-09-01,paid_ads,desktop,student,0
4265,2025-10-01,partner_referral,desktop,student,0
4266,2025-09-01,paid_ads,desktop,career_changer,0
4267,2025-09-01,partner_referral,desktop,career_changer,1
4268,2025-10-01,organic,desktop,student,0
4269,2025-10-01,corporate,tablet,professional_upskill,1
4270,2025-09-01,social_media,mobile,career_changer,0
4271,2025-11-01,partner_referral,desktop,professional_upskill,1
4272,2025-12-01,social_media,desktop,professional_upskill,0
4273,2025-12-01,organic,mobile,student,0
4274,2025-12-01,paid_ads,desktop,professional_upskill,0
4275,2025-11-01,partner_referral,desktop,professional_upskill,1
4276,2025-09-01,partner_referral,mobile,career_changer,1
4277,2025-10-01,paid_ads,desktop,career_changer,0
4278,2025-09-01,paid_ads,desktop,career_changer,0
4279,2025-09-01,organic,tablet,student,0
4280,2025-10-01,paid_ads,mobile,career_changer,1
4281,2025-11-01,organic,desktop,student,0
4282,2025-12-01,corporate,desktop,career_changer,1
4283,2025-12-01,organic,desktop,student,0
4284,2025-09-01,organic,mobile,student,0
4285,2025-11-01,partner_referral,desktop,career_changer,0
4286,2025-12-01,partner_referral,desktop,career_changer,0
4287,2025-11-01,social_media,mobile,career_changer,0
4288,2025-10-01,partner_referral,desktop,student,0
4289,2025-09-01,paid_ads,desktop,professional_upskill,0
4290,2025-09-01,corporate,desktop,career_changer,0
4291,2025-11-01,paid_ads,desktop,student,0
4292,2025-12-01,organic,desktop,career_changer,0
4293,2025-11-01,partner_referral,mobile,career_changer,0
4294,2025-10-01,social_media,mobile,student,0
4295,2025-12-01,paid_ads,desktop,career_changer,1
4296,2025-12-01,organic,desktop,professional_upskill,1
4297,2025-11-01,organic,desktop,professional_upskill,1
4298,2025-10-01,organic,desktop,student,1
4299,2025-12-01,paid_ads,desktop,professional_upskill,1
4300,2025-09-01,partner_referral,mobile,student,1
4301,2025-10-01,organic,desktop,professional_upskill,0
4302,2025-12-01,social_media,desktop,student,1
4303,2025-11-01,corporate,desktop,career_changer,1
4304,2025-12-01,partner_referral,desktop,career_changer,0
4305,2025-09-01,corporate,desktop,student,0
4306,2025-10-01,organic,desktop,professional_upskill,1
4307,2025-12-01,paid_ads,desktop,career_changer,0
4308,2025-09-01,partner_referral,mobile,student,0
4309,2025-12-01,corporate,desktop,career_changer,1
4310,2025-12-01,corporate,desktop,career_changer,1
4311,2025-10-01,organic,desktop,student,1
4312,2025-11-01,social_media,mobile,professional_upskill,1
4313,2025-11-01,organic,desktop,professional_upskill,1
4314,2025-09-01,social_media,desktop,student,0
4315,2025-09-01,social_media,desktop,career_changer,0
4316,2025-09-01,organic,mobile,student,0
4317,2025-10-01,corporate,desktop,professional_upskill,1
4318,2025-11-01,organic,desktop,professional_upskill,0
4319,2025-09-01,paid_ads,desktop,career_changer,0
4320,2025-09-01,paid_ads,desktop,professional_upskill,0
4321,2025-12-01,partner_referral,desktop,career_changer,0
4322,2025-12-01,social_media,desktop,career_changer,0
4323,2025-09-01,partner_referral,mobile,professional_upskill,1
4324,2025-12-01,paid_ads,desktop,career_changer,0
4325,2025-12-01,corporate,desktop,career_changer,0
4326,2025-12-01,social_media,desktop,professional_upskill,0
4327,2025-10-01,organic,desktop,student,0
4328,2025-09-01,social_media,desktop,student,1
4329,2025-09-01,organic,mobile,professional_upskill,1
4330,2025-12-01,corporate,tablet,professional_upskill,1
4331,2025-10-01,organic,desktop,professional_upskill,0
4332,2025-12-01,organic,desktop,student,0
4333,2025-10-01,paid_ads,desktop,career_changer,0
4334,2025-09-01,partner_referral,mobile,professional_upskill,0
4335,2025-12-01,paid_ads,mobile,student,0
4336,2025-09-01,organic,mobile,student,1
4337,2025-10-01,partner_referral,mobile,career_changer,0
4338,2025-11-01,social_media,desktop,career_changer,0
4339,2025-10-01,paid_ads,desktop,student,0
4340,2025-11-01,organic,mobile,professional_upskill,1
4341,2025-09-01,paid_ads,desktop,professional_upskill,0
4342,2025-09-01,organic,desktop,career_changer,0
4343,2025-12-01,corporate,mobile,professional_upskill,1
4344,2025-11-01,corporate,desktop,professional_upskill,1
4345,2025-10-01,partner_referral,mobile,professional_upskill,1
4346,2025-09-01,paid_ads,desktop,student,0
4347,2025-11-01,corporate,mobile,student,1
4348,2025-10-01,partner_referral,mobile,student,0
4349,2025-11-01,corporate,desktop,student,0
4350,2025-10-01,partner_referral,mobile,student,1
4351,2025-10-01,corporate,desktop,career_changer,1
4352,2025-10-01,partner_referral,desktop,student,1
4353,2025-10-01,paid_ads,desktop,student,1
4354,2025-11-01,social_media,desktop,career_changer,0
4355,2025-11-01,paid_ads,desktop,student,1
4356,2025-12-01,partner_referral,tablet,professional_upskill,1
4357,2025-11-01,organic,desktop,student,1
4358,2025-11-01,partner_referral,desktop,professional_upskill,1
4359,2025-12-01,partner_referral,desktop,professional_upskill,0
4360,2025-11-01,organic,desktop,professional_upskill,1
4361,2025-10-01,organic,mobile,professional_upskill,0
4362,2025-09-01,partner_referral,desktop,professional_upskill,1
4363,2025-09-01,corporate,desktop,student,0
4364,2025-12-01,paid_ads,mobile,professional_upskill,0
4365,2025-11-01,organic,desktop,professional_upskill,0
4366,2025-11-01,partner_referral,mobile,professional_upskill,1
4367,2025-12-01,organic,desktop,career_changer,0
4368,2025-09-01,paid_ads,desktop,career_changer,0
4369,2025-10-01,organic,mobile,professional_upskill,1
4370,2025-11-01,organic,mobile,career_changer,0
4371,2025-12-01,organic,desktop,professional_upskill,1
4372,2025-10-01,paid_ads,desktop,student,0
4373,2025-12-01,organic,desktop,career_changer,0
4374,2025-12-01,paid_ads,desktop,career_changer,0
4375,2025-12-01,paid_ads,tablet,student,0
4376,2025-09-01,paid_ads,desktop,student,0
4377,2025-09-01,paid_ads,desktop,student,0
4378,2025-12-01,corporate,mobile,career_changer,0
4379,2025-11-01,organic,desktop,career_changer,1
4380,2025-10-01,paid_ads,desktop,student,0
4381,2025-11-01,organic,mobile,professional_upskill,1
4382,2025-09-01,organic,mobile,professional_upskill,0
4383,2025-10-01,partner_referral,mobile,professional_upskill,1
4384,2025-12-01,partner_referral,desktop,student,0
4385,2025-11-01,social_media,mobile,career_changer,0
4386,2025-11-01,partner_referral,desktop,career_changer,1
4387,2025-12-01,social_media,desktop,professional_upskill,0
4388,2025-11-01,organic,tablet,professional_upskill,1
4389,2025-09-01,organic,desktop,career_changer,0
4390,2025-12-01,organic,mobile,professional_upskill,1
4391,2025-11-01,organic,desktop,student,0
4392,2025-12-01,paid_ads,desktop,student,0
4393,2025-10-01,partner_referral,mobile,professional_upskill,1
4394,2025-12-01,organic,desktop,student,1
4395,2025-11-01,social_media,mobile,student,0
4396,2025-09-01,corporate,desktop,professional_upskill,0
4397,2025-12-01,organic,mobile,student,1
4398,2025-12-01,organic,desktop,career_changer,0
4399,2025-11-01,organic,desktop,professional_upskill,0
4400,2025-09-01,organic,desktop,student,0
4401,2025-09-01,organic,mobile,student,0
4402,2025-10-01,paid_ads,mobile,student,0
4403,2025-10-01,organic,mobile,student,0
4404,2025-11-01,paid_ads,desktop,student,0
4405,2025-09-01,social_media,desktop,student,0
4406,2025-09-01,partner_referral,desktop,career_changer,1
4407,2025-10-01,social_media,desktop,student,1
4408,2025-10-01,organic,desktop,professional_upskill,1
4409,2025-11-01,paid_ads,tablet,professional_upskill,0
4410,2025-09-01,partner_referral,mobile,professional_upskill,1
4411,2025-12-01,organic,desktop,career_changer,0
4412,2025-10-01,organic,desktop,student,1
4413,2025-11-01,partner_referral,mobile,professional_upskill,1
4414,2025-09-01,partner_referral,desktop,career_changer,0
4415,2025-09-01,paid_ads,desktop,student,0
4416,2025-10-01,paid_ads,desktop,professional_upskill,0
4417,2025-11-01,paid_ads,desktop,student,0
4418,2025-12-01,organic,mobile,student,0
4419,2025-10-01,paid_ads,desktop,professional_upskill,0
4420,2025-11-01,organic,desktop,professional_upskill,1
4421,2025-09-01,organic,desktop,student,1
4422,2025-12-01,social_media,mobile,career_changer,0
4423,2025-11-01,partner_referral,desktop,career_changer,0
4424,2025-12-01,corporate,desktop,professional_upskill,1
4425,2025-11-01,paid_ads,mobile,student,1
4426,2025-11-01,paid_ads,tablet,career_changer,0
4427,2025-11-01,organic,tablet,professional_upskill,1
4428,2025-11-01,organic,mobile,student,1
4429,2025-12-01,organic,desktop,professional_upskill,0
4430,2025-10-01,corporate,desktop,professional_upskill,0
4431,2025-12-01,partner_referral,desktop,student,1
4432,2025-11-01,paid_ads,desktop,professional_upskill,0
4433,2025-12-01,paid_ads,tablet,student,1
4434,2025-12-01,social_media,mobile,professional_upskill,0
4435,2025-12-01,organic,mobile,professional_upskill,1
4436,2025-11-01,organic,desktop,student,1
4437,2025-12-01,paid_ads,mobile,professional_upskill,1
4438,2025-09-01,corporate,mobile,professional_upskill,1
4439,2025-11-01,social_media,desktop,career_changer,0
4440,2025-12-01,organic,mobile,student,0
4441,2025-09-01,social_media,desktop,student,0
4442,2025-12-01,corporate,desktop,career_changer,0
4443,2025-10-01,organic,mobile,professional_upskill,1
4444,2025-12-01,paid_ads,mobile,professional_upskill,0
4445,2025-12-01,paid_ads,desktop,career_changer,0
4446,2025-10-01,social_media,desktop,career_changer,1
4447,2025-11-01,organic,tablet,student,1
4448,2025-10-01,corporate,mobile,student,1
4449,2025-11-01,paid_ads,mobile,career_changer,0
4450,2025-10-01,corporate,desktop,career_changer,0
4451,2025-12-01,paid_ads,desktop,career_changer,0
4452,2025-12-01,partner_referral,desktop,professional_upskill,1
4453,2025-11-01,corporate,desktop,career_changer,0
4454,2025-11-01,corporate,desktop,career_changer,0
4455,2025-09-01,social_media,desktop,student,0
4456,2025-09-01,organic,desktop,professional_upskill,1
4457,2025-12-01,partner_referral,desktop,professional_upskill,0
4458,2025-12-01,organic,mobile,professional_upskill,1
4459,2025-09-01,paid_ads,desktop,career_changer,0
4460,2025-09-01,paid_ads,desktop,career_changer,0
4461,2025-11-01,paid_ads,desktop,career_changer,0
4462,2025-10-01,paid_ads,desktop,student,1
4463,2025-11-01,social_media,desktop,professional_upskill,0
4464,2025-09-01,organic,tablet,professional_upskill,0
4465,2025-12-01,partner_referral,mobile,student,0
4466,2025-09-01,paid_ads,desktop,student,1
4467,2025-12-01,organic,desktop,professional_upskill,1
4468,2025-12-01,organic,desktop,student,1
4469,2025-12-01,social_media,mobile,career_changer,0
4470,2025-12-01,social_media,desktop,professional_upskill,0
4471,2025-10-01,social_media,desktop,student,0
4472,2025-09-01,social_media,mobile,professional_upskill,1
4473,2025-11-01,organic,mobile,career_changer,0
4474,2025-12-01,paid_ads,mobile,professional_upskill,0
4475,2025-12-01,partner_referral,mobile,professional_upskill,1
4476,2025-11-01,paid_ads,mobile,professional_upskill,0
4477,2025-11-01,paid_ads,desktop,student,0
4478,2025-12-01,paid_ads,desktop,student,0
4479,2025-11-01,partner_referral,mobile,student,1
4480,2025-11-01,partner_referral,mobile,career_changer,0
4481,2025-10-01,organic,tablet,professional_upskill,1
4482,2025-11-01,paid_ads,desktop,career_changer,0
4483,2025-09-01,partner_referral,desktop,professional_upskill,0
4484,2025-09-01,partner_referral,desktop,student,1
4485,2025-09-01,organic,desktop,student,1
4486,2025-12-01,corporate,desktop,professional_upskill,0
4487,2025-09-01,organic,mobile,career_changer,1
4488,2025-10-01,paid_ads,desktop,professional_upskill,1
4489,2025-09-01,corporate,mobile,student,0
4490,2025-12-01,partner_referral,mobile,professional_upskill,1
4491,2025-10-01,organic,desktop,career_changer,0
4492,2025-09-01,partner_referral,desktop,professional_upskill,1
4493,2025-10-01,partner_referral,mobile,student,1
4494,2025-10-01,corporate,mobile,career_changer,1
4495,2025-12-01,corporate,mobile,professional_upskill,0
4496,2025-12-01,partner_referral,mobile,professional_upskill,1
4497,2025-10-01,paid_ads,tablet,student,0
4498,2025-09-01,organic,desktop,student,0
4499,2025-12-01,organic,mobile,career_changer,0
4500,2025-10-01,paid_ads,mobile,student,1
4501,2025-11-01,partner_referral,mobile,professional_upskill,0
4502,2025-11-01,paid_ads,desktop,student,0
4503,2025-12-01,organic,tablet,student,1
4504,2025-09-01,organic,desktop,professional_upskill,0
4505,2025-11-01,paid_ads,mobile,career_changer,0
4506,2025-11-01,organic,desktop,professional_upskill,0
4507,2025-11-01,corporate,desktop,professional_upskill,1
4508,2025-09-01,organic,desktop,student,0
4509,2025-09-01,partner_referral,desktop,professional_upskill,1
4510,2025-12-01,social_media,desktop,student,0
4511,2025-12-01,organic,mobile,career_changer,0
4512,2025-11-01,paid_ads,desktop,student,1
4513,2025-09-01,organic,desktop,student,0
4514,2025-10-01,partner_referral,desktop,student,1
4515,2025-11-01,partner_referral,desktop,student,1
4516,2025-12-01,paid_ads,desktop,professional_upskill,0
4517,2025-09-01,paid_ads,desktop,professional_upskill,0
4518,2025-12-01,social_media,desktop,professional_upskill,0
4519,2025-12-01,organic,mobile,career_changer,0
4520,2025-09-01,organic,desktop,student,1
4521,2025-11-01,social_media,desktop,student,0
4522,2025-09-01,partner_referral,desktop,student,1
4523,2025-11-01,social_media,tablet,student,1
4524,2025-12-01,partner_referral,desktop,professional_upskill,1
4525,2025-09-01,corporate,desktop,career_changer,0
4526,2025-10-01,paid_ads,desktop,career_changer,1
4527,2025-11-01,corporate,desktop,student,1
4528,2025-10-01,social_media,desktop,student,0
4529,2025-11-01,partner_referral,desktop,student,0
4530,2025-09-01,organic,desktop,student,1
4531,2025-10-01,organic,desktop,professional_upskill,0
4532,2025-09-01,organic,desktop,student,0
4533,2025-11-01,organic,mobile,professional_upskill,1
4534,2025-11-01,paid_ads,tablet,career_changer,0
4535,2025-11-01,partner_referral,desktop,student,0
4536,2025-11-01,partner_referral,mobile,professional_upskill,0
4537,2025-12-01,paid_ads,tablet,career_changer,0
4538,2025-11-01,partner_referral,mobile,student,0
4539,2025-10-01,organic,desktop,professional_upskill,0
4540,2025-11-01,organic,mobile,student,0
4541,2025-09-01,organic,desktop,student,0
4542,2025-12-01,paid_ads,desktop,professional_upskill,1
4543,2025-10-01,organic,desktop,professional_upskill,0
4544,2025-12-01,organic,desktop,student,1
4545,2025-12-01,paid_ads,desktop,student,0
4546,2025-12-01,corporate,desktop,professional_upskill,1
4547,2025-09-01,organic,mobile,student,1
4548,2025-12-01,partner_referral,desktop,student,1
4549,2025-12-01,partner_referral,desktop,career_changer,0
4550,2025-11-01,corporate,desktop,professional_upskill,1
4551,2025-09-01,social_media,desktop,student,0
4552,2025-10-01,organic,desktop,professional_upskill,1
4553,2025-10-01,organic,tablet,career_changer,1
4554,2025-10-01,social_media,desktop,career_changer,1
4555,2025-09-01,paid_ads,desktop,professional_upskill,0
4556,2025-10-01,partner_referral,mobile,professional_upskill,0
4557,2025-09-01,partner_referral,desktop,student,0
4558,2025-11-01,partner_referral,mobile,student,0
4559,2025-11-01,social_media,desktop,professional_upskill,0
4560,2025-09-01,social_media,desktop,professional_upskill,0
4561,2025-10-01,corporate,desktop,career_changer,1
4562,2025-09-01,organic,desktop,career_changer,0
4563,2025-09-01,social_media,desktop,professional_upskill,1
4564,2025-12-01,organic,mobile,professional_upskill,0
4565,2025-09-01,organic,mobile,professional_upskill,1
4566,2025-12-01,social_media,mobile,career_changer,1
4567,2025-11-01,organic,mobile,student,1
4568,2025-12-01,organic,desktop,career_changer,0
4569,2025-09-01,organic,desktop,career_changer,0
4570,2025-11-01,social_media,desktop,career_changer,0
4571,2025-12-01,paid_ads,mobile,career_changer,1
4572,2025-09-01,partner_referral,desktop,student,0
4573,2025-11-01,organic,mobile,career_changer,0
4574,2025-12-01,corporate,mobile,professional_upskill,1
4575,2025-09-01,corporate,desktop,professional_upskill,0
4576,2025-09-01,paid_ads,desktop,career_changer,1
4577,2025-10-01,paid_ads,desktop,student,0
4578,2025-10-01,organic,desktop,career_changer,0
4579,2025-12-01,social_media,mobile,professional_upskill,0
4580,2025-12-01,partner_referral,tablet,career_changer,0
4581,2025-12-01,social_media,desktop,professional_upskill,0
4582,2025-09-01,paid_ads,desktop,career_changer,0
4583,2025-12-01,corporate,mobile,student,1
4584,2025-09-01,corporate,desktop,professional_upskill,1
4585,2025-12-01,partner_referral,desktop,student,1
4586,2025-09-01,social_media,mobile,career_changer,1
4587,2025-09-01,paid_ads,mobile,student,0
4588,2025-10-01,organic,desktop,student,1
4589,2025-11-01,partner_referral,desktop,career_changer,0
4590,2025-09-01,corporate,mobile,career_changer,1
4591,2025-12-01,partner_referral,mobile,professional_upskill,0
4592,2025-10-01,organic,mobile,professional_upskill,0
4593,2025-12-01,paid_ads,desktop,professional_upskill,1
4594,2025-12-01,paid_ads,mobile,career_changer,0
4595,2025-09-01,paid_ads,desktop,career_changer,0
4596,2025-09-01,partner_referral,mobile,career_changer,1
4597,2025-11-01,corporate,desktop,career_changer,1
4598,2025-09-01,organic,desktop,career_changer,0
4599,2025-09-01,paid_ads,tablet,professional_upskill,1
4600,2025-11-01,organic,desktop,student,0
4601,2025-12-01,organic,desktop,professional_upskill,1
4602,2025-11-01,corporate,mobile,student,1
4603,2025-11-01,social_media,desktop,student,0
4604,2025-11-01,paid_ads,mobile,student,0
4605,2025-10-01,corporate,desktop,career_changer,1
4606,2025-12-01,social_media,desktop,student,0
4607,2025-10-01,corporate,mobile,professional_upskill,1
4608,2025-10-01,organic,desktop,professional_upskill,0
4609,2025-09-01,social_media,mobile,professional_upskill,0
4610,2025-11-01,paid_ads,desktop,career_changer,0
4611,2025-11-01,paid_ads,mobile,professional_upskill,0
4612,2025-10-01,organic,desktop,professional_upskill,0
4613,2025-09-01,paid_ads,desktop,career_changer,0
4614,2025-09-01,organic,mobile,professional_upskill,1
4615,2025-09-01,organic,desktop,career_changer,0
4616,2025-12-01,paid_ads,mobile,career_changer,0
4617,2025-10-01,corporate,mobile,student,1
4618,2025-12-01,social_media,mobile,career_changer,1
4619,2025-09-01,paid_ads,mobile,student,0
4620,2025-09-01,social_media,desktop,career_changer,0
4621,2025-09-01,social_media,desktop,professional_upskill,0
4622,2025-11-01,corporate,desktop,professional_upskill,0
4623,2025-10-01,organic,desktop,professional_upskill,1
4624,2025-11-01,partner_referral,desktop,career_changer,0
4625,2025-12-01,social_media,desktop,career_changer,0
4626,2025-11-01,partner_referral,desktop,student,1
4627,2025-10-01,paid_ads,desktop,professional_upskill,0
4628,2025-11-01,paid_ads,desktop,student,0
4629,2025-09-01,partner_referral,mobile,student,0
4630,2025-12-01,paid_ads,desktop,professional_upskill,0
4631,2025-12-01,organic,desktop,student,1
4632,2025-09-01,paid_ads,mobile,student,0
4633,2025-09-01,corporate,desktop,professional_upskill,1
4634,2025-09-01,social_media,tablet,student,0
4635,2025-10-01,organic,desktop,student,0
4636,2025-11-01,social_media,desktop,student,0
4637,2025-12-01,paid_ads,mobile,student,0
4638,2025-11-01,partner_referral,mobile,student,1
4639,2025-09-01,corporate,desktop,professional_upskill,1
4640,2025-09-01,corporate,mobile,student,1
4641,2025-11-01,social_media,desktop,professional_upskill,0
4642,2025-12-01,paid_ads,desktop,student,1
4643,2025-10-01,social_media,desktop,career_changer,0
4644,2025-11-01,organic,desktop,professional_upskill,1
4645,2025-09-01,corporate,desktop,professional_upskill,1
4646,2025-09-01,corporate,mobile,career_changer,1
4647,2025-10-01,partner_referral,desktop,professional_upskill,1
4648,2025-11-01,organic,desktop,student,0
4649,2025-10-01,social_media,desktop,career_changer,0
4650,2025-10-01,organic,mobile,professional_upskill,0
4651,2025-12-01,organic,tablet,student,1
4652,2025-12-01,corporate,mobile,student,1
4653,2025-09-01,paid_ads,tablet,student,0
4654,2025-11-01,corporate,mobile,career_changer,0
4655,2025-12-01,paid_ads,tablet,student,1
4656,2025-09-01,organic,mobile,student,0
4657,2025-11-01,corporate,desktop,career_changer,1
4658,2025-09-01,paid_ads,desktop,career_changer,0
4659,2025-12-01,organic,mobile,student,1
4660,2025-09-01,corporate,desktop,student,0
4661,2025-11-01,paid_ads,desktop,career_changer,0
4662,2025-11-01,partner_referral,desktop,professional_upskill,0
4663,2025-09-01,paid_ads,mobile,professional_upskill,0
4664,2025-11-01,corporate,desktop,professional_upskill,1
4665,2025-09-01,corporate,mobile,career_changer,0
4666,2025-11-01,corporate,mobile,student,1
4667,2025-09-01,organic,tablet,career_changer,0
4668,2025-09-01,corporate,mobile,professional_upskill,1
4669,2025-09-01,partner_referral,mobile,career_changer,0
4670,2025-10-01,partner_referral,desktop,professional_upskill,1
4671,2025-11-01,paid_ads,desktop,professional_upskill,0
4672,2025-12-01,social_media,desktop,student,0
4673,2025-09-01,corporate,mobile,student,0
4674,2025-10-01,organic,mobile,student,0
4675,2025-12-01,paid_ads,mobile,career_changer,1
4676,2025-09-01,social_media,desktop,student,1
4677,2025-12-01,organic,desktop,professional_upskill,1
4678,2025-10-01,social_media,desktop,student,1
4679,2025-12-01,partner_referral,desktop,student,0
4680,2025-09-01,partner_referral,desktop,student,0
4681,2025-12-01,organic,desktop,professional_upskill,1
4682,2025-12-01,organic,mobile,professional_upskill,0
4683,2025-09-01,social_media,desktop,professional_upskill,0
4684,2025-10-01,organic,desktop,professional_upskill,1
4685,2025-10-01,corporate,tablet,career_changer,0
4686,2025-12-01,paid_ads,desktop,student,0
4687,2025-11-01,organic,desktop,student,0
4688,2025-12-01,organic,desktop,student,1
4689,2025-11-01,paid_ads,desktop,professional_upskill,0
4690,2025-12-01,social_media,desktop,student,1
4691,2025-10-01,paid_ads,desktop,student,0
4692,2025-12-01,paid_ads,desktop,career_changer,1
4693,2025-12-01,paid_ads,desktop,career_changer,0
4694,2025-11-01,paid_ads,desktop,professional_upskill,0
4695,2025-10-01,paid_ads,mobile,career_changer,0
4696,2025-11-01,social_media,desktop,professional_upskill,0
4697,2025-12-01,paid_ads,mobile,career_changer,0
4698,2025-09-01,paid_ads,desktop,student,0
4699,2025-12-01,organic,desktop,professional_upskill,0
4700,2025-12-01,social_media,mobile,professional_upskill,0
4701,2025-11-01,organic,desktop,student,0
4702,2025-09-01,organic,desktop,career_changer,0
4703,2025-09-01,partner_referral,mobile,career_changer,0
4704,2025-11-01,partner_referral,desktop,student,0
4705,2025-10-01,paid_ads,mobile,professional_upskill,1
4706,2025-09-01,paid_ads,mobile,student,1
4707,2025-09-01,corporate,desktop,professional_upskill,0
4708,2025-11-01,organic,desktop,professional_upskill,0
4709,2025-10-01,corporate,desktop,career_changer,1
4710,2025-10-01,partner_referral,tablet,student,0
4711,2025-12-01,paid_ads,mobile,student,1
4712,2025-12-01,paid_ads,mobile,student,0
4713,2025-11-01,organic,desktop,student,0
4714,2025-10-01,corporate,mobile,student,1
4715,2025-11-01,paid_ads,desktop,professional_upskill,0
4716,2025-12-01,paid_ads,desktop,career_changer,1
4717,2025-11-01,partner_referral,mobile,professional_upskill,1
4718,2025-11-01,social_media,desktop,career_changer,0
4719,2025-09-01,paid_ads,tablet,professional_upskill,0
4720,2025-09-01,social_media,desktop,professional_upskill,1
4721,2025-09-01,paid_ads,mobile,student,1
4722,2025-12-01,organic,desktop,professional_upskill,0
4723,2025-11-01,organic,desktop,career_changer,0
4724,2025-09-01,paid_ads,desktop,professional_upskill,0
4725,2025-09-01,organic,desktop,professional_upskill,0
4726,2025-09-01,organic,desktop,career_changer,0
4727,2025-12-01,social_media,mobile,student,1
4728,2025-12-01,corporate,desktop,student,1
4729,2025-11-01,corporate,desktop,career_changer,0
4730,2025-11-01,organic,desktop,professional_upskill,0
4731,2025-11-01,organic,desktop,professional_upskill,0
4732,2025-09-01,organic,mobile,student,0
4733,2025-10-01,corporate,mobile,professional_upskill,1
4734,2025-12-01,social_media,desktop,professional_upskill,0
4735,2025-09-01,paid_ads,desktop,student,1
4736,2025-09-01,organic,mobile,student,1
4737,2025-11-01,paid_ads,desktop,student,0
4738,2025-11-01,paid_ads,desktop,professional_upskill,0
4739,2025-09-01,paid_ads,desktop,professional_upskill,0
4740,2025-12-01,partner_referral,desktop,student,0
4741,2025-12-01,corporate,desktop,student,1
4742,2025-09-01,organic,desktop,professional_upskill,1
4743,2025-10-01,organic,mobile,professional_upskill,0
4744,2025-10-01,social_media,desktop,professional_upskill,0
4745,2025-12-01,organic,desktop,career_changer,0
4746,2025-11-01,organic,desktop,student,0
4747,2025-10-01,organic,desktop,career_changer,1
4748,2025-10-01,organic,desktop,student,0
4749,2025-11-01,paid_ads,mobile,professional_upskill,0
4750,2025-10-01,corporate,desktop,career_changer,0
4751,2025-09-01,paid_ads,mobile,professional_upskill,1
4752,2025-10-01,paid_ads,desktop,career_changer,1
4753,2025-11-01,partner_referral,mobile,professional_upskill,0
4754,2025-09-01,paid_ads,desktop,student,0
4755,2025-10-01,social_media,desktop,career_changer,0
4756,2025-12-01,social_media,mobile,career_changer,0
4757,2025-09-01,organic,desktop,student,0
4758,2025-09-01,corporate,mobile,professional_upskill,0
4759,2025-12-01,paid_ads,desktop,career_changer,0
4760,2025-12-01,social_media,tablet,career_changer,0
4761,2025-10-01,paid_ads,mobile,professional_upskill,1
4762,2025-10-01,social_media,tablet,professional_upskill,1
4763,2025-11-01,corporate,desktop,career_changer,0
4764,2025-11-01,organic,desktop,professional_upskill,1
4765,2025-09-01,paid_ads,mobile,student,0
4766,2025-12-01,social_media,mobile,student,0
4767,2025-12-01,social_media,tablet,career_changer,1
4768,2025-11-01,organic,desktop,career_changer,0
4769,2025-09-01,corporate,mobile,career_changer,0
4770,2025-09-01,paid_ads,desktop,student,0
4771,2025-11-01,organic,desktop,career_changer,0
4772,2025-11-01,paid_ads,desktop,professional_upskill,0
4773,2025-11-01,organic,desktop,career_changer,0
4774,2025-10-01,corporate,mobile,professional_upskill,0
4775,2025-09-01,paid_ads,desktop,professional_upskill,0
4776,2025-09-01,corporate,mobile,student,0
4777,2025-09-01,organic,desktop,student,1
4778,2025-11-01,paid_ads,desktop,student,0
4779,2025-11-01,organic,desktop,professional_upskill,1
4780,2025-11-01,organic,desktop,student,0
4781,2025-11-01,organic,desktop,student,1
4782,2025-12-01,organic,mobile,professional_upskill,0
4783,2025-11-01,partner_referral,tablet,career_changer,0
4784,2025-10-01,organic,desktop,student,0
4785,2025-12-01,paid_ads,desktop,student,0
4786,2025-12-01,paid_ads,desktop,professional_upskill,1
4787,2025-11-01,social_media,mobile,professional_upskill,1
4788,2025-09-01,social_media,desktop,student,1
4789,2025-11-01,paid_ads,desktop,career_changer,0
4790,2025-09-01,paid_ads,desktop,professional_upskill,0
4791,2025-11-01,organic,tablet,professional_upskill,1
4792,2025-11-01,social_media,desktop,professional_upskill,0
4793,2025-09-01,organic,desktop,career_changer,0
4794,2025-09-01,organic,tablet,professional_upskill,1
4795,2025-09-01,organic,mobile,student,0
4796,2025-09-01,paid_ads,mobile,student,1
4797,2025-10-01,organic,desktop,professional_upskill,1
4798,2025-09-01,corporate,tablet,career_changer,1
4799,2025-11-01,organic,mobile,professional_upskill,0
4800,2025-11-01,partner_referral,mobile,student,1
4801,2025-10-01,organic,mobile,professional_upskill,0
4802,2025-09-01,organic,mobile,student,1
4803,2025-11-01,social_media,desktop,professional_upskill,0
4804,2025-10-01,organic,desktop,student,0
4805,2025-11-01,corporate,mobile,career_changer,0
4806,2025-10-01,paid_ads,desktop,professional_upskill,1
4807,2025-10-01,organic,desktop,career_changer,1
4808,2025-12-01,social_media,desktop,student,0
4809,2025-12-01,organic,mobile,career_changer,0
4810,2025-09-01,social_media,desktop,professional_upskill,0
4811,2025-12-01,organic,mobile,student,0
4812,2025-10-01,social_media,desktop,student,0
4813,2025-11-01,organic,desktop,student,1
4814,2025-11-01,paid_ads,desktop,professional_upskill,0
4815,2025-09-01,corporate,desktop,career_changer,1
4816,2025-12-01,social_media,desktop,student,0
4817,2025-09-01,social_media,desktop,professional_upskill,0
4818,2025-10-01,corporate,desktop,professional_upskill,0
4819,2025-12-01,social_media,tablet,student,0
4820,2025-09-01,organic,desktop,professional_upskill,0
4821,2025-11-01,organic,mobile,career_changer,0
4822,2025-11-01,organic,desktop,career_changer,1
4823,2025-09-01,paid_ads,mobile,career_changer,1
4824,2025-09-01,paid_ads,desktop,professional_upskill,0
4825,2025-09-01,paid_ads,mobile,student,0
4826,2025-10-01,organic,mobile,student,0
4827,2025-10-01,partner_referral,mobile,student,1
4828,2025-11-01,organic,desktop,professional_upskill,1
4829,2025-10-01,paid_ads,mobile,career_changer,0
4830,2025-10-01,paid_ads,desktop,career_changer,0
4831,2025-12-01,corporate,desktop,student,0
4832,2025-10-01,corporate,desktop,professional_upskill,1
4833,2025-12-01,partner_referral,desktop,professional_upskill,0
4834,2025-10-01,organic,desktop,career_changer,1
4835,2025-11-01,paid_ads,mobile,professional_upskill,0
4836,2025-09-01,organic,desktop,student,0
4837,2025-11-01,paid_ads,desktop,professional_upskill,0
4838,2025-10-01,paid_ads,desktop,student,0
4839,2025-09-01,organic,mobile,career_changer,1
4840,2025-09-01,organic,desktop,professional_upskill,1
4841,2025-09-01,social_media,desktop,professional_upskill,0
4842,2025-12-01,social_media,mobile,student,0
4843,2025-11-01,paid_ads,desktop,career_changer,0
4844,2025-12-01,organic,desktop,student,1
4845,2025-09-01,organic,desktop,professional_upskill,1
4846,2025-11-01,paid_ads,mobile,career_changer,0
4847,2025-11-01,social_media,mobile,career_changer,0
4848,2025-10-01,organic,desktop,student,1
4849,2025-12-01,corporate,desktop,professional_upskill,0
4850,2025-12-01,organic,desktop,career_changer,0
4851,2025-10-01,social_media,mobile,student,0
4852,2025-12-01,paid_ads,mobile,career_changer,0
4853,2025-09-01,corporate,desktop,student,0
4854,2025-09-01,paid_ads,desktop,career_changer,0
4855,2025-12-01,partner_referral,mobile,professional_upskill,1
4856,2025-10-01,organic,mobile,professional_upskill,0
4857,2025-11-01,organic,mobile,career_changer,0
4858,2025-12-01,social_media,desktop,professional_upskill,0
4859,2025-11-01,social_media,mobile,career_changer,0
4860,2025-10-01,social_media,desktop,student,0
4861,2025-11-01,partner_referral,desktop,professional_upskill,0
4862,2025-10-01,corporate,desktop,student,1
4863,2025-10-01,organic,mobile,student,0
4864,2025-09-01,paid_ads,desktop,professional_upskill,1
4865,2025-09-01,paid_ads,desktop,student,0
4866,2025-10-01,partner_referral,desktop,professional_upskill,0
4867,2025-12-01,paid_ads,desktop,professional_upskill,0
4868,2025-09-01,organic,mobile,career_changer,1
4869,2025-10-01,partner_referral,desktop,student,1
4870,2025-11-01,corporate,desktop,career_changer,0
4871,2025-11-01,paid_ads,mobile,student,1
4872,2025-12-01,organic,desktop,career_changer,0
4873,2025-11-01,organic,mobile,professional_upskill,0
4874,2025-11-01,organic,mobile,career_changer,0
4875,2025-10-01,organic,mobile,career_changer,0
4876,2025-11-01,partner_referral,mobile,career_changer,1
4877,2025-11-01,partner_referral,desktop,career_changer,0
4878,2025-11-01,partner_referral,desktop,professional_upskill,1
4879,2025-11-01,paid_ads,desktop,student,1
4880,2025-10-01,corporate,desktop,professional_upskill,1
4881,2025-11-01,organic,desktop,career_changer,0
4882,2025-12-01,paid_ads,desktop,student,0
4883,2025-09-01,corporate,mobile,student,0
4884,2025-12-01,organic,desktop,career_changer,0
4885,2025-09-01,organic,desktop,career_changer,0
4886,2025-12-01,social_media,desktop,student,0
4887,2025-09-01,paid_ads,desktop,professional_upskill,0
4888,2025-09-01,partner_referral,tablet,career_changer,0
4889,2025-09-01,organic,desktop,professional_upskill,1
4890,2025-09-01,partner_referral,mobile,student,1
4891,2025-10-01,paid_ads,desktop,student,0
4892,2025-12-01,organic,desktop,student,0
4893,2025-09-01,partner_referral,desktop,student,1
4894,2025-12-01,organic,mobile,professional_upskill,0
4895,2025-11-01,paid_ads,desktop,student,0
4896,2025-09-01,organic,desktop,career_changer,0
4897,2025-12-01,organic,desktop,student,1
4898,2025-10-01,organic,mobile,career_changer,0
4899,2025-12-01,organic,mobile,professional_upskill,0
4900,2025-09-01,social_media,desktop,career_changer,0
4901,2025-11-01,organic,desktop,professional_upskill,0
4902,2025-12-01,paid_ads,mobile,student,0
4903,2025-11-01,organic,mobile,professional_upskill,1
4904,2025-10-01,paid_ads,mobile,professional_upskill,1
4905,2025-12-01,social_media,mobile,career_changer,0
4906,2025-12-01,organic,mobile,career_changer,0
4907,2025-10-01,social_media,desktop,professional_upskill,0
4908,2025-10-01,organic,mobile,career_changer,1
4909,2025-10-01,corporate,mobile,professional_upskill,1
4910,2025-09-01,paid_ads,desktop,career_changer,1
4911,2025-09-01,social_media,desktop,student,0
4912,2025-12-01,partner_referral,tablet,professional_upskill,0
4913,2025-12-01,paid_ads,desktop,career_changer,0
4914,2025-12-01,organic,mobile,career_changer,0
4915,2025-11-01,organic,desktop,career_changer,1
4916,2025-10-01,social_media,desktop,student,0
4917,2025-12-01,paid_ads,desktop,professional_upskill,0
4918,2025-10-01,paid_ads,desktop,professional_upskill,0
4919,2025-09-01,corporate,desktop,professional_upskill,1
4920,2025-10-01,paid_ads,desktop,student,1
4921,2025-11-01,social_media,mobile,career_changer,1
4922,2025-11-01,corporate,tablet,professional_upskill,0
4923,2025-10-01,partner_referral,desktop,career_changer,0
4924,2025-11-01,social_media,desktop,career_changer,0
4925,2025-11-01,organic,desktop,professional_upskill,1
4926,2025-09-01,organic,desktop,career_changer,0
4927,2025-12-01,paid_ads,desktop,career_changer,0
4928,2025-11-01,organic,desktop,student,1
4929,2025-12-01,corporate,desktop,student,1
4930,2025-10-01,social_media,desktop,student,0
4931,2025-10-01,paid_ads,desktop,professional_upskill,0
4932,2025-11-01,paid_ads,mobile,career_changer,0
4933,2025-10-01,social_media,desktop,career_changer,0
4934,2025-09-01,paid_ads,mobile,professional_upskill,0
4935,2025-11-01,paid_ads,mobile,career_changer,0
4936,2025-11-01,paid_ads,tablet,career_changer,0
4937,2025-11-01,social_media,mobile,student,0
4938,2025-10-01,partner_referral,desktop,professional_upskill,1
4939,2025-10-01,corporate,desktop,student,1
4940,2025-11-01,corporate,desktop,student,0
4941,2025-12-01,paid_ads,mobile,student,0
4942,2025-10-01,paid_ads,mobile,student,0
4943,2025-10-01,corporate,mobile,student,1
4944,2025-11-01,paid_ads,desktop,professional_upskill,1
4945,2025-12-01,corporate,mobile,student,1
4946,2025-11-01,social_media,desktop,professional_upskill,0
4947,2025-10-01,partner_referral,desktop,student,1
4948,2025-11-01,corporate,mobile,student,1
4949,2025-11-01,corporate,desktop,career_changer,1
4950,2025-11-01,corporate,tablet,professional_upskill,1
4951,2025-12-01,paid_ads,desktop,professional_upskill,1
4952,2025-11-01,organic,mobile,professional_upskill,1
4953,2025-10-01,paid_ads,desktop,professional_upskill,0
4954,2025-11-01,partner_referral,mobile,professional_upskill,1
4955,2025-12-01,paid_ads,mobile,career_changer,1
4956,2025-09-01,corporate,mobile,career_changer,0
4957,2025-12-01,paid_ads,desktop,student,0
4958,2025-11-01,partner_referral,mobile,career_changer,0
4959,2025-09-01,organic,desktop,career_changer,0
4960,2025-11-01,corporate,desktop,career_changer,1
4961,2025-12-01,paid_ads,desktop,career_changer,0
4962,2025-09-01,organic,mobile,student,1
4963,2025-09-01,organic,desktop,career_changer,0
4964,2025-11-01,corporate,mobile,student,1
4965,2025-11-01,paid_ads,mobile,professional_upskill,0
4966,2025-12-01,organic,desktop,student,0
4967,2025-11-01,social_media,mobile,student,0
4968,2025-09-01,corporate,desktop,professional_upskill,0
4969,2025-10-01,social_media,mobile,career_changer,0
4970,2025-10-01,paid_ads,desktop,student,1
4971,2025-12-01,paid_ads,desktop,career_changer,0
4972,2025-11-01,social_media,desktop,student,0
4973,2025-12-01,paid_ads,desktop,student,1
4974,2025-10-01,corporate,desktop,student,0
4975,2025-10-01,organic,desktop,career_changer,0
4976,2025-11-01,paid_ads,desktop,professional_upskill,0
4977,2025-09-01,organic,desktop,career_changer,0
4978,2025-11-01,organic,desktop,career_changer,0
4979,2025-10-01,organic,mobile,student,1
4980,2025-09-01,organic,desktop,student,0
4981,2025-12-01,social_media,mobile,professional_upskill,1
4982,2025-10-01,organic,mobile,student,0
4983,2025-12-01,partner_referral,mobile,professional_upskill,1
4984,2025-09-01,corporate,mobile,career_changer,0
4985,2025-12-01,partner_referral,desktop,professional_upskill,0
4986,2025-10-01,organic,mobile,student,0
4987,2025-11-01,corporate,desktop,student,0
4988,2025-12-01,partner_referral,mobile,professional_upskill,1
4989,2025-10-01,corporate,mobile,professional_upskill,1
4990,2025-10-01,corporate,desktop,student,0
4991,2025-09-01,social_media,mobile,professional_upskill,0
4992,2025-10-01,partner_referral,desktop,student,0
4993,2025-11-01,paid_ads,desktop,student,0
4994,2025-11-01,partner_referral,desktop,career_changer,1
4995,2025-12-01,organic,mobile,professional_upskill,1
4996,2025-12-01,social_media,mobile,professional_upskill,1
4997,2025-12-01,organic,mobile,career_changer,1
4998,2025-12-01,paid_ads,desktop,student,0
4999,2025-11-01,corporate,desktop,career_changer,1
5000,2025-09-01,partner_referral,mobile,student,0
5001,2025-12-01,paid_ads,desktop,career_changer,0
5002,2025-09-01,paid_ads,mobile,career_changer,0
5003,2025-10-01,social_media,desktop,student,0
5004,2025-10-01,paid_ads,desktop,career_changer,1
5005,2025-12-01,social_media,desktop,career_changer,0
5006,2025-10-01,organic,mobile,professional_upskill,1
5007,2025-09-01,corporate,desktop,career_changer,0
5008,2025-09-01,corporate,desktop,student,0
5009,2025-10-01,organic,desktop,student,1
5010,2025-12-01,paid_ads,desktop,student,0
5011,2025-09-01,organic,desktop,student,0
5012,2025-09-01,corporate,desktop,professional_upskill,1
5013,2025-11-01,paid_ads,mobile,professional_upskill,0
5014,2025-12-01,partner_referral,desktop,professional_upskill,0
5015,2025-11-01,organic,mobile,career_changer,1
5016,2025-10-01,organic,mobile,career_changer,1
5017,2025-10-01,organic,desktop,student,1
5018,2025-11-01,paid_ads,desktop,professional_upskill,0
5019,2025-12-01,partner_referral,mobile,professional_upskill,1
5020,2025-09-01,social_media,desktop,career_changer,0
5021,2025-10-01,partner_referral,desktop,student,1
5022,2025-12-01,paid_ads,desktop,professional_upskill,0
5023,2025-12-01,social_media,mobile,student,0
5024,2025-10-01,corporate,desktop,professional_upskill,1
5025,2025-10-01,social_media,tablet,professional_upskill,0
5026,2025-12-01,paid_ads,mobile,student,1
5027,2025-09-01,organic,desktop,professional_upskill,1
5028,2025-11-01,organic,desktop,professional_upskill,0
5029,2025-10-01,corporate,desktop,professional_upskill,0
5030,2025-11-01,organic,desktop,career_changer,0
5031,2025-12-01,paid_ads,desktop,student,1
5032,2025-11-01,paid_ads,desktop,career_changer,0
5033,2025-09-01,partner_referral,desktop,career_changer,0
5034,2025-12-01,partner_referral,desktop,student,0
5035,2025-09-01,organic,desktop,career_changer,0
5036,2025-12-01,paid_ads,tablet,professional_upskill,0
5037,2025-09-01,partner_referral,desktop,student,1
5038,2025-12-01,social_media,tablet,student,0
5039,2025-09-01,corporate,desktop,student,0
5040,2025-12-01,social_media,desktop,professional_upskill,0
5041,2025-09-01,corporate,desktop,career_changer,1
5042,2025-12-01,partner_referral,desktop,student,1
5043,2025-09-01,organic,desktop,professional_upskill,1
5044,2025-10-01,partner_referral,mobile,student,0
5045,2025-11-01,partner_referral,tablet,career_changer,1
5046,2025-12-01,partner_referral,desktop,professional_upskill,0
5047,2025-09-01,paid_ads,desktop,professional_upskill,0
5048,2025-10-01,paid_ads,desktop,student,0
5049,2025-12-01,paid_ads,desktop,professional_upskill,1
5050,2025-12-01,paid_ads,desktop,professional_upskill,0
5051,2025-12-01,organic,desktop,career_changer,0
5052,2025-11-01,corporate,desktop,career_changer,0
5053,2025-09-01,organic,desktop,student,1
5054,2025-09-01,organic,desktop,career_changer,0
5055,2025-12-01,paid_ads,desktop,career_changer,0
5056,2025-12-01,partner_referral,desktop,professional_upskill,1
5057,2025-12-01,paid_ads,tablet,career_changer,0
5058,2025-10-01,organic,desktop,professional_upskill,1
5059,2025-12-01,partner_referral,mobile,student,0
5060,2025-11-01,paid_ads,mobile,student,0
5061,2025-09-01,social_media,tablet,student,1
5062,2025-11-01,social_media,mobile,student,0
5063,2025-12-01,paid_ads,mobile,career_changer,0
5064,2025-10-01,paid_ads,mobile,professional_upskill,1
5065,2025-12-01,corporate,desktop,career_changer,1
5066,2025-12-01,organic,desktop,career_changer,0
5067,2025-12-01,paid_ads,tablet,professional_upskill,0
5068,2025-12-01,paid_ads,mobile,student,0
5069,2025-12-01,social_media,tablet,career_changer,0
5070,2025-09-01,organic,mobile,student,0
5071,2025-11-01,partner_referral,mobile,professional_upskill,0
5072,2025-10-01,corporate,mobile,student,0
5073,2025-12-01,paid_ads,mobile,student,0
5074,2025-10-01,organic,desktop,career_changer,0
5075,2025-09-01,social_media,mobile,professional_upskill,0
5076,2025-11-01,paid_ads,mobile,career_changer,0
5077,2025-12-01,partner_referral,mobile,professional_upskill,1
5078,2025-09-01,organic,mobile,professional_upskill,0
5079,2025-09-01,paid_ads,desktop,career_changer,0
5080,2025-11-01,paid_ads,desktop,professional_upskill,0
5081,2025-12-01,organic,mobile,professional_upskill,0
5082,2025-11-01,organic,desktop,student,1
5083,2025-11-01,corporate,desktop,student,0
5084,2025-10-01,organic,desktop,student,1
5085,2025-10-01,organic,mobile,career_changer,0
5086,2025-11-01,paid_ads,mobile,professional_upskill,0
5087,2025-10-01,corporate,mobile,student,0
5088,2025-09-01,organic,mobile,career_changer,0
5089,2025-11-01,partner_referral,desktop,professional_upskill,0
5090,2025-12-01,organic,desktop,career_changer,0
5091,2025-12-01,organic,desktop,career_changer,0
5092,2025-09-01,organic,mobile,professional_upskill,0
5093,2025-12-01,corporate,desktop,career_changer,1
5094,2025-12-01,organic,mobile,professional_upskill,1
5095,2025-11-01,organic,desktop,student,1
5096,2025-09-01,paid_ads,desktop,student,0
5097,2025-11-01,corporate,mobile,career_changer,1
5098,2025-09-01,organic,desktop,career_changer,0
5099,2025-11-01,paid_ads,mobile,professional_upskill,0
5100,2025-11-01,organic,desktop,professional_upskill,1
5101,2025-10-01,paid_ads,desktop,professional_upskill,1
5102,2025-12-01,partner_referral,desktop,student,0
5103,2025-09-01,partner_referral,desktop,professional_upskill,1
5104,2025-12-01,paid_ads,mobile,professional_upskill,0
5105,2025-10-01,paid_ads,desktop,career_changer,0
5106,2025-09-01,organic,desktop,professional_upskill,0
5107,2025-10-01,paid_ads,desktop,student,0
5108,2025-12-01,organic,desktop,student,0
5109,2025-11-01,corporate,mobile,professional_upskill,1
5110,2025-10-01,social_media,desktop,career_changer,0
5111,2025-10-01,social_media,desktop,career_changer,0
5112,2025-11-01,social_media,mobile,career_changer,0
5113,2025-12-01,partner_referral,desktop,professional_upskill,1
5114,2025-10-01,corporate,desktop,career_changer,0
5115,2025-12-01,organic,desktop,career_changer,0
5116,2025-11-01,partner_referral,mobile,student,1
5117,2025-09-01,paid_ads,mobile,student,1
5118,2025-10-01,paid_ads,mobile,professional_upskill,0
5119,2025-12-01,corporate,tablet,career_changer,0
5120,2025-11-01,organic,desktop,career_changer,1
5121,2025-11-01,paid_ads,tablet,career_changer,1
5122,2025-10-01,social_media,desktop,professional_upskill,0
5123,2025-09-01,organic,mobile,career_changer,0
5124,2025-10-01,paid_ads,desktop,professional_upskill,0
5125,2025-12-01,social_media,desktop,career_changer,0
5126,2025-11-01,partner_referral,mobile,student,1
5127,2025-09-01,paid_ads,mobile,professional_upskill,1
5128,2025-12-01,organic,desktop,professional_upskill,1
5129,2025-10-01,paid_ads,desktop,professional_upskill,0
5130,2025-11-01,social_media,desktop,professional_upskill,1
5131,2025-10-01,partner_referral,tablet,professional_upskill,1
5132,2025-09-01,paid_ads,mobile,professional_upskill,0
5133,2025-09-01,organic,desktop,professional_upskill,1
5134,2025-09-01,organic,mobile,career_changer,1
5135,2025-09-01,social_media,mobile,student,1
5136,2025-09-01,paid_ads,desktop,career_changer,1
5137,2025-10-01,partner_referral,mobile,professional_upskill,0
5138,2025-09-01,organic,desktop,career_changer,0
5139,2025-09-01,partner_referral,mobile,professional_upskill,1
5140,2025-11-01,social_media,desktop,student,0
5141,2025-09-01,partner_referral,desktop,student,0
5142,2025-11-01,organic,desktop,career_changer,0
5143,2025-11-01,partner_referral,desktop,student,1
5144,2025-11-01,corporate,mobile,student,1
5145,2025-10-01,paid_ads,desktop,student,0
5146,2025-10-01,social_media,desktop,professional_upskill,0
5147,2025-12-01,partner_referral,mobile,student,1
5148,2025-12-01,social_media,desktop,student,0
5149,2025-11-01,partner_referral,desktop,student,0
5150,2025-10-01,organic,tablet,professional_upskill,1
5151,2025-09-01,paid_ads,mobile,career_changer,0
5152,2025-12-01,organic,desktop,career_changer,1
5153,2025-10-01,social_media,desktop,career_changer,0
5154,2025-09-01,corporate,tablet,student,1
5155,2025-09-01,partner_referral,desktop,professional_upskill,1
5156,2025-10-01,paid_ads,desktop,professional_upskill,0
5157,2025-12-01,organic,desktop,student,1
5158,2025-10-01,corporate,desktop,career_changer,0
5159,2025-12-01,paid_ads,mobile,student,0
5160,2025-11-01,organic,mobile,student,1
5161,2025-10-01,partner_referral,tablet,professional_upskill,0
5162,2025-10-01,organic,mobile,career_changer,0
5163,2025-12-01,paid_ads,desktop,student,0
5164,2025-12-01,paid_ads,desktop,student,0
5165,2025-10-01,organic,tablet,professional_upskill,1
5166,2025-09-01,social_media,desktop,professional_upskill,0
5167,2025-09-01,organic,desktop,professional_upskill,1
5168,2025-09-01,organic,mobile,career_changer,0
5169,2025-11-01,organic,desktop,career_changer,0
5170,2025-11-01,corporate,desktop,career_changer,1
5171,2025-12-01,paid_ads,mobile,student,0
5172,2025-11-01,partner_referral,tablet,career_changer,0
5173,2025-09-01,organic,desktop,career_changer,0
5174,2025-10-01,organic,mobile,student,0
5175,2025-11-01,paid_ads,desktop,professional_upskill,0
5176,2025-11-01,corporate,desktop,student,1
5177,2025-09-01,social_media,mobile,career_changer,0
5178,2025-11-01,organic,tablet,student,0
5179,2025-12-01,paid_ads,desktop,career_changer,0
5180,2025-10-01,social_media,desktop,student,0
5181,2025-09-01,paid_ads,desktop,student,0
5182,2025-12-01,corporate,desktop,career_changer,0
5183,2025-09-01,organic,desktop,career_changer,1
5184,2025-12-01,social_media,desktop,career_changer,0
5185,2025-10-01,corporate,desktop,student,1
5186,2025-10-01,social_media,desktop,career_changer,0
5187,2025-12-01,partner_referral,desktop,career_changer,0
5188,2025-12-01,paid_ads,mobile,student,0
5189,2025-12-01,social_media,desktop,professional_upskill,0
5190,2025-12-01,organic,desktop,career_changer,1
5191,2025-12-01,paid_ads,mobile,student,0
5192,2025-12-01,corporate,mobile,professional_upskill,1
5193,2025-10-01,corporate,desktop,professional_upskill,1
5194,2025-12-01,social_media,desktop,professional_upskill,0
5195,2025-11-01,organic,mobile,professional_upskill,1
5196,2025-10-01,corporate,desktop,career_changer,1
5197,2025-09-01,corporate,mobile,student,1
5198,2025-10-01,organic,desktop,professional_upskill,1
5199,2025-09-01,paid_ads,desktop,professional_upskill,1
5200,2025-09-01,organic,desktop,career_changer,1
5201,2025-11-01,paid_ads,mobile,professional_upskill,0
5202,2025-12-01,social_media,mobile,student,0
5203,2025-12-01,partner_referral,desktop,career_changer,0
5204,2025-10-01,corporate,desktop,professional_upskill,1
5205,2025-12-01,social_media,desktop,professional_upskill,1
5206,2025-11-01,paid_ads,desktop,professional_upskill,0
5207,2025-10-01,corporate,mobile,professional_upskill,0
5208,2025-10-01,paid_ads,desktop,career_changer,0
5209,2025-10-01,social_media,mobile,career_changer,0
5210,2025-12-01,organic,mobile,professional_upskill,1
5211,2025-12-01,social_media,mobile,career_changer,0
5212,2025-12-01,organic,mobile,student,0
5213,2025-10-01,paid_ads,desktop,career_changer,1
5214,2025-10-01,corporate,desktop,career_changer,0
5215,2025-09-01,paid_ads,desktop,student,0
5216,2025-09-01,partner_referral,desktop,professional_upskill,0
5217,2025-12-01,paid_ads,desktop,student,0
5218,2025-10-01,corporate,desktop,career_changer,0
5219,2025-12-01,organic,tablet,professional_upskill,0
5220,2025-12-01,organic,desktop,career_changer,1
5221,2025-09-01,organic,mobile,professional_upskill,1
5222,2025-11-01,paid_ads,mobile,student,0
5223,2025-12-01,organic,mobile,professional_upskill,1
5224,2025-11-01,paid_ads,desktop,student,0
5225,2025-11-01,paid_ads,desktop,student,0
5226,2025-10-01,organic,desktop,professional_upskill,0
5227,2025-10-01,partner_referral,desktop,professional_upskill,0
5228,2025-12-01,social_media,desktop,student,1
5229,2025-09-01,organic,mobile,professional_upskill,1
5230,2025-09-01,partner_referral,desktop,career_changer,0
5231,2025-12-01,partner_referral,desktop,professional_upskill,1
5232,2025-12-01,paid_ads,tablet,career_changer,0
5233,2025-09-01,corporate,desktop,career_changer,0
5234,2025-11-01,paid_ads,desktop,career_changer,0
5235,2025-12-01,paid_ads,mobile,student,0
5236,2025-11-01,organic,desktop,career_changer,1
5237,2025-12-01,partner_referral,desktop,career_changer,0
5238,2025-12-01,partner_referral,desktop,student,0
5239,2025-11-01,organic,mobile,student,1
5240,2025-11-01,paid_ads,desktop,student,1
5241,2025-09-01,social_media,desktop,professional_upskill,0
5242,2025-12-01,paid_ads,desktop,career_changer,0
5243,2025-10-01,paid_ads,desktop,professional_upskill,1
5244,2025-10-01,social_media,desktop,professional_upskill,0
5245,2025-12-01,corporate,desktop,career_changer,1
5246,2025-12-01,partner_referral,desktop,professional_upskill,1
5247,2025-12-01,corporate,desktop,student,0
5248,2025-11-01,social_media,desktop,student,0
5249,2025-10-01,paid_ads,desktop,career_changer,0
5250,2025-10-01,paid_ads,mobile,career_changer,0
5251,2025-10-01,paid_ads,desktop,professional_upskill,0
5252,2025-12-01,social_media,desktop,career_changer,1
5253,2025-11-01,partner_referral,mobile,student,0
5254,2025-12-01,organic,mobile,professional_upskill,1
5255,2025-09-01,social_media,desktop,career_changer,0
5256,2025-09-01,paid_ads,desktop,student,1
5257,2025-10-01,organic,desktop,career_changer,1
5258,2025-12-01,paid_ads,desktop,professional_upskill,0
5259,2025-09-01,paid_ads,mobile,professional_upskill,0
5260,2025-09-01,social_media,desktop,career_changer,0
5261,2025-12-01,organic,mobile,career_changer,0
5262,2025-11-01,corporate,desktop,student,0
5263,2025-12-01,partner_referral,desktop,career_changer,0
5264,2025-12-01,organic,mobile,professional_upskill,0
5265,2025-11-01,social_media,desktop,career_changer,1
5266,2025-10-01,paid_ads,desktop,student,0
5267,2025-10-01,organic,tablet,professional_upskill,1
5268,2025-10-01,paid_ads,mobile,professional_upskill,0
5269,2025-11-01,social_media,mobile,career_changer,0
5270,2025-09-01,paid_ads,desktop,student,0
5271,2025-11-01,organic,desktop,student,0
5272,2025-12-01,organic,mobile,student,0
5273,2025-11-01,organic,desktop,career_changer,0
5274,2025-09-01,corporate,mobile,student,1
5275,2025-09-01,paid_ads,desktop,professional_upskill,0
5276,2025-12-01,organic,desktop,professional_upskill,1
5277,2025-10-01,organic,tablet,career_changer,0
5278,2025-09-01,paid_ads,desktop,career_changer,0
5279,2025-09-01,social_media,desktop,professional_upskill,1
5280,2025-09-01,paid_ads,desktop,professional_upskill,1
5281,2025-12-01,social_media,desktop,professional_upskill,0
5282,2025-09-01,paid_ads,desktop,student,0
5283,2025-10-01,organic,desktop,student,0
5284,2025-12-01,social_media,desktop,professional_upskill,0
5285,2025-10-01,paid_ads,mobile,professional_upskill,0
5286,2025-09-01,corporate,desktop,student,0
5287,2025-09-01,social_media,tablet,career_changer,0
5288,2025-10-01,organic,desktop,professional_upskill,1
5289,2025-12-01,organic,desktop,student,0
5290,2025-12-01,corporate,desktop,professional_upskill,1
5291,2025-10-01,organic,mobile,student,0
5292,2025-09-01,organic,tablet,professional_upskill,0
5293,2025-11-01,organic,mobile,career_changer,0
5294,2025-10-01,organic,desktop,student,0
5295,2025-10-01,corporate,desktop,professional_upskill,0
5296,2025-10-01,organic,mobile,professional_upskill,1
5297,2025-09-01,paid_ads,mobile,professional_upskill,1
5298,2025-12-01,partner_referral,tablet,career_changer,0
5299,2025-09-01,paid_ads,desktop,professional_upskill,0
5300,2025-10-01,organic,tablet,career_changer,0
5301,2025-09-01,corporate,desktop,career_changer,0
5302,2025-09-01,organic,desktop,professional_upskill,1
5303,2025-10-01,corporate,desktop,student,1
5304,2025-09-01,social_media,desktop,student,0
5305,2025-11-01,paid_ads,mobile,career_changer,0
5306,2025-09-01,paid_ads,mobile,student,0
5307,2025-09-01,paid_ads,mobile,professional_upskill,0
5308,2025-12-01,paid_ads,mobile,career_changer,1
5309,2025-12-01,social_media,desktop,career_changer,1
5310,2025-10-01,social_media,mobile,professional_upskill,0
5311,2025-10-01,paid_ads,desktop,career_changer,0
5312,2025-12-01,partner_referral,mobile,career_changer,0
5313,2025-11-01,social_media,mobile,student,0
5314,2025-09-01,social_media,mobile,career_changer,0
5315,2025-11-01,paid_ads,desktop,student,0
5316,2025-11-01,paid_ads,mobile,professional_upskill,0
5317,2025-12-01,organic,desktop,career_changer,0
5318,2025-10-01,social_media,desktop,student,0
5319,2025-09-01,organic,mobile,career_changer,0
5320,2025-10-01,partner_referral,desktop,student,0
5321,2025-11-01,organic,mobile,professional_upskill,1
5322,2025-11-01,organic,desktop,student,1
5323,2025-10-01,paid_ads,desktop,professional_upskill,1
5324,2025-10-01,social_media,mobile,career_changer,0
5325,2025-12-01,organic,desktop,career_changer,0
5326,2025-10-01,partner_referral,desktop,student,0
5327,2025-10-01,organic,desktop,professional_upskill,0
5328,2025-12-01,organic,desktop,student,1
5329,2025-10-01,paid_ads,mobile,career_changer,1
5330,2025-11-01,paid_ads,desktop,professional_upskill,1
5331,2025-10-01,organic,mobile,professional_upskill,0
5332,2025-09-01,paid_ads,mobile,career_changer,1
5333,2025-11-01,organic,desktop,professional_upskill,1
5334,2025-12-01,paid_ads,mobile,professional_upskill,0
5335,2025-11-01,social_media,desktop,student,0
5336,2025-12-01,social_media,desktop,career_changer,1
5337,2025-09-01,paid_ads,desktop,student,0
5338,2025-09-01,partner_referral,desktop,student,1
5339,2025-11-01,social_media,mobile,professional_upskill,1
5340,2025-10-01,organic,mobile,career_changer,0
5341,2025-11-01,corporate,desktop,student,0
5342,2025-11-01,social_media,mobile,professional_upskill,0
5343,2025-09-01,organic,mobile,student,0
5344,2025-12-01,organic,desktop,professional_upskill,0
5345,2025-11-01,social_media,mobile,professional_upskill,0
5346,2025-10-01,paid_ads,desktop,professional_upskill,0
5347,2025-09-01,organic,mobile,professional_upskill,0
5348,2025-11-01,organic,desktop,student,1
5349,2025-11-01,paid_ads,mobile,career_changer,0
5350,2025-10-01,partner_referral,desktop,student,1
5351,2025-11-01,corporate,desktop,student,1
5352,2025-11-01,social_media,desktop,career_changer,0
5353,2025-11-01,organic,desktop,student,1
5354,2025-11-01,paid_ads,mobile,professional_upskill,0
5355,2025-10-01,paid_ads,desktop,professional_upskill,1
5356,2025-11-01,paid_ads,mobile,career_changer,0
5357,2025-11-01,organic,mobile,career_changer,0
5358,2025-11-01,social_media,mobile,career_changer,0
5359,2025-09-01,social_media,desktop,professional_upskill,1
5360,2025-10-01,paid_ads,tablet,professional_upskill,0
5361,2025-09-01,partner_referral,mobile,student,0
5362,2025-09-01,organic,mobile,career_changer,0
5363,2025-10-01,paid_ads,desktop,career_changer,0
5364,2025-09-01,partner_referral,desktop,professional_upskill,1
5365,2025-09-01,paid_ads,desktop,student,1
5366,2025-09-01,social_media,desktop,student,0
5367,2025-10-01,partner_referral,desktop,professional_upskill,1
5368,2025-11-01,paid_ads,desktop,professional_upskill,1
5369,2025-12-01,corporate,mobile,professional_upskill,0
5370,2025-12-01,organic,desktop,career_changer,0
5371,2025-10-01,paid_ads,desktop,professional_upskill,0
5372,2025-12-01,paid_ads,mobile,career_changer,0
5373,2025-10-01,paid_ads,desktop,student,0
5374,2025-10-01,corporate,mobile,career_changer,0
5375,2025-12-01,paid_ads,desktop,student,0
5376,2025-09-01,corporate,desktop,student,1
5377,2025-11-01,partner_referral,desktop,professional_upskill,1
5378,2025-12-01,paid_ads,mobile,student,0
5379,2025-12-01,corporate,desktop,professional_upskill,0
5380,2025-12-01,organic,mobile,student,1
5381,2025-12-01,organic,desktop,student,0
5382,2025-10-01,paid_ads,desktop,career_changer,0
5383,2025-10-01,organic,mobile,professional_upskill,1
5384,2025-11-01,organic,desktop,career_changer,1
5385,2025-11-01,partner_referral,mobile,professional_upskill,1
5386,2025-12-01,paid_ads,desktop,student,0
5387,2025-12-01,paid_ads,desktop,professional_upskill,1
5388,2025-12-01,social_media,mobile,student,0
5389,2025-11-01,partner_referral,tablet,professional_upskill,1
5390,2025-12-01,social_media,desktop,career_changer,0
5391,2025-09-01,organic,mobile,professional_upskill,0
5392,2025-11-01,partner_referral,desktop,professional_upskill,0
5393,2025-09-01,social_media,mobile,student,0
5394,2025-12-01,partner_referral,mobile,professional_upskill,1
5395,2025-10-01,corporate,desktop,student,1
5396,2025-09-01,paid_ads,desktop,student,0
5397,2025-11-01,organic,desktop,professional_upskill,1
5398,2025-09-01,paid_ads,desktop,student,0
5399,2025-11-01,paid_ads,desktop,student,0
5400,2025-12-01,social_media,mobile,career_changer,0
5401,2025-09-01,organic,tablet,professional_upskill,0
5402,2025-10-01,social_media,desktop,student,1
5403,2025-09-01,social_media,desktop,career_changer,0
5404,2025-10-01,organic,desktop,professional_upskill,0
5405,2025-11-01,paid_ads,mobile,professional_upskill,0
5406,2025-12-01,social_media,desktop,professional_upskill,0
5407,2025-12-01,social_media,desktop,professional_upskill,0
5408,2025-10-01,paid_ads,desktop,professional_upskill,1
5409,2025-11-01,paid_ads,desktop,career_changer,0
5410,2025-12-01,paid_ads,desktop,student,0
5411,2025-11-01,partner_referral,desktop,professional_upskill,1
5412,2025-10-01,organic,desktop,professional_upskill,0
5413,2025-10-01,corporate,desktop,professional_upskill,1
5414,2025-09-01,organic,desktop,student,1
5415,2025-12-01,organic,desktop,career_changer,0
5416,2025-12-01,paid_ads,desktop,career_changer,0
5417,2025-09-01,paid_ads,mobile,professional_upskill,0
5418,2025-10-01,paid_ads,mobile,professional_upskill,0
5419,2025-10-01,paid_ads,desktop,career_changer,0
5420,2025-10-01,paid_ads,desktop,student,0
5421,2025-10-01,organic,desktop,professional_upskill,0
5422,2025-11-01,paid_ads,desktop,professional_upskill,0
5423,2025-12-01,social_media,desktop,student,0
5424,2025-12-01,paid_ads,desktop,student,1
5425,2025-10-01,paid_ads,mobile,professional_upskill,1
5426,2025-10-01,partner_referral,mobile,professional_upskill,1
5427,2025-10-01,social_media,desktop,career_changer,0
5428,2025-12-01,organic,desktop,student,0
5429,2025-12-01,partner_referral,mobile,student,0
5430,2025-10-01,corporate,mobile,student,1
5431,2025-11-01,partner_referral,tablet,career_changer,0
5432,2025-09-01,organic,desktop,career_changer,0
5433,2025-09-01,partner_referral,desktop,career_changer,0
5434,2025-09-01,organic,mobile,professional_upskill,0
5435,2025-12-01,partner_referral,desktop,student,0
5436,2025-12-01,corporate,desktop,student,0
5437,2025-09-01,organic,desktop,career_changer,0
5438,2025-09-01,corporate,mobile,student,0
5439,2025-11-01,organic,mobile,student,0
5440,2025-12-01,corporate,desktop,career_changer,0
5441,2025-12-01,paid_ads,mobile,professional_upskill,0
5442,2025-09-01,organic,desktop,professional_upskill,1
5443,2025-11-01,organic,mobile,professional_upskill,0
5444,2025-11-01,social_media,desktop,professional_upskill,0
5445,2025-09-01,organic,desktop,professional_upskill,1
5446,2025-09-01,organic,desktop,student,1
5447,2025-12-01,paid_ads,desktop,professional_upskill,0
5448,2025-09-01,partner_referral,desktop,student,1
5449,2025-10-01,paid_ads,desktop,student,0
5450,2025-11-01,organic,tablet,student,1
5451,2025-09-01,organic,desktop,professional_upskill,0
5452,2025-10-01,organic,desktop,professional_upskill,1
5453,2025-11-01,organic,desktop,professional_upskill,0
5454,2025-10-01,paid_ads,desktop,career_changer,0
5455,2025-10-01,corporate,desktop,career_changer,0
5456,2025-09-01,organic,mobile,professional_upskill,1
5457,2025-11-01,paid_ads,desktop,professional_upskill,0
5458,2025-10-01,paid_ads,desktop,professional_upskill,0
5459,2025-12-01,social_media,mobile,student,0
5460,2025-11-01,social_media,desktop,student,0
5461,2025-12-01,corporate,desktop,professional_upskill,1
5462,2025-09-01,organic,mobile,student,0
5463,2025-12-01,organic,desktop,professional_upskill,0
5464,2025-11-01,paid_ads,desktop,career_changer,0
5465,2025-10-01,organic,mobile,professional_upskill,1
5466,2025-10-01,paid_ads,desktop,student,0
5467,2025-11-01,corporate,desktop,professional_upskill,0
5468,2025-10-01,social_media,tablet,career_changer,0
5469,2025-12-01,corporate,desktop,career_changer,0
5470,2025-10-01,paid_ads,desktop,career_changer,0
5471,2025-10-01,partner_referral,mobile,professional_upskill,0
5472,2025-12-01,paid_ads,mobile,professional_upskill,0
5473,2025-12-01,organic,desktop,student,0
5474,2025-12-01,corporate,desktop,professional_upskill,0
5475,2025-09-01,organic,mobile,student,0
5476,2025-12-01,paid_ads,mobile,career_changer,0
5477,2025-12-01,paid_ads,desktop,student,0
5478,2025-09-01,partner_referral,desktop,professional_upskill,1
5479,2025-10-01,corporate,desktop,student,1
5480,2025-12-01,paid_ads,mobile,student,1
5481,2025-11-01,corporate,mobile,professional_upskill,1
5482,2025-12-01,organic,tablet,professional_upskill,0
5483,2025-12-01,paid_ads,mobile,student,1
5484,2025-09-01,corporate,desktop,professional_upskill,1
5485,2025-11-01,partner_referral,desktop,professional_upskill,0
5486,2025-10-01,social_media,mobile,student,0
5487,2025-10-01,organic,mobile,professional_upskill,0
5488,2025-11-01,partner_referral,desktop,career_changer,1
5489,2025-12-01,partner_referral,desktop,professional_upskill,1
5490,2025-09-01,social_media,mobile,career_changer,0
5491,2025-11-01,organic,desktop,professional_upskill,0
5492,2025-11-01,corporate,desktop,student,0
5493,2025-10-01,partner_referral,mobile,professional_upskill,1
5494,2025-09-01,organic,mobile,student,1
5495,2025-11-01,paid_ads,desktop,career_changer,0
5496,2025-09-01,paid_ads,mobile,student,0
5497,2025-12-01,partner_referral,desktop,professional_upskill,1
5498,2025-10-01,social_media,desktop,student,0
5499,2025-12-01,partner_referral,desktop,career_changer,0
5500,2025-09-01,partner_referral,mobile,career_changer,1
5501,2025-12-01,paid_ads,tablet,professional_upskill,1
5502,2025-10-01,organic,mobile,career_changer,1
5503,2025-09-01,organic,mobile,professional_upskill,1
5504,2025-11-01,paid_ads,desktop,student,0
5505,2025-12-01,paid_ads,desktop,student,0
5506,2025-10-01,organic,desktop,career_changer,0
5507,2025-11-01,paid_ads,desktop,professional_upskill,1
5508,2025-10-01,paid_ads,mobile,student,0
5509,2025-09-01,organic,mobile,student,0
5510,2025-09-01,paid_ads,tablet,student,0
5511,2025-12-01,organic,desktop,career_changer,0
5512,2025-10-01,social_media,desktop,career_changer,0
5513,2025-10-01,social_media,desktop,professional_upskill,1
5514,2025-10-01,corporate,desktop,student,0
5515,2025-09-01,organic,desktop,student,1
5516,2025-12-01,corporate,desktop,student,1
5517,2025-10-01,corporate,desktop,career_changer,1
5518,2025-10-01,corporate,desktop,professional_upskill,0
5519,2025-11-01,organic,desktop,student,1
5520,2025-10-01,partner_referral,desktop,professional_upskill,1
5521,2025-12-01,corporate,desktop,student,1
5522,2025-11-01,partner_referral,desktop,professional_upskill,0
5523,2025-11-01,partner_referral,desktop,career_changer,1
5524,2025-11-01,paid_ads,desktop,student,0
5525,2025-09-01,paid_ads,desktop,professional_upskill,1
5526,2025-11-01,organic,desktop,professional_upskill,0
5527,2025-10-01,partner_referral,desktop,career_changer,0
5528,2025-09-01,organic,mobile,career_changer,0
5529,2025-09-01,paid_ads,mobile,student,0
5530,2025-09-01,organic,mobile,professional_upskill,1
5531,2025-09-01,paid_ads,desktop,student,1
5532,2025-09-01,organic,desktop,professional_upskill,1
5533,2025-09-01,partner_referral,mobile,student,0
5534,2025-09-01,corporate,desktop,student,1
5535,2025-11-01,organic,mobile,student,0
5536,2025-12-01,organic,desktop,student,0
5537,2025-10-01,organic,desktop,career_changer,1
5538,2025-10-01,social_media,mobile,student,0
5539,2025-11-01,paid_ads,desktop,professional_upskill,0
5540,2025-11-01,paid_ads,desktop,student,0
5541,2025-09-01,organic,desktop,professional_upskill,1
5542,2025-12-01,partner_referral,desktop,career_changer,0
5543,2025-09-01,social_media,desktop,professional_upskill,1
5544,2025-11-01,corporate,desktop,professional_upskill,1
5545,2025-09-01,partner_referral,mobile,professional_upskill,1
5546,2025-10-01,organic,mobile,professional_upskill,0
5547,2025-10-01,organic,desktop,career_changer,0
5548,2025-09-01,organic,tablet,professional_upskill,0
5549,2025-12-01,organic,desktop,professional_upskill,1
5550,2025-09-01,organic,desktop,student,0
5551,2025-09-01,organic,mobile,career_changer,0
5552,2025-12-01,paid_ads,mobile,student,0
5553,2025-12-01,social_media,mobile,career_changer,0
5554,2025-12-01,partner_referral,desktop,career_changer,1
5555,2025-10-01,corporate,desktop,career_changer,1
5556,2025-09-01,corporate,mobile,career_changer,0
5557,2025-11-01,organic,desktop,professional_upskill,0
5558,2025-12-01,corporate,mobile,career_changer,0
5559,2025-12-01,organic,desktop,professional_upskill,1
5560,2025-09-01,partner_referral,mobile,student,0
5561,2025-11-01,paid_ads,desktop,career_changer,0
5562,2025-09-01,social_media,desktop,career_changer,0
5563,2025-09-01,organic,desktop,student,1
5564,2025-12-01,organic,mobile,career_changer,0
5565,2025-12-01,social_media,mobile,career_changer,0
5566,2025-10-01,organic,desktop,career_changer,0
5567,2025-11-01,partner_referral,mobile,career_changer,1
5568,2025-11-01,corporate,desktop,career_changer,0
5569,2025-12-01,corporate,desktop,student,0
5570,2025-12-01,social_media,desktop,career_changer,0
5571,2025-12-01,social_media,desktop,student,1
5572,2025-11-01,organic,desktop,student,1
5573,2025-10-01,corporate,desktop,student,1
5574,2025-11-01,partner_referral,mobile,student,0
5575,2025-12-01,partner_referral,mobile,student,1
5576,2025-12-01,organic,desktop,student,0
5577,2025-10-01,partner_referral,desktop,student,1
5578,2025-09-01,social_media,mobile,professional_upskill,0
5579,2025-09-01,social_media,mobile,student,0
5580,2025-11-01,paid_ads,desktop,career_changer,0
5581,2025-09-01,organic,mobile,professional_upskill,0
5582,2025-09-01,paid_ads,desktop,professional_upskill,0
5583,2025-11-01,corporate,desktop,student,1
5584,2025-12-01,corporate,desktop,professional_upskill,1
5585,2025-09-01,paid_ads,desktop,student,1
5586,2025-12-01,organic,mobile,student,1
5587,2025-11-01,paid_ads,desktop,professional_upskill,0
5588,2025-12-01,paid_ads,desktop,professional_upskill,0
5589,2025-12-01,social_media,mobile,career_changer,0
5590,2025-11-01,partner_referral,mobile,professional_upskill,1
5591,2025-12-01,paid_ads,mobile,professional_upskill,0
5592,2025-09-01,paid_ads,desktop,student,0
5593,2025-09-01,organic,desktop,student,0
5594,2025-09-01,social_media,mobile,career_changer,0
5595,2025-09-01,paid_ads,desktop,professional_upskill,0
5596,2025-12-01,paid_ads,desktop,student,0
5597,2025-09-01,paid_ads,desktop,professional_upskill,1
5598,2025-12-01,partner_referral,desktop,student,0
5599,2025-10-01,partner_referral,desktop,career_changer,0
5600,2025-12-01,corporate,desktop,career_changer,1
5601,2025-09-01,organic,desktop,professional_upskill,1
5602,2025-10-01,paid_ads,desktop,student,1
5603,2025-11-01,organic,desktop,career_changer,0
5604,2025-12-01,partner_referral,desktop,career_changer,1
5605,2025-09-01,organic,mobile,student,1
5606,2025-09-01,partner_referral,mobile,student,1
5607,2025-09-01,social_media,desktop,professional_upskill,1
5608,2025-11-01,social_media,desktop,career_changer,0
5609,2025-10-01,paid_ads,desktop,student,0
5610,2025-10-01,paid_ads,desktop,career_changer,0
5611,2025-09-01,organic,desktop,professional_upskill,0
5612,2025-12-01,partner_referral,desktop,student,1
5613,2025-09-01,corporate,mobile,career_changer,1
5614,2025-09-01,organic,desktop,student,0
5615,2025-12-01,paid_ads,desktop,student,1
5616,2025-09-01,corporate,desktop,student,1
5617,2025-11-01,social_media,mobile,career_changer,1
5618,2025-09-01,organic,desktop,professional_upskill,1
5619,2025-11-01,partner_referral,mobile,student,0
5620,2025-09-01,organic,desktop,career_changer,0
5621,2025-10-01,organic,mobile,career_changer,0
5622,2025-12-01,social_media,mobile,student,1
5623,2025-10-01,corporate,mobile,career_changer,0
5624,2025-09-01,corporate,desktop,professional_upskill,0
5625,2025-09-01,organic,desktop,professional_upskill,1
5626,2025-11-01,corporate,desktop,professional_upskill,1
5627,2025-09-01,paid_ads,mobile,student,0
5628,2025-09-01,paid_ads,desktop,professional_upskill,1
5629,2025-09-01,paid_ads,desktop,student,1
5630,2025-10-01,organic,desktop,professional_upskill,1
5631,2025-11-01,corporate,desktop,professional_upskill,1
5632,2025-10-01,partner_referral,desktop,student,1
5633,2025-11-01,organic,desktop,career_changer,0
5634,2025-10-01,organic,desktop,career_changer,0
5635,2025-09-01,organic,desktop,professional_upskill,1
5636,2025-10-01,organic,mobile,student,0
5637,2025-10-01,partner_referral,mobile,professional_upskill,1
5638,2025-11-01,corporate,mobile,career_changer,1
5639,2025-11-01,organic,desktop,student,1
5640,2025-10-01,organic,mobile,student,0
5641,2025-11-01,partner_referral,desktop,professional_upskill,1
5642,2025-11-01,corporate,desktop,student,0
5643,2025-11-01,paid_ads,desktop,student,0
5644,2025-12-01,paid_ads,desktop,career_changer,0
5645,2025-11-01,partner_referral,desktop,career_changer,0
5646,2025-12-01,organic,tablet,professional_upskill,0
5647,2025-12-01,organic,desktop,career_changer,1
5648,2025-11-01,corporate,desktop,professional_upskill,0
5649,2025-10-01,partner_referral,desktop,professional_upskill,1
5650,2025-11-01,partner_referral,desktop,student,1
5651,2025-09-01,corporate,desktop,professional_upskill,1
5652,2025-10-01,partner_referral,desktop,professional_upskill,1
5653,2025-12-01,organic,mobile,professional_upskill,0
5654,2025-12-01,paid_ads,desktop,professional_upskill,0
5655,2025-10-01,organic,desktop,student,1
5656,2025-10-01,organic,mobile,career_changer,1
5657,2025-11-01,partner_referral,mobile,career_changer,0
5658,2025-12-01,social_media,mobile,professional_upskill,0
5659,2025-09-01,social_media,desktop,professional_upskill,0
5660,2025-11-01,partner_referral,desktop,student,0
5661,2025-10-01,organic,desktop,student,0
5662,2025-12-01,organic,mobile,student,0
5663,2025-10-01,corporate,mobile,professional_upskill,1
5664,2025-10-01,partner_referral,desktop,student,1
5665,2025-10-01,partner_referral,desktop,career_changer,0
5666,2025-11-01,corporate,mobile,student,1
5667,2025-09-01,corporate,desktop,career_changer,1
5668,2025-09-01,corporate,desktop,student,1
5669,2025-12-01,organic,desktop,professional_upskill,0
5670,2025-10-01,corporate,desktop,career_changer,0
5671,2025-09-01,social_media,tablet,professional_upskill,0
5672,2025-10-01,organic,desktop,career_changer,1
5673,2025-12-01,partner_referral,desktop,student,1
5674,2025-10-01,paid_ads,desktop,student,0
5675,2025-09-01,social_media,desktop,professional_upskill,0
5676,2025-10-01,organic,desktop,professional_upskill,1
5677,2025-09-01,partner_referral,desktop,student,0
5678,2025-12-01,organic,desktop,professional_upskill,1
5679,2025-10-01,corporate,mobile,career_changer,0
5680,2025-09-01,organic,mobile,student,1
5681,2025-12-01,organic,desktop,student,0
5682,2025-10-01,paid_ads,desktop,professional_upskill,0
5683,2025-12-01,social_media,tablet,student,0
5684,2025-09-01,organic,desktop,student,0
5685,2025-10-01,organic,mobile,student,0
5686,2025-10-01,corporate,desktop,student,0
5687,2025-10-01,paid_ads,mobile,career_changer,0
5688,2025-12-01,social_media,mobile,student,1
5689,2025-12-01,organic,mobile,student,0
5690,2025-09-01,partner_referral,mobile,professional_upskill,1
5691,2025-11-01,organic,mobile,student,1
5692,2025-10-01,organic,desktop,career_changer,0
5693,2025-10-01,partner_referral,desktop,career_changer,0
5694,2025-09-01,partner_referral,desktop,career_changer,0
5695,2025-10-01,corporate,mobile,professional_upskill,1
5696,2025-12-01,paid_ads,mobile,student,0
5697,2025-12-01,paid_ads,desktop,professional_upskill,1
5698,2025-10-01,paid_ads,desktop,professional_upskill,1
5699,2025-10-01,social_media,mobile,professional_upskill,0
5700,2025-12-01,organic,desktop,student,0
5701,2025-10-01,organic,desktop,student,0
5702,2025-12-01,paid_ads,mobile,career_changer,0
5703,2025-11-01,partner_referral,desktop,professional_upskill,1
5704,2025-11-01,organic,desktop,career_changer,0
5705,2025-10-01,social_media,desktop,student,0
5706,2025-10-01,organic,desktop,student,1
5707,2025-10-01,social_media,desktop,professional_upskill,1
5708,2025-12-01,organic,desktop,professional_upskill,1
5709,2025-11-01,partner_referral,desktop,student,1
5710,2025-11-01,social_media,desktop,student,0
5711,2025-09-01,organic,desktop,career_changer,1
5712,2025-09-01,social_media,desktop,career_changer,0
5713,2025-10-01,paid_ads,tablet,professional_upskill,1
5714,2025-12-01,social_media,desktop,professional_upskill,0
5715,2025-10-01,partner_referral,mobile,career_changer,0
5716,2025-11-01,paid_ads,mobile,student,0
5717,2025-10-01,organic,desktop,professional_upskill,0
5718,2025-10-01,paid_ads,mobile,professional_upskill,1
5719,2025-11-01,organic,desktop,professional_upskill,0
5720,2025-11-01,organic,mobile,professional_upskill,1
5721,2025-11-01,organic,desktop,student,1
5722,2025-11-01,paid_ads,mobile,professional_upskill,1
5723,2025-09-01,corporate,desktop,professional_upskill,1
5724,2025-12-01,organic,mobile,professional_upskill,0
5725,2025-12-01,organic,desktop,student,1
5726,2025-11-01,partner_referral,mobile,professional_upskill,1
5727,2025-12-01,organic,desktop,career_changer,0
5728,2025-12-01,organic,mobile,student,0
5729,2025-12-01,organic,desktop,student,0
5730,2025-12-01,social_media,desktop,career_changer,1
5731,2025-11-01,corporate,mobile,career_changer,0
5732,2025-10-01,paid_ads,mobile,student,0
5733,2025-10-01,partner_referral,desktop,professional_upskill,0
5734,2025-10-01,paid_ads,mobile,professional_upskill,0
5735,2025-09-01,partner_referral,desktop,professional_upskill,1
5736,2025-12-01,partner_referral,mobile,student,0
5737,2025-11-01,partner_referral,desktop,professional_upskill,0
5738,2025-11-01,organic,desktop,student,0
5739,2025-09-01,organic,mobile,student,1
5740,2025-11-01,paid_ads,desktop,career_changer,0
5741,2025-10-01,social_media,desktop,professional_upskill,0
5742,2025-09-01,partner_referral,desktop,career_changer,1
5743,2025-11-01,corporate,desktop,student,1
5744,2025-09-01,social_media,mobile,career_changer,0
5745,2025-09-01,organic,mobile,career_changer,0
5746,2025-11-01,partner_referral,desktop,professional_upskill,1
5747,2025-10-01,partner_referral,desktop,professional_upskill,1
5748,2025-11-01,social_media,desktop,student,0
5749,2025-12-01,social_media,desktop,student,0
5750,2025-12-01,partner_referral,desktop,student,0
5751,2025-11-01,organic,mobile,professional_upskill,1
5752,2025-10-01,corporate,mobile,student,1
5753,2025-12-01,organic,desktop,student,0
5754,2025-12-01,corporate,mobile,career_changer,1
5755,2025-11-01,social_media,desktop,student,0
5756,2025-11-01,paid_ads,mobile,student,1
5757,2025-11-01,partner_referral,desktop,career_changer,0
5758,2025-09-01,paid_ads,mobile,student,1
5759,2025-09-01,paid_ads,desktop,career_changer,1
5760,2025-09-01,paid_ads,desktop,professional_upskill,0
5761,2025-11-01,corporate,desktop,student,0
5762,2025-10-01,social_media,desktop,career_changer,0
5763,2025-12-01,social_media,desktop,professional_upskill,0
5764,2025-09-01,organic,desktop,professional_upskill,0
5765,2025-10-01,social_media,desktop,career_changer,0
5766,2025-11-01,corporate,mobile,professional_upskill,1
5767,2025-09-01,organic,desktop,student,1
5768,2025-11-01,organic,desktop,professional_upskill,1
5769,2025-10-01,organic,desktop,professional_upskill,0
5770,2025-09-01,social_media,mobile,career_changer,0
5771,2025-09-01,partner_referral,mobile,career_changer,0
5772,2025-09-01,corporate,desktop,student,1
5773,2025-09-01,organic,desktop,career_changer,0
5774,2025-10-01,corporate,desktop,career_changer,1
5775,2025-09-01,organic,mobile,professional_upskill,1
5776,2025-12-01,paid_ads,desktop,student,1
5777,2025-12-01,partner_referral,desktop,career_changer,1
5778,2025-11-01,organic,desktop,career_changer,0
5779,2025-09-01,corporate,desktop,student,1
5780,2025-12-01,organic,desktop,student,1
5781,2025-12-01,partner_referral,mobile,student,0
5782,2025-12-01,paid_ads,desktop,professional_upskill,0
5783,2025-10-01,partner_referral,desktop,career_changer,1
5784,2025-09-01,organic,desktop,professional_upskill,1
5785,2025-10-01,organic,desktop,student,0
5786,2025-10-01,social_media,desktop,professional_upskill,0
5787,2025-12-01,organic,mobile,professional_upskill,1
5788,2025-12-01,corporate,desktop,career_changer,1
5789,2025-11-01,social_media,desktop,student,0
5790,2025-09-01,organic,desktop,student,1
5791,2025-09-01,organic,desktop,professional_upskill,0
5792,2025-12-01,partner_referral,mobile,student,0
5793,2025-12-01,social_media,desktop,student,0
5794,2025-09-01,social_media,desktop,student,1
5795,2025-11-01,paid_ads,desktop,professional_upskill,0
5796,2025-12-01,corporate,desktop,student,1
5797,2025-11-01,organic,desktop,student,1
5798,2025-10-01,social_media,desktop,career_changer,1
5799,2025-12-01,social_media,mobile,career_changer,0
5800,2025-10-01,organic,desktop,career_changer,0
5801,2025-12-01,organic,desktop,career_changer,0
5802,2025-10-01,organic,desktop,professional_upskill,0
5803,2025-12-01,organic,desktop,professional_upskill,1
5804,2025-11-01,corporate,desktop,professional_upskill,1
5805,2025-11-01,paid_ads,mobile,student,0
5806,2025-11-01,organic,mobile,professional_upskill,0
5807,2025-10-01,paid_ads,desktop,student,0
5808,2025-11-01,social_media,desktop,student,1
5809,2025-10-01,partner_referral,desktop,professional_upskill,1
5810,2025-12-01,paid_ads,desktop,professional_upskill,0
5811,2025-10-01,organic,mobile,career_changer,1
5812,2025-12-01,social_media,mobile,professional_upskill,1
5813,2025-09-01,corporate,mobile,professional_upskill,0
5814,2025-09-01,organic,desktop,career_changer,0
5815,2025-09-01,organic,desktop,career_changer,0
5816,2025-10-01,organic,mobile,professional_upskill,0
5817,2025-09-01,organic,mobile,student,0
5818,2025-09-01,partner_referral,mobile,student,0
5819,2025-09-01,social_media,desktop,professional_upskill,0
5820,2025-12-01,paid_ads,desktop,student,0
5821,2025-11-01,corporate,desktop,student,1
5822,2025-10-01,paid_ads,desktop,student,0
5823,2025-09-01,corporate,desktop,career_changer,1
5824,2025-12-01,corporate,desktop,professional_upskill,0
5825,2025-11-01,organic,desktop,professional_upskill,1
5826,2025-11-01,paid_ads,desktop,career_changer,0
5827,2025-11-01,partner_referral,mobile,professional_upskill,1
5828,2025-12-01,organic,desktop,professional_upskill,1
5829,2025-09-01,paid_ads,mobile,career_changer,0
5830,2025-11-01,paid_ads,desktop,professional_upskill,0
5831,2025-12-01,social_media,desktop,career_changer,1
5832,2025-12-01,paid_ads,tablet,student,0
5833,2025-10-01,corporate,mobile,student,1
5834,2025-12-01,paid_ads,desktop,professional_upskill,1
5835,2025-11-01,corporate,mobile,career_changer,1
5836,2025-11-01,partner_referral,desktop,professional_upskill,1
5837,2025-12-01,social_media,desktop,professional_upskill,0
5838,2025-11-01,paid_ads,desktop,student,0
5839,2025-12-01,partner_referral,desktop,student,1
5840,2025-11-01,partner_referral,mobile,career_changer,1
5841,2025-10-01,paid_ads,mobile,student,0
5842,2025-09-01,organic,tablet,career_changer,0
5843,2025-10-01,organic,mobile,career_changer,0
5844,2025-10-01,organic,desktop,career_changer,1
5845,2025-09-01,social_media,mobile,student,0
5846,2025-11-01,organic,tablet,career_changer,1
5847,2025-09-01,organic,mobile,professional_upskill,0
5848,2025-12-01,corporate,mobile,professional_upskill,1
5849,2025-09-01,paid_ads,mobile,professional_upskill,1
5850,2025-10-01,paid_ads,desktop,career_changer,1
5851,2025-09-01,organic,mobile,student,0
5852,2025-11-01,social_media,mobile,professional_upskill,0
5853,2025-10-01,social_media,tablet,professional_upskill,0
5854,2025-12-01,social_media,desktop,student,0
5855,2025-11-01,paid_ads,desktop,student,1
5856,2025-10-01,corporate,mobile,student,1
5857,2025-12-01,organic,desktop,professional_upskill,1
5858,2025-11-01,organic,desktop,career_changer,1
5859,2025-12-01,organic,desktop,student,1
5860,2025-09-01,partner_referral,desktop,professional_upskill,1
5861,2025-09-01,paid_ads,desktop,career_changer,0
5862,2025-12-01,paid_ads,desktop,student,0
5863,2025-09-01,organic,desktop,student,1
5864,2025-12-01,paid_ads,desktop,student,0
5865,2025-11-01,corporate,desktop,career_changer,1
5866,2025-10-01,paid_ads,desktop,student,0
5867,2025-12-01,corporate,desktop,career_changer,0
5868,2025-10-01,organic,desktop,professional_upskill,0
5869,2025-10-01,corporate,desktop,professional_upskill,0
5870,2025-12-01,partner_referral,mobile,student,1
5871,2025-09-01,organic,desktop,career_changer,0
5872,2025-11-01,organic,desktop,professional_upskill,0
5873,2025-10-01,partner_referral,mobile,student,0
5874,2025-11-01,corporate,desktop,student,0
5875,2025-10-01,paid_ads,tablet,career_changer,0
5876,2025-12-01,organic,mobile,career_changer,1
5877,2025-09-01,social_media,desktop,student,0
5878,2025-11-01,partner_referral,desktop,professional_upskill,1
5879,2025-10-01,paid_ads,desktop,career_changer,1
5880,2025-12-01,paid_ads,desktop,professional_upskill,0
5881,2025-12-01,organic,desktop,student,0
5882,2025-10-01,partner_referral,desktop,professional_upskill,0
5883,2025-10-01,paid_ads,mobile,student,0
5884,2025-10-01,social_media,desktop,career_changer,0
5885,2025-09-01,paid_ads,desktop,career_changer,0
5886,2025-10-01,paid_ads,mobile,career_changer,0
5887,2025-10-01,partner_referral,desktop,professional_upskill,1
5888,2025-09-01,social_media,desktop,student,0
5889,2025-12-01,corporate,desktop,career_changer,0
5890,2025-10-01,paid_ads,desktop,student,1
5891,2025-11-01,corporate,tablet,professional_upskill,0
5892,2025-12-01,partner_referral,desktop,student,1
5893,2025-11-01,paid_ads,desktop,professional_upskill,1
5894,2025-10-01,organic,desktop,professional_upskill,1
5895,2025-09-01,paid_ads,desktop,professional_upskill,0
5896,2025-09-01,organic,desktop,student,1
5897,2025-09-01,social_media,mobile,career_changer,0
5898,2025-10-01,paid_ads,mobile,student,0
5899,2025-10-01,social_media,desktop,professional_upskill,0
5900,2025-11-01,paid_ads,desktop,professional_upskill,1
5901,2025-09-01,partner_referral,mobile,career_changer,1
5902,2025-10-01,paid_ads,desktop,professional_upskill,1
5903,2025-12-01,organic,desktop,student,0
5904,2025-10-01,paid_ads,desktop,career_changer,0
5905,2025-10-01,organic,desktop,student,0
5906,2025-12-01,partner_referral,desktop,professional_upskill,0
5907,2025-09-01,paid_ads,mobile,professional_upskill,0
5908,2025-12-01,corporate,mobile,professional_upskill,0
5909,2025-09-01,organic,desktop,professional_upskill,1
5910,2025-12-01,organic,desktop,student,1
5911,2025-11-01,paid_ads,mobile,professional_upskill,1
5912,2025-09-01,social_media,desktop,student,1
5913,2025-10-01,corporate,mobile,professional_upskill,1
5914,2025-11-01,paid_ads,desktop,professional_upskill,1
5915,2025-09-01,paid_ads,desktop,student,0
5916,2025-09-01,organic,desktop,career_changer,1
5917,2025-09-01,social_media,mobile,student,0
5918,2025-12-01,partner_referral,desktop,professional_upskill,0
5919,2025-09-01,organic,desktop,student,1
5920,2025-10-01,partner_referral,desktop,career_changer,0
5921,2025-09-01,organic,mobile,professional_upskill,1
5922,2025-10-01,social_media,mobile,student,0
5923,2025-10-01,organic,tablet,career_changer,1
5924,2025-10-01,partner_referral,tablet,career_changer,1
5925,2025-11-01,organic,desktop,student,0
5926,2025-10-01,corporate,desktop,professional_upskill,1
5927,2025-12-01,corporate,desktop,student,1
5928,2025-09-01,partner_referral,desktop,student,1
5929,2025-12-01,partner_referral,mobile,career_changer,0
5930,2025-11-01,social_media,mobile,career_changer,0
5931,2025-09-01,organic,desktop,professional_upskill,1
5932,2025-10-01,paid_ads,desktop,professional_upskill,1
5933,2025-09-01,organic,mobile,career_changer,0
5934,2025-11-01,social_media,desktop,career_changer,0
5935,2025-11-01,paid_ads,desktop,student,1
5936,2025-12-01,corporate,desktop,student,1
5937,2025-09-01,partner_referral,desktop,career_changer,0
5938,2025-09-01,organic,desktop,professional_upskill,0
5939,2025-09-01,organic,desktop,student,0
5940,2025-12-01,organic,desktop,student,0
5941,2025-11-01,paid_ads,tablet,career_changer,0
5942,2025-10-01,organic,desktop,student,1
5943,2025-09-01,organic,desktop,professional_upskill,0
5944,2025-12-01,social_media,tablet,career_changer,1
5945,2025-12-01,social_media,desktop,career_changer,0
5946,2025-10-01,paid_ads,desktop,student,0
5947,2025-11-01,paid_ads,mobile,professional_upskill,0
5948,2025-09-01,organic,desktop,student,1
5949,2025-09-01,partner_referral,mobile,professional_upskill,1
5950,2025-12-01,corporate,desktop,career_changer,0
5951,2025-11-01,organic,desktop,professional_upskill,0
5952,2025-09-01,organic,desktop,professional_upskill,1
5953,2025-10-01,corporate,desktop,student,1
5954,2025-11-01,partner_referral,mobile,professional_upskill,1
5955,2025-11-01,organic,mobile,professional_upskill,0
5956,2025-12-01,partner_referral,mobile,student,0
5957,2025-12-01,paid_ads,mobile,student,0
5958,2025-09-01,paid_ads,desktop,career_changer,0
5959,2025-12-01,corporate,mobile,professional_upskill,0
5960,2025-11-01,corporate,mobile,professional_upskill,1
5961,2025-09-01,paid_ads,mobile,professional_upskill,1
5962,2025-09-01,social_media,mobile,professional_upskill,0
5963,2025-11-01,paid_ads,desktop,professional_upskill,0
5964,2025-09-01,corporate,desktop,career_changer,1
5965,2025-10-01,paid_ads,mobile,student,0
5966,2025-10-01,social_media,desktop,professional_upskill,1
5967,2025-09-01,social_media,desktop,student,1
5968,2025-12-01,organic,desktop,career_changer,0
5969,2025-10-01,social_media,desktop,professional_upskill,0
5970,2025-09-01,corporate,desktop,career_changer,0
5971,2025-10-01,corporate,desktop,student,1
5972,2025-12-01,organic,desktop,student,1
5973,2025-11-01,corporate,desktop,career_changer,0
5974,2025-09-01,social_media,mobile,professional_upskill,0
5975,2025-09-01,organic,desktop,career_changer,0
5976,2025-09-01,social_media,desktop,career_changer,0
5977,2025-09-01,organic,desktop,student,0
5978,2025-09-01,organic,mobile,student,1
5979,2025-09-01,paid_ads,desktop,student,0
5980,2025-12-01,partner_referral,tablet,student,1
5981,2025-11-01,partner_referral,mobile,career_changer,0
5982,2025-12-01,organic,mobile,student,1
5983,2025-12-01,social_media,mobile,student,0
5984,2025-11-01,organic,desktop,professional_upskill,1
5985,2025-12-01,organic,desktop,professional_upskill,1
5986,2025-10-01,organic,mobile,professional_upskill,0
5987,2025-12-01,partner_referral,mobile,career_changer,1
5988,2025-09-01,social_media,mobile,student,1
5989,2025-10-01,partner_referral,mobile,professional_upskill,1
5990,2025-10-01,corporate,tablet,student,1
5991,2025-11-01,organic,desktop,professional_upskill,0
5992,2025-12-01,paid_ads,mobile,professional_upskill,0
5993,2025-12-01,paid_ads,mobile,professional_upskill,0
5994,2025-10-01,paid_ads,mobile,professional_upskill,0
5995,2025-12-01,organic,desktop,professional_upskill,1
5996,2025-12-01,partner_referral,mobile,professional_upskill,1
5997,2025-11-01,paid_ads,mobile,student,1
5998,2025-10-01,corporate,desktop,professional_upskill,0
5999,2025-09-01,paid_ads,mobile,student,0
6000,2025-10-01,organic,desktop,professional_upskill,1
6001,2025-11-01,partner_referral,tablet,student,1
6002,2025-11-01,organic,desktop,student,0
6003,2025-11-01,social_media,desktop,professional_upskill,0
6004,2025-12-01,partner_referral,desktop,student,1
6005,2025-10-01,organic,mobile,professional_upskill,1
6006,2025-12-01,social_media,desktop,student,0
6007,2025-12-01,paid_ads,desktop,professional_upskill,1
6008,2025-10-01,organic,mobile,professional_upskill,1
6009,2025-11-01,partner_referral,mobile,professional_upskill,0
6010,2025-09-01,organic,desktop,career_changer,1
6011,2025-09-01,corporate,tablet,student,1
6012,2025-10-01,corporate,mobile,professional_upskill,0
6013,2025-10-01,social_media,desktop,student,0
6014,2025-11-01,paid_ads,desktop,career_changer,0
6015,2025-10-01,paid_ads,desktop,career_changer,0
6016,2025-10-01,corporate,mobile,career_changer,1
6017,2025-11-01,organic,desktop,student,1
6018,2025-11-01,paid_ads,desktop,student,0
6019,2025-12-01,paid_ads,mobile,student,0
6020,2025-10-01,organic,desktop,professional_upskill,0
6021,2025-09-01,paid_ads,mobile,student,1
6022,2025-10-01,social_media,mobile,professional_upskill,1
6023,2025-09-01,social_media,desktop,student,0
6024,2025-09-01,organic,mobile,student,1
6025,2025-09-01,organic,desktop,career_changer,0
6026,2025-12-01,organic,desktop,student,0
6027,2025-11-01,social_media,mobile,career_changer,0
6028,2025-11-01,organic,desktop,professional_upskill,0
6029,2025-12-01,corporate,tablet,student,1
6030,2025-11-01,organic,desktop,professional_upskill,1
6031,2025-12-01,partner_referral,desktop,career_changer,1
6032,2025-10-01,paid_ads,mobile,student,1
6033,2025-12-01,corporate,desktop,student,1
6034,2025-11-01,organic,mobile,professional_upskill,1
6035,2025-11-01,partner_referral,desktop,student,0
6036,2025-10-01,organic,mobile,professional_upskill,1
6037,2025-12-01,corporate,desktop,career_changer,0
6038,2025-10-01,social_media,desktop,student,0
6039,2025-09-01,organic,desktop,career_changer,1
6040,2025-12-01,social_media,desktop,professional_upskill,0
6041,2025-10-01,partner_referral,mobile,professional_upskill,0
6042,2025-10-01,organic,desktop,career_changer,0
6043,2025-11-01,paid_ads,desktop,professional_upskill,0
6044,2025-12-01,organic,desktop,student,1
6045,2025-09-01,corporate,mobile,professional_upskill,1
6046,2025-09-01,corporate,mobile,professional_upskill,1
6047,2025-12-01,organic,desktop,professional_upskill,0
6048,2025-12-01,paid_ads,desktop,professional_upskill,1
6049,2025-10-01,corporate,desktop,career_changer,0
6050,2025-11-01,social_media,mobile,professional_upskill,0
6051,2025-11-01,paid_ads,desktop,career_changer,0
6052,2025-11-01,social_media,desktop,career_changer,0
6053,2025-12-01,paid_ads,mobile,career_changer,0
6054,2025-11-01,paid_ads,mobile,student,0
6055,2025-10-01,corporate,desktop,career_changer,1
6056,2025-12-01,paid_ads,mobile,student,0
6057,2025-12-01,paid_ads,desktop,student,0
6058,2025-11-01,paid_ads,mobile,student,0
6059,2025-09-01,corporate,desktop,professional_upskill,1
6060,2025-09-01,corporate,desktop,career_changer,0
6061,2025-10-01,paid_ads,mobile,professional_upskill,0
6062,2025-11-01,paid_ads,desktop,student,0
6063,2025-11-01,paid_ads,desktop,career_changer,0
6064,2025-12-01,partner_referral,desktop,student,0
6065,2025-12-01,organic,mobile,student,1
6066,2025-11-01,corporate,desktop,career_changer,0
6067,2025-12-01,paid_ads,mobile,career_changer,0
6068,2025-11-01,paid_ads,desktop,student,0
6069,2025-10-01,organic,desktop,career_changer,0
6070,2025-12-01,organic,desktop,professional_upskill,0
6071,2025-11-01,social_media,desktop,student,0
6072,2025-12-01,paid_ads,mobile,student,0
6073,2025-10-01,organic,mobile,professional_upskill,1
6074,2025-12-01,paid_ads,desktop,student,0
6075,2025-11-01,paid_ads,desktop,professional_upskill,0
6076,2025-12-01,organic,mobile,career_changer,0
6077,2025-12-01,paid_ads,mobile,career_changer,1
6078,2025-11-01,paid_ads,mobile,career_changer,0
6079,2025-09-01,partner_referral,mobile,career_changer,1
6080,2025-12-01,paid_ads,desktop,student,0
6081,2025-12-01,paid_ads,mobile,professional_upskill,1
6082,2025-10-01,social_media,desktop,career_changer,0
6083,2025-09-01,paid_ads,desktop,student,0
6084,2025-10-01,organic,mobile,career_changer,0
6085,2025-11-01,organic,mobile,student,1
6086,2025-11-01,paid_ads,mobile,student,1
6087,2025-10-01,corporate,desktop,career_changer,0
6088,2025-12-01,organic,desktop,career_changer,0
6089,2025-09-01,corporate,desktop,career_changer,1
6090,2025-10-01,organic,mobile,student,1
6091,2025-10-01,paid_ads,desktop,career_changer,0
6092,2025-11-01,corporate,mobile,student,0
6093,2025-12-01,paid_ads,desktop,career_changer,0
6094,2025-09-01,partner_referral,mobile,career_changer,0
6095,2025-10-01,organic,mobile,professional_upskill,0
6096,2025-09-01,corporate,desktop,professional_upskill,1
6097,2025-09-01,organic,desktop,professional_upskill,1
6098,2025-10-01,social_media,mobile,professional_upskill,0
6099,2025-09-01,organic,desktop,professional_upskill,0
6100,2025-11-01,social_media,mobile,professional_upskill,1
6101,2025-12-01,paid_ads,mobile,professional_upskill,0
6102,2025-12-01,corporate,desktop,professional_upskill,0
6103,2025-12-01,paid_ads,mobile,professional_upskill,0
6104,2025-11-01,social_media,desktop,student,0
6105,2025-11-01,organic,mobile,student,1
6106,2025-11-01,organic,desktop,professional_upskill,0
6107,2025-12-01,paid_ads,mobile,career_changer,0
6108,2025-09-01,organic,desktop,professional_upskill,0
6109,2025-11-01,organic,desktop,student,0
6110,2025-10-01,social_media,desktop,career_changer,0
6111,2025-11-01,social_media,mobile,professional_upskill,0
6112,2025-10-01,paid_ads,desktop,professional_upskill,1
6113,2025-12-01,social_media,mobile,student,0
6114,2025-10-01,paid_ads,desktop,professional_upskill,0
6115,2025-11-01,organic,mobile,professional_upskill,1
6116,2025-11-01,corporate,mobile,student,1
6117,2025-09-01,partner_referral,desktop,career_changer,0
6118,2025-12-01,social_media,desktop,student,0
6119,2025-10-01,organic,desktop,student,1
6120,2025-12-01,partner_referral,desktop,career_changer,0
6121,2025-11-01,organic,desktop,student,0
6122,2025-09-01,organic,mobile,student,1
6123,2025-11-01,organic,desktop,professional_upskill,1
6124,2025-11-01,social_media,mobile,career_changer,0
6125,2025-11-01,corporate,mobile,career_changer,1
6126,2025-10-01,corporate,desktop,student,0
6127,2025-11-01,paid_ads,desktop,professional_upskill,0
6128,2025-12-01,paid_ads,desktop,professional_upskill,1
6129,2025-12-01,organic,mobile,career_changer,0
6130,2025-09-01,organic,desktop,professional_upskill,0
6131,2025-12-01,paid_ads,desktop,professional_upskill,0
6132,2025-11-01,corporate,tablet,professional_upskill,1
6133,2025-11-01,paid_ads,desktop,professional_upskill,1
6134,2025-12-01,organic,mobile,student,0
6135,2025-09-01,organic,desktop,student,1
6136,2025-09-01,organic,desktop,student,0
6137,2025-12-01,paid_ads,mobile,student,0
6138,2025-10-01,social_media,desktop,student,0
6139,2025-10-01,partner_referral,mobile,professional_upskill,1
6140,2025-10-01,corporate,desktop,student,0
6141,2025-10-01,paid_ads,mobile,professional_upskill,0
6142,2025-12-01,paid_ads,desktop,career_changer,0
6143,2025-09-01,organic,desktop,student,0
6144,2025-11-01,social_media,desktop,career_changer,1
6145,2025-11-01,corporate,desktop,student,1
6146,2025-12-01,organic,desktop,professional_upskill,0
6147,2025-11-01,paid_ads,desktop,professional_upskill,0
6148,2025-10-01,paid_ads,desktop,student,0
6149,2025-09-01,partner_referral,desktop,professional_upskill,1
6150,2025-12-01,social_media,desktop,professional_upskill,0
6151,2025-09-01,partner_referral,desktop,student,0
6152,2025-12-01,paid_ads,desktop,professional_upskill,0
6153,2025-12-01,organic,tablet,career_changer,1
6154,2025-12-01,organic,desktop,student,0
6155,2025-12-01,organic,desktop,professional_upskill,0
6156,2025-09-01,organic,desktop,student,1
6157,2025-11-01,corporate,mobile,career_changer,0
6158,2025-12-01,corporate,desktop,student,1
6159,2025-10-01,organic,mobile,professional_upskill,0
6160,2025-12-01,corporate,desktop,professional_upskill,1
6161,2025-09-01,organic,desktop,student,1
6162,2025-12-01,paid_ads,mobile,student,0
6163,2025-10-01,organic,desktop,student,0
6164,2025-09-01,paid_ads,desktop,professional_upskill,0
6165,2025-12-01,organic,mobile,student,0
6166,2025-10-01,paid_ads,mobile,professional_upskill,0
6167,2025-09-01,paid_ads,mobile,professional_upskill,0
6168,2025-12-01,social_media,mobile,professional_upskill,1
6169,2025-10-01,organic,mobile,student,0
6170,2025-09-01,organic,mobile,career_changer,0
6171,2025-12-01,organic,desktop,career_changer,0
6172,2025-09-01,partner_referral,mobile,career_changer,0
6173,2025-10-01,organic,desktop,professional_upskill,0
6174,2025-12-01,corporate,desktop,career_changer,1
6175,2025-12-01,paid_ads,desktop,career_changer,0
6176,2025-12-01,paid_ads,desktop,professional_upskill,1
6177,2025-10-01,partner_referral,mobile,student,0
6178,2025-11-01,organic,desktop,career_changer,0
6179,2025-12-01,organic,tablet,professional_upskill,0
6180,2025-10-01,paid_ads,desktop,student,0
6181,2025-09-01,partner_referral,desktop,professional_upskill,0
6182,2025-09-01,organic,desktop,professional_upskill,1
6183,2025-10-01,organic,desktop,professional_upskill,1
6184,2025-11-01,social_media,mobile,student,0
6185,2025-10-01,organic,mobile,student,1
6186,2025-09-01,corporate,mobile,student,0
6187,2025-09-01,corporate,mobile,student,1
6188,2025-12-01,organic,desktop,professional_upskill,0
6189,2025-11-01,organic,desktop,professional_upskill,0
6190,2025-10-01,organic,mobile,student,1
6191,2025-09-01,partner_referral,desktop,professional_upskill,1
6192,2025-09-01,partner_referral,desktop,professional_upskill,1
6193,2025-09-01,corporate,desktop,student,0
6194,2025-10-01,social_media,desktop,career_changer,0
6195,2025-10-01,partner_referral,desktop,student,0
6196,2025-11-01,organic,mobile,professional_upskill,1
6197,2025-12-01,organic,desktop,career_changer,0
6198,2025-12-01,corporate,desktop,professional_upskill,1
6199,2025-12-01,organic,desktop,student,1
6200,2025-09-01,organic,mobile,professional_upskill,1
